Date,Store,SKU,InventoryLevel,DemandForecast,DaysToStockout,StockoutUrgency
2023-01-01,Store001,SKU001,49,31.0,1.5806451612903225,Critical
2023-01-01,Store001,SKU002,42,8.0,5.25,Urgent
2023-01-01,Store001,SKU003,85,9.0,9.444444444444445,Normal
2023-01-01,Store002,SKU001,27,13.0,2.076923076923077,Critical
2023-01-01,Store002,SKU002,51,21.0,2.4285714285714284,Critical
2023-01-01,Store002,SKU003,63,14.0,4.5,Urgent
2023-01-01,Store003,SKU001,89,23.0,3.869565217391304,Urgent
2023-01-01,Store003,SKU002,79,15.0,5.266666666666667,Urgent
2023-01-01,Store003,SKU003,10,11.0,0.9090909090909091,Critical
2023-01-02,Store001,SKU001,30,22.5,1.3333333333333333,Critical
2023-01-02,Store001,SKU002,61,10.5,5.809523809523809,Urgent
2023-01-02,Store001,SKU003,70,12.0,5.833333333333333,Urgent
2023-01-02,Store002,SKU001,29,18.5,1.5675675675675675,Critical
2023-01-02,Store002,SKU002,35,15.5,2.2580645161290325,Critical
2023-01-02,Store002,SKU003,80,12.5,6.4,Urgent
2023-01-02,Store003,SKU001,64,23.0,2.782608695652174,Critical
2023-01-02,Store003,SKU002,86,10.0,8.6,Normal
2023-01-02,Store003,SKU003,47,16.0,2.9375,Critical
2023-01-03,Store001,SKU001,61,24.0,2.5416666666666665,Critical
2023-01-03,Store001,SKU002,60,11.0,5.454545454545454,Urgent
2023-01-03,Store001,SKU003,46,13.0,3.5384615384615383,Urgent
2023-01-03,Store002,SKU001,71,21.333333333333332,3.328125,Urgent
2023-01-03,Store002,SKU002,40,16.333333333333332,2.4489795918367347,Critical
2023-01-03,Store002,SKU003,22,14.0,1.5714285714285714,Critical
2023-01-03,Store003,SKU001,81,19.333333333333332,4.189655172413794,Urgent
2023-01-03,Store003,SKU002,83,11.666666666666666,7.114285714285715,Normal
2023-01-03,Store003,SKU003,46,15.333333333333334,3.0,Critical
2023-01-04,Store001,SKU001,97,21.75,4.459770114942529,Urgent
2023-01-04,Store001,SKU002,46,13.25,3.4716981132075473,Urgent
2023-01-04,Store001,SKU003,93,12.5,7.44,Normal
2023-01-04,Store002,SKU001,21,20.25,1.037037037037037,Critical
2023-01-04,Store002,SKU002,53,13.75,3.8545454545454545,Urgent
2023-01-04,Store002,SKU003,83,11.5,7.217391304347826,Normal
2023-01-04,Store003,SKU001,16,16.25,0.9846153846153847,Critical
2023-01-04,Store003,SKU002,33,12.75,2.588235294117647,Critical
2023-01-04,Store003,SKU003,67,16.75,4.0,Urgent
2023-01-05,Store001,SKU001,46,21.4,2.149532710280374,Critical
2023-01-05,Store001,SKU002,78,12.2,6.39344262295082,Urgent
2023-01-05,Store001,SKU003,53,11.6,4.56896551724138,Urgent
2023-01-05,Store002,SKU001,46,21.8,2.110091743119266,Critical
2023-01-05,Store002,SKU002,78,14.6,5.342465753424658,Urgent
2023-01-05,Store002,SKU003,82,11.4,7.192982456140351,Normal
2023-01-05,Store003,SKU001,81,17.0,4.764705882352941,Urgent
2023-01-05,Store003,SKU002,36,11.8,3.0508474576271185,Urgent
2023-01-05,Store003,SKU003,30,16.2,1.8518518518518519,Critical
2023-01-06,Store001,SKU001,87,18.833333333333332,4.619469026548673,Urgent
2023-01-06,Store001,SKU002,32,14.166666666666666,2.2588235294117647,Critical
2023-01-06,Store001,SKU003,57,12.0,4.75,Urgent
2023-01-06,Store002,SKU001,48,23.833333333333332,2.013986013986014,Critical
2023-01-06,Store002,SKU002,60,14.5,4.137931034482759,Urgent
2023-01-06,Store002,SKU003,82,11.666666666666666,7.028571428571429,Normal
2023-01-06,Store003,SKU001,79,16.166666666666668,4.886597938144329,Urgent
2023-01-06,Store003,SKU002,80,11.5,6.956521739130435,Urgent
2023-01-06,Store003,SKU003,64,14.5,4.413793103448276,Urgent
2023-01-07,Store001,SKU001,35,17.285714285714285,2.024793388429752,Critical
2023-01-07,Store001,SKU002,11,14.714285714285714,0.7475728155339806,Critical
2023-01-07,Store001,SKU003,69,11.714285714285714,5.890243902439025,Urgent
2023-01-07,Store002,SKU001,92,22.714285714285715,4.050314465408805,Urgent
2023-01-07,Store002,SKU002,50,17.0,2.9411764705882355,Critical
2023-01-07,Store002,SKU003,56,12.428571428571429,4.505747126436781,Urgent
2023-01-07,Store003,SKU001,62,18.857142857142858,3.2878787878787876,Urgent
2023-01-07,Store003,SKU002,58,12.142857142857142,4.776470588235294,Urgent
2023-01-07,Store003,SKU003,59,14.142857142857142,4.171717171717172,Urgent
2023-01-08,Store001,SKU001,52,14.571428571428571,3.5686274509803924,Urgent
2023-01-08,Store001,SKU002,47,14.714285714285714,3.1941747572815538,Urgent
2023-01-08,Store001,SKU003,28,13.142857142857142,2.130434782608696,Critical
2023-01-08,Store002,SKU001,93,23.428571428571427,3.9695121951219514,Urgent
2023-01-08,Store002,SKU002,29,20.142857142857142,1.4397163120567376,Critical
2023-01-08,Store002,SKU003,76,12.285714285714286,6.186046511627906,Urgent
2023-01-08,Store003,SKU001,20,18.857142857142858,1.0606060606060606,Critical
2023-01-08,Store003,SKU002,60,12.714285714285714,4.719101123595506,Urgent
2023-01-08,Store003,SKU003,57,13.142857142857142,4.336956521739131,Urgent
2023-01-09,Store001,SKU001,58,15.0,3.8666666666666667,Urgent
2023-01-09,Store001,SKU002,42,15.714285714285714,2.672727272727273,Critical
2023-01-09,Store001,SKU003,36,11.714285714285714,3.073170731707317,Urgent
2023-01-09,Store002,SKU001,89,22.142857142857142,4.019354838709678,Urgent
2023-01-09,Store002,SKU002,67,21.142857142857142,3.168918918918919,Urgent
2023-01-09,Store002,SKU003,81,13.428571428571429,6.031914893617021,Urgent
2023-01-09,Store003,SKU001,21,18.142857142857142,1.1574803149606299,Critical
2023-01-09,Store003,SKU002,91,14.142857142857142,6.434343434343434,Urgent
2023-01-09,Store003,SKU003,50,11.714285714285714,4.2682926829268295,Urgent
2023-01-10,Store001,SKU001,96,13.142857142857142,7.304347826086957,Normal
2023-01-10,Store001,SKU002,69,15.714285714285714,4.3909090909090915,Urgent
2023-01-10,Store001,SKU003,75,12.0,6.25,Urgent
2023-01-10,Store002,SKU001,79,18.857142857142858,4.1893939393939394,Urgent
2023-01-10,Store002,SKU002,64,21.571428571428573,2.9668874172185427,Critical
2023-01-10,Store002,SKU003,48,12.0,4.0,Urgent
2023-01-10,Store003,SKU001,59,20.142857142857142,2.9290780141843973,Critical
2023-01-10,Store003,SKU002,31,13.142857142857142,2.358695652173913,Critical
2023-01-10,Store003,SKU003,21,10.142857142857142,2.0704225352112675,Critical
2023-01-11,Store001,SKU001,48,13.857142857142858,3.4639175257731956,Urgent
2023-01-11,Store001,SKU002,15,15.0,1.0,Critical
2023-01-11,Store001,SKU003,13,12.142857142857142,1.0705882352941176,Critical
2023-01-11,Store002,SKU001,61,17.428571428571427,3.5000000000000004,Urgent
2023-01-11,Store002,SKU002,21,25.142857142857142,0.8352272727272727,Critical
2023-01-11,Store002,SKU003,50,13.571428571428571,3.6842105263157894,Urgent
2023-01-11,Store003,SKU001,93,20.714285714285715,4.4896551724137925,Urgent
2023-01-11,Store003,SKU002,74,14.0,5.285714285714286,Urgent
2023-01-11,Store003,SKU003,98,9.571428571428571,10.238805970149254,Normal
2023-01-12,Store001,SKU001,54,13.0,4.153846153846154,Urgent
2023-01-12,Store001,SKU002,51,16.142857142857142,3.1592920353982303,Urgent
2023-01-12,Store001,SKU003,32,12.428571428571429,2.574712643678161,Critical
2023-01-12,Store002,SKU001,51,14.285714285714286,3.57,Urgent
2023-01-12,Store002,SKU002,40,25.142857142857142,1.590909090909091,Critical
2023-01-12,Store002,SKU003,27,13.142857142857142,2.0543478260869565,Critical
2023-01-12,Store003,SKU001,13,20.714285714285715,0.6275862068965516,Critical
2023-01-12,Store003,SKU002,16,15.0,1.0666666666666667,Critical
2023-01-12,Store003,SKU003,82,8.571428571428571,9.566666666666666,Normal
2023-01-13,Store001,SKU001,87,13.0,6.6923076923076925,Urgent
2023-01-13,Store001,SKU002,45,13.142857142857142,3.423913043478261,Urgent
2023-01-13,Store001,SKU003,80,12.285714285714286,6.511627906976744,Urgent
2023-01-13,Store002,SKU001,54,13.428571428571429,4.0212765957446805,Urgent
2023-01-13,Store002,SKU002,37,26.285714285714285,1.407608695652174,Critical
2023-01-13,Store002,SKU003,68,13.857142857142858,4.90721649484536,Urgent
2023-01-13,Store003,SKU001,12,21.428571428571427,0.56,Critical
2023-01-13,Store003,SKU002,74,15.857142857142858,4.666666666666666,Urgent
2023-01-13,Store003,SKU003,92,9.0,10.222222222222221,Normal
2023-01-14,Store001,SKU001,66,15.0,4.4,Urgent
2023-01-14,Store001,SKU002,61,14.0,4.357142857142857,Urgent
2023-01-14,Store001,SKU003,29,12.285714285714286,2.3604651162790695,Critical
2023-01-14,Store002,SKU001,49,14.428571428571429,3.396039603960396,Urgent
2023-01-14,Store002,SKU002,90,24.428571428571427,3.68421052631579,Urgent
2023-01-14,Store002,SKU003,91,12.571428571428571,7.238636363636364,Normal
2023-01-14,Store003,SKU001,43,19.142857142857142,2.246268656716418,Critical
2023-01-14,Store003,SKU002,53,15.857142857142858,3.3423423423423424,Urgent
2023-01-14,Store003,SKU003,30,8.857142857142858,3.387096774193548,Urgent
2023-01-15,Store001,SKU001,85,15.714285714285714,5.409090909090909,Urgent
2023-01-15,Store001,SKU002,79,17.285714285714285,4.570247933884298,Urgent
2023-01-15,Store001,SKU003,98,12.714285714285714,7.7078651685393265,Normal
2023-01-15,Store002,SKU001,52,13.571428571428571,3.831578947368421,Urgent
2023-01-15,Store002,SKU002,24,19.857142857142858,1.20863309352518,Critical
2023-01-15,Store002,SKU003,44,11.285714285714286,3.8987341772151898,Urgent
2023-01-15,Store003,SKU001,98,19.714285714285715,4.971014492753623,Urgent
2023-01-15,Store003,SKU002,42,14.714285714285714,2.854368932038835,Critical
2023-01-15,Store003,SKU003,12,9.714285714285714,1.2352941176470589,Critical
2023-01-16,Store001,SKU001,92,15.714285714285714,5.8545454545454545,Urgent
2023-01-16,Store001,SKU002,93,16.285714285714285,5.710526315789474,Urgent
2023-01-16,Store001,SKU003,55,12.857142857142858,4.277777777777778,Urgent
2023-01-16,Store002,SKU001,50,13.857142857142858,3.6082474226804124,Urgent
2023-01-16,Store002,SKU002,72,19.285714285714285,3.7333333333333334,Urgent
2023-01-16,Store002,SKU003,62,10.142857142857142,6.112676056338029,Urgent
2023-01-16,Store003,SKU001,75,20.0,3.75,Urgent
2023-01-16,Store003,SKU002,77,13.857142857142858,5.556701030927835,Urgent
2023-01-16,Store003,SKU003,72,10.142857142857142,7.098591549295775,Normal
2023-01-17,Store001,SKU001,21,16.142857142857142,1.3008849557522124,Critical
2023-01-17,Store001,SKU002,98,16.142857142857142,6.070796460176991,Urgent
2023-01-17,Store001,SKU003,72,11.571428571428571,6.222222222222222,Urgent
2023-01-17,Store002,SKU001,56,14.285714285714286,3.92,Urgent
2023-01-17,Store002,SKU002,65,18.142857142857142,3.582677165354331,Urgent
2023-01-17,Store002,SKU003,28,11.714285714285714,2.3902439024390247,Critical
2023-01-17,Store003,SKU001,21,18.714285714285715,1.1221374045801527,Critical
2023-01-17,Store003,SKU002,35,15.142857142857142,2.311320754716981,Critical
2023-01-17,Store003,SKU003,45,12.285714285714286,3.6627906976744184,Urgent
2023-01-18,Store001,SKU001,49,15.571428571428571,3.146788990825688,Urgent
2023-01-18,Store001,SKU002,99,16.571428571428573,5.974137931034482,Urgent
2023-01-18,Store001,SKU003,86,11.0,7.818181818181818,Normal
2023-01-18,Store002,SKU001,49,15.857142857142858,3.09009009009009,Urgent
2023-01-18,Store002,SKU002,13,16.285714285714285,0.7982456140350878,Critical
2023-01-18,Store002,SKU003,81,11.0,7.363636363636363,Normal
2023-01-18,Store003,SKU001,98,20.714285714285715,4.731034482758621,Urgent
2023-01-18,Store003,SKU002,79,13.857142857142858,5.701030927835052,Urgent
2023-01-18,Store003,SKU003,24,12.857142857142858,1.8666666666666667,Critical
2023-01-19,Store001,SKU001,95,16.0,5.9375,Urgent
2023-01-19,Store001,SKU002,57,16.0,3.5625,Urgent
2023-01-19,Store001,SKU003,93,11.571428571428571,8.037037037037038,Normal
2023-01-19,Store002,SKU001,66,17.428571428571427,3.7868852459016398,Urgent
2023-01-19,Store002,SKU002,91,17.0,5.352941176470588,Urgent
2023-01-19,Store002,SKU003,38,12.142857142857142,3.1294117647058823,Urgent
2023-01-19,Store003,SKU001,53,20.714285714285715,2.5586206896551724,Critical
2023-01-19,Store003,SKU002,57,12.285714285714286,4.63953488372093,Urgent
2023-01-19,Store003,SKU003,53,13.0,4.076923076923077,Urgent
2023-01-20,Store001,SKU001,97,18.142857142857142,5.346456692913386,Urgent
2023-01-20,Store001,SKU002,55,17.857142857142858,3.08,Urgent
2023-01-20,Store001,SKU003,81,12.142857142857142,6.670588235294118,Urgent
2023-01-20,Store002,SKU001,35,18.571428571428573,1.8846153846153844,Critical
2023-01-20,Store002,SKU002,17,17.0,1.0,Critical
2023-01-20,Store002,SKU003,69,10.714285714285714,6.44,Urgent
2023-01-20,Store003,SKU001,94,20.571428571428573,4.569444444444444,Urgent
2023-01-20,Store003,SKU002,21,11.142857142857142,1.8846153846153848,Critical
2023-01-20,Store003,SKU003,91,13.285714285714286,6.849462365591397,Urgent
2023-01-21,Store001,SKU001,71,17.714285714285715,4.008064516129032,Urgent
2023-01-21,Store001,SKU002,31,15.142857142857142,2.047169811320755,Critical
2023-01-21,Store001,SKU003,57,13.571428571428571,4.2,Urgent
2023-01-21,Store002,SKU001,16,18.0,0.8888888888888888,Critical
2023-01-21,Store002,SKU002,39,19.0,2.0526315789473686,Critical
2023-01-21,Store002,SKU003,67,12.142857142857142,5.517647058823529,Urgent
2023-01-21,Store003,SKU001,39,22.714285714285715,1.7169811320754715,Critical
2023-01-21,Store003,SKU002,37,10.142857142857142,3.647887323943662,Urgent
2023-01-21,Store003,SKU003,85,12.428571428571429,6.8390804597701145,Urgent
2023-01-22,Store001,SKU001,27,18.142857142857142,1.4881889763779528,Critical
2023-01-22,Store001,SKU002,77,12.285714285714286,6.267441860465116,Urgent
2023-01-22,Store001,SKU003,71,11.142857142857142,6.371794871794872,Urgent
2023-01-22,Store002,SKU001,10,18.285714285714285,0.546875,Critical
2023-01-22,Store002,SKU002,36,21.142857142857142,1.7027027027027029,Critical
2023-01-22,Store002,SKU003,87,14.285714285714286,6.09,Urgent
2023-01-22,Store003,SKU001,82,22.714285714285715,3.6100628930817606,Urgent
2023-01-22,Store003,SKU002,47,9.857142857142858,4.768115942028985,Urgent
2023-01-22,Store003,SKU003,67,13.571428571428571,4.936842105263158,Urgent
2023-01-23,Store001,SKU001,15,18.0,0.8333333333333334,Critical
2023-01-23,Store001,SKU002,41,12.428571428571429,3.2988505747126435,Urgent
2023-01-23,Store001,SKU003,38,11.714285714285714,3.2439024390243905,Urgent
2023-01-23,Store002,SKU001,69,17.857142857142858,3.864,Urgent
2023-01-23,Store002,SKU002,16,22.142857142857142,0.7225806451612904,Critical
2023-01-23,Store002,SKU003,23,14.857142857142858,1.5480769230769231,Critical
2023-01-23,Store003,SKU001,15,21.142857142857142,0.7094594594594594,Critical
2023-01-23,Store003,SKU002,39,10.142857142857142,3.8450704225352115,Urgent
2023-01-23,Store003,SKU003,47,14.428571428571429,3.257425742574257,Urgent
2023-01-24,Store001,SKU001,26,18.714285714285715,1.3893129770992365,Critical
2023-01-24,Store001,SKU002,31,12.571428571428571,2.465909090909091,Critical
2023-01-24,Store001,SKU003,64,12.428571428571429,5.149425287356322,Urgent
2023-01-24,Store002,SKU001,86,20.571428571428573,4.180555555555555,Urgent
2023-01-24,Store002,SKU002,35,23.285714285714285,1.5030674846625767,Critical
2023-01-24,Store002,SKU003,22,14.142857142857142,1.5555555555555556,Critical
2023-01-24,Store003,SKU001,48,22.714285714285715,2.1132075471698113,Critical
2023-01-24,Store003,SKU002,31,9.571428571428571,3.238805970149254,Urgent
2023-01-24,Store003,SKU003,53,13.0,4.076923076923077,Urgent
2023-01-25,Store001,SKU001,16,19.0,0.8421052631578947,Critical
2023-01-25,Store001,SKU002,90,13.714285714285714,6.5625,Urgent
2023-01-25,Store001,SKU003,95,11.857142857142858,8.012048192771084,Normal
2023-01-25,Store002,SKU001,18,22.285714285714285,0.8076923076923077,Critical
2023-01-25,Store002,SKU002,14,22.714285714285715,0.6163522012578616,Critical
2023-01-25,Store002,SKU003,23,14.714285714285714,1.5631067961165048,Critical
2023-01-25,Store003,SKU001,82,21.428571428571427,3.826666666666667,Urgent
2023-01-25,Store003,SKU002,21,9.285714285714286,2.2615384615384615,Critical
2023-01-25,Store003,SKU003,40,14.428571428571429,2.772277227722772,Critical
2023-01-26,Store001,SKU001,68,20.285714285714285,3.352112676056338,Urgent
2023-01-26,Store001,SKU002,97,15.285714285714286,6.345794392523364,Urgent
2023-01-26,Store001,SKU003,57,11.714285714285714,4.865853658536586,Urgent
2023-01-26,Store002,SKU001,60,23.857142857142858,2.5149700598802394,Critical
2023-01-26,Store002,SKU002,58,21.428571428571427,2.706666666666667,Critical
2023-01-26,Store002,SKU003,80,12.857142857142858,6.222222222222222,Urgent
2023-01-26,Store003,SKU001,95,21.285714285714285,4.4630872483221475,Urgent
2023-01-26,Store003,SKU002,77,11.428571428571429,6.7375,Urgent
2023-01-26,Store003,SKU003,48,14.428571428571429,3.3267326732673266,Urgent
2023-01-27,Store001,SKU001,60,19.285714285714285,3.111111111111111,Urgent
2023-01-27,Store001,SKU002,81,15.142857142857142,5.349056603773585,Urgent
2023-01-27,Store001,SKU003,56,10.714285714285714,5.2266666666666675,Urgent
2023-01-27,Store002,SKU001,51,23.857142857142858,2.1377245508982035,Critical
2023-01-27,Store002,SKU002,80,21.571428571428573,3.7086092715231787,Urgent
2023-01-27,Store002,SKU003,99,12.857142857142858,7.699999999999999,Normal
2023-01-27,Store003,SKU001,47,23.857142857142858,1.9700598802395208,Critical
2023-01-27,Store003,SKU002,27,13.857142857142858,1.9484536082474226,Critical
2023-01-27,Store003,SKU003,18,14.714285714285714,1.2233009708737865,Critical
2023-01-28,Store001,SKU001,67,19.571428571428573,3.4233576642335763,Urgent
2023-01-28,Store001,SKU002,90,17.0,5.294117647058823,Urgent
2023-01-28,Store001,SKU003,57,9.428571428571429,6.045454545454545,Urgent
2023-01-28,Store002,SKU001,76,24.571428571428573,3.093023255813953,Urgent
2023-01-28,Store002,SKU002,47,19.428571428571427,2.419117647058824,Critical
2023-01-28,Store002,SKU003,56,13.714285714285714,4.083333333333334,Urgent
2023-01-28,Store003,SKU001,61,26.428571428571427,2.308108108108108,Critical
2023-01-28,Store003,SKU002,28,14.285714285714286,1.96,Critical
2023-01-28,Store003,SKU003,38,16.571428571428573,2.2931034482758617,Critical
2023-01-29,Store001,SKU001,34,19.857142857142858,1.7122302158273381,Critical
2023-01-29,Store001,SKU002,22,19.428571428571427,1.1323529411764708,Critical
2023-01-29,Store001,SKU003,57,10.285714285714286,5.541666666666666,Urgent
2023-01-29,Store002,SKU001,26,25.285714285714285,1.0282485875706215,Critical
2023-01-29,Store002,SKU002,76,19.857142857142858,3.8273381294964026,Urgent
2023-01-29,Store002,SKU003,14,12.285714285714286,1.1395348837209303,Critical
2023-01-29,Store003,SKU001,12,26.857142857142858,0.44680851063829785,Critical
2023-01-29,Store003,SKU002,89,15.714285714285714,5.663636363636364,Urgent
2023-01-29,Store003,SKU003,99,15.0,6.6,Urgent
2023-01-30,Store001,SKU001,32,20.0,1.6,Critical
2023-01-30,Store001,SKU002,30,19.0,1.5789473684210527,Critical
2023-01-30,Store001,SKU003,58,10.0,5.8,Urgent
2023-01-30,Store002,SKU001,84,24.857142857142858,3.3793103448275863,Urgent
2023-01-30,Store002,SKU002,61,19.142857142857142,3.1865671641791047,Urgent
2023-01-30,Store002,SKU003,22,12.0,1.8333333333333333,Critical
2023-01-30,Store003,SKU001,80,27.571428571428573,2.9015544041450774,Critical
2023-01-30,Store003,SKU002,92,17.0,5.411764705882353,Urgent
2023-01-30,Store003,SKU003,59,13.428571428571429,4.3936170212765955,Urgent
2023-01-31,Store001,SKU001,58,19.0,3.0526315789473686,Urgent
2023-01-31,Store001,SKU002,87,20.857142857142858,4.171232876712328,Urgent
2023-01-31,Store001,SKU003,72,9.0,8.0,Normal
2023-01-31,Store002,SKU001,31,23.714285714285715,1.3072289156626506,Critical
2023-01-31,Store002,SKU002,16,18.142857142857142,0.8818897637795275,Critical
2023-01-31,Store002,SKU003,50,11.285714285714286,4.430379746835443,Urgent
2023-01-31,Store003,SKU001,28,26.428571428571427,1.0594594594594595,Critical
2023-01-31,Store003,SKU002,81,18.428571428571427,4.395348837209303,Urgent
2023-01-31,Store003,SKU003,57,13.142857142857142,4.336956521739131,Urgent
2023-02-01,Store001,SKU001,32,17.428571428571427,1.836065573770492,Critical
2023-02-01,Store001,SKU002,13,18.285714285714285,0.7109375,Critical
2023-02-01,Store001,SKU003,56,9.285714285714286,6.030769230769231,Urgent
2023-02-01,Store002,SKU001,81,20.428571428571427,3.9650349650349654,Urgent
2023-02-01,Store002,SKU002,43,16.857142857142858,2.5508474576271185,Critical
2023-02-01,Store002,SKU003,12,10.714285714285714,1.12,Critical
2023-02-01,Store003,SKU001,26,25.714285714285715,1.011111111111111,Critical
2023-02-01,Store003,SKU002,49,18.571428571428573,2.6384615384615384,Critical
2023-02-01,Store003,SKU003,62,10.142857142857142,6.112676056338029,Urgent
2023-02-02,Store001,SKU001,58,15.428571428571429,3.759259259259259,Urgent
2023-02-02,Store001,SKU002,80,17.285714285714285,4.62809917355372,Urgent
2023-02-02,Store001,SKU003,62,8.428571428571429,7.3559322033898304,Normal
2023-02-02,Store002,SKU001,12,19.0,0.631578947368421,Critical
2023-02-02,Store002,SKU002,69,17.142857142857142,4.025,Urgent
2023-02-02,Store002,SKU003,16,10.571428571428571,1.5135135135135136,Critical
2023-02-02,Store003,SKU001,93,24.428571428571427,3.8070175438596494,Urgent
2023-02-02,Store003,SKU002,15,17.285714285714285,0.8677685950413223,Critical
2023-02-02,Store003,SKU003,92,11.285714285714286,8.151898734177214,Normal
2023-02-03,Store001,SKU001,95,14.714285714285714,6.456310679611651,Urgent
2023-02-03,Store001,SKU002,46,16.428571428571427,2.8000000000000003,Critical
2023-02-03,Store001,SKU003,59,8.0,7.375,Normal
2023-02-03,Store002,SKU001,80,15.0,5.333333333333333,Urgent
2023-02-03,Store002,SKU002,97,14.0,6.928571428571429,Urgent
2023-02-03,Store002,SKU003,30,11.571428571428571,2.5925925925925926,Critical
2023-02-03,Store003,SKU001,96,21.285714285714285,4.51006711409396,Urgent
2023-02-03,Store003,SKU002,44,14.428571428571429,3.0495049504950495,Urgent
2023-02-03,Store003,SKU003,48,11.571428571428571,4.148148148148148,Urgent
2023-02-04,Store001,SKU001,77,15.0,5.133333333333334,Urgent
2023-02-04,Store001,SKU002,43,15.0,2.8666666666666667,Critical
2023-02-04,Store001,SKU003,96,7.571428571428571,12.679245283018869,Normal
2023-02-04,Store002,SKU001,71,12.428571428571429,5.712643678160919,Urgent
2023-02-04,Store002,SKU002,88,14.0,6.285714285714286,Urgent
2023-02-04,Store002,SKU003,14,10.285714285714286,1.361111111111111,Critical
2023-02-04,Store003,SKU001,77,15.714285714285714,4.9,Urgent
2023-02-04,Store003,SKU002,29,14.142857142857142,2.0505050505050506,Critical
2023-02-04,Store003,SKU003,10,10.428571428571429,0.958904109589041,Critical
2023-02-05,Store001,SKU001,89,14.428571428571429,6.1683168316831685,Urgent
2023-02-05,Store001,SKU002,30,12.0,2.5,Critical
2023-02-05,Store001,SKU003,19,7.714285714285714,2.462962962962963,Critical
2023-02-05,Store002,SKU001,72,11.571428571428571,6.222222222222222,Urgent
2023-02-05,Store002,SKU002,10,10.571428571428571,0.9459459459459459,Critical
2023-02-05,Store002,SKU003,51,9.857142857142858,5.173913043478261,Urgent
2023-02-05,Store003,SKU001,39,13.142857142857142,2.967391304347826,Critical
2023-02-05,Store003,SKU002,72,12.285714285714286,5.8604651162790695,Urgent
2023-02-05,Store003,SKU003,21,10.857142857142858,1.9342105263157894,Critical
2023-02-06,Store001,SKU001,33,13.571428571428571,2.431578947368421,Critical
2023-02-06,Store001,SKU002,34,12.428571428571429,2.735632183908046,Critical
2023-02-06,Store001,SKU003,62,8.0,7.75,Normal
2023-02-06,Store002,SKU001,74,12.142857142857142,6.094117647058824,Urgent
2023-02-06,Store002,SKU002,48,11.428571428571429,4.2,Urgent
2023-02-06,Store002,SKU003,85,9.428571428571429,9.015151515151516,Normal
2023-02-06,Store003,SKU001,50,14.142857142857142,3.5353535353535355,Urgent
2023-02-06,Store003,SKU002,44,10.857142857142858,4.052631578947368,Urgent
2023-02-06,Store003,SKU003,53,10.285714285714286,5.152777777777778,Urgent
2023-02-07,Store001,SKU001,50,12.285714285714286,4.069767441860465,Urgent
2023-02-07,Store001,SKU002,14,10.857142857142858,1.2894736842105263,Critical
2023-02-07,Store001,SKU003,66,8.428571428571429,7.830508474576271,Normal
2023-02-07,Store002,SKU001,49,10.857142857142858,4.513157894736842,Urgent
2023-02-07,Store002,SKU002,51,10.142857142857142,5.028169014084507,Urgent
2023-02-07,Store002,SKU003,88,9.142857142857142,9.625,Normal
2023-02-07,Store003,SKU001,10,13.285714285714286,0.7526881720430108,Critical
2023-02-07,Store003,SKU002,17,9.0,1.8888888888888888,Critical
2023-02-07,Store003,SKU003,90,10.428571428571429,8.63013698630137,Normal
2023-02-08,Store001,SKU001,30,13.428571428571429,2.234042553191489,Critical
2023-02-08,Store001,SKU002,44,11.142857142857142,3.948717948717949,Urgent
2023-02-08,Store001,SKU003,44,10.0,4.4,Urgent
2023-02-08,Store002,SKU001,78,11.428571428571429,6.825,Urgent
2023-02-08,Store002,SKU002,74,10.714285714285714,6.906666666666667,Urgent
2023-02-08,Store002,SKU003,85,9.285714285714286,9.153846153846153,Normal
2023-02-08,Store003,SKU001,40,13.0,3.076923076923077,Urgent
2023-02-08,Store003,SKU002,96,8.428571428571429,11.389830508474576,Normal
2023-02-08,Store003,SKU003,75,9.571428571428571,7.835820895522389,Normal
2023-02-09,Store001,SKU001,35,12.857142857142858,2.7222222222222223,Critical
2023-02-09,Store001,SKU002,40,10.285714285714286,3.8888888888888884,Urgent
2023-02-09,Store001,SKU003,63,11.714285714285714,5.378048780487806,Urgent
2023-02-09,Store002,SKU001,91,10.714285714285714,8.493333333333334,Normal
2023-02-09,Store002,SKU002,75,9.571428571428571,7.835820895522389,Normal
2023-02-09,Store002,SKU003,71,9.857142857142858,7.202898550724638,Normal
2023-02-09,Store003,SKU001,85,13.857142857142858,6.1340206185567006,Urgent
2023-02-09,Store003,SKU002,98,8.571428571428571,11.433333333333334,Normal
2023-02-09,Store003,SKU003,43,8.142857142857142,5.280701754385965,Urgent
2023-02-10,Store001,SKU001,68,12.714285714285714,5.348314606741574,Urgent
2023-02-10,Store001,SKU002,30,9.714285714285714,3.088235294117647,Urgent
2023-02-10,Store001,SKU003,94,11.714285714285714,8.02439024390244,Normal
2023-02-10,Store002,SKU001,93,11.142857142857142,8.346153846153847,Normal
2023-02-10,Store002,SKU002,51,10.142857142857142,5.028169014084507,Urgent
2023-02-10,Store002,SKU003,72,9.285714285714286,7.753846153846153,Normal
2023-02-10,Store003,SKU001,34,13.285714285714286,2.5591397849462365,Critical
2023-02-10,Store003,SKU002,26,9.428571428571429,2.7575757575757573,Critical
2023-02-10,Store003,SKU003,51,7.857142857142857,6.490909090909091,Urgent
2023-02-11,Store001,SKU001,94,11.714285714285714,8.02439024390244,Normal
2023-02-11,Store001,SKU002,36,10.428571428571429,3.452054794520548,Urgent
2023-02-11,Store001,SKU003,72,12.142857142857142,5.929411764705883,Urgent
2023-02-11,Store002,SKU001,48,13.714285714285714,3.5,Urgent
2023-02-11,Store002,SKU002,49,9.142857142857142,5.359375,Urgent
2023-02-11,Store002,SKU003,59,8.142857142857142,7.24561403508772,Normal
2023-02-11,Store003,SKU001,69,12.714285714285714,5.426966292134832,Urgent
2023-02-11,Store003,SKU002,88,10.142857142857142,8.67605633802817,Normal
2023-02-11,Store003,SKU003,15,7.428571428571429,2.019230769230769,Critical
2023-02-12,Store001,SKU001,37,11.571428571428571,3.197530864197531,Urgent
2023-02-12,Store001,SKU002,27,10.285714285714286,2.625,Critical
2023-02-12,Store001,SKU003,93,11.857142857142858,7.843373493975903,Normal
2023-02-12,Store002,SKU001,54,12.857142857142858,4.2,Urgent
2023-02-12,Store002,SKU002,39,10.0,3.9,Urgent
2023-02-12,Store002,SKU003,86,8.142857142857142,10.56140350877193,Normal
2023-02-12,Store003,SKU001,14,12.0,1.1666666666666667,Critical
2023-02-12,Store003,SKU002,55,9.428571428571429,5.833333333333333,Urgent
2023-02-12,Store003,SKU003,65,7.285714285714286,8.92156862745098,Normal
2023-02-13,Store001,SKU001,56,11.0,5.090909090909091,Urgent
2023-02-13,Store001,SKU002,37,9.857142857142858,3.753623188405797,Urgent
2023-02-13,Store001,SKU003,56,11.571428571428571,4.839506172839506,Urgent
2023-02-13,Store002,SKU001,44,11.142857142857142,3.948717948717949,Urgent
2023-02-13,Store002,SKU002,26,8.714285714285714,2.9836065573770494,Critical
2023-02-13,Store002,SKU003,28,7.571428571428571,3.69811320754717,Urgent
2023-02-13,Store003,SKU001,68,10.428571428571429,6.520547945205479,Urgent
2023-02-13,Store003,SKU002,23,9.714285714285714,2.3676470588235294,Critical
2023-02-13,Store003,SKU003,85,7.0,12.142857142857142,Normal
2023-02-14,Store001,SKU001,67,12.571428571428571,5.329545454545455,Urgent
2023-02-14,Store001,SKU002,78,10.0,7.8,Normal
2023-02-14,Store001,SKU003,18,11.571428571428571,1.5555555555555556,Critical
2023-02-14,Store002,SKU001,85,11.0,7.7272727272727275,Normal
2023-02-14,Store002,SKU002,20,9.428571428571429,2.121212121212121,Critical
2023-02-14,Store002,SKU003,61,8.0,7.625,Normal
2023-02-14,Store003,SKU001,35,9.714285714285714,3.6029411764705883,Urgent
2023-02-14,Store003,SKU002,72,9.714285714285714,7.411764705882353,Normal
2023-02-14,Store003,SKU003,86,6.714285714285714,12.808510638297872,Normal
2023-02-15,Store001,SKU001,79,12.571428571428571,6.284090909090909,Urgent
2023-02-15,Store001,SKU002,88,11.285714285714286,7.7974683544303796,Normal
2023-02-15,Store001,SKU003,71,10.857142857142858,6.539473684210526,Urgent
2023-02-15,Store002,SKU001,96,11.428571428571429,8.4,Normal
2023-02-15,Store002,SKU002,42,9.142857142857142,4.59375,Urgent
2023-02-15,Store002,SKU003,55,7.142857142857143,7.699999999999999,Normal
2023-02-15,Store003,SKU001,85,9.714285714285714,8.75,Normal
2023-02-15,Store003,SKU002,42,9.571428571428571,4.388059701492537,Urgent
2023-02-15,Store003,SKU003,29,7.428571428571429,3.9038461538461537,Urgent
2023-02-16,Store001,SKU001,66,13.428571428571429,4.914893617021277,Urgent
2023-02-16,Store001,SKU002,65,10.714285714285714,6.066666666666667,Urgent
2023-02-16,Store001,SKU003,23,8.285714285714286,2.775862068965517,Critical
2023-02-16,Store002,SKU001,19,10.857142857142858,1.75,Critical
2023-02-16,Store002,SKU002,31,9.142857142857142,3.390625,Urgent
2023-02-16,Store002,SKU003,21,9.142857142857142,2.296875,Critical
2023-02-16,Store003,SKU001,30,8.571428571428571,3.5,Urgent
2023-02-16,Store003,SKU002,75,9.857142857142858,7.608695652173913,Normal
2023-02-16,Store003,SKU003,54,8.142857142857142,6.631578947368421,Urgent
2023-02-17,Store001,SKU001,90,13.0,6.923076923076923,Urgent
2023-02-17,Store001,SKU002,77,10.428571428571429,7.383561643835616,Normal
2023-02-17,Store001,SKU003,62,8.714285714285714,7.114754098360656,Normal
2023-02-17,Store002,SKU001,52,11.428571428571429,4.55,Urgent
2023-02-17,Store002,SKU002,45,9.714285714285714,4.632352941176471,Urgent
2023-02-17,Store002,SKU003,22,8.714285714285714,2.5245901639344264,Critical
2023-02-17,Store003,SKU001,10,8.857142857142858,1.129032258064516,Critical
2023-02-17,Store003,SKU002,89,9.428571428571429,9.43939393939394,Normal
2023-02-17,Store003,SKU003,56,7.857142857142857,7.127272727272728,Normal
2023-02-18,Store001,SKU001,91,13.428571428571429,6.776595744680851,Urgent
2023-02-18,Store001,SKU002,89,9.142857142857142,9.734375,Normal
2023-02-18,Store001,SKU003,26,8.714285714285714,2.9836065573770494,Critical
2023-02-18,Store002,SKU001,74,9.142857142857142,8.09375,Normal
2023-02-18,Store002,SKU002,99,8.714285714285714,11.360655737704919,Normal
2023-02-18,Store002,SKU003,70,8.714285714285714,8.032786885245903,Normal
2023-02-18,Store003,SKU001,26,9.285714285714286,2.8,Critical
2023-02-18,Store003,SKU002,85,10.428571428571429,8.150684931506849,Normal
2023-02-18,Store003,SKU003,75,8.428571428571429,8.898305084745763,Normal
2023-02-19,Store001,SKU001,48,11.571428571428571,4.148148148148148,Urgent
2023-02-19,Store001,SKU002,13,10.857142857142858,1.1973684210526314,Critical
2023-02-19,Store001,SKU003,62,9.0,6.888888888888889,Urgent
2023-02-19,Store002,SKU001,50,10.428571428571429,4.794520547945205,Urgent
2023-02-19,Store002,SKU002,13,9.0,1.4444444444444444,Critical
2023-02-19,Store002,SKU003,46,10.285714285714286,4.472222222222222,Urgent
2023-02-19,Store003,SKU001,79,10.142857142857142,7.788732394366198,Normal
2023-02-19,Store003,SKU002,46,10.857142857142858,4.2368421052631575,Urgent
2023-02-19,Store003,SKU003,99,8.285714285714286,11.948275862068964,Normal
2023-02-20,Store001,SKU001,97,12.714285714285714,7.629213483146068,Normal
2023-02-20,Store001,SKU002,54,10.571428571428571,5.108108108108108,Urgent
2023-02-20,Store001,SKU003,66,9.285714285714286,7.107692307692307,Normal
2023-02-20,Store002,SKU001,37,12.0,3.0833333333333335,Urgent
2023-02-20,Store002,SKU002,49,8.142857142857142,6.017543859649123,Urgent
2023-02-20,Store002,SKU003,92,10.285714285714286,8.944444444444445,Normal
2023-02-20,Store003,SKU001,46,11.142857142857142,4.128205128205129,Urgent
2023-02-20,Store003,SKU002,69,10.714285714285714,6.44,Urgent
2023-02-20,Store003,SKU003,57,9.0,6.333333333333333,Urgent
2023-02-21,Store001,SKU001,59,13.285714285714286,4.440860215053763,Urgent
2023-02-21,Store001,SKU002,46,8.857142857142858,5.193548387096774,Urgent
2023-02-21,Store001,SKU003,62,8.571428571428571,7.233333333333333,Normal
2023-02-21,Store002,SKU001,38,12.571428571428571,3.022727272727273,Urgent
2023-02-21,Store002,SKU002,17,7.857142857142857,2.1636363636363636,Critical
2023-02-21,Store002,SKU003,41,10.428571428571429,3.931506849315068,Urgent
2023-02-21,Store003,SKU001,50,11.142857142857142,4.487179487179487,Urgent
2023-02-21,Store003,SKU002,76,10.857142857142858,7.0,Urgent
2023-02-21,Store003,SKU003,47,9.857142857142858,4.768115942028985,Urgent
2023-02-22,Store001,SKU001,28,12.857142857142858,2.1777777777777776,Critical
2023-02-22,Store001,SKU002,22,7.571428571428571,2.905660377358491,Critical
2023-02-22,Store001,SKU003,42,8.142857142857142,5.157894736842105,Urgent
2023-02-22,Store002,SKU001,74,11.0,6.7272727272727275,Urgent
2023-02-22,Store002,SKU002,48,7.571428571428571,6.339622641509434,Urgent
2023-02-22,Store002,SKU003,83,11.285714285714286,7.354430379746835,Normal
2023-02-22,Store003,SKU001,75,11.285714285714286,6.6455696202531644,Urgent
2023-02-22,Store003,SKU002,86,11.571428571428571,7.432098765432099,Normal
2023-02-22,Store003,SKU003,69,10.142857142857142,6.802816901408451,Urgent
2023-02-23,Store001,SKU001,97,12.0,8.083333333333334,Normal
2023-02-23,Store001,SKU002,71,7.714285714285714,9.203703703703704,Normal
2023-02-23,Store001,SKU003,50,8.571428571428571,5.833333333333334,Urgent
2023-02-23,Store002,SKU001,10,12.285714285714286,0.813953488372093,Critical
2023-02-23,Store002,SKU002,32,7.714285714285714,4.148148148148148,Urgent
2023-02-23,Store002,SKU003,28,9.571428571428571,2.925373134328358,Critical
2023-02-23,Store003,SKU001,76,11.142857142857142,6.820512820512821,Urgent
2023-02-23,Store003,SKU002,79,12.285714285714286,6.430232558139535,Urgent
2023-02-23,Store003,SKU003,42,9.714285714285714,4.3235294117647065,Urgent
2023-02-24,Store001,SKU001,44,12.285714285714286,3.581395348837209,Urgent
2023-02-24,Store001,SKU002,91,7.857142857142857,11.581818181818182,Normal
2023-02-24,Store001,SKU003,23,8.428571428571429,2.7288135593220337,Critical
2023-02-24,Store002,SKU001,36,11.142857142857142,3.230769230769231,Urgent
2023-02-24,Store002,SKU002,32,8.714285714285714,3.672131147540984,Urgent
2023-02-24,Store002,SKU003,81,9.142857142857142,8.859375,Normal
2023-02-24,Store003,SKU001,87,11.285714285714286,7.70886075949367,Normal
2023-02-24,Store003,SKU002,92,12.428571428571429,7.402298850574713,Normal
2023-02-24,Store003,SKU003,28,8.714285714285714,3.213114754098361,Urgent
2023-02-25,Store001,SKU001,51,11.857142857142858,4.301204819277109,Urgent
2023-02-25,Store001,SKU002,40,9.0,4.444444444444445,Urgent
2023-02-25,Store001,SKU003,68,8.571428571428571,7.933333333333334,Normal
2023-02-25,Store002,SKU001,90,12.0,7.5,Normal
2023-02-25,Store002,SKU002,82,10.285714285714286,7.972222222222221,Normal
2023-02-25,Store002,SKU003,40,8.857142857142858,4.516129032258064,Urgent
2023-02-25,Store003,SKU001,43,11.285714285714286,3.810126582278481,Urgent
2023-02-25,Store003,SKU002,36,11.571428571428571,3.111111111111111,Urgent
2023-02-25,Store003,SKU003,16,7.714285714285714,2.074074074074074,Critical
2023-02-26,Store001,SKU001,73,13.285714285714286,5.494623655913978,Urgent
2023-02-26,Store001,SKU002,81,7.285714285714286,11.117647058823529,Normal
2023-02-26,Store001,SKU003,61,7.428571428571429,8.211538461538462,Normal
2023-02-26,Store002,SKU001,54,11.142857142857142,4.846153846153847,Urgent
2023-02-26,Store002,SKU002,40,10.285714285714286,3.8888888888888884,Urgent
2023-02-26,Store002,SKU003,65,7.428571428571429,8.75,Normal
2023-02-26,Store003,SKU001,23,10.857142857142858,2.1184210526315788,Critical
2023-02-26,Store003,SKU002,83,13.285714285714286,6.247311827956989,Urgent
2023-02-26,Store003,SKU003,50,7.857142857142857,6.363636363636364,Urgent
2023-02-27,Store001,SKU001,69,12.571428571428571,5.488636363636363,Urgent
2023-02-27,Store001,SKU002,97,7.857142857142857,12.345454545454546,Normal
2023-02-27,Store001,SKU003,97,7.714285714285714,12.574074074074074,Normal
2023-02-27,Store002,SKU001,79,11.857142857142858,6.662650602409638,Urgent
2023-02-27,Store002,SKU002,91,10.0,9.1,Normal
2023-02-27,Store002,SKU003,51,8.0,6.375,Urgent
2023-02-27,Store003,SKU001,32,10.285714285714286,3.1111111111111107,Urgent
2023-02-27,Store003,SKU002,93,13.142857142857142,7.076086956521739,Normal
2023-02-27,Store003,SKU003,34,7.571428571428571,4.490566037735849,Urgent
2023-02-28,Store001,SKU001,39,12.428571428571429,3.1379310344827585,Urgent
2023-02-28,Store001,SKU002,81,9.0,9.0,Normal
2023-02-28,Store001,SKU003,54,7.571428571428571,7.132075471698114,Normal
2023-02-28,Store002,SKU001,10,11.142857142857142,0.8974358974358975,Critical
2023-02-28,Store002,SKU002,87,9.857142857142858,8.826086956521738,Normal
2023-02-28,Store002,SKU003,25,8.0,3.125,Urgent
2023-02-28,Store003,SKU001,60,11.857142857142858,5.0602409638554215,Urgent
2023-02-28,Store003,SKU002,85,12.857142857142858,6.611111111111111,Urgent
2023-02-28,Store003,SKU003,42,7.0,6.0,Urgent
2023-03-01,Store001,SKU001,73,13.142857142857142,5.554347826086957,Urgent
2023-03-01,Store001,SKU002,20,8.714285714285714,2.295081967213115,Critical
2023-03-01,Store001,SKU003,37,7.571428571428571,4.886792452830189,Urgent
2023-03-01,Store002,SKU001,30,13.571428571428571,2.210526315789474,Critical
2023-03-01,Store002,SKU002,41,10.142857142857142,4.042253521126761,Urgent
2023-03-01,Store002,SKU003,14,7.0,2.0,Critical
2023-03-01,Store003,SKU001,52,11.857142857142858,4.385542168674698,Urgent
2023-03-01,Store003,SKU002,95,12.571428571428571,7.556818181818182,Normal
2023-03-01,Store003,SKU003,23,6.428571428571429,3.5777777777777775,Urgent
2023-03-02,Store001,SKU001,41,14.285714285714286,2.8699999999999997,Critical
2023-03-02,Store001,SKU002,77,8.857142857142858,8.693548387096774,Normal
2023-03-02,Store001,SKU003,34,8.142857142857142,4.175438596491229,Urgent
2023-03-02,Store002,SKU001,57,12.0,4.75,Urgent
2023-03-02,Store002,SKU002,40,11.285714285714286,3.5443037974683542,Urgent
2023-03-02,Store002,SKU003,46,7.285714285714286,6.313725490196078,Urgent
2023-03-02,Store003,SKU001,66,12.428571428571429,5.310344827586206,Urgent
2023-03-02,Store003,SKU002,15,10.714285714285714,1.4000000000000001,Critical
2023-03-02,Store003,SKU003,43,7.142857142857143,6.02,Urgent
2023-03-03,Store001,SKU001,58,15.142857142857142,3.8301886792452833,Urgent
2023-03-03,Store001,SKU002,49,8.714285714285714,5.622950819672131,Urgent
2023-03-03,Store001,SKU003,51,8.0,6.375,Urgent
2023-03-03,Store002,SKU001,66,13.428571428571429,4.914893617021277,Urgent
2023-03-03,Store002,SKU002,73,10.714285714285714,6.8133333333333335,Urgent
2023-03-03,Store002,SKU003,61,7.428571428571429,8.211538461538462,Normal
2023-03-03,Store003,SKU001,43,12.142857142857142,3.5411764705882356,Urgent
2023-03-03,Store003,SKU002,59,10.714285714285714,5.506666666666667,Urgent
2023-03-03,Store003,SKU003,66,7.571428571428571,8.716981132075473,Normal
2023-03-04,Store001,SKU001,44,16.285714285714285,2.7017543859649122,Critical
2023-03-04,Store001,SKU002,33,9.428571428571429,3.5,Urgent
2023-03-04,Store001,SKU003,52,7.0,7.428571428571429,Normal
2023-03-04,Store002,SKU001,91,13.857142857142858,6.56701030927835,Urgent
2023-03-04,Store002,SKU002,66,10.142857142857142,6.507042253521127,Urgent
2023-03-04,Store002,SKU003,25,7.285714285714286,3.431372549019608,Urgent
2023-03-04,Store003,SKU001,89,13.285714285714286,6.698924731182795,Urgent
2023-03-04,Store003,SKU002,88,10.142857142857142,8.67605633802817,Normal
2023-03-04,Store003,SKU003,90,7.285714285714286,12.352941176470589,Normal
2023-03-05,Store001,SKU001,37,15.285714285714286,2.420560747663551,Critical
2023-03-05,Store001,SKU002,67,10.142857142857142,6.605633802816902,Urgent
2023-03-05,Store001,SKU003,79,7.285714285714286,10.843137254901961,Normal
2023-03-05,Store002,SKU001,70,15.0,4.666666666666667,Urgent
2023-03-05,Store002,SKU002,71,11.285714285714286,6.291139240506329,Urgent
2023-03-05,Store002,SKU003,13,6.857142857142857,1.8958333333333335,Critical
2023-03-05,Store003,SKU001,59,13.857142857142858,4.257731958762887,Urgent
2023-03-05,Store003,SKU002,68,8.571428571428571,7.933333333333334,Normal
2023-03-05,Store003,SKU003,93,8.857142857142858,10.5,Normal
2023-03-06,Store001,SKU001,18,15.285714285714286,1.1775700934579438,Critical
2023-03-06,Store001,SKU002,54,10.142857142857142,5.323943661971831,Urgent
2023-03-06,Store001,SKU003,53,6.142857142857143,8.627906976744185,Normal
2023-03-06,Store002,SKU001,12,15.857142857142858,0.7567567567567567,Critical
2023-03-06,Store002,SKU002,29,12.428571428571429,2.3333333333333335,Critical
2023-03-06,Store002,SKU003,68,6.285714285714286,10.818181818181818,Normal
2023-03-06,Store003,SKU001,42,13.857142857142858,3.0309278350515463,Urgent
2023-03-06,Store003,SKU002,86,9.714285714285714,8.852941176470589,Normal
2023-03-06,Store003,SKU003,59,8.285714285714286,7.120689655172413,Normal
2023-03-07,Store001,SKU001,60,15.0,4.0,Urgent
2023-03-07,Store001,SKU002,16,9.571428571428571,1.671641791044776,Critical
2023-03-07,Store001,SKU003,83,7.0,11.857142857142858,Normal
2023-03-07,Store002,SKU001,84,15.857142857142858,5.297297297297297,Urgent
2023-03-07,Store002,SKU002,50,12.714285714285714,3.9325842696629216,Urgent
2023-03-07,Store002,SKU003,40,5.857142857142857,6.829268292682928,Urgent
2023-03-07,Store003,SKU001,26,13.285714285714286,1.9569892473118278,Critical
2023-03-07,Store003,SKU002,19,9.0,2.111111111111111,Critical
2023-03-07,Store003,SKU003,30,8.142857142857142,3.68421052631579,Urgent
2023-03-08,Store001,SKU001,86,14.428571428571429,5.96039603960396,Urgent
2023-03-08,Store001,SKU002,27,9.857142857142858,2.7391304347826084,Critical
2023-03-08,Store001,SKU003,89,6.571428571428571,13.543478260869566,Normal
2023-03-08,Store002,SKU001,56,15.142857142857142,3.69811320754717,Urgent
2023-03-08,Store002,SKU002,11,13.857142857142858,0.7938144329896907,Critical
2023-03-08,Store002,SKU003,55,7.142857142857143,7.699999999999999,Normal
2023-03-08,Store003,SKU001,69,15.285714285714286,4.5140186915887845,Urgent
2023-03-08,Store003,SKU002,93,9.714285714285714,9.573529411764707,Normal
2023-03-08,Store003,SKU003,57,8.571428571428571,6.65,Urgent
2023-03-09,Store001,SKU001,45,14.285714285714286,3.15,Urgent
2023-03-09,Store001,SKU002,25,11.142857142857142,2.2435897435897436,Critical
2023-03-09,Store001,SKU003,14,6.571428571428571,2.130434782608696,Critical
2023-03-09,Store002,SKU001,13,16.285714285714285,0.7982456140350878,Critical
2023-03-09,Store002,SKU002,53,12.857142857142858,4.122222222222222,Urgent
2023-03-09,Store002,SKU003,82,6.0,13.666666666666666,Normal
2023-03-09,Store003,SKU001,66,15.142857142857142,4.358490566037736,Urgent
2023-03-09,Store003,SKU002,29,10.714285714285714,2.706666666666667,Critical
2023-03-09,Store003,SKU003,99,7.714285714285714,12.833333333333334,Normal
2023-03-10,Store001,SKU001,13,14.285714285714286,0.9099999999999999,Critical
2023-03-10,Store001,SKU002,44,13.142857142857142,3.347826086956522,Urgent
2023-03-10,Store001,SKU003,84,6.0,14.0,Normal
2023-03-10,Store002,SKU001,45,14.428571428571429,3.118811881188119,Urgent
2023-03-10,Store002,SKU002,67,12.285714285714286,5.453488372093023,Urgent
2023-03-10,Store002,SKU003,58,5.714285714285714,10.15,Normal
2023-03-10,Store003,SKU001,30,16.428571428571427,1.8260869565217392,Critical
2023-03-10,Store003,SKU002,51,10.857142857142858,4.697368421052631,Urgent
2023-03-10,Store003,SKU003,24,7.857142857142857,3.0545454545454547,Urgent
2023-03-11,Store001,SKU001,64,12.428571428571429,5.149425287356322,Urgent
2023-03-11,Store001,SKU002,68,12.571428571428571,5.409090909090909,Urgent
2023-03-11,Store001,SKU003,73,6.285714285714286,11.613636363636363,Normal
2023-03-11,Store002,SKU001,66,13.571428571428571,4.863157894736842,Urgent
2023-03-11,Store002,SKU002,14,11.285714285714286,1.240506329113924,Critical
2023-03-11,Store002,SKU003,30,6.0,5.0,Urgent
2023-03-11,Store003,SKU001,84,15.428571428571429,5.444444444444445,Urgent
2023-03-11,Store003,SKU002,44,9.714285714285714,4.529411764705883,Urgent
2023-03-11,Store003,SKU003,28,8.571428571428571,3.2666666666666666,Urgent
2023-03-12,Store001,SKU001,43,12.285714285714286,3.5,Urgent
2023-03-12,Store001,SKU002,88,15.428571428571429,5.703703703703703,Urgent
2023-03-12,Store001,SKU003,29,6.857142857142857,4.229166666666667,Urgent
2023-03-12,Store002,SKU001,94,13.285714285714286,7.075268817204301,Normal
2023-03-12,Store002,SKU002,58,9.571428571428571,6.059701492537314,Urgent
2023-03-12,Store002,SKU003,89,7.0,12.714285714285714,Normal
2023-03-12,Store003,SKU001,19,14.714285714285714,1.2912621359223302,Critical
2023-03-12,Store003,SKU002,55,10.714285714285714,5.133333333333334,Urgent
2023-03-12,Store003,SKU003,86,7.0,12.285714285714286,Normal
2023-03-13,Store001,SKU001,24,12.857142857142858,1.8666666666666667,Critical
2023-03-13,Store001,SKU002,60,14.0,4.285714285714286,Urgent
2023-03-13,Store001,SKU003,38,6.714285714285714,5.659574468085106,Urgent
2023-03-13,Store002,SKU001,87,12.285714285714286,7.081395348837209,Normal
2023-03-13,Store002,SKU002,14,8.857142857142858,1.5806451612903225,Critical
2023-03-13,Store002,SKU003,72,6.714285714285714,10.72340425531915,Normal
2023-03-13,Store003,SKU001,14,14.571428571428571,0.9607843137254902,Critical
2023-03-13,Store003,SKU002,88,8.428571428571429,10.440677966101694,Normal
2023-03-13,Store003,SKU003,20,7.428571428571429,2.692307692307692,Critical
2023-03-14,Store001,SKU001,63,12.714285714285714,4.955056179775281,Urgent
2023-03-14,Store001,SKU002,21,14.571428571428571,1.4411764705882353,Critical
2023-03-14,Store001,SKU003,21,6.571428571428571,3.1956521739130435,Urgent
2023-03-14,Store002,SKU001,37,14.285714285714286,2.59,Critical
2023-03-14,Store002,SKU002,83,9.0,9.222222222222221,Normal
2023-03-14,Store002,SKU003,41,6.714285714285714,6.1063829787234045,Urgent
2023-03-14,Store003,SKU001,23,13.428571428571429,1.7127659574468084,Critical
2023-03-14,Store003,SKU002,98,9.571428571428571,10.238805970149254,Normal
2023-03-14,Store003,SKU003,12,8.142857142857142,1.473684210526316,Critical
2023-03-15,Store001,SKU001,19,12.285714285714286,1.5465116279069766,Critical
2023-03-15,Store001,SKU002,21,13.428571428571429,1.5638297872340425,Critical
2023-03-15,Store001,SKU003,77,7.428571428571429,10.365384615384615,Normal
2023-03-15,Store002,SKU001,76,12.714285714285714,5.977528089887641,Urgent
2023-03-15,Store002,SKU002,63,9.428571428571429,6.681818181818182,Urgent
2023-03-15,Store002,SKU003,79,5.571428571428571,14.17948717948718,Safe
2023-03-15,Store003,SKU001,29,11.285714285714286,2.569620253164557,Critical
2023-03-15,Store003,SKU002,65,9.571428571428571,6.791044776119403,Urgent
2023-03-15,Store003,SKU003,41,8.142857142857142,5.035087719298246,Urgent
2023-03-16,Store001,SKU001,82,12.285714285714286,6.674418604651162,Urgent
2023-03-16,Store001,SKU002,21,12.571428571428571,1.6704545454545454,Critical
2023-03-16,Store001,SKU003,96,7.142857142857143,13.44,Normal
2023-03-16,Store002,SKU001,12,11.714285714285714,1.024390243902439,Critical
2023-03-16,Store002,SKU002,23,10.0,2.3,Critical
2023-03-16,Store002,SKU003,54,6.571428571428571,8.217391304347826,Normal
2023-03-16,Store003,SKU001,37,10.857142857142858,3.4078947368421053,Urgent
2023-03-16,Store003,SKU002,33,9.857142857142858,3.3478260869565215,Urgent
2023-03-16,Store003,SKU003,20,9.428571428571429,2.121212121212121,Critical
2023-03-17,Store001,SKU001,89,12.285714285714286,7.2441860465116275,Normal
2023-03-17,Store001,SKU002,89,11.0,8.090909090909092,Normal
2023-03-17,Store001,SKU003,39,6.571428571428571,5.934782608695652,Urgent
2023-03-17,Store002,SKU001,38,12.714285714285714,2.9887640449438204,Critical
2023-03-17,Store002,SKU002,37,11.142857142857142,3.3205128205128207,Urgent
2023-03-17,Store002,SKU003,68,6.857142857142857,9.916666666666668,Normal
2023-03-17,Store003,SKU001,19,11.0,1.7272727272727273,Critical
2023-03-17,Store003,SKU002,39,10.285714285714286,3.7916666666666665,Urgent
2023-03-17,Store003,SKU003,51,8.714285714285714,5.852459016393444,Urgent
2023-03-18,Store001,SKU001,68,12.714285714285714,5.348314606741574,Urgent
2023-03-18,Store001,SKU002,78,11.428571428571429,6.825,Urgent
2023-03-18,Store001,SKU003,67,8.428571428571429,7.9491525423728815,Normal
2023-03-18,Store002,SKU001,58,12.714285714285714,4.561797752808989,Urgent
2023-03-18,Store002,SKU002,23,12.285714285714286,1.872093023255814,Critical
2023-03-18,Store002,SKU003,24,7.285714285714286,3.2941176470588234,Urgent
2023-03-18,Store003,SKU001,81,11.428571428571429,7.0874999999999995,Normal
2023-03-18,Store003,SKU002,65,12.0,5.416666666666667,Urgent
2023-03-18,Store003,SKU003,23,9.0,2.5555555555555554,Critical
2023-03-19,Store001,SKU001,92,14.714285714285714,6.252427184466019,Urgent
2023-03-19,Store001,SKU002,49,8.857142857142858,5.532258064516129,Urgent
2023-03-19,Store001,SKU003,13,8.857142857142858,1.4677419354838708,Critical
2023-03-19,Store002,SKU001,61,12.571428571428571,4.8522727272727275,Urgent
2023-03-19,Store002,SKU002,63,12.0,5.25,Urgent
2023-03-19,Store002,SKU003,40,8.142857142857142,4.912280701754386,Urgent
2023-03-19,Store003,SKU001,76,12.857142857142858,5.9111111111111105,Urgent
2023-03-19,Store003,SKU002,88,12.0,7.333333333333333,Normal
2023-03-19,Store003,SKU003,78,8.285714285714286,9.413793103448276,Normal
2023-03-20,Store001,SKU001,48,14.142857142857142,3.393939393939394,Urgent
2023-03-20,Store001,SKU002,48,10.285714285714286,4.666666666666666,Urgent
2023-03-20,Store001,SKU003,92,9.428571428571429,9.757575757575758,Normal
2023-03-20,Store002,SKU001,11,12.571428571428571,0.875,Critical
2023-03-20,Store002,SKU002,88,12.142857142857142,7.247058823529412,Normal
2023-03-20,Store002,SKU003,83,8.428571428571429,9.847457627118644,Normal
2023-03-20,Store003,SKU001,98,12.857142857142858,7.622222222222222,Normal
2023-03-20,Store003,SKU002,10,12.571428571428571,0.7954545454545455,Critical
2023-03-20,Store003,SKU003,42,9.857142857142858,4.260869565217391,Urgent
2023-03-21,Store001,SKU001,83,14.0,5.928571428571429,Urgent
2023-03-21,Store001,SKU002,74,9.571428571428571,7.73134328358209,Normal
2023-03-21,Store001,SKU003,16,8.714285714285714,1.836065573770492,Critical
2023-03-21,Store002,SKU001,49,11.857142857142858,4.132530120481928,Urgent
2023-03-21,Store002,SKU002,20,13.285714285714286,1.5053763440860215,Critical
2023-03-21,Store002,SKU003,82,8.571428571428571,9.566666666666666,Normal
2023-03-21,Store003,SKU001,17,13.285714285714286,1.2795698924731183,Critical
2023-03-21,Store003,SKU002,29,11.571428571428571,2.506172839506173,Critical
2023-03-21,Store003,SKU003,41,9.571428571428571,4.2835820895522385,Urgent
2023-03-22,Store001,SKU001,57,13.714285714285714,4.15625,Urgent
2023-03-22,Store001,SKU002,82,10.857142857142858,7.552631578947368,Normal
2023-03-22,Store001,SKU003,13,8.714285714285714,1.4918032786885247,Critical
2023-03-22,Store002,SKU001,47,13.428571428571429,3.5,Urgent
2023-03-22,Store002,SKU002,64,11.0,5.818181818181818,Urgent
2023-03-22,Store002,SKU003,32,9.142857142857142,3.5,Urgent
2023-03-22,Store003,SKU001,50,14.285714285714286,3.5,Urgent
2023-03-22,Store003,SKU002,28,10.142857142857142,2.7605633802816905,Critical
2023-03-22,Store003,SKU003,64,9.285714285714286,6.892307692307692,Urgent
2023-03-23,Store001,SKU001,91,13.142857142857142,6.923913043478261,Urgent
2023-03-23,Store001,SKU002,38,10.142857142857142,3.746478873239437,Urgent
2023-03-23,Store001,SKU003,99,8.571428571428571,11.55,Normal
2023-03-23,Store002,SKU001,32,13.857142857142858,2.3092783505154637,Critical
2023-03-23,Store002,SKU002,78,10.857142857142858,7.184210526315789,Normal
2023-03-23,Store002,SKU003,81,8.857142857142858,9.14516129032258,Normal
2023-03-23,Store003,SKU001,27,15.142857142857142,1.7830188679245285,Critical
2023-03-23,Store003,SKU002,83,9.571428571428571,8.671641791044776,Normal
2023-03-23,Store003,SKU003,36,8.285714285714286,4.344827586206896,Urgent
2023-03-24,Store001,SKU001,64,11.857142857142858,5.397590361445783,Urgent
2023-03-24,Store001,SKU002,79,10.0,7.9,Normal
2023-03-24,Store001,SKU003,66,9.571428571428571,6.895522388059701,Urgent
2023-03-24,Store002,SKU001,61,13.714285714285714,4.447916666666667,Urgent
2023-03-24,Store002,SKU002,92,9.857142857142858,9.333333333333332,Normal
2023-03-24,Store002,SKU003,41,8.857142857142858,4.629032258064516,Urgent
2023-03-24,Store003,SKU001,95,14.714285714285714,6.456310679611651,Urgent
2023-03-24,Store003,SKU002,44,8.857142857142858,4.967741935483871,Urgent
2023-03-24,Store003,SKU003,73,9.0,8.11111111111111,Normal
2023-03-25,Store001,SKU001,42,10.285714285714286,4.083333333333333,Urgent
2023-03-25,Store001,SKU002,92,9.285714285714286,9.907692307692306,Normal
2023-03-25,Store001,SKU003,67,6.857142857142857,9.770833333333334,Normal
2023-03-25,Store002,SKU001,95,14.428571428571429,6.584158415841584,Urgent
2023-03-25,Store002,SKU002,86,10.428571428571429,8.246575342465754,Normal
2023-03-25,Store002,SKU003,39,9.285714285714286,4.199999999999999,Urgent
2023-03-25,Store003,SKU001,51,14.285714285714286,3.57,Urgent
2023-03-25,Store003,SKU002,21,8.285714285714286,2.5344827586206895,Critical
2023-03-25,Store003,SKU003,52,9.428571428571429,5.515151515151515,Urgent
2023-03-26,Store001,SKU001,36,10.428571428571429,3.452054794520548,Urgent
2023-03-26,Store001,SKU002,18,9.285714285714286,1.9384615384615382,Critical
2023-03-26,Store001,SKU003,43,6.285714285714286,6.840909090909091,Urgent
2023-03-26,Store002,SKU001,54,13.714285714285714,3.9375,Urgent
2023-03-26,Store002,SKU002,69,11.428571428571429,6.0375,Urgent
2023-03-26,Store002,SKU003,23,8.571428571428571,2.6833333333333336,Critical
2023-03-26,Store003,SKU001,57,13.285714285714286,4.290322580645161,Urgent
2023-03-26,Store003,SKU002,25,8.142857142857142,3.0701754385964914,Urgent
2023-03-26,Store003,SKU003,77,9.285714285714286,8.292307692307691,Normal
2023-03-27,Store001,SKU001,16,11.714285714285714,1.3658536585365855,Critical
2023-03-27,Store001,SKU002,65,9.142857142857142,7.109375,Normal
2023-03-27,Store001,SKU003,75,5.714285714285714,13.125,Normal
2023-03-27,Store002,SKU001,31,13.285714285714286,2.333333333333333,Critical
2023-03-27,Store002,SKU002,74,13.285714285714286,5.569892473118279,Urgent
2023-03-27,Store002,SKU003,80,10.285714285714286,7.777777777777777,Normal
2023-03-27,Store003,SKU001,91,11.571428571428571,7.864197530864198,Normal
2023-03-27,Store003,SKU002,73,8.428571428571429,8.661016949152541,Normal
2023-03-27,Store003,SKU003,82,7.714285714285714,10.62962962962963,Normal
2023-03-28,Store001,SKU001,62,10.571428571428571,5.864864864864865,Urgent
2023-03-28,Store001,SKU002,39,9.0,4.333333333333333,Urgent
2023-03-28,Store001,SKU003,71,6.0,11.833333333333334,Normal
2023-03-28,Store002,SKU001,80,12.428571428571429,6.436781609195402,Urgent
2023-03-28,Store002,SKU002,47,12.142857142857142,3.8705882352941177,Urgent
2023-03-28,Store002,SKU003,13,9.571428571428571,1.3582089552238807,Critical
2023-03-28,Store003,SKU001,64,11.428571428571429,5.6,Urgent
2023-03-28,Store003,SKU002,25,8.285714285714286,3.0172413793103448,Urgent
2023-03-28,Store003,SKU003,43,8.428571428571429,5.101694915254237,Urgent
2023-03-29,Store001,SKU001,19,11.285714285714286,1.6835443037974682,Critical
2023-03-29,Store001,SKU002,43,7.857142857142857,5.472727272727273,Urgent
2023-03-29,Store001,SKU003,29,5.714285714285714,5.075,Urgent
2023-03-29,Store002,SKU001,56,12.285714285714286,4.558139534883721,Urgent
2023-03-29,Store002,SKU002,74,13.285714285714286,5.569892473118279,Urgent
2023-03-29,Store002,SKU003,79,8.857142857142858,8.919354838709676,Normal
2023-03-29,Store003,SKU001,80,11.0,7.2727272727272725,Normal
2023-03-29,Store003,SKU002,11,9.142857142857142,1.203125,Critical
2023-03-29,Store003,SKU003,75,8.142857142857142,9.210526315789474,Normal
2023-03-30,Store001,SKU001,96,12.142857142857142,7.905882352941177,Normal
2023-03-30,Store001,SKU002,90,8.142857142857142,11.05263157894737,Normal
2023-03-30,Store001,SKU003,19,7.0,2.7142857142857144,Critical
2023-03-30,Store002,SKU001,18,12.571428571428571,1.4318181818181819,Critical
2023-03-30,Store002,SKU002,40,12.857142857142858,3.111111111111111,Urgent
2023-03-30,Store002,SKU003,33,9.142857142857142,3.609375,Urgent
2023-03-30,Store003,SKU001,63,11.714285714285714,5.378048780487806,Urgent
2023-03-30,Store003,SKU002,94,9.285714285714286,10.123076923076923,Normal
2023-03-30,Store003,SKU003,98,7.857142857142857,12.472727272727273,Normal
2023-03-31,Store001,SKU001,37,12.571428571428571,2.9431818181818183,Critical
2023-03-31,Store001,SKU002,45,9.142857142857142,4.921875,Urgent
2023-03-31,Store001,SKU003,18,7.142857142857143,2.52,Critical
2023-03-31,Store002,SKU001,89,12.142857142857142,7.329411764705883,Normal
2023-03-31,Store002,SKU002,80,12.142857142857142,6.588235294117648,Urgent
2023-03-31,Store002,SKU003,38,9.285714285714286,4.092307692307692,Urgent
2023-03-31,Store003,SKU001,41,10.285714285714286,3.9861111111111107,Urgent
2023-03-31,Store003,SKU002,33,9.142857142857142,3.609375,Urgent
2023-03-31,Store003,SKU003,23,7.857142857142857,2.9272727272727272,Critical
2023-04-01,Store001,SKU001,16,14.285714285714286,1.1199999999999999,Critical
2023-04-01,Store001,SKU002,32,8.857142857142858,3.6129032258064515,Urgent
2023-04-01,Store001,SKU003,53,9.142857142857142,5.796875,Urgent
2023-04-01,Store002,SKU001,56,11.428571428571429,4.8999999999999995,Urgent
2023-04-01,Store002,SKU002,60,11.571428571428571,5.185185185185185,Urgent
2023-04-01,Store002,SKU003,29,8.285714285714286,3.4999999999999996,Urgent
2023-04-01,Store003,SKU001,30,10.857142857142858,2.763157894736842,Critical
2023-04-01,Store003,SKU002,60,9.428571428571429,6.363636363636363,Urgent
2023-04-01,Store003,SKU003,81,7.857142857142857,10.30909090909091,Normal
2023-04-02,Store001,SKU001,91,13.0,7.0,Urgent
2023-04-02,Store001,SKU002,34,9.428571428571429,3.606060606060606,Urgent
2023-04-02,Store001,SKU003,96,9.857142857142858,9.739130434782608,Normal
2023-04-02,Store002,SKU001,10,11.714285714285714,0.853658536585366,Critical
2023-04-02,Store002,SKU002,21,11.857142857142858,1.7710843373493974,Critical
2023-04-02,Store002,SKU003,45,7.857142857142857,5.7272727272727275,Urgent
2023-04-02,Store003,SKU001,56,11.285714285714286,4.962025316455696,Urgent
2023-04-02,Store003,SKU002,49,8.428571428571429,5.813559322033898,Urgent
2023-04-02,Store003,SKU003,88,8.571428571428571,10.266666666666667,Normal
2023-04-03,Store001,SKU001,56,11.0,5.090909090909091,Urgent
2023-04-03,Store001,SKU002,16,9.285714285714286,1.723076923076923,Critical
2023-04-03,Store001,SKU003,19,10.285714285714286,1.847222222222222,Critical
2023-04-03,Store002,SKU001,19,10.428571428571429,1.821917808219178,Critical
2023-04-03,Store002,SKU002,93,11.285714285714286,8.240506329113924,Normal
2023-04-03,Store002,SKU003,71,6.428571428571429,11.044444444444444,Normal
2023-04-03,Store003,SKU001,88,13.0,6.769230769230769,Urgent
2023-04-03,Store003,SKU002,40,8.714285714285714,4.59016393442623,Urgent
2023-04-03,Store003,SKU003,48,9.0,5.333333333333333,Urgent
2023-04-04,Store001,SKU001,45,12.142857142857142,3.7058823529411766,Urgent
2023-04-04,Store001,SKU002,23,8.857142857142858,2.596774193548387,Critical
2023-04-04,Store001,SKU003,89,10.714285714285714,8.306666666666667,Normal
2023-04-04,Store002,SKU001,81,9.857142857142858,8.217391304347826,Normal
2023-04-04,Store002,SKU002,87,11.428571428571429,7.6125,Normal
2023-04-04,Store002,SKU003,44,6.714285714285714,6.553191489361702,Urgent
2023-04-04,Store003,SKU001,59,14.142857142857142,4.171717171717172,Urgent
2023-04-04,Store003,SKU002,81,9.571428571428571,8.462686567164178,Normal
2023-04-04,Store003,SKU003,65,8.285714285714286,7.844827586206896,Normal
2023-04-05,Store001,SKU001,38,12.428571428571429,3.057471264367816,Urgent
2023-04-05,Store001,SKU002,28,8.571428571428571,3.2666666666666666,Urgent
2023-04-05,Store001,SKU003,52,9.714285714285714,5.352941176470589,Urgent
2023-04-05,Store002,SKU001,16,9.857142857142858,1.6231884057971013,Critical
2023-04-05,Store002,SKU002,59,11.714285714285714,5.036585365853659,Urgent
2023-04-05,Store002,SKU003,84,6.857142857142857,12.25,Normal
2023-04-05,Store003,SKU001,98,14.0,7.0,Urgent
2023-04-05,Store003,SKU002,57,8.428571428571429,6.762711864406779,Urgent
2023-04-05,Store003,SKU003,46,8.571428571428571,5.366666666666667,Urgent
2023-04-06,Store001,SKU001,20,11.0,1.8181818181818181,Critical
2023-04-06,Store001,SKU002,89,9.0,9.88888888888889,Normal
2023-04-06,Store001,SKU003,27,9.428571428571429,2.8636363636363638,Critical
2023-04-06,Store002,SKU001,86,10.142857142857142,8.47887323943662,Normal
2023-04-06,Store002,SKU002,68,12.285714285714286,5.534883720930233,Urgent
2023-04-06,Store002,SKU003,43,6.857142857142857,6.270833333333334,Urgent
2023-04-06,Store003,SKU001,71,12.428571428571429,5.712643678160919,Urgent
2023-04-06,Store003,SKU002,77,9.285714285714286,8.292307692307691,Normal
2023-04-06,Store003,SKU003,98,8.714285714285714,11.245901639344263,Normal
2023-04-07,Store001,SKU001,11,12.142857142857142,0.9058823529411765,Critical
2023-04-07,Store001,SKU002,48,8.857142857142858,5.419354838709677,Urgent
2023-04-07,Store001,SKU003,90,9.714285714285714,9.264705882352942,Normal
2023-04-07,Store002,SKU001,86,10.0,8.6,Normal
2023-04-07,Store002,SKU002,28,13.285714285714286,2.10752688172043,Critical
2023-04-07,Store002,SKU003,95,7.0,13.571428571428571,Normal
2023-04-07,Store003,SKU001,36,13.714285714285714,2.625,Critical
2023-04-07,Store003,SKU002,28,10.571428571428571,2.6486486486486487,Critical
2023-04-07,Store003,SKU003,84,8.428571428571429,9.966101694915254,Normal
2023-04-08,Store001,SKU001,46,12.428571428571429,3.7011494252873565,Urgent
2023-04-08,Store001,SKU002,46,9.428571428571429,4.878787878787879,Urgent
2023-04-08,Store001,SKU003,71,9.285714285714286,7.646153846153846,Normal
2023-04-08,Store002,SKU001,69,11.714285714285714,5.890243902439025,Urgent
2023-04-08,Store002,SKU002,77,15.0,5.133333333333334,Urgent
2023-04-08,Store002,SKU003,31,7.428571428571429,4.173076923076923,Urgent
2023-04-08,Store003,SKU001,71,12.571428571428571,5.6477272727272725,Urgent
2023-04-08,Store003,SKU002,60,10.0,6.0,Urgent
2023-04-08,Store003,SKU003,48,7.714285714285714,6.222222222222222,Urgent
2023-04-09,Store001,SKU001,64,13.285714285714286,4.817204301075269,Urgent
2023-04-09,Store001,SKU002,16,8.714285714285714,1.836065573770492,Critical
2023-04-09,Store001,SKU003,56,8.0,7.0,Urgent
2023-04-09,Store002,SKU001,17,11.428571428571429,1.4875,Critical
2023-04-09,Store002,SKU002,94,13.0,7.230769230769231,Normal
2023-04-09,Store002,SKU003,89,8.428571428571429,10.559322033898304,Normal
2023-04-09,Store003,SKU001,23,12.428571428571429,1.8505747126436782,Critical
2023-04-09,Store003,SKU002,98,10.0,9.8,Normal
2023-04-09,Store003,SKU003,85,8.714285714285714,9.754098360655739,Normal
2023-04-10,Store001,SKU001,63,14.142857142857142,4.454545454545455,Urgent
2023-04-10,Store001,SKU002,21,8.857142857142858,2.3709677419354835,Critical
2023-04-10,Store001,SKU003,22,8.285714285714286,2.655172413793103,Critical
2023-04-10,Store002,SKU001,14,12.142857142857142,1.1529411764705884,Critical
2023-04-10,Store002,SKU002,15,11.428571428571429,1.3125,Critical
2023-04-10,Store002,SKU003,50,8.857142857142858,5.64516129032258,Urgent
2023-04-10,Store003,SKU001,43,13.0,3.3076923076923075,Urgent
2023-04-10,Store003,SKU002,26,10.571428571428571,2.4594594594594597,Critical
2023-04-10,Store003,SKU003,41,9.285714285714286,4.415384615384615,Urgent
2023-04-11,Store001,SKU001,50,13.0,3.8461538461538463,Urgent
2023-04-11,Store001,SKU002,31,9.285714285714286,3.338461538461538,Urgent
2023-04-11,Store001,SKU003,88,8.0,11.0,Normal
2023-04-11,Store002,SKU001,51,12.857142857142858,3.9666666666666663,Urgent
2023-04-11,Store002,SKU002,13,11.714285714285714,1.1097560975609757,Critical
2023-04-11,Store002,SKU003,38,9.714285714285714,3.9117647058823533,Urgent
2023-04-11,Store003,SKU001,79,12.428571428571429,6.35632183908046,Urgent
2023-04-11,Store003,SKU002,14,9.285714285714286,1.5076923076923077,Critical
2023-04-11,Store003,SKU003,52,9.714285714285714,5.352941176470589,Urgent
2023-04-12,Store001,SKU001,12,12.285714285714286,0.9767441860465116,Critical
2023-04-12,Store001,SKU002,66,10.571428571428571,6.243243243243243,Urgent
2023-04-12,Store001,SKU003,70,9.142857142857142,7.65625,Normal
2023-04-12,Store002,SKU001,49,11.857142857142858,4.132530120481928,Urgent
2023-04-12,Store002,SKU002,95,11.428571428571429,8.3125,Normal
2023-04-12,Store002,SKU003,20,9.714285714285714,2.058823529411765,Critical
2023-04-12,Store003,SKU001,56,14.285714285714286,3.92,Urgent
2023-04-12,Store003,SKU002,88,10.285714285714286,8.555555555555555,Normal
2023-04-12,Store003,SKU003,12,10.714285714285714,1.12,Critical
2023-04-13,Store001,SKU001,78,13.571428571428571,5.747368421052632,Urgent
2023-04-13,Store001,SKU002,61,9.714285714285714,6.279411764705883,Urgent
2023-04-13,Store001,SKU003,95,9.285714285714286,10.23076923076923,Normal
2023-04-13,Store002,SKU001,36,12.142857142857142,2.9647058823529413,Critical
2023-04-13,Store002,SKU002,31,12.142857142857142,2.5529411764705885,Critical
2023-04-13,Store002,SKU003,85,11.142857142857142,7.628205128205129,Normal
2023-04-13,Store003,SKU001,35,14.428571428571429,2.4257425742574257,Critical
2023-04-13,Store003,SKU002,45,9.571428571428571,4.701492537313433,Urgent
2023-04-13,Store003,SKU003,16,9.857142857142858,1.6231884057971013,Critical
2023-04-14,Store001,SKU001,20,12.857142857142858,1.5555555555555556,Critical
2023-04-14,Store001,SKU002,99,8.714285714285714,11.360655737704919,Normal
2023-04-14,Store001,SKU003,14,9.142857142857142,1.53125,Critical
2023-04-14,Store002,SKU001,62,12.714285714285714,4.876404494382022,Urgent
2023-04-14,Store002,SKU002,72,11.571428571428571,6.222222222222222,Urgent
2023-04-14,Store002,SKU003,86,10.857142857142858,7.921052631578947,Normal
2023-04-14,Store003,SKU001,54,15.0,3.6,Urgent
2023-04-14,Store003,SKU002,92,10.285714285714286,8.944444444444445,Normal
2023-04-14,Store003,SKU003,63,9.428571428571429,6.681818181818182,Urgent
2023-04-15,Store001,SKU001,23,12.0,1.9166666666666667,Critical
2023-04-15,Store001,SKU002,31,8.142857142857142,3.8070175438596494,Urgent
2023-04-15,Store001,SKU003,14,9.571428571428571,1.462686567164179,Critical
2023-04-15,Store002,SKU001,11,11.0,1.0,Critical
2023-04-15,Store002,SKU002,37,10.285714285714286,3.597222222222222,Urgent
2023-04-15,Store002,SKU003,12,10.571428571428571,1.135135135135135,Critical
2023-04-15,Store003,SKU001,50,15.428571428571429,3.2407407407407405,Urgent
2023-04-15,Store003,SKU002,49,9.714285714285714,5.044117647058824,Urgent
2023-04-15,Store003,SKU003,91,8.571428571428571,10.616666666666667,Normal
2023-04-16,Store001,SKU001,91,10.285714285714286,8.847222222222221,Normal
2023-04-16,Store001,SKU002,62,7.428571428571429,8.346153846153847,Normal
2023-04-16,Store001,SKU003,45,10.428571428571429,4.315068493150685,Urgent
2023-04-16,Store002,SKU001,84,11.142857142857142,7.538461538461539,Normal
2023-04-16,Store002,SKU002,86,11.0,7.818181818181818,Normal
2023-04-16,Store002,SKU003,10,9.857142857142858,1.0144927536231882,Critical
2023-04-16,Store003,SKU001,17,17.0,1.0,Critical
2023-04-16,Store003,SKU002,55,12.142857142857142,4.529411764705882,Urgent
2023-04-16,Store003,SKU003,10,7.857142857142857,1.2727272727272727,Critical
2023-04-17,Store001,SKU001,94,11.0,8.545454545454545,Normal
2023-04-17,Store001,SKU002,61,7.571428571428571,8.056603773584905,Normal
2023-04-17,Store001,SKU003,65,9.714285714285714,6.6911764705882355,Urgent
2023-04-17,Store002,SKU001,57,11.714285714285714,4.865853658536586,Urgent
2023-04-17,Store002,SKU002,24,11.285714285714286,2.1265822784810124,Critical
2023-04-17,Store002,SKU003,24,10.0,2.4,Critical
2023-04-17,Store003,SKU001,42,15.714285714285714,2.672727272727273,Critical
2023-04-17,Store003,SKU002,69,11.857142857142858,5.8192771084337345,Urgent
2023-04-17,Store003,SKU003,11,6.571428571428571,1.673913043478261,Critical
2023-04-18,Store001,SKU001,46,12.714285714285714,3.617977528089888,Urgent
2023-04-18,Store001,SKU002,59,9.142857142857142,6.453125,Urgent
2023-04-18,Store001,SKU003,63,9.285714285714286,6.7846153846153845,Urgent
2023-04-18,Store002,SKU001,64,11.428571428571429,5.6,Urgent
2023-04-18,Store002,SKU002,82,11.857142857142858,6.9156626506024095,Urgent
2023-04-18,Store002,SKU003,47,9.142857142857142,5.140625,Urgent
2023-04-18,Store003,SKU001,76,13.857142857142858,5.484536082474227,Urgent
2023-04-18,Store003,SKU002,26,12.285714285714286,2.1162790697674416,Critical
2023-04-18,Store003,SKU003,84,5.857142857142857,14.341463414634147,Safe
2023-04-19,Store001,SKU001,68,12.857142857142858,5.288888888888889,Urgent
2023-04-19,Store001,SKU002,15,10.0,1.5,Critical
2023-04-19,Store001,SKU003,30,8.857142857142858,3.387096774193548,Urgent
2023-04-19,Store002,SKU001,52,12.857142857142858,4.044444444444444,Urgent
2023-04-19,Store002,SKU002,24,11.142857142857142,2.1538461538461537,Critical
2023-04-19,Store002,SKU003,68,8.714285714285714,7.803278688524591,Normal
2023-04-19,Store003,SKU001,48,10.428571428571429,4.602739726027397,Urgent
2023-04-19,Store003,SKU002,22,12.428571428571429,1.7701149425287357,Critical
2023-04-19,Store003,SKU003,33,5.142857142857143,6.416666666666666,Urgent
2023-04-20,Store001,SKU001,62,13.142857142857142,4.717391304347826,Urgent
2023-04-20,Store001,SKU002,53,11.0,4.818181818181818,Urgent
2023-04-20,Store001,SKU003,34,8.0,4.25,Urgent
2023-04-20,Store002,SKU001,70,11.285714285714286,6.20253164556962,Urgent
2023-04-20,Store002,SKU002,54,10.0,5.4,Urgent
2023-04-20,Store002,SKU003,73,6.857142857142857,10.645833333333334,Normal
2023-04-20,Store003,SKU001,82,10.428571428571429,7.863013698630136,Normal
2023-04-20,Store003,SKU002,77,11.285714285714286,6.822784810126582,Urgent
2023-04-20,Store003,SKU003,47,7.428571428571429,6.326923076923077,Urgent
2023-04-21,Store001,SKU001,74,12.428571428571429,5.954022988505747,Urgent
2023-04-21,Store001,SKU002,32,11.857142857142858,2.6987951807228914,Critical
2023-04-21,Store001,SKU003,69,8.285714285714286,8.327586206896552,Normal
2023-04-21,Store002,SKU001,97,12.714285714285714,7.629213483146068,Normal
2023-04-21,Store002,SKU002,60,11.428571428571429,5.25,Urgent
2023-04-21,Store002,SKU003,24,7.285714285714286,3.2941176470588234,Urgent
2023-04-21,Store003,SKU001,99,9.714285714285714,10.191176470588236,Normal
2023-04-21,Store003,SKU002,28,11.428571428571429,2.4499999999999997,Critical
2023-04-21,Store003,SKU003,16,8.285714285714286,1.9310344827586206,Critical
2023-04-22,Store001,SKU001,60,13.0,4.615384615384615,Urgent
2023-04-22,Store001,SKU002,99,13.285714285714286,7.451612903225806,Normal
2023-04-22,Store001,SKU003,59,7.0,8.428571428571429,Normal
2023-04-22,Store002,SKU001,74,12.428571428571429,5.954022988505747,Urgent
2023-04-22,Store002,SKU002,12,11.285714285714286,1.0632911392405062,Critical
2023-04-22,Store002,SKU003,85,7.571428571428571,11.226415094339623,Normal
2023-04-22,Store003,SKU001,18,11.428571428571429,1.575,Critical
2023-04-22,Store003,SKU002,49,11.571428571428571,4.234567901234568,Urgent
2023-04-22,Store003,SKU003,54,9.142857142857142,5.90625,Urgent
2023-04-23,Store001,SKU001,22,15.142857142857142,1.4528301886792454,Critical
2023-04-23,Store001,SKU002,53,15.142857142857142,3.5,Urgent
2023-04-23,Store001,SKU003,58,7.285714285714286,7.96078431372549,Normal
2023-04-23,Store002,SKU001,47,12.714285714285714,3.6966292134831464,Urgent
2023-04-23,Store002,SKU002,26,11.571428571428571,2.246913580246914,Critical
2023-04-23,Store002,SKU003,88,6.428571428571429,13.688888888888888,Normal
2023-04-23,Store003,SKU001,49,9.571428571428571,5.119402985074627,Urgent
2023-04-23,Store003,SKU002,50,11.0,4.545454545454546,Urgent
2023-04-23,Store003,SKU003,21,8.571428571428571,2.45,Critical
2023-04-24,Store001,SKU001,53,13.714285714285714,3.8645833333333335,Urgent
2023-04-24,Store001,SKU002,96,15.0,6.4,Urgent
2023-04-24,Store001,SKU003,98,8.571428571428571,11.433333333333334,Normal
2023-04-24,Store002,SKU001,51,12.0,4.25,Urgent
2023-04-24,Store002,SKU002,45,11.857142857142858,3.795180722891566,Urgent
2023-04-24,Store002,SKU003,11,6.0,1.8333333333333333,Critical
2023-04-24,Store003,SKU001,47,9.428571428571429,4.984848484848484,Urgent
2023-04-24,Store003,SKU002,78,11.142857142857142,7.0,Urgent
2023-04-24,Store003,SKU003,89,8.285714285714286,10.741379310344827,Normal
2023-04-25,Store001,SKU001,30,13.0,2.3076923076923075,Critical
2023-04-25,Store001,SKU002,31,13.142857142857142,2.358695652173913,Critical
2023-04-25,Store001,SKU003,26,10.285714285714286,2.5277777777777777,Critical
2023-04-25,Store002,SKU001,55,12.428571428571429,4.425287356321839,Urgent
2023-04-25,Store002,SKU002,52,11.285714285714286,4.6075949367088604,Urgent
2023-04-25,Store002,SKU003,60,7.142857142857143,8.4,Normal
2023-04-25,Store003,SKU001,13,9.857142857142858,1.3188405797101448,Critical
2023-04-25,Store003,SKU002,73,12.428571428571429,5.873563218390805,Urgent
2023-04-25,Store003,SKU003,44,8.714285714285714,5.049180327868853,Urgent
2023-04-26,Store001,SKU001,42,13.285714285714286,3.161290322580645,Urgent
2023-04-26,Store001,SKU002,44,13.285714285714286,3.311827956989247,Urgent
2023-04-26,Store001,SKU003,19,10.571428571428571,1.7972972972972974,Critical
2023-04-26,Store002,SKU001,51,11.428571428571429,4.4624999999999995,Urgent
2023-04-26,Store002,SKU002,26,10.857142857142858,2.394736842105263,Critical
2023-04-26,Store002,SKU003,30,8.571428571428571,3.5,Urgent
2023-04-26,Store003,SKU001,41,10.571428571428571,3.8783783783783785,Urgent
2023-04-26,Store003,SKU002,97,12.285714285714286,7.895348837209302,Normal
2023-04-26,Store003,SKU003,37,7.285714285714286,5.078431372549019,Urgent
2023-04-27,Store001,SKU001,92,12.571428571428571,7.318181818181818,Normal
2023-04-27,Store001,SKU002,24,13.0,1.8461538461538463,Critical
2023-04-27,Store001,SKU003,47,10.285714285714286,4.569444444444444,Urgent
2023-04-27,Store002,SKU001,82,13.428571428571429,6.1063829787234045,Urgent
2023-04-27,Store002,SKU002,59,11.142857142857142,5.294871794871795,Urgent
2023-04-27,Store002,SKU003,30,8.714285714285714,3.4426229508196724,Urgent
2023-04-27,Store003,SKU001,85,11.142857142857142,7.628205128205129,Normal
2023-04-27,Store003,SKU002,29,12.571428571428571,2.3068181818181817,Critical
2023-04-27,Store003,SKU003,17,5.857142857142857,2.9024390243902443,Critical
2023-04-28,Store001,SKU001,59,13.571428571428571,4.347368421052631,Urgent
2023-04-28,Store001,SKU002,30,13.142857142857142,2.282608695652174,Critical
2023-04-28,Store001,SKU003,20,9.142857142857142,2.1875,Critical
2023-04-28,Store002,SKU001,10,13.571428571428571,0.7368421052631579,Critical
2023-04-28,Store002,SKU002,97,10.571428571428571,9.175675675675675,Normal
2023-04-28,Store002,SKU003,64,8.571428571428571,7.466666666666667,Normal
2023-04-28,Store003,SKU001,99,10.857142857142858,9.118421052631579,Normal
2023-04-28,Store003,SKU002,91,10.285714285714286,8.847222222222221,Normal
2023-04-28,Store003,SKU003,10,5.0,2.0,Critical
2023-04-29,Store001,SKU001,86,15.142857142857142,5.679245283018868,Urgent
2023-04-29,Store001,SKU002,40,11.428571428571429,3.5,Urgent
2023-04-29,Store001,SKU003,52,8.857142857142858,5.870967741935483,Urgent
2023-04-29,Store002,SKU001,55,15.571428571428571,3.532110091743119,Urgent
2023-04-29,Store002,SKU002,52,10.285714285714286,5.055555555555555,Urgent
2023-04-29,Store002,SKU003,20,10.714285714285714,1.8666666666666667,Critical
2023-04-29,Store003,SKU001,90,8.571428571428571,10.5,Normal
2023-04-29,Store003,SKU002,48,11.285714285714286,4.253164556962025,Urgent
2023-04-29,Store003,SKU003,76,4.857142857142857,15.647058823529413,Safe
2023-04-30,Store001,SKU001,74,13.142857142857142,5.630434782608696,Urgent
2023-04-30,Store001,SKU002,32,10.428571428571429,3.0684931506849313,Urgent
2023-04-30,Store001,SKU003,25,9.428571428571429,2.6515151515151514,Critical
2023-04-30,Store002,SKU001,63,15.714285714285714,4.00909090909091,Urgent
2023-04-30,Store002,SKU002,34,12.428571428571429,2.735632183908046,Critical
2023-04-30,Store002,SKU003,71,12.142857142857142,5.847058823529412,Urgent
2023-04-30,Store003,SKU001,72,8.714285714285714,8.262295081967213,Normal
2023-04-30,Store003,SKU002,61,9.285714285714286,6.569230769230769,Urgent
2023-04-30,Store003,SKU003,22,5.285714285714286,4.162162162162162,Urgent
2023-05-01,Store001,SKU001,63,13.428571428571429,4.691489361702128,Urgent
2023-05-01,Store001,SKU002,32,10.142857142857142,3.154929577464789,Urgent
2023-05-01,Store001,SKU003,75,9.0,8.333333333333334,Normal
2023-05-01,Store002,SKU001,56,15.285714285714286,3.663551401869159,Urgent
2023-05-01,Store002,SKU002,33,12.0,2.75,Critical
2023-05-01,Store002,SKU003,95,12.142857142857142,7.8235294117647065,Normal
2023-05-01,Store003,SKU001,41,9.285714285714286,4.415384615384615,Urgent
2023-05-01,Store003,SKU002,97,10.285714285714286,9.430555555555555,Normal
2023-05-01,Store003,SKU003,17,6.428571428571429,2.6444444444444444,Critical
2023-05-02,Store001,SKU001,10,13.428571428571429,0.7446808510638298,Critical
2023-05-02,Store001,SKU002,68,11.714285714285714,5.8048780487804885,Urgent
2023-05-02,Store001,SKU003,69,7.285714285714286,9.470588235294118,Normal
2023-05-02,Store002,SKU001,34,15.428571428571429,2.2037037037037037,Critical
2023-05-02,Store002,SKU002,89,10.571428571428571,8.41891891891892,Normal
2023-05-02,Store002,SKU003,94,10.571428571428571,8.891891891891891,Normal
2023-05-02,Store003,SKU001,91,11.142857142857142,8.166666666666668,Normal
2023-05-02,Store003,SKU002,78,9.857142857142858,7.913043478260869,Normal
2023-05-02,Store003,SKU003,68,6.285714285714286,10.818181818181818,Normal
2023-05-03,Store001,SKU001,38,13.285714285714286,2.8602150537634405,Critical
2023-05-03,Store001,SKU002,71,9.857142857142858,7.202898550724638,Normal
2023-05-03,Store001,SKU003,68,6.428571428571429,10.577777777777778,Normal
2023-05-03,Store002,SKU001,25,15.0,1.6666666666666667,Critical
2023-05-03,Store002,SKU002,32,11.285714285714286,2.8354430379746836,Critical
2023-05-03,Store002,SKU003,95,9.857142857142858,9.63768115942029,Normal
2023-05-03,Store003,SKU001,75,11.428571428571429,6.5625,Urgent
2023-05-03,Store003,SKU002,74,10.142857142857142,7.295774647887324,Normal
2023-05-03,Store003,SKU003,61,7.571428571428571,8.056603773584905,Normal
2023-05-04,Store001,SKU001,37,12.857142857142858,2.8777777777777778,Critical
2023-05-04,Store001,SKU002,58,9.428571428571429,6.151515151515151,Urgent
2023-05-04,Store001,SKU003,71,6.857142857142857,10.354166666666668,Normal
2023-05-04,Store002,SKU001,29,12.571428571428571,2.3068181818181817,Critical
2023-05-04,Store002,SKU002,86,11.0,7.818181818181818,Normal
2023-05-04,Store002,SKU003,10,8.857142857142858,1.129032258064516,Critical
2023-05-04,Store003,SKU001,67,10.571428571428571,6.337837837837838,Urgent
2023-05-04,Store003,SKU002,31,11.142857142857142,2.7820512820512824,Critical
2023-05-04,Store003,SKU003,75,7.142857142857143,10.5,Normal
2023-05-05,Store001,SKU001,50,12.428571428571429,4.022988505747127,Urgent
2023-05-05,Store001,SKU002,67,9.285714285714286,7.215384615384615,Normal
2023-05-05,Store001,SKU003,97,6.857142857142857,14.145833333333334,Safe
2023-05-05,Store002,SKU001,72,10.571428571428571,6.810810810810811,Urgent
2023-05-05,Store002,SKU002,99,11.714285714285714,8.451219512195122,Normal
2023-05-05,Store002,SKU003,42,8.714285714285714,4.8196721311475414,Urgent
2023-05-05,Store003,SKU001,30,12.142857142857142,2.4705882352941178,Critical
2023-05-05,Store003,SKU002,66,10.714285714285714,6.16,Urgent
2023-05-05,Store003,SKU003,43,7.285714285714286,5.901960784313726,Urgent
2023-05-06,Store001,SKU001,25,10.142857142857142,2.4647887323943665,Critical
2023-05-06,Store001,SKU002,45,11.428571428571429,3.9375,Urgent
2023-05-06,Store001,SKU003,78,8.285714285714286,9.413793103448276,Normal
2023-05-06,Store002,SKU001,25,10.0,2.5,Critical
2023-05-06,Store002,SKU002,35,11.142857142857142,3.141025641025641,Urgent
2023-05-06,Store002,SKU003,64,6.714285714285714,9.53191489361702,Normal
2023-05-06,Store003,SKU001,86,13.857142857142858,6.206185567010309,Urgent
2023-05-06,Store003,SKU002,21,10.428571428571429,2.0136986301369864,Critical
2023-05-06,Store003,SKU003,80,9.428571428571429,8.484848484848484,Normal
2023-05-07,Store001,SKU001,34,11.285714285714286,3.012658227848101,Urgent
2023-05-07,Store001,SKU002,34,11.428571428571429,2.975,Critical
2023-05-07,Store001,SKU003,71,7.142857142857143,9.94,Normal
2023-05-07,Store002,SKU001,26,11.142857142857142,2.3333333333333335,Critical
2023-05-07,Store002,SKU002,53,9.285714285714286,5.707692307692307,Urgent
2023-05-07,Store002,SKU003,64,6.142857142857143,10.41860465116279,Normal
2023-05-07,Store003,SKU001,54,14.428571428571429,3.7425742574257423,Urgent
2023-05-07,Store003,SKU002,78,12.142857142857142,6.423529411764706,Urgent
2023-05-07,Store003,SKU003,68,10.857142857142858,6.263157894736842,Urgent
2023-05-08,Store001,SKU001,87,10.857142857142858,8.013157894736842,Normal
2023-05-08,Store001,SKU002,43,11.285714285714286,3.810126582278481,Urgent
2023-05-08,Store001,SKU003,77,6.285714285714286,12.25,Normal
2023-05-08,Store002,SKU001,67,12.428571428571429,5.390804597701149,Urgent
2023-05-08,Store002,SKU002,32,9.142857142857142,3.5,Urgent
2023-05-08,Store002,SKU003,24,6.0,4.0,Urgent
2023-05-08,Store003,SKU001,34,14.428571428571429,2.3564356435643563,Critical
2023-05-08,Store003,SKU002,13,11.142857142857142,1.1666666666666667,Critical
2023-05-08,Store003,SKU003,72,11.142857142857142,6.461538461538462,Urgent
2023-05-09,Store001,SKU001,67,10.714285714285714,6.253333333333334,Urgent
2023-05-09,Store001,SKU002,40,10.142857142857142,3.943661971830986,Urgent
2023-05-09,Store001,SKU003,48,6.714285714285714,7.148936170212766,Normal
2023-05-09,Store002,SKU001,14,12.428571428571429,1.1264367816091954,Critical
2023-05-09,Store002,SKU002,93,11.285714285714286,8.240506329113924,Normal
2023-05-09,Store002,SKU003,93,6.714285714285714,13.851063829787234,Normal
2023-05-09,Store003,SKU001,22,13.428571428571429,1.6382978723404256,Critical
2023-05-09,Store003,SKU002,40,11.571428571428571,3.4567901234567904,Urgent
2023-05-09,Store003,SKU003,24,10.714285714285714,2.24,Critical
2023-05-10,Store001,SKU001,65,10.857142857142858,5.9868421052631575,Urgent
2023-05-10,Store001,SKU002,30,9.714285714285714,3.088235294117647,Urgent
2023-05-10,Store001,SKU003,62,7.142857142857143,8.68,Normal
2023-05-10,Store002,SKU001,74,13.714285714285714,5.395833333333334,Urgent
2023-05-10,Store002,SKU002,51,12.0,4.25,Urgent
2023-05-10,Store002,SKU003,59,6.571428571428571,8.978260869565217,Normal
2023-05-10,Store003,SKU001,19,13.571428571428571,1.4000000000000001,Critical
2023-05-10,Store003,SKU002,97,11.428571428571429,8.487499999999999,Normal
2023-05-10,Store003,SKU003,24,12.142857142857142,1.9764705882352942,Critical
2023-05-11,Store001,SKU001,72,11.285714285714286,6.379746835443037,Urgent
2023-05-11,Store001,SKU002,95,10.142857142857142,9.366197183098592,Normal
2023-05-11,Store001,SKU003,66,6.428571428571429,10.266666666666666,Normal
2023-05-11,Store002,SKU001,61,14.285714285714286,4.27,Urgent
2023-05-11,Store002,SKU002,18,12.0,1.5,Critical
2023-05-11,Store002,SKU003,28,7.714285714285714,3.6296296296296298,Urgent
2023-05-11,Store003,SKU001,49,14.0,3.5,Urgent
2023-05-11,Store003,SKU002,86,10.285714285714286,8.36111111111111,Normal
2023-05-11,Store003,SKU003,29,12.285714285714286,2.3604651162790695,Critical
2023-05-12,Store001,SKU001,58,11.142857142857142,5.205128205128205,Urgent
2023-05-12,Store001,SKU002,67,9.857142857142858,6.797101449275362,Urgent
2023-05-12,Store001,SKU003,54,6.714285714285714,8.042553191489361,Normal
2023-05-12,Store002,SKU001,85,14.571428571428571,5.833333333333333,Urgent
2023-05-12,Store002,SKU002,21,10.714285714285714,1.9600000000000002,Critical
2023-05-12,Store002,SKU003,91,7.428571428571429,12.25,Normal
2023-05-12,Store003,SKU001,21,12.857142857142858,1.6333333333333333,Critical
2023-05-12,Store003,SKU002,58,11.714285714285714,4.951219512195122,Urgent
2023-05-12,Store003,SKU003,18,12.571428571428571,1.4318181818181819,Critical
2023-05-13,Store001,SKU001,96,11.714285714285714,8.195121951219512,Normal
2023-05-13,Store001,SKU002,68,8.714285714285714,7.803278688524591,Normal
2023-05-13,Store001,SKU003,96,6.285714285714286,15.272727272727273,Safe
2023-05-13,Store002,SKU001,10,14.0,0.7142857142857143,Critical
2023-05-13,Store002,SKU002,32,10.857142857142858,2.9473684210526314,Critical
2023-05-13,Store002,SKU003,51,7.714285714285714,6.611111111111111,Urgent
2023-05-13,Store003,SKU001,58,11.714285714285714,4.951219512195122,Urgent
2023-05-13,Store003,SKU002,38,12.142857142857142,3.1294117647058823,Urgent
2023-05-13,Store003,SKU003,98,11.428571428571429,8.575,Normal
2023-05-14,Store001,SKU001,11,10.714285714285714,1.0266666666666668,Critical
2023-05-14,Store001,SKU002,49,8.428571428571429,5.813559322033898,Urgent
2023-05-14,Store001,SKU003,87,7.285714285714286,11.941176470588236,Normal
2023-05-14,Store002,SKU001,51,12.0,4.25,Urgent
2023-05-14,Store002,SKU002,17,11.285714285714286,1.5063291139240504,Critical
2023-05-14,Store002,SKU003,38,7.142857142857143,5.319999999999999,Urgent
2023-05-14,Store003,SKU001,66,11.142857142857142,5.923076923076923,Urgent
2023-05-14,Store003,SKU002,60,10.857142857142858,5.526315789473684,Urgent
2023-05-14,Store003,SKU003,51,10.285714285714286,4.958333333333333,Urgent
2023-05-15,Store001,SKU001,82,11.428571428571429,7.175,Normal
2023-05-15,Store001,SKU002,66,7.857142857142857,8.4,Normal
2023-05-15,Store001,SKU003,34,7.714285714285714,4.407407407407407,Urgent
2023-05-15,Store002,SKU001,34,10.714285714285714,3.1733333333333333,Urgent
2023-05-15,Store002,SKU002,78,12.714285714285714,6.134831460674158,Urgent
2023-05-15,Store002,SKU003,87,7.714285714285714,11.277777777777777,Normal
2023-05-15,Store003,SKU001,49,10.571428571428571,4.635135135135135,Urgent
2023-05-15,Store003,SKU002,38,10.142857142857142,3.746478873239437,Urgent
2023-05-15,Store003,SKU003,23,10.285714285714286,2.236111111111111,Critical
2023-05-16,Store001,SKU001,56,11.428571428571429,4.8999999999999995,Urgent
2023-05-16,Store001,SKU002,58,8.285714285714286,6.999999999999999,Urgent
2023-05-16,Store001,SKU003,41,8.142857142857142,5.035087719298246,Urgent
2023-05-16,Store002,SKU001,21,10.142857142857142,2.0704225352112675,Critical
2023-05-16,Store002,SKU002,21,11.285714285714286,1.860759493670886,Critical
2023-05-16,Store002,SKU003,42,7.428571428571429,5.653846153846153,Urgent
2023-05-16,Store003,SKU001,94,11.285714285714286,8.329113924050633,Normal
2023-05-16,Store003,SKU002,25,10.428571428571429,2.3972602739726026,Critical
2023-05-16,Store003,SKU003,66,11.0,6.0,Urgent
2023-05-17,Store001,SKU001,91,11.857142857142858,7.674698795180722,Normal
2023-05-17,Store001,SKU002,58,10.857142857142858,5.342105263157895,Urgent
2023-05-17,Store001,SKU003,96,7.857142857142857,12.218181818181819,Normal
2023-05-17,Store002,SKU001,99,10.571428571428571,9.364864864864865,Normal
2023-05-17,Store002,SKU002,45,12.0,3.75,Urgent
2023-05-17,Store002,SKU003,49,7.428571428571429,6.596153846153846,Urgent
2023-05-17,Store003,SKU001,14,12.142857142857142,1.1529411764705884,Critical
2023-05-17,Store003,SKU002,28,10.0,2.8,Critical
2023-05-17,Store003,SKU003,55,8.714285714285714,6.311475409836066,Urgent
2023-05-18,Store001,SKU001,23,10.142857142857142,2.267605633802817,Critical
2023-05-18,Store001,SKU002,14,10.142857142857142,1.3802816901408452,Critical
2023-05-18,Store001,SKU003,82,8.0,10.25,Normal
2023-05-18,Store002,SKU001,32,11.142857142857142,2.871794871794872,Critical
2023-05-18,Store002,SKU002,76,12.285714285714286,6.186046511627906,Urgent
2023-05-18,Store002,SKU003,58,6.857142857142857,8.458333333333334,Normal
2023-05-18,Store003,SKU001,69,13.285714285714286,5.193548387096774,Urgent
2023-05-18,Store003,SKU002,58,9.714285714285714,5.970588235294118,Urgent
2023-05-18,Store003,SKU003,85,8.571428571428571,9.916666666666666,Normal
2023-05-19,Store001,SKU001,24,9.142857142857142,2.625,Critical
2023-05-19,Store001,SKU002,69,12.0,5.75,Urgent
2023-05-19,Store001,SKU003,26,8.142857142857142,3.192982456140351,Urgent
2023-05-19,Store002,SKU001,53,11.571428571428571,4.580246913580247,Urgent
2023-05-19,Store002,SKU002,75,13.0,5.769230769230769,Urgent
2023-05-19,Store002,SKU003,44,7.571428571428571,5.811320754716982,Urgent
2023-05-19,Store003,SKU001,79,12.714285714285714,6.213483146067416,Urgent
2023-05-19,Store003,SKU002,20,9.285714285714286,2.1538461538461537,Critical
2023-05-19,Store003,SKU003,49,8.714285714285714,5.622950819672131,Urgent
2023-05-20,Store001,SKU001,15,9.0,1.6666666666666667,Critical
2023-05-20,Store001,SKU002,55,10.857142857142858,5.065789473684211,Urgent
2023-05-20,Store001,SKU003,10,7.428571428571429,1.346153846153846,Critical
2023-05-20,Store002,SKU001,50,10.714285714285714,4.666666666666667,Urgent
2023-05-20,Store002,SKU002,33,12.428571428571429,2.655172413793103,Critical
2023-05-20,Store002,SKU003,74,6.571428571428571,11.260869565217392,Normal
2023-05-20,Store003,SKU001,57,12.571428571428571,4.534090909090909,Urgent
2023-05-20,Store003,SKU002,99,7.857142857142857,12.600000000000001,Normal
2023-05-20,Store003,SKU003,82,8.571428571428571,9.566666666666666,Normal
2023-05-21,Store001,SKU001,57,10.285714285714286,5.541666666666666,Urgent
2023-05-21,Store001,SKU002,53,12.142857142857142,4.364705882352942,Urgent
2023-05-21,Store001,SKU003,41,6.142857142857143,6.674418604651162,Urgent
2023-05-21,Store002,SKU001,58,12.142857142857142,4.776470588235294,Urgent
2023-05-21,Store002,SKU002,27,11.714285714285714,2.304878048780488,Critical
2023-05-21,Store002,SKU003,98,6.428571428571429,15.244444444444444,Safe
2023-05-21,Store003,SKU001,14,12.857142857142858,1.0888888888888888,Critical
2023-05-21,Store003,SKU002,97,8.285714285714286,11.706896551724137,Normal
2023-05-21,Store003,SKU003,68,7.428571428571429,9.153846153846153,Normal
2023-05-22,Store001,SKU001,81,11.142857142857142,7.269230769230769,Normal
2023-05-22,Store001,SKU002,13,14.0,0.9285714285714286,Critical
2023-05-22,Store001,SKU003,75,6.571428571428571,11.41304347826087,Normal
2023-05-22,Store002,SKU001,69,12.142857142857142,5.682352941176471,Urgent
2023-05-22,Store002,SKU002,45,10.0,4.5,Urgent
2023-05-22,Store002,SKU003,58,5.428571428571429,10.68421052631579,Normal
2023-05-22,Store003,SKU001,76,13.714285714285714,5.541666666666667,Urgent
2023-05-22,Store003,SKU002,30,8.142857142857142,3.68421052631579,Urgent
2023-05-22,Store003,SKU003,86,6.857142857142857,12.541666666666668,Normal
2023-05-23,Store001,SKU001,95,11.0,8.636363636363637,Normal
2023-05-23,Store001,SKU002,69,13.857142857142858,4.979381443298969,Urgent
2023-05-23,Store001,SKU003,82,7.0,11.714285714285714,Normal
2023-05-23,Store002,SKU001,87,12.428571428571429,7.0,Urgent
2023-05-23,Store002,SKU002,70,9.571428571428571,7.313432835820896,Normal
2023-05-23,Store002,SKU003,84,6.857142857142857,12.25,Normal
2023-05-23,Store003,SKU001,29,13.0,2.230769230769231,Critical
2023-05-23,Store003,SKU002,50,7.285714285714286,6.862745098039216,Urgent
2023-05-23,Store003,SKU003,70,6.571428571428571,10.652173913043478,Normal
2023-05-24,Store001,SKU001,11,11.714285714285714,0.9390243902439025,Critical
2023-05-24,Store001,SKU002,85,13.285714285714286,6.397849462365591,Urgent
2023-05-24,Store001,SKU003,67,7.285714285714286,9.196078431372548,Normal
2023-05-24,Store002,SKU001,37,11.428571428571429,3.2375,Urgent
2023-05-24,Store002,SKU002,96,8.571428571428571,11.200000000000001,Normal
2023-05-24,Store002,SKU003,57,7.0,8.142857142857142,Normal
2023-05-24,Store003,SKU001,23,11.428571428571429,2.0124999999999997,Critical
2023-05-24,Store003,SKU002,90,7.714285714285714,11.666666666666666,Normal
2023-05-24,Store003,SKU003,23,7.0,3.2857142857142856,Urgent
2023-05-25,Store001,SKU001,17,14.285714285714286,1.19,Critical
2023-05-25,Store001,SKU002,82,15.0,5.466666666666667,Urgent
2023-05-25,Store001,SKU003,69,7.571428571428571,9.11320754716981,Normal
2023-05-25,Store002,SKU001,75,11.0,6.818181818181818,Urgent
2023-05-25,Store002,SKU002,39,7.714285714285714,5.055555555555555,Urgent
2023-05-25,Store002,SKU003,93,7.285714285714286,12.764705882352942,Normal
2023-05-25,Store003,SKU001,67,10.142857142857142,6.605633802816902,Urgent
2023-05-25,Store003,SKU002,14,8.0,1.75,Critical
2023-05-25,Store003,SKU003,52,7.0,7.428571428571429,Normal
2023-05-26,Store001,SKU001,41,15.142857142857142,2.707547169811321,Critical
2023-05-26,Store001,SKU002,20,12.714285714285714,1.5730337078651686,Critical
2023-05-26,Store001,SKU003,38,8.571428571428571,4.433333333333334,Urgent
2023-05-26,Store002,SKU001,20,11.857142857142858,1.686746987951807,Critical
2023-05-26,Store002,SKU002,55,6.428571428571429,8.555555555555555,Normal
2023-05-26,Store002,SKU003,65,6.142857142857143,10.581395348837209,Normal
2023-05-26,Store003,SKU001,75,11.285714285714286,6.6455696202531644,Urgent
2023-05-26,Store003,SKU002,73,7.857142857142857,9.290909090909091,Normal
2023-05-26,Store003,SKU003,47,7.285714285714286,6.450980392156863,Urgent
2023-05-27,Store001,SKU001,66,15.285714285714286,4.317757009345794,Urgent
2023-05-27,Store001,SKU002,20,13.714285714285714,1.4583333333333335,Critical
2023-05-27,Store001,SKU003,69,8.571428571428571,8.05,Normal
2023-05-27,Store002,SKU001,99,11.714285714285714,8.451219512195122,Normal
2023-05-27,Store002,SKU002,35,6.857142857142857,5.104166666666667,Urgent
2023-05-27,Store002,SKU003,60,6.571428571428571,9.130434782608695,Normal
2023-05-27,Store003,SKU001,33,11.428571428571429,2.8874999999999997,Critical
2023-05-27,Store003,SKU002,16,9.714285714285714,1.647058823529412,Critical
2023-05-27,Store003,SKU003,79,5.857142857142857,13.487804878048781,Normal
2023-05-28,Store001,SKU001,73,15.142857142857142,4.820754716981132,Urgent
2023-05-28,Store001,SKU002,24,11.857142857142858,2.0240963855421685,Critical
2023-05-28,Store001,SKU003,32,8.714285714285714,3.672131147540984,Urgent
2023-05-28,Store002,SKU001,56,10.428571428571429,5.36986301369863,Urgent
2023-05-28,Store002,SKU002,70,7.285714285714286,9.607843137254902,Normal
2023-05-28,Store002,SKU003,32,7.0,4.571428571428571,Urgent
2023-05-28,Store003,SKU001,45,11.857142857142858,3.795180722891566,Urgent
2023-05-28,Store003,SKU002,94,9.857142857142858,9.53623188405797,Normal
2023-05-28,Store003,SKU003,14,7.428571428571429,1.8846153846153846,Critical
2023-05-29,Store001,SKU001,15,14.714285714285714,1.0194174757281553,Critical
2023-05-29,Store001,SKU002,14,11.0,1.2727272727272727,Critical
2023-05-29,Store001,SKU003,73,8.571428571428571,8.516666666666667,Normal
2023-05-29,Store002,SKU001,14,11.285714285714286,1.240506329113924,Critical
2023-05-29,Store002,SKU002,61,8.428571428571429,7.23728813559322,Normal
2023-05-29,Store002,SKU003,56,7.0,8.0,Normal
2023-05-29,Store003,SKU001,53,12.0,4.416666666666667,Urgent
2023-05-29,Store003,SKU002,51,9.714285714285714,5.25,Urgent
2023-05-29,Store003,SKU003,87,7.142857142857143,12.18,Normal
2023-05-30,Store001,SKU001,29,13.428571428571429,2.1595744680851063,Critical
2023-05-30,Store001,SKU002,96,11.0,8.727272727272727,Normal
2023-05-30,Store001,SKU003,87,7.571428571428571,11.49056603773585,Normal
2023-05-30,Store002,SKU001,39,10.285714285714286,3.7916666666666665,Urgent
2023-05-30,Store002,SKU002,74,8.857142857142858,8.354838709677418,Normal
2023-05-30,Store002,SKU003,15,6.142857142857143,2.441860465116279,Critical
2023-05-30,Store003,SKU001,27,11.285714285714286,2.392405063291139,Critical
2023-05-30,Store003,SKU002,28,9.857142857142858,2.8405797101449273,Critical
2023-05-30,Store003,SKU003,68,7.285714285714286,9.333333333333334,Normal
2023-05-31,Store001,SKU001,55,13.285714285714286,4.139784946236559,Urgent
2023-05-31,Store001,SKU002,45,10.571428571428571,4.256756756756757,Urgent
2023-05-31,Store001,SKU003,48,8.0,6.0,Urgent
2023-05-31,Store002,SKU001,40,10.0,4.0,Urgent
2023-05-31,Store002,SKU002,71,9.142857142857142,7.765625,Normal
2023-05-31,Store002,SKU003,22,6.142857142857143,3.581395348837209,Urgent
2023-05-31,Store003,SKU001,62,13.285714285714286,4.666666666666666,Urgent
2023-05-31,Store003,SKU002,15,10.142857142857142,1.4788732394366197,Critical
2023-05-31,Store003,SKU003,76,7.714285714285714,9.851851851851851,Normal
2023-06-01,Store001,SKU001,19,11.428571428571429,1.6624999999999999,Critical
2023-06-01,Store001,SKU002,65,9.714285714285714,6.6911764705882355,Urgent
2023-06-01,Store001,SKU003,51,7.857142857142857,6.490909090909091,Urgent
2023-06-01,Store002,SKU001,71,10.142857142857142,7.0,Urgent
2023-06-01,Store002,SKU002,74,9.285714285714286,7.9692307692307685,Normal
2023-06-01,Store002,SKU003,76,6.428571428571429,11.822222222222221,Normal
2023-06-01,Store003,SKU001,63,13.857142857142858,4.546391752577319,Urgent
2023-06-01,Store003,SKU002,64,10.0,6.4,Urgent
2023-06-01,Store003,SKU003,92,8.142857142857142,11.298245614035089,Normal
2023-06-02,Store001,SKU001,67,11.571428571428571,5.790123456790123,Urgent
2023-06-02,Store001,SKU002,86,12.142857142857142,7.082352941176471,Normal
2023-06-02,Store001,SKU003,86,7.714285714285714,11.148148148148149,Normal
2023-06-02,Store002,SKU001,28,9.428571428571429,2.9696969696969697,Critical
2023-06-02,Store002,SKU002,19,9.428571428571429,2.015151515151515,Critical
2023-06-02,Store002,SKU003,87,6.857142857142857,12.6875,Normal
2023-06-02,Store003,SKU001,51,13.571428571428571,3.7578947368421054,Urgent
2023-06-02,Store003,SKU002,92,10.0,9.2,Normal
2023-06-02,Store003,SKU003,83,8.0,10.375,Normal
2023-06-03,Store001,SKU001,45,11.142857142857142,4.038461538461538,Urgent
2023-06-03,Store001,SKU002,79,13.0,6.076923076923077,Urgent
2023-06-03,Store001,SKU003,86,7.142857142857143,12.04,Normal
2023-06-03,Store002,SKU001,36,11.714285714285714,3.073170731707317,Urgent
2023-06-03,Store002,SKU002,52,9.428571428571429,5.515151515151515,Urgent
2023-06-03,Store002,SKU003,75,6.714285714285714,11.170212765957446,Normal
2023-06-03,Store003,SKU001,84,14.571428571428571,5.764705882352941,Urgent
2023-06-03,Store003,SKU002,24,9.857142857142858,2.434782608695652,Critical
2023-06-03,Store003,SKU003,49,9.857142857142858,4.971014492753623,Urgent
2023-06-04,Store001,SKU001,70,11.0,6.363636363636363,Urgent
2023-06-04,Store001,SKU002,49,13.714285714285714,3.572916666666667,Urgent
2023-06-04,Store001,SKU003,30,7.571428571428571,3.9622641509433962,Urgent
2023-06-04,Store002,SKU001,75,12.571428571428571,5.965909090909091,Urgent
2023-06-04,Store002,SKU002,52,10.571428571428571,4.918918918918919,Urgent
2023-06-04,Store002,SKU003,96,9.285714285714286,10.338461538461537,Normal
2023-06-04,Store003,SKU001,33,13.857142857142858,2.381443298969072,Critical
2023-06-04,Store003,SKU002,27,10.285714285714286,2.625,Critical
2023-06-04,Store003,SKU003,97,8.857142857142858,10.951612903225806,Normal
2023-06-05,Store001,SKU001,38,10.285714285714286,3.694444444444444,Urgent
2023-06-05,Store001,SKU002,25,14.0,1.7857142857142858,Critical
2023-06-05,Store001,SKU003,12,7.714285714285714,1.5555555555555556,Critical
2023-06-05,Store002,SKU001,77,13.142857142857142,5.858695652173913,Urgent
2023-06-05,Store002,SKU002,92,11.857142857142858,7.759036144578313,Normal
2023-06-05,Store002,SKU003,67,10.714285714285714,6.253333333333334,Urgent
2023-06-05,Store003,SKU001,13,16.285714285714285,0.7982456140350878,Critical
2023-06-05,Store003,SKU002,36,11.0,3.272727272727273,Urgent
2023-06-05,Store003,SKU003,30,8.142857142857142,3.68421052631579,Urgent
2023-06-06,Store001,SKU001,64,12.285714285714286,5.209302325581395,Urgent
2023-06-06,Store001,SKU002,50,14.857142857142858,3.3653846153846154,Urgent
2023-06-06,Store001,SKU003,80,8.714285714285714,9.18032786885246,Normal
2023-06-06,Store002,SKU001,69,13.714285714285714,5.03125,Urgent
2023-06-06,Store002,SKU002,58,11.0,5.2727272727272725,Urgent
2023-06-06,Store002,SKU003,31,11.428571428571429,2.7125,Critical
2023-06-06,Store003,SKU001,42,19.0,2.210526315789474,Critical
2023-06-06,Store003,SKU002,48,10.428571428571429,4.602739726027397,Urgent
2023-06-06,Store003,SKU003,12,8.285714285714286,1.4482758620689653,Critical
2023-06-07,Store001,SKU001,92,10.0,9.2,Normal
2023-06-07,Store001,SKU002,72,15.857142857142858,4.54054054054054,Urgent
2023-06-07,Store001,SKU003,59,7.857142857142857,7.50909090909091,Normal
2023-06-07,Store002,SKU001,31,13.142857142857142,2.358695652173913,Critical
2023-06-07,Store002,SKU002,34,10.285714285714286,3.3055555555555554,Urgent
2023-06-07,Store002,SKU003,74,13.714285714285714,5.395833333333334,Urgent
2023-06-07,Store003,SKU001,22,18.142857142857142,1.2125984251968505,Critical
2023-06-07,Store003,SKU002,72,11.142857142857142,6.461538461538462,Urgent
2023-06-07,Store003,SKU003,58,8.0,7.25,Normal
2023-06-08,Store001,SKU001,64,11.428571428571429,5.6,Urgent
2023-06-08,Store001,SKU002,50,16.285714285714285,3.0701754385964914,Urgent
2023-06-08,Store001,SKU003,27,8.857142857142858,3.0483870967741935,Urgent
2023-06-08,Store002,SKU001,29,14.428571428571429,2.00990099009901,Critical
2023-06-08,Store002,SKU002,67,10.714285714285714,6.253333333333334,Urgent
2023-06-08,Store002,SKU003,48,14.857142857142858,3.230769230769231,Urgent
2023-06-08,Store003,SKU001,49,18.0,2.7222222222222223,Critical
2023-06-08,Store003,SKU002,26,12.142857142857142,2.1411764705882352,Critical
2023-06-08,Store003,SKU003,20,9.571428571428571,2.0895522388059704,Critical
2023-06-09,Store001,SKU001,55,11.571428571428571,4.753086419753086,Urgent
2023-06-09,Store001,SKU002,63,14.142857142857142,4.454545454545455,Urgent
2023-06-09,Store001,SKU003,12,8.0,1.5,Critical
2023-06-09,Store002,SKU001,27,13.428571428571429,2.0106382978723403,Critical
2023-06-09,Store002,SKU002,53,11.142857142857142,4.756410256410256,Urgent
2023-06-09,Store002,SKU003,51,16.0,3.1875,Urgent
2023-06-09,Store003,SKU001,76,17.714285714285715,4.290322580645161,Urgent
2023-06-09,Store003,SKU002,15,11.142857142857142,1.3461538461538463,Critical
2023-06-09,Store003,SKU003,80,11.0,7.2727272727272725,Normal
2023-06-10,Store001,SKU001,80,12.0,6.666666666666667,Urgent
2023-06-10,Store001,SKU002,24,14.0,1.7142857142857142,Critical
2023-06-10,Store001,SKU003,43,8.142857142857142,5.280701754385965,Urgent
2023-06-10,Store002,SKU001,28,12.714285714285714,2.202247191011236,Critical
2023-06-10,Store002,SKU002,62,12.142857142857142,5.105882352941177,Urgent
2023-06-10,Store002,SKU003,83,16.428571428571427,5.052173913043479,Urgent
2023-06-10,Store003,SKU001,23,18.571428571428573,1.2384615384615383,Critical
2023-06-10,Store003,SKU002,17,11.0,1.5454545454545454,Critical
2023-06-10,Store003,SKU003,45,11.0,4.090909090909091,Urgent
2023-06-11,Store001,SKU001,61,12.142857142857142,5.023529411764706,Urgent
2023-06-11,Store001,SKU002,58,14.285714285714286,4.06,Urgent
2023-06-11,Store001,SKU003,53,8.428571428571429,6.288135593220339,Urgent
2023-06-11,Store002,SKU001,86,15.428571428571429,5.574074074074074,Urgent
2023-06-11,Store002,SKU002,61,9.714285714285714,6.279411764705883,Urgent
2023-06-11,Store002,SKU003,11,14.142857142857142,0.7777777777777778,Critical
2023-06-11,Store003,SKU001,51,18.571428571428573,2.7461538461538457,Critical
2023-06-11,Store003,SKU002,70,11.0,6.363636363636363,Urgent
2023-06-11,Store003,SKU003,31,11.428571428571429,2.7125,Critical
2023-06-12,Store001,SKU001,98,11.857142857142858,8.265060240963855,Normal
2023-06-12,Store001,SKU002,21,14.571428571428571,1.4411764705882353,Critical
2023-06-12,Store001,SKU003,12,9.857142857142858,1.217391304347826,Critical
2023-06-12,Store002,SKU001,85,15.714285714285714,5.409090909090909,Urgent
2023-06-12,Store002,SKU002,81,8.285714285714286,9.775862068965516,Normal
2023-06-12,Store002,SKU003,47,14.0,3.357142857142857,Urgent
2023-06-12,Store003,SKU001,20,16.0,1.25,Critical
2023-06-12,Store003,SKU002,17,11.714285714285714,1.4512195121951221,Critical
2023-06-12,Store003,SKU003,42,12.714285714285714,3.303370786516854,Urgent
2023-06-13,Store001,SKU001,72,10.285714285714286,6.999999999999999,Urgent
2023-06-13,Store001,SKU002,51,14.857142857142858,3.4326923076923075,Urgent
2023-06-13,Store001,SKU003,95,9.714285714285714,9.779411764705882,Normal
2023-06-13,Store002,SKU001,70,16.714285714285715,4.188034188034187,Urgent
2023-06-13,Store002,SKU002,75,9.857142857142858,7.608695652173913,Normal
2023-06-13,Store002,SKU003,24,12.857142857142858,1.8666666666666667,Critical
2023-06-13,Store003,SKU001,20,15.0,1.3333333333333333,Critical
2023-06-13,Store003,SKU002,61,11.428571428571429,5.3374999999999995,Urgent
2023-06-13,Store003,SKU003,44,13.0,3.3846153846153846,Urgent
2023-06-14,Store001,SKU001,35,13.285714285714286,2.6344086021505375,Critical
2023-06-14,Store001,SKU002,55,13.857142857142858,3.9690721649484533,Urgent
2023-06-14,Store001,SKU003,76,9.857142857142858,7.7101449275362315,Normal
2023-06-14,Store002,SKU001,25,17.142857142857142,1.4583333333333335,Critical
2023-06-14,Store002,SKU002,44,9.571428571428571,4.597014925373134,Urgent
2023-06-14,Store002,SKU003,99,11.714285714285714,8.451219512195122,Normal
2023-06-14,Store003,SKU001,38,14.571428571428571,2.607843137254902,Critical
2023-06-14,Store003,SKU002,95,9.714285714285714,9.779411764705882,Normal
2023-06-14,Store003,SKU003,33,13.857142857142858,2.381443298969072,Critical
2023-06-15,Store001,SKU001,87,12.714285714285714,6.842696629213483,Urgent
2023-06-15,Store001,SKU002,19,12.857142857142858,1.4777777777777776,Critical
2023-06-15,Store001,SKU003,73,11.857142857142858,6.156626506024097,Urgent
2023-06-15,Store002,SKU001,27,15.142857142857142,1.7830188679245285,Critical
2023-06-15,Store002,SKU002,48,9.285714285714286,5.169230769230769,Urgent
2023-06-15,Store002,SKU003,32,10.571428571428571,3.027027027027027,Urgent
2023-06-15,Store003,SKU001,97,14.857142857142858,6.528846153846153,Urgent
2023-06-15,Store003,SKU002,53,10.571428571428571,5.013513513513514,Urgent
2023-06-15,Store003,SKU003,56,14.0,4.0,Urgent
2023-06-16,Store001,SKU001,79,13.0,6.076923076923077,Urgent
2023-06-16,Store001,SKU002,64,13.428571428571429,4.76595744680851,Urgent
2023-06-16,Store001,SKU003,20,11.857142857142858,1.686746987951807,Critical
2023-06-16,Store002,SKU001,79,15.857142857142858,4.981981981981982,Urgent
2023-06-16,Store002,SKU002,53,9.428571428571429,5.621212121212121,Urgent
2023-06-16,Store002,SKU003,46,9.857142857142858,4.666666666666666,Urgent
2023-06-16,Store003,SKU001,82,15.0,5.466666666666667,Urgent
2023-06-16,Store003,SKU002,49,12.142857142857142,4.035294117647059,Urgent
2023-06-16,Store003,SKU003,43,13.571428571428571,3.168421052631579,Urgent
2023-06-17,Store001,SKU001,82,12.857142857142858,6.377777777777777,Urgent
2023-06-17,Store001,SKU002,75,12.285714285714286,6.104651162790697,Urgent
2023-06-17,Store001,SKU003,84,11.857142857142858,7.08433734939759,Normal
2023-06-17,Store002,SKU001,17,14.714285714285714,1.1553398058252429,Critical
2023-06-17,Store002,SKU002,77,9.142857142857142,8.421875,Normal
2023-06-17,Store002,SKU003,18,8.571428571428571,2.1,Critical
2023-06-17,Store003,SKU001,39,14.142857142857142,2.757575757575758,Critical
2023-06-17,Store003,SKU002,82,11.428571428571429,7.175,Normal
2023-06-17,Store003,SKU003,84,12.428571428571429,6.758620689655173,Urgent
2023-06-18,Store001,SKU001,27,12.142857142857142,2.223529411764706,Critical
2023-06-18,Store001,SKU002,14,11.714285714285714,1.1951219512195124,Critical
2023-06-18,Store001,SKU003,88,10.714285714285714,8.213333333333335,Normal
2023-06-18,Store002,SKU001,97,11.714285714285714,8.28048780487805,Normal
2023-06-18,Store002,SKU002,72,10.428571428571429,6.904109589041096,Urgent
2023-06-18,Store002,SKU003,15,9.714285714285714,1.5441176470588236,Critical
2023-06-18,Store003,SKU001,47,14.857142857142858,3.1634615384615383,Urgent
2023-06-18,Store003,SKU002,86,12.142857142857142,7.082352941176471,Normal
2023-06-18,Store003,SKU003,76,13.142857142857142,5.782608695652174,Urgent
2023-06-19,Store001,SKU001,20,13.714285714285714,1.4583333333333335,Critical
2023-06-19,Store001,SKU002,41,10.428571428571429,3.931506849315068,Urgent
2023-06-19,Store001,SKU003,75,8.571428571428571,8.75,Normal
2023-06-19,Store002,SKU001,44,11.285714285714286,3.8987341772151898,Urgent
2023-06-19,Store002,SKU002,48,10.571428571428571,4.54054054054054,Urgent
2023-06-19,Store002,SKU003,72,9.0,8.0,Normal
2023-06-19,Store003,SKU001,39,15.142857142857142,2.5754716981132075,Critical
2023-06-19,Store003,SKU002,15,11.0,1.3636363636363635,Critical
2023-06-19,Store003,SKU003,25,13.571428571428571,1.8421052631578947,Critical
2023-06-20,Store001,SKU001,92,14.285714285714286,6.4399999999999995,Urgent
2023-06-20,Store001,SKU002,83,11.285714285714286,7.354430379746835,Normal
2023-06-20,Store001,SKU003,42,8.142857142857142,5.157894736842105,Urgent
2023-06-20,Store002,SKU001,39,11.142857142857142,3.5,Urgent
2023-06-20,Store002,SKU002,65,10.0,6.5,Urgent
2023-06-20,Store002,SKU003,96,10.285714285714286,9.333333333333332,Normal
2023-06-20,Store003,SKU001,45,15.285714285714286,2.9439252336448596,Critical
2023-06-20,Store003,SKU002,49,12.142857142857142,4.035294117647059,Urgent
2023-06-20,Store003,SKU003,29,13.285714285714286,2.182795698924731,Critical
2023-06-21,Store001,SKU001,39,12.714285714285714,3.067415730337079,Urgent
2023-06-21,Store001,SKU002,60,11.0,5.454545454545454,Urgent
2023-06-21,Store001,SKU003,66,8.714285714285714,7.5737704918032795,Normal
2023-06-21,Store002,SKU001,29,13.142857142857142,2.206521739130435,Critical
2023-06-21,Store002,SKU002,26,11.0,2.3636363636363638,Critical
2023-06-21,Store002,SKU003,21,10.142857142857142,2.0704225352112675,Critical
2023-06-21,Store003,SKU001,27,16.571428571428573,1.629310344827586,Critical
2023-06-21,Store003,SKU002,30,13.142857142857142,2.282608695652174,Critical
2023-06-21,Store003,SKU003,44,12.857142857142858,3.422222222222222,Urgent
2023-06-22,Store001,SKU001,85,13.571428571428571,6.2631578947368425,Urgent
2023-06-22,Store001,SKU002,57,11.0,5.181818181818182,Urgent
2023-06-22,Store001,SKU003,55,6.428571428571429,8.555555555555555,Normal
2023-06-22,Store002,SKU001,64,15.142857142857142,4.226415094339623,Urgent
2023-06-22,Store002,SKU002,75,11.142857142857142,6.730769230769231,Urgent
2023-06-22,Store002,SKU003,86,10.857142857142858,7.921052631578947,Normal
2023-06-22,Store003,SKU001,39,16.142857142857142,2.415929203539823,Critical
2023-06-22,Store003,SKU002,48,12.428571428571429,3.862068965517241,Urgent
2023-06-22,Store003,SKU003,34,10.857142857142858,3.131578947368421,Urgent
2023-06-23,Store001,SKU001,92,14.428571428571429,6.376237623762376,Urgent
2023-06-23,Store001,SKU002,52,9.857142857142858,5.275362318840579,Urgent
2023-06-23,Store001,SKU003,25,6.142857142857143,4.069767441860465,Urgent
2023-06-23,Store002,SKU001,27,15.571428571428571,1.7339449541284404,Critical
2023-06-23,Store002,SKU002,74,10.428571428571429,7.095890410958904,Normal
2023-06-23,Store002,SKU003,57,11.714285714285714,4.865853658536586,Urgent
2023-06-23,Store003,SKU001,87,15.571428571428571,5.587155963302752,Urgent
2023-06-23,Store003,SKU002,99,11.571428571428571,8.555555555555555,Normal
2023-06-23,Store003,SKU003,85,9.857142857142858,8.623188405797102,Normal
2023-06-24,Store001,SKU001,30,14.142857142857142,2.121212121212121,Critical
2023-06-24,Store001,SKU002,94,9.285714285714286,10.123076923076923,Normal
2023-06-24,Store001,SKU003,32,7.857142857142857,4.072727272727273,Urgent
2023-06-24,Store002,SKU001,56,15.714285714285714,3.563636363636364,Urgent
2023-06-24,Store002,SKU002,75,9.714285714285714,7.720588235294119,Normal
2023-06-24,Store002,SKU003,73,12.428571428571429,5.873563218390805,Urgent
2023-06-24,Store003,SKU001,14,14.428571428571429,0.9702970297029703,Critical
2023-06-24,Store003,SKU002,24,11.571428571428571,2.074074074074074,Critical
2023-06-24,Store003,SKU003,58,10.714285714285714,5.413333333333334,Urgent
2023-06-25,Store001,SKU001,83,13.857142857142858,5.989690721649485,Urgent
2023-06-25,Store001,SKU002,35,9.285714285714286,3.7692307692307687,Urgent
2023-06-25,Store001,SKU003,62,7.857142857142857,7.8909090909090915,Normal
2023-06-25,Store002,SKU001,45,15.428571428571429,2.9166666666666665,Critical
2023-06-25,Store002,SKU002,33,10.142857142857142,3.2535211267605635,Urgent
2023-06-25,Store002,SKU003,88,11.0,8.0,Normal
2023-06-25,Store003,SKU001,58,13.714285714285714,4.229166666666667,Urgent
2023-06-25,Store003,SKU002,55,10.142857142857142,5.422535211267606,Urgent
2023-06-25,Store003,SKU003,60,9.428571428571429,6.363636363636363,Urgent
2023-06-26,Store001,SKU001,72,12.285714285714286,5.8604651162790695,Urgent
2023-06-26,Store001,SKU002,43,11.428571428571429,3.7624999999999997,Urgent
2023-06-26,Store001,SKU003,64,10.428571428571429,6.136986301369863,Urgent
2023-06-26,Store002,SKU001,81,13.285714285714286,6.096774193548387,Urgent
2023-06-26,Store002,SKU002,70,9.285714285714286,7.538461538461537,Normal
2023-06-26,Store002,SKU003,16,10.285714285714286,1.5555555555555554,Critical
2023-06-26,Store003,SKU001,26,13.285714285714286,1.9569892473118278,Critical
2023-06-26,Store003,SKU002,95,11.571428571428571,8.209876543209877,Normal
2023-06-26,Store003,SKU003,87,9.285714285714286,9.369230769230768,Normal
2023-06-27,Store001,SKU001,27,11.857142857142858,2.2771084337349397,Critical
2023-06-27,Store001,SKU002,69,10.857142857142858,6.355263157894736,Urgent
2023-06-27,Store001,SKU003,27,11.285714285714286,2.392405063291139,Critical
2023-06-27,Store002,SKU001,48,13.0,3.6923076923076925,Urgent
2023-06-27,Store002,SKU002,34,8.857142857142858,3.8387096774193545,Urgent
2023-06-27,Store002,SKU003,16,9.857142857142858,1.6231884057971013,Critical
2023-06-27,Store003,SKU001,27,11.714285714285714,2.304878048780488,Critical
2023-06-27,Store003,SKU002,48,12.428571428571429,3.862068965517241,Urgent
2023-06-27,Store003,SKU003,85,10.571428571428571,8.04054054054054,Normal
2023-06-28,Store001,SKU001,78,13.0,6.0,Urgent
2023-06-28,Store001,SKU002,50,10.142857142857142,4.929577464788733,Urgent
2023-06-28,Store001,SKU003,16,11.142857142857142,1.435897435897436,Critical
2023-06-28,Store002,SKU001,31,11.428571428571429,2.7125,Critical
2023-06-28,Store002,SKU002,89,9.285714285714286,9.584615384615384,Normal
2023-06-28,Store002,SKU003,93,9.857142857142858,9.434782608695652,Normal
2023-06-28,Store003,SKU001,65,13.142857142857142,4.945652173913044,Urgent
2023-06-28,Store003,SKU002,61,13.142857142857142,4.641304347826087,Urgent
2023-06-28,Store003,SKU003,54,11.571428571428571,4.666666666666667,Urgent
2023-06-29,Store001,SKU001,95,12.571428571428571,7.556818181818182,Normal
2023-06-29,Store001,SKU002,75,10.428571428571429,7.191780821917808,Normal
2023-06-29,Store001,SKU003,75,10.285714285714286,7.291666666666666,Normal
2023-06-29,Store002,SKU001,96,10.857142857142858,8.842105263157894,Normal
2023-06-29,Store002,SKU002,40,8.571428571428571,4.666666666666667,Urgent
2023-06-29,Store002,SKU003,53,10.142857142857142,5.225352112676057,Urgent
2023-06-29,Store003,SKU001,74,14.285714285714286,5.18,Urgent
2023-06-29,Store003,SKU002,62,12.714285714285714,4.876404494382022,Urgent
2023-06-29,Store003,SKU003,88,11.714285714285714,7.51219512195122,Normal
2023-06-30,Store001,SKU001,12,13.0,0.9230769230769231,Critical
2023-06-30,Store001,SKU002,88,11.714285714285714,7.51219512195122,Normal
2023-06-30,Store001,SKU003,13,10.0,1.3,Critical
2023-06-30,Store002,SKU001,57,10.428571428571429,5.465753424657534,Urgent
2023-06-30,Store002,SKU002,66,10.0,6.6,Urgent
2023-06-30,Store002,SKU003,28,8.714285714285714,3.213114754098361,Urgent
2023-06-30,Store003,SKU001,75,15.857142857142858,4.72972972972973,Urgent
2023-06-30,Store003,SKU002,63,13.428571428571429,4.691489361702128,Urgent
2023-06-30,Store003,SKU003,58,13.0,4.461538461538462,Urgent
2023-07-01,Store001,SKU001,95,13.428571428571429,7.074468085106383,Normal
2023-07-01,Store001,SKU002,53,11.285714285714286,4.696202531645569,Urgent
2023-07-01,Store001,SKU003,24,10.571428571428571,2.27027027027027,Critical
2023-07-01,Store002,SKU001,79,11.714285714285714,6.7439024390243905,Urgent
2023-07-01,Store002,SKU002,68,11.0,6.181818181818182,Urgent
2023-07-01,Store002,SKU003,51,9.142857142857142,5.578125,Urgent
2023-07-01,Store003,SKU001,35,15.857142857142858,2.2072072072072073,Critical
2023-07-01,Store003,SKU002,73,13.714285714285714,5.322916666666667,Urgent
2023-07-01,Store003,SKU003,46,11.714285714285714,3.9268292682926833,Urgent
2023-07-02,Store001,SKU001,95,15.142857142857142,6.273584905660377,Urgent
2023-07-02,Store001,SKU002,91,12.285714285714286,7.406976744186046,Normal
2023-07-02,Store001,SKU003,41,12.285714285714286,3.337209302325581,Urgent
2023-07-02,Store002,SKU001,33,13.285714285714286,2.4838709677419355,Critical
2023-07-02,Store002,SKU002,91,10.571428571428571,8.608108108108109,Normal
2023-07-02,Store002,SKU003,41,9.857142857142858,4.159420289855072,Urgent
2023-07-02,Store003,SKU001,64,15.142857142857142,4.226415094339623,Urgent
2023-07-02,Store003,SKU002,68,14.142857142857142,4.808080808080808,Urgent
2023-07-02,Store003,SKU003,84,12.285714285714286,6.837209302325581,Urgent
2023-07-03,Store001,SKU001,65,16.714285714285715,3.888888888888889,Urgent
2023-07-03,Store001,SKU002,71,10.714285714285714,6.626666666666667,Urgent
2023-07-03,Store001,SKU003,18,11.142857142857142,1.6153846153846154,Critical
2023-07-03,Store002,SKU001,86,15.0,5.733333333333333,Urgent
2023-07-03,Store002,SKU002,57,9.857142857142858,5.782608695652174,Urgent
2023-07-03,Store002,SKU003,46,10.428571428571429,4.410958904109589,Urgent
2023-07-03,Store003,SKU001,19,17.285714285714285,1.0991735537190084,Critical
2023-07-03,Store003,SKU002,19,13.428571428571429,1.4148936170212765,Critical
2023-07-03,Store003,SKU003,51,12.285714285714286,4.151162790697674,Urgent
2023-07-04,Store001,SKU001,25,17.142857142857142,1.4583333333333335,Critical
2023-07-04,Store001,SKU002,10,9.142857142857142,1.09375,Critical
2023-07-04,Store001,SKU003,73,10.571428571428571,6.905405405405405,Urgent
2023-07-04,Store002,SKU001,29,15.571428571428571,1.8623853211009174,Critical
2023-07-04,Store002,SKU002,66,12.285714285714286,5.372093023255814,Urgent
2023-07-04,Store002,SKU003,92,9.285714285714286,9.907692307692306,Normal
2023-07-04,Store003,SKU001,18,17.857142857142858,1.008,Critical
2023-07-04,Store003,SKU002,99,13.285714285714286,7.451612903225806,Normal
2023-07-04,Store003,SKU003,68,11.142857142857142,6.102564102564103,Urgent
2023-07-05,Store001,SKU001,93,17.0,5.470588235294118,Urgent
2023-07-05,Store001,SKU002,61,9.571428571428571,6.373134328358209,Urgent
2023-07-05,Store001,SKU003,42,11.285714285714286,3.721518987341772,Urgent
2023-07-05,Store002,SKU001,81,16.142857142857142,5.017699115044248,Urgent
2023-07-05,Store002,SKU002,54,11.285714285714286,4.784810126582278,Urgent
2023-07-05,Store002,SKU003,89,9.428571428571429,9.43939393939394,Normal
2023-07-05,Store003,SKU001,44,15.571428571428571,2.8256880733944953,Critical
2023-07-05,Store003,SKU002,22,11.571428571428571,1.9012345679012346,Critical
2023-07-05,Store003,SKU003,66,10.714285714285714,6.16,Urgent
2023-07-06,Store001,SKU001,17,17.857142857142858,0.952,Critical
2023-07-06,Store001,SKU002,38,9.142857142857142,4.15625,Urgent
2023-07-06,Store001,SKU003,34,11.428571428571429,2.975,Critical
2023-07-06,Store002,SKU001,83,15.0,5.533333333333333,Urgent
2023-07-06,Store002,SKU002,59,12.714285714285714,4.640449438202247,Urgent
2023-07-06,Store002,SKU003,33,8.428571428571429,3.9152542372881354,Urgent
2023-07-06,Store003,SKU001,20,13.571428571428571,1.4736842105263157,Critical
2023-07-06,Store003,SKU002,51,11.142857142857142,4.5769230769230775,Urgent
2023-07-06,Store003,SKU003,69,10.714285714285714,6.44,Urgent
2023-07-07,Store001,SKU001,80,16.0,5.0,Urgent
2023-07-07,Store001,SKU002,42,8.142857142857142,5.157894736842105,Urgent
2023-07-07,Store001,SKU003,81,11.714285714285714,6.914634146341464,Urgent
2023-07-07,Store002,SKU001,57,13.857142857142858,4.11340206185567,Urgent
2023-07-07,Store002,SKU002,78,11.428571428571429,6.825,Urgent
2023-07-07,Store002,SKU003,62,8.714285714285714,7.114754098360656,Normal
2023-07-07,Store003,SKU001,44,11.0,4.0,Urgent
2023-07-07,Store003,SKU002,24,10.857142857142858,2.2105263157894735,Critical
2023-07-07,Store003,SKU003,24,9.428571428571429,2.5454545454545454,Critical
2023-07-08,Store001,SKU001,24,15.571428571428571,1.5412844036697249,Critical
2023-07-08,Store001,SKU002,81,8.714285714285714,9.295081967213116,Normal
2023-07-08,Store001,SKU003,93,11.0,8.454545454545455,Normal
2023-07-08,Store002,SKU001,82,12.857142857142858,6.377777777777777,Urgent
2023-07-08,Store002,SKU002,23,11.571428571428571,1.9876543209876543,Critical
2023-07-08,Store002,SKU003,63,7.857142857142857,8.01818181818182,Normal
2023-07-08,Store003,SKU001,57,13.285714285714286,4.290322580645161,Urgent
2023-07-08,Store003,SKU002,91,10.0,9.1,Normal
2023-07-08,Store003,SKU003,63,11.285714285714286,5.582278481012658,Urgent
2023-07-09,Store001,SKU001,21,13.571428571428571,1.5473684210526315,Critical
2023-07-09,Store001,SKU002,81,8.571428571428571,9.450000000000001,Normal
2023-07-09,Store001,SKU003,16,10.714285714285714,1.4933333333333334,Critical
2023-07-09,Store002,SKU001,60,10.428571428571429,5.7534246575342465,Urgent
2023-07-09,Store002,SKU002,49,10.428571428571429,4.698630136986301,Urgent
2023-07-09,Store002,SKU003,53,7.714285714285714,6.87037037037037,Urgent
2023-07-09,Store003,SKU001,20,14.142857142857142,1.4141414141414141,Critical
2023-07-09,Store003,SKU002,39,10.0,3.9,Urgent
2023-07-09,Store003,SKU003,92,11.0,8.363636363636363,Normal
2023-07-10,Store001,SKU001,36,12.428571428571429,2.896551724137931,Critical
2023-07-10,Store001,SKU002,29,8.142857142857142,3.5614035087719302,Urgent
2023-07-10,Store001,SKU003,50,10.428571428571429,4.794520547945205,Urgent
2023-07-10,Store002,SKU001,40,12.714285714285714,3.146067415730337,Urgent
2023-07-10,Store002,SKU002,10,12.714285714285714,0.7865168539325843,Critical
2023-07-10,Store002,SKU003,36,8.428571428571429,4.271186440677966,Urgent
2023-07-10,Store003,SKU001,65,11.857142857142858,5.481927710843373,Urgent
2023-07-10,Store003,SKU002,66,10.142857142857142,6.507042253521127,Urgent
2023-07-10,Store003,SKU003,34,10.0,3.4,Urgent
2023-07-11,Store001,SKU001,37,12.571428571428571,2.9431818181818183,Critical
2023-07-11,Store001,SKU002,34,8.285714285714286,4.1034482758620685,Urgent
2023-07-11,Store001,SKU003,94,10.142857142857142,9.267605633802818,Normal
2023-07-11,Store002,SKU001,90,12.285714285714286,7.325581395348837,Normal
2023-07-11,Store002,SKU002,89,11.571428571428571,7.691358024691358,Normal
2023-07-11,Store002,SKU003,96,9.0,10.666666666666666,Normal
2023-07-11,Store003,SKU001,52,11.428571428571429,4.55,Urgent
2023-07-11,Store003,SKU002,54,10.0,5.4,Urgent
2023-07-11,Store003,SKU003,96,9.571428571428571,10.029850746268657,Normal
2023-07-12,Store001,SKU001,58,11.571428571428571,5.012345679012346,Urgent
2023-07-12,Store001,SKU002,33,8.428571428571429,3.9152542372881354,Urgent
2023-07-12,Store001,SKU003,50,8.428571428571429,5.932203389830509,Urgent
2023-07-12,Store002,SKU001,72,11.285714285714286,6.379746835443037,Urgent
2023-07-12,Store002,SKU002,16,12.714285714285714,1.2584269662921348,Critical
2023-07-12,Store002,SKU003,21,8.571428571428571,2.45,Critical
2023-07-12,Store003,SKU001,17,12.0,1.4166666666666667,Critical
2023-07-12,Store003,SKU002,43,11.142857142857142,3.858974358974359,Urgent
2023-07-12,Store003,SKU003,21,9.285714285714286,2.2615384615384615,Critical
2023-07-13,Store001,SKU001,13,9.428571428571429,1.3787878787878787,Critical
2023-07-13,Store001,SKU002,93,8.428571428571429,11.033898305084746,Normal
2023-07-13,Store001,SKU003,74,8.285714285714286,8.93103448275862,Normal
2023-07-13,Store002,SKU001,85,12.285714285714286,6.9186046511627906,Urgent
2023-07-13,Store002,SKU002,11,11.0,1.0,Critical
2023-07-13,Store002,SKU003,54,9.142857142857142,5.90625,Urgent
2023-07-13,Store003,SKU001,30,12.428571428571429,2.413793103448276,Critical
2023-07-13,Store003,SKU002,49,12.857142857142858,3.811111111111111,Urgent
2023-07-13,Store003,SKU003,99,9.428571428571429,10.5,Normal
2023-07-14,Store001,SKU001,85,10.714285714285714,7.933333333333334,Normal
2023-07-14,Store001,SKU002,35,9.0,3.888888888888889,Urgent
2023-07-14,Store001,SKU003,99,8.0,12.375,Normal
2023-07-14,Store002,SKU001,69,13.0,5.3076923076923075,Urgent
2023-07-14,Store002,SKU002,80,11.0,7.2727272727272725,Normal
2023-07-14,Store002,SKU003,15,9.571428571428571,1.5671641791044777,Critical
2023-07-14,Store003,SKU001,92,13.142857142857142,7.0,Urgent
2023-07-14,Store003,SKU002,71,13.142857142857142,5.4021739130434785,Urgent
2023-07-14,Store003,SKU003,50,10.285714285714286,4.861111111111111,Urgent
2023-07-15,Store001,SKU001,65,12.571428571428571,5.170454545454546,Urgent
2023-07-15,Store001,SKU002,68,8.857142857142858,7.677419354838709,Normal
2023-07-15,Store001,SKU003,12,8.0,1.5,Critical
2023-07-15,Store002,SKU001,43,13.0,3.3076923076923075,Urgent
2023-07-15,Store002,SKU002,30,10.857142857142858,2.763157894736842,Critical
2023-07-15,Store002,SKU003,93,12.428571428571429,7.482758620689655,Normal
2023-07-15,Store003,SKU001,86,11.285714285714286,7.620253164556962,Normal
2023-07-15,Store003,SKU002,89,14.142857142857142,6.292929292929293,Urgent
2023-07-15,Store003,SKU003,71,9.285714285714286,7.646153846153846,Normal
2023-07-16,Store001,SKU001,24,13.428571428571429,1.7872340425531914,Critical
2023-07-16,Store001,SKU002,12,9.0,1.3333333333333333,Critical
2023-07-16,Store001,SKU003,38,6.428571428571429,5.9111111111111105,Urgent
2023-07-16,Store002,SKU001,28,14.571428571428571,1.9215686274509804,Critical
2023-07-16,Store002,SKU002,20,12.142857142857142,1.647058823529412,Critical
2023-07-16,Store002,SKU003,33,14.571428571428571,2.264705882352941,Critical
2023-07-16,Store003,SKU001,35,11.285714285714286,3.10126582278481,Urgent
2023-07-16,Store003,SKU002,54,14.0,3.857142857142857,Urgent
2023-07-16,Store003,SKU003,95,9.571428571428571,9.925373134328359,Normal
2023-07-17,Store001,SKU001,23,15.428571428571429,1.4907407407407407,Critical
2023-07-17,Store001,SKU002,34,9.571428571428571,3.5522388059701493,Urgent
2023-07-17,Store001,SKU003,45,6.142857142857143,7.325581395348837,Normal
2023-07-17,Store002,SKU001,53,14.571428571428571,3.6372549019607843,Urgent
2023-07-17,Store002,SKU002,16,11.714285714285714,1.3658536585365855,Critical
2023-07-17,Store002,SKU003,31,13.857142857142858,2.2371134020618557,Critical
2023-07-17,Store003,SKU001,70,12.571428571428571,5.568181818181818,Urgent
2023-07-17,Store003,SKU002,22,13.857142857142858,1.5876288659793814,Critical
2023-07-17,Store003,SKU003,51,9.857142857142858,5.173913043478261,Urgent
2023-07-18,Store001,SKU001,71,15.714285714285714,4.5181818181818185,Urgent
2023-07-18,Store001,SKU002,96,8.714285714285714,11.016393442622952,Normal
2023-07-18,Store001,SKU003,95,5.571428571428571,17.05128205128205,Safe
2023-07-18,Store002,SKU001,81,14.714285714285714,5.5048543689320395,Urgent
2023-07-18,Store002,SKU002,81,12.142857142857142,6.670588235294118,Urgent
2023-07-18,Store002,SKU003,91,14.714285714285714,6.184466019417476,Urgent
2023-07-18,Store003,SKU001,60,12.571428571428571,4.7727272727272725,Urgent
2023-07-18,Store003,SKU002,65,14.571428571428571,4.46078431372549,Urgent
2023-07-18,Store003,SKU003,55,9.0,6.111111111111111,Urgent
2023-07-19,Store001,SKU001,22,16.428571428571427,1.3391304347826087,Critical
2023-07-19,Store001,SKU002,98,8.857142857142858,11.064516129032258,Normal
2023-07-19,Store001,SKU003,11,6.142857142857143,1.7906976744186045,Critical
2023-07-19,Store002,SKU001,86,14.857142857142858,5.788461538461538,Urgent
2023-07-19,Store002,SKU002,55,12.428571428571429,4.425287356321839,Urgent
2023-07-19,Store002,SKU003,49,13.857142857142858,3.536082474226804,Urgent
2023-07-19,Store003,SKU001,34,12.142857142857142,2.8000000000000003,Critical
2023-07-19,Store003,SKU002,94,13.571428571428571,6.926315789473684,Urgent
2023-07-19,Store003,SKU003,66,8.857142857142858,7.451612903225806,Normal
2023-07-20,Store001,SKU001,44,18.0,2.4444444444444446,Critical
2023-07-20,Store001,SKU002,93,9.428571428571429,9.863636363636363,Normal
2023-07-20,Store001,SKU003,62,6.857142857142857,9.041666666666668,Normal
2023-07-20,Store002,SKU001,90,14.0,6.428571428571429,Urgent
2023-07-20,Store002,SKU002,98,13.0,7.538461538461538,Normal
2023-07-20,Store002,SKU003,27,14.428571428571429,1.8712871287128712,Critical
2023-07-20,Store003,SKU001,53,11.714285714285714,4.524390243902439,Urgent
2023-07-20,Store003,SKU002,10,12.428571428571429,0.8045977011494253,Critical
2023-07-20,Store003,SKU003,51,10.428571428571429,4.890410958904109,Urgent
2023-07-21,Store001,SKU001,89,17.571428571428573,5.0650406504065035,Urgent
2023-07-21,Store001,SKU002,13,9.0,1.4444444444444444,Critical
2023-07-21,Store001,SKU003,59,7.571428571428571,7.7924528301886795,Normal
2023-07-21,Store002,SKU001,68,14.285714285714286,4.76,Urgent
2023-07-21,Store002,SKU002,65,13.428571428571429,4.840425531914893,Urgent
2023-07-21,Store002,SKU003,83,14.571428571428571,5.696078431372549,Urgent
2023-07-21,Store003,SKU001,74,12.0,6.166666666666667,Urgent
2023-07-21,Store003,SKU002,24,11.714285714285714,2.048780487804878,Critical
2023-07-21,Store003,SKU003,99,10.0,9.9,Normal
2023-07-22,Store001,SKU001,31,16.857142857142858,1.8389830508474576,Critical
2023-07-22,Store001,SKU002,15,9.285714285714286,1.6153846153846152,Critical
2023-07-22,Store001,SKU003,19,7.0,2.7142857142857144,Critical
2023-07-22,Store002,SKU001,69,14.142857142857142,4.878787878787879,Urgent
2023-07-22,Store002,SKU002,28,13.285714285714286,2.10752688172043,Critical
2023-07-22,Store002,SKU003,43,14.142857142857142,3.0404040404040407,Urgent
2023-07-22,Store003,SKU001,11,11.714285714285714,0.9390243902439025,Critical
2023-07-22,Store003,SKU002,96,11.571428571428571,8.296296296296296,Normal
2023-07-22,Store003,SKU003,37,11.571428571428571,3.197530864197531,Urgent
2023-07-23,Store001,SKU001,77,17.142857142857142,4.491666666666667,Urgent
2023-07-23,Store001,SKU002,38,8.857142857142858,4.290322580645161,Urgent
2023-07-23,Store001,SKU003,23,8.142857142857142,2.8245614035087723,Critical
2023-07-23,Store002,SKU001,55,14.0,3.9285714285714284,Urgent
2023-07-23,Store002,SKU002,61,12.428571428571429,4.908045977011494,Urgent
2023-07-23,Store002,SKU003,51,12.714285714285714,4.01123595505618,Urgent
2023-07-23,Store003,SKU001,22,12.0,1.8333333333333333,Critical
2023-07-23,Store003,SKU002,82,12.428571428571429,6.597701149425287,Urgent
2023-07-23,Store003,SKU003,54,11.285714285714286,4.784810126582278,Urgent
2023-07-24,Store001,SKU001,59,16.571428571428573,3.5603448275862064,Urgent
2023-07-24,Store001,SKU002,19,7.857142857142857,2.4181818181818184,Critical
2023-07-24,Store001,SKU003,60,7.571428571428571,7.9245283018867925,Normal
2023-07-24,Store002,SKU001,80,12.142857142857142,6.588235294117648,Urgent
2023-07-24,Store002,SKU002,78,11.714285714285714,6.658536585365854,Urgent
2023-07-24,Store002,SKU003,18,12.857142857142858,1.4,Critical
2023-07-24,Store003,SKU001,43,10.571428571428571,4.0675675675675675,Urgent
2023-07-24,Store003,SKU002,97,11.857142857142858,8.180722891566266,Normal
2023-07-24,Store003,SKU003,13,12.428571428571429,1.0459770114942528,Critical
2023-07-25,Store001,SKU001,99,17.571428571428573,5.634146341463414,Urgent
2023-07-25,Store001,SKU002,34,8.857142857142858,3.8387096774193545,Urgent
2023-07-25,Store001,SKU003,76,8.714285714285714,8.721311475409836,Normal
2023-07-25,Store002,SKU001,60,11.428571428571429,5.25,Urgent
2023-07-25,Store002,SKU002,50,10.142857142857142,4.929577464788733,Urgent
2023-07-25,Store002,SKU003,80,11.714285714285714,6.829268292682928,Urgent
2023-07-25,Store003,SKU001,13,12.142857142857142,1.0705882352941176,Critical
2023-07-25,Store003,SKU002,62,10.714285714285714,5.786666666666667,Urgent
2023-07-25,Store003,SKU003,52,15.285714285714286,3.4018691588785046,Urgent
2023-07-26,Store001,SKU001,56,16.428571428571427,3.4086956521739133,Urgent
2023-07-26,Store001,SKU002,79,9.0,8.777777777777779,Normal
2023-07-26,Store001,SKU003,19,9.714285714285714,1.9558823529411766,Critical
2023-07-26,Store002,SKU001,64,11.142857142857142,5.743589743589744,Urgent
2023-07-26,Store002,SKU002,92,9.571428571428571,9.611940298507463,Normal
2023-07-26,Store002,SKU003,64,12.0,5.333333333333333,Urgent
2023-07-26,Store003,SKU001,51,12.571428571428571,4.056818181818182,Urgent
2023-07-26,Store003,SKU002,32,11.714285714285714,2.731707317073171,Critical
2023-07-26,Store003,SKU003,68,15.571428571428571,4.366972477064221,Urgent
2023-07-27,Store001,SKU001,27,16.142857142857142,1.672566371681416,Critical
2023-07-27,Store001,SKU002,12,8.142857142857142,1.473684210526316,Critical
2023-07-27,Store001,SKU003,40,10.0,4.0,Urgent
2023-07-27,Store002,SKU001,19,12.142857142857142,1.5647058823529412,Critical
2023-07-27,Store002,SKU002,16,9.857142857142858,1.6231884057971013,Critical
2023-07-27,Store002,SKU003,34,11.142857142857142,3.0512820512820515,Urgent
2023-07-27,Store003,SKU001,70,14.428571428571429,4.851485148514851,Urgent
2023-07-27,Store003,SKU002,40,12.0,3.3333333333333335,Urgent
2023-07-27,Store003,SKU003,45,14.0,3.2142857142857144,Urgent
2023-07-28,Store001,SKU001,82,16.571428571428573,4.948275862068965,Urgent
2023-07-28,Store001,SKU002,85,8.857142857142858,9.596774193548386,Normal
2023-07-28,Store001,SKU003,57,9.714285714285714,5.86764705882353,Urgent
2023-07-28,Store002,SKU001,12,13.142857142857142,0.9130434782608696,Critical
2023-07-28,Store002,SKU002,38,10.857142857142858,3.5,Urgent
2023-07-28,Store002,SKU003,42,10.714285714285714,3.9200000000000004,Urgent
2023-07-28,Store003,SKU001,70,13.857142857142858,5.051546391752577,Urgent
2023-07-28,Store003,SKU002,55,12.857142857142858,4.277777777777778,Urgent
2023-07-28,Store003,SKU003,51,14.857142857142858,3.4326923076923075,Urgent
2023-07-29,Store001,SKU001,73,16.714285714285715,4.367521367521367,Urgent
2023-07-29,Store001,SKU002,95,8.714285714285714,10.901639344262296,Normal
2023-07-29,Store001,SKU003,92,11.0,8.363636363636363,Normal
2023-07-29,Store002,SKU001,58,12.428571428571429,4.666666666666667,Urgent
2023-07-29,Store002,SKU002,59,10.285714285714286,5.736111111111111,Urgent
2023-07-29,Store002,SKU003,72,10.571428571428571,6.810810810810811,Urgent
2023-07-29,Store003,SKU001,63,14.142857142857142,4.454545454545455,Urgent
2023-07-29,Store003,SKU002,35,13.428571428571429,2.606382978723404,Critical
2023-07-29,Store003,SKU003,73,13.142857142857142,5.554347826086957,Urgent
2023-07-30,Store001,SKU001,73,17.428571428571427,4.188524590163935,Urgent
2023-07-30,Store001,SKU002,71,10.285714285714286,6.902777777777778,Urgent
2023-07-30,Store001,SKU003,68,11.857142857142858,5.734939759036144,Urgent
2023-07-30,Store002,SKU001,17,12.571428571428571,1.3522727272727273,Critical
2023-07-30,Store002,SKU002,67,12.142857142857142,5.517647058823529,Urgent
2023-07-30,Store002,SKU003,78,11.142857142857142,7.0,Urgent
2023-07-30,Store003,SKU001,44,16.142857142857142,2.7256637168141595,Critical
2023-07-30,Store003,SKU002,85,12.571428571428571,6.761363636363637,Urgent
2023-07-30,Store003,SKU003,28,13.857142857142858,2.020618556701031,Critical
2023-07-31,Store001,SKU001,33,16.428571428571427,2.0086956521739134,Critical
2023-07-31,Store001,SKU002,36,11.142857142857142,3.230769230769231,Urgent
2023-07-31,Store001,SKU003,15,12.428571428571429,1.206896551724138,Critical
2023-07-31,Store002,SKU001,25,13.714285714285714,1.8229166666666667,Critical
2023-07-31,Store002,SKU002,20,13.571428571428571,1.4736842105263157,Critical
2023-07-31,Store002,SKU003,47,10.857142857142858,4.328947368421052,Urgent
2023-07-31,Store003,SKU001,11,18.142857142857142,0.6062992125984252,Critical
2023-07-31,Store003,SKU002,23,13.142857142857142,1.75,Critical
2023-07-31,Store003,SKU003,23,12.857142857142858,1.7888888888888888,Critical
2023-08-01,Store001,SKU001,75,16.428571428571427,4.565217391304349,Urgent
2023-08-01,Store001,SKU002,49,11.428571428571429,4.2875,Urgent
2023-08-01,Store001,SKU003,65,11.857142857142858,5.481927710843373,Urgent
2023-08-01,Store002,SKU001,86,15.571428571428571,5.522935779816514,Urgent
2023-08-01,Store002,SKU002,53,13.571428571428571,3.905263157894737,Urgent
2023-08-01,Store002,SKU003,94,10.571428571428571,8.891891891891891,Normal
2023-08-01,Store003,SKU001,10,16.285714285714285,0.6140350877192983,Critical
2023-08-01,Store003,SKU002,13,13.428571428571429,0.9680851063829787,Critical
2023-08-01,Store003,SKU003,52,9.714285714285714,5.352941176470589,Urgent
2023-08-02,Store001,SKU001,99,17.0,5.823529411764706,Urgent
2023-08-02,Store001,SKU002,62,11.571428571428571,5.3580246913580245,Urgent
2023-08-02,Store001,SKU003,53,11.428571428571429,4.6375,Urgent
2023-08-02,Store002,SKU001,23,15.714285714285714,1.4636363636363636,Critical
2023-08-02,Store002,SKU002,97,13.571428571428571,7.147368421052632,Normal
2023-08-02,Store002,SKU003,14,11.0,1.2727272727272727,Critical
2023-08-02,Store003,SKU001,69,17.142857142857142,4.025,Urgent
2023-08-02,Store003,SKU002,76,13.428571428571429,5.659574468085106,Urgent
2023-08-02,Store003,SKU003,93,9.428571428571429,9.863636363636363,Normal
2023-08-03,Store001,SKU001,22,16.857142857142858,1.3050847457627117,Critical
2023-08-03,Store001,SKU002,37,12.428571428571429,2.9770114942528734,Critical
2023-08-03,Store001,SKU003,99,12.285714285714286,8.05813953488372,Normal
2023-08-03,Store002,SKU001,93,16.285714285714285,5.710526315789474,Urgent
2023-08-03,Store002,SKU002,13,13.571428571428571,0.9578947368421052,Critical
2023-08-03,Store002,SKU003,93,11.857142857142858,7.843373493975903,Normal
2023-08-03,Store003,SKU001,59,16.428571428571427,3.591304347826087,Urgent
2023-08-03,Store003,SKU002,76,13.428571428571429,5.659574468085106,Urgent
2023-08-03,Store003,SKU003,67,10.285714285714286,6.513888888888888,Urgent
2023-08-04,Store001,SKU001,12,16.714285714285715,0.717948717948718,Critical
2023-08-04,Store001,SKU002,63,12.857142857142858,4.8999999999999995,Urgent
2023-08-04,Store001,SKU003,12,13.285714285714286,0.9032258064516129,Critical
2023-08-04,Store002,SKU001,39,16.0,2.4375,Critical
2023-08-04,Store002,SKU002,44,14.142857142857142,3.111111111111111,Urgent
2023-08-04,Store002,SKU003,67,12.428571428571429,5.390804597701149,Urgent
2023-08-04,Store003,SKU001,90,16.0,5.625,Urgent
2023-08-04,Store003,SKU002,39,13.857142857142858,2.8144329896907214,Critical
2023-08-04,Store003,SKU003,32,8.857142857142858,3.6129032258064515,Urgent
2023-08-05,Store001,SKU001,64,16.714285714285715,3.829059829059829,Urgent
2023-08-05,Store001,SKU002,14,15.142857142857142,0.9245283018867925,Critical
2023-08-05,Store001,SKU003,61,12.0,5.083333333333333,Urgent
2023-08-05,Store002,SKU001,69,17.857142857142858,3.864,Urgent
2023-08-05,Store002,SKU002,73,14.714285714285714,4.961165048543689,Urgent
2023-08-05,Store002,SKU003,43,10.714285714285714,4.013333333333334,Urgent
2023-08-05,Store003,SKU001,78,17.285714285714285,4.5123966942148765,Urgent
2023-08-05,Store003,SKU002,71,13.285714285714286,5.344086021505376,Urgent
2023-08-05,Store003,SKU003,43,8.571428571428571,5.016666666666667,Urgent
2023-08-06,Store001,SKU001,37,16.857142857142858,2.194915254237288,Critical
2023-08-06,Store001,SKU002,15,13.428571428571429,1.1170212765957446,Critical
2023-08-06,Store001,SKU003,39,11.285714285714286,3.4556962025316453,Urgent
2023-08-06,Store002,SKU001,10,18.142857142857142,0.5511811023622047,Critical
2023-08-06,Store002,SKU002,35,14.142857142857142,2.474747474747475,Critical
2023-08-06,Store002,SKU003,19,9.714285714285714,1.9558823529411766,Critical
2023-08-06,Store003,SKU001,80,15.285714285714286,5.233644859813084,Urgent
2023-08-06,Store003,SKU002,58,12.428571428571429,4.666666666666667,Urgent
2023-08-06,Store003,SKU003,79,8.0,9.875,Normal
2023-08-07,Store001,SKU001,61,17.428571428571427,3.5000000000000004,Urgent
2023-08-07,Store001,SKU002,94,13.571428571428571,6.926315789473684,Urgent
2023-08-07,Store001,SKU003,22,11.714285714285714,1.878048780487805,Critical
2023-08-07,Store002,SKU001,49,16.714285714285715,2.9316239316239314,Critical
2023-08-07,Store002,SKU002,13,12.857142857142858,1.011111111111111,Critical
2023-08-07,Store002,SKU003,41,9.857142857142858,4.159420289855072,Urgent
2023-08-07,Store003,SKU001,45,12.857142857142858,3.5,Urgent
2023-08-07,Store003,SKU002,31,11.285714285714286,2.7468354430379747,Critical
2023-08-07,Store003,SKU003,74,7.571428571428571,9.773584905660378,Normal
2023-08-08,Store001,SKU001,87,15.714285714285714,5.536363636363637,Urgent
2023-08-08,Store001,SKU002,99,14.428571428571429,6.861386138613861,Urgent
2023-08-08,Store001,SKU003,53,13.428571428571429,3.9468085106382977,Urgent
2023-08-08,Store002,SKU001,41,15.571428571428571,2.63302752293578,Critical
2023-08-08,Store002,SKU002,45,13.142857142857142,3.423913043478261,Urgent
2023-08-08,Store002,SKU003,84,10.857142857142858,7.7368421052631575,Normal
2023-08-08,Store003,SKU001,27,13.714285714285714,1.96875,Critical
2023-08-08,Store003,SKU002,51,9.714285714285714,5.25,Urgent
2023-08-08,Store003,SKU003,55,8.142857142857142,6.754385964912281,Urgent
2023-08-09,Store001,SKU001,72,14.285714285714286,5.04,Urgent
2023-08-09,Store001,SKU002,85,14.428571428571429,5.891089108910891,Urgent
2023-08-09,Store001,SKU003,75,13.0,5.769230769230769,Urgent
2023-08-09,Store002,SKU001,61,16.285714285714285,3.7456140350877196,Urgent
2023-08-09,Store002,SKU002,88,11.714285714285714,7.51219512195122,Normal
2023-08-09,Store002,SKU003,14,11.285714285714286,1.240506329113924,Critical
2023-08-09,Store003,SKU001,66,12.714285714285714,5.191011235955057,Urgent
2023-08-09,Store003,SKU002,53,9.428571428571429,5.621212121212121,Urgent
2023-08-09,Store003,SKU003,45,8.0,5.625,Urgent
2023-08-10,Store001,SKU001,73,14.428571428571429,5.0594059405940595,Urgent
2023-08-10,Store001,SKU002,68,15.571428571428571,4.366972477064221,Urgent
2023-08-10,Store001,SKU003,54,11.285714285714286,4.784810126582278,Urgent
2023-08-10,Store002,SKU001,14,16.428571428571427,0.8521739130434783,Critical
2023-08-10,Store002,SKU002,70,12.714285714285714,5.5056179775280905,Urgent
2023-08-10,Store002,SKU003,32,10.428571428571429,3.0684931506849313,Urgent
2023-08-10,Store003,SKU001,79,12.0,6.583333333333333,Urgent
2023-08-10,Store003,SKU002,31,8.428571428571429,3.6779661016949152,Urgent
2023-08-10,Store003,SKU003,46,7.428571428571429,6.1923076923076925,Urgent
2023-08-11,Store001,SKU001,43,12.571428571428571,3.4204545454545454,Urgent
2023-08-11,Store001,SKU002,14,14.142857142857142,0.98989898989899,Critical
2023-08-11,Store001,SKU003,36,10.857142857142858,3.31578947368421,Urgent
2023-08-11,Store002,SKU001,92,17.142857142857142,5.366666666666667,Urgent
2023-08-11,Store002,SKU002,80,11.428571428571429,7.0,Urgent
2023-08-11,Store002,SKU003,71,10.142857142857142,7.0,Urgent
2023-08-11,Store003,SKU001,39,12.285714285714286,3.1744186046511627,Urgent
2023-08-11,Store003,SKU002,29,8.0,3.625,Urgent
2023-08-11,Store003,SKU003,97,7.428571428571429,13.057692307692307,Normal
2023-08-12,Store001,SKU001,27,13.285714285714286,2.032258064516129,Critical
2023-08-12,Store001,SKU002,19,12.714285714285714,1.4943820224719102,Critical
2023-08-12,Store001,SKU003,59,11.714285714285714,5.036585365853659,Urgent
2023-08-12,Store002,SKU001,63,15.571428571428571,4.045871559633028,Urgent
2023-08-12,Store002,SKU002,21,11.428571428571429,1.8375,Critical
2023-08-12,Store002,SKU003,91,13.142857142857142,6.923913043478261,Urgent
2023-08-12,Store003,SKU001,78,12.428571428571429,6.275862068965517,Urgent
2023-08-12,Store003,SKU002,68,7.714285714285714,8.814814814814815,Normal
2023-08-12,Store003,SKU003,14,8.428571428571429,1.6610169491525424,Critical
2023-08-13,Store001,SKU001,13,11.428571428571429,1.1375,Critical
2023-08-13,Store001,SKU002,53,11.857142857142858,4.469879518072289,Urgent
2023-08-13,Store001,SKU003,28,12.0,2.3333333333333335,Critical
2023-08-13,Store002,SKU001,25,16.428571428571427,1.5217391304347827,Critical
2023-08-13,Store002,SKU002,22,10.142857142857142,2.1690140845070425,Critical
2023-08-13,Store002,SKU003,26,13.857142857142858,1.8762886597938144,Critical
2023-08-13,Store003,SKU001,21,11.857142857142858,1.7710843373493974,Critical
2023-08-13,Store003,SKU002,33,9.285714285714286,3.5538461538461537,Urgent
2023-08-13,Store003,SKU003,22,9.857142857142858,2.231884057971014,Critical
2023-08-14,Store001,SKU001,72,11.0,6.545454545454546,Urgent
2023-08-14,Store001,SKU002,66,11.571428571428571,5.703703703703704,Urgent
2023-08-14,Store001,SKU003,62,12.285714285714286,5.046511627906977,Urgent
2023-08-14,Store002,SKU001,99,16.714285714285715,5.9230769230769225,Urgent
2023-08-14,Store002,SKU002,21,10.142857142857142,2.0704225352112675,Critical
2023-08-14,Store002,SKU003,47,14.857142857142858,3.1634615384615383,Urgent
2023-08-14,Store003,SKU001,19,11.857142857142858,1.6024096385542168,Critical
2023-08-14,Store003,SKU002,41,11.714285714285714,3.5000000000000004,Urgent
2023-08-14,Store003,SKU003,70,10.0,7.0,Urgent
2023-08-15,Store001,SKU001,91,11.285714285714286,8.063291139240507,Normal
2023-08-15,Store001,SKU002,62,10.285714285714286,6.027777777777778,Urgent
2023-08-15,Store001,SKU003,61,11.285714285714286,5.40506329113924,Urgent
2023-08-15,Store002,SKU001,19,15.714285714285714,1.2090909090909092,Critical
2023-08-15,Store002,SKU002,73,10.142857142857142,7.19718309859155,Normal
2023-08-15,Store002,SKU003,88,14.285714285714286,6.159999999999999,Urgent
2023-08-15,Store003,SKU001,67,11.285714285714286,5.936708860759493,Urgent
2023-08-15,Store003,SKU002,71,12.571428571428571,5.6477272727272725,Urgent
2023-08-15,Store003,SKU003,93,10.428571428571429,8.917808219178083,Normal
2023-08-16,Store001,SKU001,23,12.142857142857142,1.8941176470588237,Critical
2023-08-16,Store001,SKU002,80,10.714285714285714,7.466666666666667,Normal
2023-08-16,Store001,SKU003,94,11.285714285714286,8.329113924050633,Normal
2023-08-16,Store002,SKU001,89,15.285714285714286,5.822429906542056,Urgent
2023-08-16,Store002,SKU002,80,12.285714285714286,6.511627906976744,Urgent
2023-08-16,Store002,SKU003,72,16.428571428571427,4.382608695652174,Urgent
2023-08-16,Store003,SKU001,84,10.285714285714286,8.166666666666666,Normal
2023-08-16,Store003,SKU002,64,13.0,4.923076923076923,Urgent
2023-08-16,Store003,SKU003,43,10.428571428571429,4.123287671232877,Urgent
2023-08-17,Store001,SKU001,55,12.142857142857142,4.529411764705882,Urgent
2023-08-17,Store001,SKU002,15,9.428571428571429,1.5909090909090908,Critical
2023-08-17,Store001,SKU003,86,11.857142857142858,7.253012048192771,Normal
2023-08-17,Store002,SKU001,99,14.142857142857142,7.0,Urgent
2023-08-17,Store002,SKU002,87,12.285714285714286,7.081395348837209,Normal
2023-08-17,Store002,SKU003,52,17.142857142857142,3.033333333333333,Urgent
2023-08-17,Store003,SKU001,92,10.428571428571429,8.821917808219178,Normal
2023-08-17,Store003,SKU002,59,12.571428571428571,4.693181818181818,Urgent
2023-08-17,Store003,SKU003,46,9.857142857142858,4.666666666666666,Urgent
2023-08-18,Store001,SKU001,52,15.714285714285714,3.309090909090909,Urgent
2023-08-18,Store001,SKU002,84,11.285714285714286,7.443037974683544,Normal
2023-08-18,Store001,SKU003,41,11.571428571428571,3.54320987654321,Urgent
2023-08-18,Store002,SKU001,96,12.285714285714286,7.813953488372093,Normal
2023-08-18,Store002,SKU002,77,11.428571428571429,6.7375,Urgent
2023-08-18,Store002,SKU003,65,17.857142857142858,3.6399999999999997,Urgent
2023-08-18,Store003,SKU001,80,11.0,7.2727272727272725,Normal
2023-08-18,Store003,SKU002,97,12.428571428571429,7.804597701149425,Normal
2023-08-18,Store003,SKU003,88,9.857142857142858,8.927536231884057,Normal
2023-08-19,Store001,SKU001,64,16.714285714285715,3.829059829059829,Urgent
2023-08-19,Store001,SKU002,79,10.714285714285714,7.373333333333334,Normal
2023-08-19,Store001,SKU003,19,10.285714285714286,1.847222222222222,Critical
2023-08-19,Store002,SKU001,64,13.714285714285714,4.666666666666667,Urgent
2023-08-19,Store002,SKU002,48,12.857142857142858,3.7333333333333334,Urgent
2023-08-19,Store002,SKU003,73,14.714285714285714,4.961165048543689,Urgent
2023-08-19,Store003,SKU001,11,11.714285714285714,0.9390243902439025,Critical
2023-08-19,Store003,SKU002,40,12.0,3.3333333333333335,Urgent
2023-08-19,Store003,SKU003,47,10.0,4.7,Urgent
2023-08-20,Store001,SKU001,87,17.714285714285715,4.911290322580645,Urgent
2023-08-20,Store001,SKU002,42,12.142857142857142,3.458823529411765,Urgent
2023-08-20,Store001,SKU003,11,9.285714285714286,1.1846153846153846,Critical
2023-08-20,Store002,SKU001,80,12.0,6.666666666666667,Urgent
2023-08-20,Store002,SKU002,77,14.142857142857142,5.444444444444445,Urgent
2023-08-20,Store002,SKU003,98,15.428571428571429,6.351851851851852,Urgent
2023-08-20,Store003,SKU001,82,12.0,6.833333333333333,Urgent
2023-08-20,Store003,SKU002,13,12.142857142857142,1.0705882352941176,Critical
2023-08-20,Store003,SKU003,77,8.857142857142858,8.693548387096774,Normal
2023-08-21,Store001,SKU001,10,17.285714285714285,0.578512396694215,Critical
2023-08-21,Store001,SKU002,22,11.571428571428571,1.9012345679012346,Critical
2023-08-21,Store001,SKU003,11,8.285714285714286,1.3275862068965516,Critical
2023-08-21,Store002,SKU001,85,10.571428571428571,8.04054054054054,Normal
2023-08-21,Store002,SKU002,82,13.857142857142858,5.917525773195876,Urgent
2023-08-21,Store002,SKU003,67,15.142857142857142,4.4245283018867925,Urgent
2023-08-21,Store003,SKU001,34,14.0,2.4285714285714284,Critical
2023-08-21,Store003,SKU002,26,11.428571428571429,2.275,Critical
2023-08-21,Store003,SKU003,50,8.571428571428571,5.833333333333334,Urgent
2023-08-22,Store001,SKU001,58,16.285714285714285,3.5614035087719302,Urgent
2023-08-22,Store001,SKU002,37,11.714285714285714,3.158536585365854,Urgent
2023-08-22,Store001,SKU003,29,8.428571428571429,3.4406779661016946,Urgent
2023-08-22,Store002,SKU001,55,11.714285714285714,4.695121951219512,Urgent
2023-08-22,Store002,SKU002,90,15.714285714285714,5.7272727272727275,Urgent
2023-08-22,Store002,SKU003,58,15.857142857142858,3.6576576576576576,Urgent
2023-08-22,Store003,SKU001,32,13.285714285714286,2.4086021505376345,Critical
2023-08-22,Store003,SKU002,57,11.571428571428571,4.925925925925926,Urgent
2023-08-22,Store003,SKU003,63,7.714285714285714,8.166666666666666,Normal
2023-08-23,Store001,SKU001,91,17.142857142857142,5.308333333333334,Urgent
2023-08-23,Store001,SKU002,64,11.571428571428571,5.530864197530864,Urgent
2023-08-23,Store001,SKU003,39,8.0,4.875,Urgent
2023-08-23,Store002,SKU001,14,13.0,1.0769230769230769,Critical
2023-08-23,Store002,SKU002,59,14.857142857142858,3.971153846153846,Urgent
2023-08-23,Store002,SKU003,57,12.428571428571429,4.586206896551724,Urgent
2023-08-23,Store003,SKU001,17,13.714285714285714,1.2395833333333335,Critical
2023-08-23,Store003,SKU002,32,11.428571428571429,2.8,Critical
2023-08-23,Store003,SKU003,71,7.428571428571429,9.557692307692307,Normal
2023-08-24,Store001,SKU001,22,17.285714285714285,1.2727272727272727,Critical
2023-08-24,Store001,SKU002,39,11.0,3.5454545454545454,Urgent
2023-08-24,Store001,SKU003,34,7.857142857142857,4.327272727272727,Urgent
2023-08-24,Store002,SKU001,43,13.285714285714286,3.236559139784946,Urgent
2023-08-24,Store002,SKU002,40,13.428571428571429,2.978723404255319,Critical
2023-08-24,Store002,SKU003,22,11.285714285714286,1.9493670886075949,Critical
2023-08-24,Store003,SKU001,67,15.714285714285714,4.263636363636364,Urgent
2023-08-24,Store003,SKU002,60,13.428571428571429,4.468085106382978,Urgent
2023-08-24,Store003,SKU003,67,7.571428571428571,8.849056603773585,Normal
2023-08-25,Store001,SKU001,18,16.428571428571427,1.0956521739130436,Critical
2023-08-25,Store001,SKU002,22,10.142857142857142,2.1690140845070425,Critical
2023-08-25,Store001,SKU003,71,10.0,7.1,Normal
2023-08-25,Store002,SKU001,83,14.571428571428571,5.696078431372549,Urgent
2023-08-25,Store002,SKU002,21,13.571428571428571,1.5473684210526315,Critical
2023-08-25,Store002,SKU003,73,10.0,7.3,Normal
2023-08-25,Store003,SKU001,62,16.0,3.875,Urgent
2023-08-25,Store003,SKU002,41,12.571428571428571,3.2613636363636362,Urgent
2023-08-25,Store003,SKU003,99,8.142857142857142,12.157894736842106,Normal
2023-08-26,Store001,SKU001,85,12.857142857142858,6.611111111111111,Urgent
2023-08-26,Store001,SKU002,13,11.285714285714286,1.1518987341772151,Critical
2023-08-26,Store001,SKU003,11,11.0,1.0,Critical
2023-08-26,Store002,SKU001,47,12.428571428571429,3.781609195402299,Urgent
2023-08-26,Store002,SKU002,60,12.285714285714286,4.883720930232558,Urgent
2023-08-26,Store002,SKU003,91,11.285714285714286,8.063291139240507,Normal
2023-08-26,Store003,SKU001,98,14.714285714285714,6.660194174757282,Urgent
2023-08-26,Store003,SKU002,53,13.428571428571429,3.9468085106382977,Urgent
2023-08-26,Store003,SKU003,47,7.0,6.714285714285714,Urgent
2023-08-27,Store001,SKU001,66,13.857142857142858,4.762886597938144,Urgent
2023-08-27,Store001,SKU002,72,11.285714285714286,6.379746835443037,Urgent
2023-08-27,Store001,SKU003,29,10.857142857142858,2.6710526315789473,Critical
2023-08-27,Store002,SKU001,40,11.857142857142858,3.373493975903614,Urgent
2023-08-27,Store002,SKU002,62,14.142857142857142,4.383838383838384,Urgent
2023-08-27,Store002,SKU003,88,9.714285714285714,9.058823529411766,Normal
2023-08-27,Store003,SKU001,75,18.142857142857142,4.133858267716535,Urgent
2023-08-27,Store003,SKU002,22,13.0,1.6923076923076923,Critical
2023-08-27,Store003,SKU003,36,8.0,4.5,Urgent
2023-08-28,Store001,SKU001,98,13.571428571428571,7.221052631578948,Normal
2023-08-28,Store001,SKU002,57,11.285714285714286,5.0506329113924044,Urgent
2023-08-28,Store001,SKU003,92,10.857142857142858,8.473684210526315,Normal
2023-08-28,Store002,SKU001,99,11.571428571428571,8.555555555555555,Normal
2023-08-28,Store002,SKU002,88,14.142857142857142,6.222222222222222,Urgent
2023-08-28,Store002,SKU003,26,9.142857142857142,2.84375,Critical
2023-08-28,Store003,SKU001,87,17.0,5.117647058823529,Urgent
2023-08-28,Store003,SKU002,94,11.714285714285714,8.02439024390244,Normal
2023-08-28,Store003,SKU003,54,9.285714285714286,5.815384615384615,Urgent
2023-08-29,Store001,SKU001,48,13.857142857142858,3.4639175257731956,Urgent
2023-08-29,Store001,SKU002,78,11.857142857142858,6.578313253012048,Urgent
2023-08-29,Store001,SKU003,39,9.142857142857142,4.265625,Urgent
2023-08-29,Store002,SKU001,89,10.571428571428571,8.41891891891892,Normal
2023-08-29,Store002,SKU002,10,12.714285714285714,0.7865168539325843,Critical
2023-08-29,Store002,SKU003,56,9.571428571428571,5.850746268656716,Urgent
2023-08-29,Store003,SKU001,60,17.714285714285715,3.387096774193548,Urgent
2023-08-29,Store003,SKU002,74,11.714285714285714,6.317073170731708,Urgent
2023-08-29,Store003,SKU003,74,10.142857142857142,7.295774647887324,Normal
2023-08-30,Store001,SKU001,62,12.857142857142858,4.822222222222222,Urgent
2023-08-30,Store001,SKU002,83,11.428571428571429,7.2625,Normal
2023-08-30,Store001,SKU003,17,9.0,1.8888888888888888,Critical
2023-08-30,Store002,SKU001,20,9.714285714285714,2.058823529411765,Critical
2023-08-30,Store002,SKU002,17,13.571428571428571,1.2526315789473685,Critical
2023-08-30,Store002,SKU003,74,9.428571428571429,7.848484848484849,Normal
2023-08-30,Store003,SKU001,86,18.142857142857142,4.740157480314961,Urgent
2023-08-30,Store003,SKU002,75,11.142857142857142,6.730769230769231,Urgent
2023-08-30,Store003,SKU003,18,12.428571428571429,1.4482758620689655,Critical
2023-08-31,Store001,SKU001,69,11.0,6.2727272727272725,Urgent
2023-08-31,Store001,SKU002,34,11.857142857142858,2.867469879518072,Critical
2023-08-31,Store001,SKU003,61,8.714285714285714,7.000000000000001,Normal
2023-08-31,Store002,SKU001,36,9.857142857142858,3.652173913043478,Urgent
2023-08-31,Store002,SKU002,28,13.714285714285714,2.041666666666667,Critical
2023-08-31,Store002,SKU003,65,9.571428571428571,6.791044776119403,Urgent
2023-08-31,Store003,SKU001,80,16.0,5.0,Urgent
2023-08-31,Store003,SKU002,89,9.571428571428571,9.298507462686567,Normal
2023-08-31,Store003,SKU003,56,12.428571428571429,4.505747126436781,Urgent
2023-09-01,Store001,SKU001,40,10.857142857142858,3.6842105263157894,Urgent
2023-09-01,Store001,SKU002,47,11.714285714285714,4.01219512195122,Urgent
2023-09-01,Store001,SKU003,91,7.0,13.0,Normal
2023-09-01,Store002,SKU001,89,9.571428571428571,9.298507462686567,Normal
2023-09-01,Store002,SKU002,61,14.571428571428571,4.186274509803922,Urgent
2023-09-01,Store002,SKU003,13,10.0,1.3,Critical
2023-09-01,Store003,SKU001,55,15.571428571428571,3.532110091743119,Urgent
2023-09-01,Store003,SKU002,77,11.0,7.0,Urgent
2023-09-01,Store003,SKU003,71,11.285714285714286,6.291139240506329,Urgent
2023-09-02,Store001,SKU001,89,11.571428571428571,7.691358024691358,Normal
2023-09-02,Store001,SKU002,86,10.571428571428571,8.135135135135135,Normal
2023-09-02,Store001,SKU003,88,6.285714285714286,14.0,Normal
2023-09-02,Store002,SKU001,95,11.714285714285714,8.109756097560975,Normal
2023-09-02,Store002,SKU002,51,13.285714285714286,3.8387096774193545,Urgent
2023-09-02,Store002,SKU003,99,9.428571428571429,10.5,Normal
2023-09-02,Store003,SKU001,54,15.571428571428571,3.467889908256881,Urgent
2023-09-02,Store003,SKU002,13,10.285714285714286,1.2638888888888888,Critical
2023-09-02,Store003,SKU003,50,10.714285714285714,4.666666666666667,Urgent
2023-09-03,Store001,SKU001,61,12.857142857142858,4.7444444444444445,Urgent
2023-09-03,Store001,SKU002,19,11.428571428571429,1.6624999999999999,Critical
2023-09-03,Store001,SKU003,47,6.714285714285714,7.0,Urgent
2023-09-03,Store002,SKU001,47,14.142857142857142,3.3232323232323235,Urgent
2023-09-03,Store002,SKU002,27,11.571428571428571,2.3333333333333335,Critical
2023-09-03,Store002,SKU003,64,9.0,7.111111111111111,Normal
2023-09-03,Store003,SKU001,13,13.0,1.0,Critical
2023-09-03,Store003,SKU002,95,9.857142857142858,9.63768115942029,Normal
2023-09-03,Store003,SKU003,24,9.142857142857142,2.625,Critical
2023-09-04,Store001,SKU001,47,13.285714285714286,3.5376344086021505,Urgent
2023-09-04,Store001,SKU002,58,12.0,4.833333333333333,Urgent
2023-09-04,Store001,SKU003,15,7.142857142857143,2.1,Critical
2023-09-04,Store002,SKU001,28,15.714285714285714,1.781818181818182,Critical
2023-09-04,Store002,SKU002,38,11.571428571428571,3.2839506172839505,Urgent
2023-09-04,Store002,SKU003,61,8.571428571428571,7.116666666666667,Normal
2023-09-04,Store003,SKU001,48,13.142857142857142,3.6521739130434785,Urgent
2023-09-04,Store003,SKU002,80,9.714285714285714,8.23529411764706,Normal
2023-09-04,Store003,SKU003,30,8.714285714285714,3.4426229508196724,Urgent
2023-09-05,Store001,SKU001,10,13.857142857142858,0.7216494845360825,Critical
2023-09-05,Store001,SKU002,76,11.571428571428571,6.567901234567901,Urgent
2023-09-05,Store001,SKU003,29,7.285714285714286,3.980392156862745,Urgent
2023-09-05,Store002,SKU001,99,15.428571428571429,6.416666666666667,Urgent
2023-09-05,Store002,SKU002,59,10.428571428571429,5.657534246575342,Urgent
2023-09-05,Store002,SKU003,81,7.428571428571429,10.903846153846153,Normal
2023-09-05,Store003,SKU001,87,14.428571428571429,6.02970297029703,Urgent
2023-09-05,Store003,SKU002,18,9.714285714285714,1.8529411764705883,Critical
2023-09-05,Store003,SKU003,55,8.285714285714286,6.637931034482758,Urgent
2023-09-06,Store001,SKU001,90,14.428571428571429,6.237623762376238,Urgent
2023-09-06,Store001,SKU002,24,11.571428571428571,2.074074074074074,Critical
2023-09-06,Store001,SKU003,75,8.857142857142858,8.46774193548387,Normal
2023-09-06,Store002,SKU001,90,15.714285714285714,5.7272727272727275,Urgent
2023-09-06,Store002,SKU002,72,9.714285714285714,7.411764705882353,Normal
2023-09-06,Store002,SKU003,59,8.714285714285714,6.770491803278689,Urgent
2023-09-06,Store003,SKU001,81,15.428571428571429,5.25,Urgent
2023-09-06,Store003,SKU002,79,9.285714285714286,8.507692307692308,Normal
2023-09-06,Store003,SKU003,20,7.142857142857143,2.8,Critical
2023-09-07,Store001,SKU001,37,15.714285714285714,2.3545454545454545,Critical
2023-09-07,Store001,SKU002,35,12.428571428571429,2.8160919540229883,Critical
2023-09-07,Store001,SKU003,72,8.714285714285714,8.262295081967213,Normal
2023-09-07,Store002,SKU001,20,15.285714285714286,1.308411214953271,Critical
2023-09-07,Store002,SKU002,87,10.142857142857142,8.577464788732394,Normal
2023-09-07,Store002,SKU003,31,9.142857142857142,3.390625,Urgent
2023-09-07,Store003,SKU001,88,16.857142857142858,5.220338983050847,Urgent
2023-09-07,Store003,SKU002,12,11.0,1.0909090909090908,Critical
2023-09-07,Store003,SKU003,44,8.0,5.5,Urgent
2023-09-08,Store001,SKU001,32,16.0,2.0,Critical
2023-09-08,Store001,SKU002,63,12.714285714285714,4.955056179775281,Urgent
2023-09-08,Store001,SKU003,62,8.428571428571429,7.3559322033898304,Normal
2023-09-08,Store002,SKU001,85,15.714285714285714,5.409090909090909,Urgent
2023-09-08,Store002,SKU002,79,10.428571428571429,7.575342465753424,Normal
2023-09-08,Store002,SKU003,21,9.571428571428571,2.1940298507462686,Critical
2023-09-08,Store003,SKU001,87,17.571428571428573,4.951219512195122,Urgent
2023-09-08,Store003,SKU002,53,9.571428571428571,5.537313432835821,Urgent
2023-09-08,Store003,SKU003,80,8.857142857142858,9.032258064516128,Normal
2023-09-09,Store001,SKU001,77,16.571428571428573,4.646551724137931,Urgent
2023-09-09,Store001,SKU002,65,12.428571428571429,5.2298850574712645,Urgent
2023-09-09,Store001,SKU003,71,8.857142857142858,8.016129032258064,Normal
2023-09-09,Store002,SKU001,49,13.428571428571429,3.648936170212766,Urgent
2023-09-09,Store002,SKU002,32,11.428571428571429,2.8,Critical
2023-09-09,Store002,SKU003,13,9.142857142857142,1.421875,Critical
2023-09-09,Store003,SKU001,18,16.285714285714285,1.105263157894737,Critical
2023-09-09,Store003,SKU002,45,10.428571428571429,4.315068493150685,Urgent
2023-09-09,Store003,SKU003,79,10.428571428571429,7.575342465753424,Normal
2023-09-10,Store001,SKU001,75,15.142857142857142,4.952830188679245,Urgent
2023-09-10,Store001,SKU002,99,11.0,9.0,Normal
2023-09-10,Store001,SKU003,30,7.714285714285714,3.888888888888889,Urgent
2023-09-10,Store002,SKU001,46,10.285714285714286,4.472222222222222,Urgent
2023-09-10,Store002,SKU002,68,11.285714285714286,6.025316455696202,Urgent
2023-09-10,Store002,SKU003,50,9.142857142857142,5.46875,Urgent
2023-09-10,Store003,SKU001,52,15.142857142857142,3.4339622641509435,Urgent
2023-09-10,Store003,SKU002,99,11.142857142857142,8.884615384615385,Normal
2023-09-10,Store003,SKU003,73,10.142857142857142,7.19718309859155,Normal
2023-09-11,Store001,SKU001,59,15.0,3.933333333333333,Urgent
2023-09-11,Store001,SKU002,36,11.142857142857142,3.230769230769231,Urgent
2023-09-11,Store001,SKU003,74,8.0,9.25,Normal
2023-09-11,Store002,SKU001,78,10.142857142857142,7.690140845070423,Normal
2023-09-11,Store002,SKU002,29,11.857142857142858,2.4457831325301203,Critical
2023-09-11,Store002,SKU003,59,8.857142857142858,6.661290322580645,Urgent
2023-09-11,Store003,SKU001,80,13.857142857142858,5.77319587628866,Urgent
2023-09-11,Store003,SKU002,89,11.142857142857142,7.987179487179487,Normal
2023-09-11,Store003,SKU003,82,10.428571428571429,7.863013698630136,Normal
2023-09-12,Store001,SKU001,52,15.0,3.466666666666667,Urgent
2023-09-12,Store001,SKU002,61,10.714285714285714,5.693333333333333,Urgent
2023-09-12,Store001,SKU003,69,9.285714285714286,7.43076923076923,Normal
2023-09-12,Store002,SKU001,35,11.0,3.1818181818181817,Urgent
2023-09-12,Store002,SKU002,68,12.714285714285714,5.348314606741574,Urgent
2023-09-12,Store002,SKU003,14,8.285714285714286,1.689655172413793,Critical
2023-09-12,Store003,SKU001,46,12.285714285714286,3.744186046511628,Urgent
2023-09-12,Store003,SKU002,93,11.571428571428571,8.037037037037038,Normal
2023-09-12,Store003,SKU003,90,10.857142857142858,8.289473684210526,Normal
2023-09-13,Store001,SKU001,69,13.857142857142858,4.979381443298969,Urgent
2023-09-13,Store001,SKU002,80,10.285714285714286,7.777777777777777,Normal
2023-09-13,Store001,SKU003,62,8.0,7.75,Normal
2023-09-13,Store002,SKU001,90,10.142857142857142,8.873239436619718,Normal
2023-09-13,Store002,SKU002,57,11.571428571428571,4.925925925925926,Urgent
2023-09-13,Store002,SKU003,15,7.428571428571429,2.019230769230769,Critical
2023-09-13,Store003,SKU001,65,10.714285714285714,6.066666666666667,Urgent
2023-09-13,Store003,SKU002,99,12.857142857142858,7.699999999999999,Normal
2023-09-13,Store003,SKU003,81,9.857142857142858,8.217391304347826,Normal
2023-09-14,Store001,SKU001,71,13.285714285714286,5.344086021505376,Urgent
2023-09-14,Store001,SKU002,38,9.428571428571429,4.03030303030303,Urgent
2023-09-14,Store001,SKU003,73,8.714285714285714,8.37704918032787,Normal
2023-09-14,Store002,SKU001,24,12.285714285714286,1.9534883720930232,Critical
2023-09-14,Store002,SKU002,62,12.428571428571429,4.988505747126436,Urgent
2023-09-14,Store002,SKU003,52,6.714285714285714,7.74468085106383,Normal
2023-09-14,Store003,SKU001,91,9.714285714285714,9.36764705882353,Normal
2023-09-14,Store003,SKU002,66,12.285714285714286,5.372093023255814,Urgent
2023-09-14,Store003,SKU003,61,9.0,6.777777777777778,Urgent
2023-09-15,Store001,SKU001,33,11.857142857142858,2.783132530120482,Critical
2023-09-15,Store001,SKU002,21,9.285714285714286,2.2615384615384615,Critical
2023-09-15,Store001,SKU003,86,8.285714285714286,10.379310344827585,Normal
2023-09-15,Store002,SKU001,94,12.571428571428571,7.4772727272727275,Normal
2023-09-15,Store002,SKU002,50,11.714285714285714,4.2682926829268295,Urgent
2023-09-15,Store002,SKU003,47,6.142857142857143,7.651162790697674,Normal
2023-09-15,Store003,SKU001,15,9.285714285714286,1.6153846153846152,Critical
2023-09-15,Store003,SKU002,98,13.428571428571429,7.297872340425532,Normal
2023-09-15,Store003,SKU003,45,8.714285714285714,5.163934426229509,Urgent
2023-09-16,Store001,SKU001,11,11.0,1.0,Critical
2023-09-16,Store001,SKU002,45,9.428571428571429,4.7727272727272725,Urgent
2023-09-16,Store001,SKU003,63,8.571428571428571,7.3500000000000005,Normal
2023-09-16,Store002,SKU001,41,13.571428571428571,3.0210526315789474,Urgent
2023-09-16,Store002,SKU002,21,12.142857142857142,1.7294117647058824,Critical
2023-09-16,Store002,SKU003,11,5.714285714285714,1.925,Critical
2023-09-16,Store003,SKU001,18,9.428571428571429,1.909090909090909,Critical
2023-09-16,Store003,SKU002,99,13.857142857142858,7.144329896907216,Normal
2023-09-16,Store003,SKU003,45,7.857142857142857,5.7272727272727275,Urgent
2023-09-17,Store001,SKU001,19,8.714285714285714,2.180327868852459,Critical
2023-09-17,Store001,SKU002,46,9.857142857142858,4.666666666666666,Urgent
2023-09-17,Store001,SKU003,33,9.714285714285714,3.397058823529412,Urgent
2023-09-17,Store002,SKU001,78,16.857142857142858,4.627118644067797,Urgent
2023-09-17,Store002,SKU002,10,12.428571428571429,0.8045977011494253,Critical
2023-09-17,Store002,SKU003,15,4.571428571428571,3.28125,Urgent
2023-09-17,Store003,SKU001,29,10.0,2.9,Critical
2023-09-17,Store003,SKU002,82,12.428571428571429,6.597701149425287,Urgent
2023-09-17,Store003,SKU003,99,8.428571428571429,11.745762711864407,Normal
2023-09-18,Store001,SKU001,22,8.571428571428571,2.566666666666667,Critical
2023-09-18,Store001,SKU002,82,9.428571428571429,8.696969696969697,Normal
2023-09-18,Store001,SKU003,38,9.142857142857142,4.15625,Urgent
2023-09-18,Store002,SKU001,76,16.285714285714285,4.666666666666667,Urgent
2023-09-18,Store002,SKU002,96,12.142857142857142,7.905882352941177,Normal
2023-09-18,Store002,SKU003,92,5.142857142857143,17.88888888888889,Safe
2023-09-18,Store003,SKU001,88,12.714285714285714,6.921348314606742,Urgent
2023-09-18,Store003,SKU002,25,12.428571428571429,2.0114942528735633,Critical
2023-09-18,Store003,SKU003,19,8.142857142857142,2.3333333333333335,Critical
2023-09-19,Store001,SKU001,22,10.857142857142858,2.026315789473684,Critical
2023-09-19,Store001,SKU002,27,10.142857142857142,2.6619718309859155,Critical
2023-09-19,Store001,SKU003,33,8.571428571428571,3.85,Urgent
2023-09-19,Store002,SKU001,93,16.0,5.8125,Urgent
2023-09-19,Store002,SKU002,68,13.0,5.230769230769231,Urgent
2023-09-19,Store002,SKU003,52,6.714285714285714,7.74468085106383,Normal
2023-09-19,Store003,SKU001,37,14.571428571428571,2.5392156862745097,Critical
2023-09-19,Store003,SKU002,99,12.285714285714286,8.05813953488372,Normal
2023-09-19,Store003,SKU003,59,8.428571428571429,7.0,Urgent
2023-09-20,Store001,SKU001,79,10.714285714285714,7.373333333333334,Normal
2023-09-20,Store001,SKU002,55,10.428571428571429,5.273972602739726,Urgent
2023-09-20,Store001,SKU003,67,9.142857142857142,7.328125,Normal
2023-09-20,Store002,SKU001,43,16.142857142857142,2.663716814159292,Critical
2023-09-20,Store002,SKU002,20,14.142857142857142,1.4141414141414141,Critical
2023-09-20,Store002,SKU003,72,5.857142857142857,12.292682926829269,Normal
2023-09-20,Store003,SKU001,84,15.142857142857142,5.547169811320755,Urgent
2023-09-20,Store003,SKU002,12,11.571428571428571,1.037037037037037,Critical
2023-09-20,Store003,SKU003,59,8.857142857142858,6.661290322580645,Urgent
2023-09-21,Store001,SKU001,28,11.428571428571429,2.4499999999999997,Critical
2023-09-21,Store001,SKU002,48,10.0,4.8,Urgent
2023-09-21,Store001,SKU003,84,8.571428571428571,9.8,Normal
2023-09-21,Store002,SKU001,35,13.285714285714286,2.6344086021505375,Critical
2023-09-21,Store002,SKU002,14,13.857142857142858,1.0103092783505154,Critical
2023-09-21,Store002,SKU003,65,6.142857142857143,10.581395348837209,Normal
2023-09-21,Store003,SKU001,50,15.142857142857142,3.30188679245283,Urgent
2023-09-21,Store003,SKU002,57,11.0,5.181818181818182,Urgent
2023-09-21,Store003,SKU003,54,8.857142857142858,6.096774193548387,Urgent
2023-09-22,Store001,SKU001,24,10.571428571428571,2.27027027027027,Critical
2023-09-22,Store001,SKU002,35,9.571428571428571,3.656716417910448,Urgent
2023-09-22,Store001,SKU003,60,10.0,6.0,Urgent
2023-09-22,Store002,SKU001,52,11.571428571428571,4.493827160493828,Urgent
2023-09-22,Store002,SKU002,77,14.428571428571429,5.336633663366337,Urgent
2023-09-22,Store002,SKU003,12,6.142857142857143,1.9534883720930232,Critical
2023-09-22,Store003,SKU001,51,14.571428571428571,3.5,Urgent
2023-09-22,Store003,SKU002,56,10.285714285714286,5.444444444444444,Urgent
2023-09-22,Store003,SKU003,10,9.142857142857142,1.09375,Critical
2023-09-23,Store001,SKU001,97,11.428571428571429,8.487499999999999,Normal
2023-09-23,Store001,SKU002,75,10.0,7.5,Normal
2023-09-23,Store001,SKU003,44,9.428571428571429,4.666666666666667,Urgent
2023-09-23,Store002,SKU001,44,11.571428571428571,3.802469135802469,Urgent
2023-09-23,Store002,SKU002,87,13.142857142857142,6.619565217391305,Urgent
2023-09-23,Store002,SKU003,42,6.142857142857143,6.837209302325581,Urgent
2023-09-23,Store003,SKU001,18,16.0,1.125,Critical
2023-09-23,Store003,SKU002,31,11.714285714285714,2.6463414634146343,Critical
2023-09-23,Store003,SKU003,43,9.571428571428571,4.492537313432836,Urgent
2023-09-24,Store001,SKU001,52,12.428571428571429,4.183908045977011,Urgent
2023-09-24,Store001,SKU002,60,9.428571428571429,6.363636363636363,Urgent
2023-09-24,Store001,SKU003,67,9.428571428571429,7.1060606060606055,Normal
2023-09-24,Store002,SKU001,99,9.571428571428571,10.343283582089553,Normal
2023-09-24,Store002,SKU002,58,12.142857142857142,4.776470588235294,Urgent
2023-09-24,Store002,SKU003,71,7.142857142857143,9.94,Normal
2023-09-24,Store003,SKU001,55,14.857142857142858,3.7019230769230766,Urgent
2023-09-24,Store003,SKU002,42,12.285714285714286,3.4186046511627906,Urgent
2023-09-24,Store003,SKU003,12,10.571428571428571,1.135135135135135,Critical
2023-09-25,Store001,SKU001,52,12.285714285714286,4.232558139534883,Urgent
2023-09-25,Store001,SKU002,60,9.857142857142858,6.08695652173913,Urgent
2023-09-25,Store001,SKU003,94,9.0,10.444444444444445,Normal
2023-09-25,Store002,SKU001,67,8.857142857142858,7.564516129032258,Normal
2023-09-25,Store002,SKU002,27,11.714285714285714,2.304878048780488,Critical
2023-09-25,Store002,SKU003,18,6.714285714285714,2.6808510638297873,Critical
2023-09-25,Store003,SKU001,21,13.142857142857142,1.5978260869565217,Critical
2023-09-25,Store003,SKU002,12,12.714285714285714,0.9438202247191012,Critical
2023-09-25,Store003,SKU003,22,10.857142857142858,2.026315789473684,Critical
2023-09-26,Store001,SKU001,22,10.571428571428571,2.081081081081081,Critical
2023-09-26,Store001,SKU002,20,9.571428571428571,2.0895522388059704,Critical
2023-09-26,Store001,SKU003,48,9.714285714285714,4.9411764705882355,Urgent
2023-09-26,Store002,SKU001,33,9.428571428571429,3.5,Urgent
2023-09-26,Store002,SKU002,58,11.0,5.2727272727272725,Urgent
2023-09-26,Store002,SKU003,15,5.0,3.0,Critical
2023-09-26,Store003,SKU001,29,11.285714285714286,2.569620253164557,Critical
2023-09-26,Store003,SKU002,64,12.714285714285714,5.033707865168539,Urgent
2023-09-26,Store003,SKU003,85,10.285714285714286,8.263888888888888,Normal
2023-09-27,Store001,SKU001,45,10.428571428571429,4.315068493150685,Urgent
2023-09-27,Store001,SKU002,69,10.142857142857142,6.802816901408451,Urgent
2023-09-27,Store001,SKU003,81,10.0,8.1,Normal
2023-09-27,Store002,SKU001,26,10.142857142857142,2.563380281690141,Critical
2023-09-27,Store002,SKU002,68,10.142857142857142,6.704225352112676,Urgent
2023-09-27,Store002,SKU003,60,6.571428571428571,9.130434782608695,Normal
2023-09-27,Store003,SKU001,87,10.714285714285714,8.120000000000001,Normal
2023-09-27,Store003,SKU002,94,11.857142857142858,7.927710843373494,Normal
2023-09-27,Store003,SKU003,62,9.571428571428571,6.477611940298508,Urgent
2023-09-28,Store001,SKU001,59,9.428571428571429,6.257575757575758,Urgent
2023-09-28,Store001,SKU002,41,11.285714285714286,3.632911392405063,Urgent
2023-09-28,Store001,SKU003,39,10.142857142857142,3.8450704225352115,Urgent
2023-09-28,Store002,SKU001,38,10.428571428571429,3.643835616438356,Urgent
2023-09-28,Store002,SKU002,85,10.571428571428571,8.04054054054054,Normal
2023-09-28,Store002,SKU003,63,7.285714285714286,8.647058823529411,Normal
2023-09-28,Store003,SKU001,91,9.857142857142858,9.231884057971014,Normal
2023-09-28,Store003,SKU002,62,11.285714285714286,5.493670886075949,Urgent
2023-09-28,Store003,SKU003,69,10.285714285714286,6.708333333333333,Urgent
2023-09-29,Store001,SKU001,93,10.0,9.3,Normal
2023-09-29,Store001,SKU002,65,12.571428571428571,5.170454545454546,Urgent
2023-09-29,Store001,SKU003,64,8.285714285714286,7.724137931034482,Normal
2023-09-29,Store002,SKU001,77,11.285714285714286,6.822784810126582,Urgent
2023-09-29,Store002,SKU002,46,10.571428571428571,4.351351351351352,Urgent
2023-09-29,Store002,SKU003,21,8.142857142857142,2.5789473684210527,Critical
2023-09-29,Store003,SKU001,35,10.428571428571429,3.356164383561644,Urgent
2023-09-29,Store003,SKU002,15,11.428571428571429,1.3125,Critical
2023-09-29,Store003,SKU003,14,10.285714285714286,1.361111111111111,Critical
2023-09-30,Store001,SKU001,95,8.428571428571429,11.271186440677965,Normal
2023-09-30,Store001,SKU002,49,12.714285714285714,3.8539325842696632,Urgent
2023-09-30,Store001,SKU003,99,9.142857142857142,10.828125,Normal
2023-09-30,Store002,SKU001,38,11.571428571428571,3.2839506172839505,Urgent
2023-09-30,Store002,SKU002,25,10.285714285714286,2.4305555555555554,Critical
2023-09-30,Store002,SKU003,27,9.428571428571429,2.8636363636363638,Critical
2023-09-30,Store003,SKU001,97,9.428571428571429,10.287878787878787,Normal
2023-09-30,Store003,SKU002,33,9.571428571428571,3.4477611940298507,Urgent
2023-09-30,Store003,SKU003,83,9.571428571428571,8.671641791044776,Normal
2023-10-01,Store001,SKU001,23,8.142857142857142,2.8245614035087723,Critical
2023-10-01,Store001,SKU002,24,13.714285714285714,1.75,Critical
2023-10-01,Store001,SKU003,73,8.571428571428571,8.516666666666667,Normal
2023-10-01,Store002,SKU001,55,11.571428571428571,4.753086419753086,Urgent
2023-10-01,Store002,SKU002,10,9.714285714285714,1.0294117647058825,Critical
2023-10-01,Store002,SKU003,73,10.714285714285714,6.8133333333333335,Urgent
2023-10-01,Store003,SKU001,85,9.0,9.444444444444445,Normal
2023-10-01,Store003,SKU002,28,9.714285714285714,2.882352941176471,Critical
2023-10-01,Store003,SKU003,34,8.571428571428571,3.966666666666667,Urgent
2023-10-02,Store001,SKU001,55,8.142857142857142,6.754385964912281,Urgent
2023-10-02,Store001,SKU002,65,13.285714285714286,4.89247311827957,Urgent
2023-10-02,Store001,SKU003,76,8.571428571428571,8.866666666666667,Normal
2023-10-02,Store002,SKU001,37,11.857142857142858,3.120481927710843,Urgent
2023-10-02,Store002,SKU002,72,10.142857142857142,7.098591549295775,Normal
2023-10-02,Store002,SKU003,57,11.428571428571429,4.9875,Urgent
2023-10-02,Store003,SKU001,27,9.0,3.0,Critical
2023-10-02,Store003,SKU002,35,9.714285714285714,3.6029411764705883,Urgent
2023-10-02,Store003,SKU003,81,7.857142857142857,10.30909090909091,Normal
2023-10-03,Store001,SKU001,11,7.857142857142857,1.4000000000000001,Critical
2023-10-03,Store001,SKU002,68,12.857142857142858,5.288888888888889,Urgent
2023-10-03,Store001,SKU003,88,7.285714285714286,12.07843137254902,Normal
2023-10-03,Store002,SKU001,75,10.714285714285714,7.000000000000001,Normal
2023-10-03,Store002,SKU002,47,9.571428571428571,4.91044776119403,Urgent
2023-10-03,Store002,SKU003,13,12.428571428571429,1.0459770114942528,Critical
2023-10-03,Store003,SKU001,45,9.142857142857142,4.921875,Urgent
2023-10-03,Store003,SKU002,73,9.0,8.11111111111111,Normal
2023-10-03,Store003,SKU003,59,7.857142857142857,7.50909090909091,Normal
2023-10-04,Store001,SKU001,45,9.0,5.0,Urgent
2023-10-04,Store001,SKU002,55,12.142857142857142,4.529411764705882,Urgent
2023-10-04,Store001,SKU003,92,8.285714285714286,11.103448275862068,Normal
2023-10-04,Store002,SKU001,29,10.428571428571429,2.780821917808219,Critical
2023-10-04,Store002,SKU002,73,9.857142857142858,7.405797101449275,Normal
2023-10-04,Store002,SKU003,53,11.571428571428571,4.580246913580247,Urgent
2023-10-04,Store003,SKU001,41,8.857142857142858,4.629032258064516,Urgent
2023-10-04,Store003,SKU002,59,9.571428571428571,6.164179104477612,Urgent
2023-10-04,Store003,SKU003,46,7.428571428571429,6.1923076923076925,Urgent
2023-10-05,Store001,SKU001,10,10.0,1.0,Critical
2023-10-05,Store001,SKU002,77,11.857142857142858,6.493975903614458,Urgent
2023-10-05,Store001,SKU003,22,8.714285714285714,2.5245901639344264,Critical
2023-10-05,Store002,SKU001,35,10.714285714285714,3.266666666666667,Urgent
2023-10-05,Store002,SKU002,52,7.714285714285714,6.7407407407407405,Urgent
2023-10-05,Store002,SKU003,39,11.0,3.5454545454545454,Urgent
2023-10-05,Store003,SKU001,74,10.0,7.4,Normal
2023-10-05,Store003,SKU002,27,10.142857142857142,2.6619718309859155,Critical
2023-10-05,Store003,SKU003,42,7.142857142857143,5.88,Urgent
2023-10-06,Store001,SKU001,56,9.428571428571429,5.9393939393939394,Urgent
2023-10-06,Store001,SKU002,35,11.0,3.1818181818181817,Urgent
2023-10-06,Store001,SKU003,94,10.0,9.4,Normal
2023-10-06,Store002,SKU001,19,10.0,1.9,Critical
2023-10-06,Store002,SKU002,29,7.428571428571429,3.9038461538461537,Urgent
2023-10-06,Store002,SKU003,97,10.285714285714286,9.430555555555555,Normal
2023-10-06,Store003,SKU001,73,10.285714285714286,7.097222222222221,Normal
2023-10-06,Store003,SKU002,54,10.285714285714286,5.25,Urgent
2023-10-06,Store003,SKU003,83,7.857142857142857,10.563636363636364,Normal
2023-10-07,Store001,SKU001,67,12.714285714285714,5.269662921348315,Urgent
2023-10-07,Store001,SKU002,12,11.428571428571429,1.05,Critical
2023-10-07,Store001,SKU003,35,9.0,3.888888888888889,Urgent
2023-10-07,Store002,SKU001,34,9.285714285714286,3.6615384615384614,Urgent
2023-10-07,Store002,SKU002,86,8.714285714285714,9.868852459016395,Normal
2023-10-07,Store002,SKU003,18,8.714285714285714,2.0655737704918034,Critical
2023-10-07,Store003,SKU001,12,9.857142857142858,1.217391304347826,Critical
2023-10-07,Store003,SKU002,99,8.714285714285714,11.360655737704919,Normal
2023-10-07,Store003,SKU003,60,8.285714285714286,7.2413793103448265,Normal
2023-10-08,Store001,SKU001,84,13.0,6.461538461538462,Urgent
2023-10-08,Store001,SKU002,77,10.0,7.7,Normal
2023-10-08,Store001,SKU003,79,9.142857142857142,8.640625,Normal
2023-10-08,Store002,SKU001,57,8.714285714285714,6.540983606557377,Urgent
2023-10-08,Store002,SKU002,92,10.428571428571429,8.821917808219178,Normal
2023-10-08,Store002,SKU003,88,7.571428571428571,11.622641509433963,Normal
2023-10-08,Store003,SKU001,50,10.428571428571429,4.794520547945205,Urgent
2023-10-08,Store003,SKU002,48,9.571428571428571,5.014925373134329,Urgent
2023-10-08,Store003,SKU003,20,8.0,2.5,Critical
2023-10-09,Store001,SKU001,71,13.428571428571429,5.287234042553191,Urgent
2023-10-09,Store001,SKU002,74,9.428571428571429,7.848484848484849,Normal
2023-10-09,Store001,SKU003,39,8.571428571428571,4.55,Urgent
2023-10-09,Store002,SKU001,87,8.571428571428571,10.15,Normal
2023-10-09,Store002,SKU002,35,10.571428571428571,3.310810810810811,Urgent
2023-10-09,Store002,SKU003,31,6.714285714285714,4.617021276595745,Urgent
2023-10-09,Store003,SKU001,94,10.0,9.4,Normal
2023-10-09,Store003,SKU002,72,9.142857142857142,7.875,Normal
2023-10-09,Store003,SKU003,11,7.714285714285714,1.4259259259259258,Critical
2023-10-10,Store001,SKU001,31,13.285714285714286,2.333333333333333,Critical
2023-10-10,Store001,SKU002,52,10.428571428571429,4.986301369863013,Urgent
2023-10-10,Store001,SKU003,82,9.571428571428571,8.567164179104477,Normal
2023-10-10,Store002,SKU001,52,9.714285714285714,5.352941176470589,Urgent
2023-10-10,Store002,SKU002,20,10.285714285714286,1.9444444444444442,Critical
2023-10-10,Store002,SKU003,64,6.285714285714286,10.181818181818182,Normal
2023-10-10,Store003,SKU001,91,10.714285714285714,8.493333333333334,Normal
2023-10-10,Store003,SKU002,26,8.857142857142858,2.9354838709677415,Critical
2023-10-10,Store003,SKU003,77,8.0,9.625,Normal
2023-10-11,Store001,SKU001,20,12.285714285714286,1.627906976744186,Critical
2023-10-11,Store001,SKU002,47,11.571428571428571,4.061728395061729,Urgent
2023-10-11,Store001,SKU003,36,8.142857142857142,4.421052631578948,Urgent
2023-10-11,Store002,SKU001,28,10.142857142857142,2.7605633802816905,Critical
2023-10-11,Store002,SKU002,46,10.714285714285714,4.293333333333334,Urgent
2023-10-11,Store002,SKU003,86,6.857142857142857,12.541666666666668,Normal
2023-10-11,Store003,SKU001,69,11.428571428571429,6.0375,Urgent
2023-10-11,Store003,SKU002,23,9.714285714285714,2.3676470588235294,Critical
2023-10-11,Store003,SKU003,82,8.571428571428571,9.566666666666666,Normal
2023-10-12,Store001,SKU001,31,12.0,2.5833333333333335,Critical
2023-10-12,Store001,SKU002,59,10.285714285714286,5.736111111111111,Urgent
2023-10-12,Store001,SKU003,90,8.0,11.25,Normal
2023-10-12,Store002,SKU001,87,9.571428571428571,9.08955223880597,Normal
2023-10-12,Store002,SKU002,16,11.571428571428571,1.382716049382716,Critical
2023-10-12,Store002,SKU003,48,6.285714285714286,7.636363636363637,Normal
2023-10-12,Store003,SKU001,15,11.571428571428571,1.2962962962962963,Critical
2023-10-12,Store003,SKU002,10,10.714285714285714,0.9333333333333333,Critical
2023-10-12,Store003,SKU003,67,8.285714285714286,8.086206896551724,Normal
2023-10-13,Store001,SKU001,53,12.142857142857142,4.364705882352942,Urgent
2023-10-13,Store001,SKU002,87,9.714285714285714,8.955882352941178,Normal
2023-10-13,Store001,SKU003,50,7.285714285714286,6.862745098039216,Urgent
2023-10-13,Store002,SKU001,42,8.714285714285714,4.8196721311475414,Urgent
2023-10-13,Store002,SKU002,27,11.714285714285714,2.304878048780488,Critical
2023-10-13,Store002,SKU003,77,6.571428571428571,11.717391304347826,Normal
2023-10-13,Store003,SKU001,40,11.142857142857142,3.58974358974359,Urgent
2023-10-13,Store003,SKU002,39,10.142857142857142,3.8450704225352115,Urgent
2023-10-13,Store003,SKU003,75,7.428571428571429,10.096153846153845,Normal
2023-10-14,Store001,SKU001,63,9.857142857142858,6.391304347826087,Urgent
2023-10-14,Store001,SKU002,69,9.428571428571429,7.318181818181818,Normal
2023-10-14,Store001,SKU003,65,8.0,8.125,Normal
2023-10-14,Store002,SKU001,56,9.714285714285714,5.764705882352942,Urgent
2023-10-14,Store002,SKU002,36,11.571428571428571,3.111111111111111,Urgent
2023-10-14,Store002,SKU003,63,8.0,7.875,Normal
2023-10-14,Store003,SKU001,98,10.857142857142858,9.026315789473683,Normal
2023-10-14,Store003,SKU002,88,10.428571428571429,8.438356164383562,Normal
2023-10-14,Store003,SKU003,77,6.714285714285714,11.46808510638298,Normal
2023-10-15,Store001,SKU001,55,10.285714285714286,5.347222222222221,Urgent
2023-10-15,Store001,SKU002,63,9.571428571428571,6.5820895522388065,Urgent
2023-10-15,Store001,SKU003,27,9.0,3.0,Critical
2023-10-15,Store002,SKU001,82,10.571428571428571,7.756756756756757,Normal
2023-10-15,Store002,SKU002,99,10.857142857142858,9.118421052631579,Normal
2023-10-15,Store002,SKU003,12,7.571428571428571,1.5849056603773586,Critical
2023-10-15,Store003,SKU001,83,10.714285714285714,7.746666666666667,Normal
2023-10-15,Store003,SKU002,35,10.142857142857142,3.450704225352113,Urgent
2023-10-15,Store003,SKU003,40,7.428571428571429,5.384615384615384,Urgent
2023-10-16,Store001,SKU001,30,9.571428571428571,3.1343283582089554,Urgent
2023-10-16,Store001,SKU002,25,10.571428571428571,2.364864864864865,Critical
2023-10-16,Store001,SKU003,40,9.285714285714286,4.3076923076923075,Urgent
2023-10-16,Store002,SKU001,79,10.0,7.9,Normal
2023-10-16,Store002,SKU002,19,9.857142857142858,1.9275362318840579,Critical
2023-10-16,Store002,SKU003,11,7.714285714285714,1.4259259259259258,Critical
2023-10-16,Store003,SKU001,16,10.0,1.6,Critical
2023-10-16,Store003,SKU002,52,10.428571428571429,4.986301369863013,Urgent
2023-10-16,Store003,SKU003,41,8.857142857142858,4.629032258064516,Urgent
2023-10-17,Store001,SKU001,22,9.714285714285714,2.2647058823529416,Critical
2023-10-17,Store001,SKU002,45,10.142857142857142,4.436619718309859,Urgent
2023-10-17,Store001,SKU003,12,8.428571428571429,1.423728813559322,Critical
2023-10-17,Store002,SKU001,47,11.142857142857142,4.217948717948718,Urgent
2023-10-17,Store002,SKU002,33,10.428571428571429,3.1643835616438354,Urgent
2023-10-17,Store002,SKU003,93,8.142857142857142,11.421052631578949,Normal
2023-10-17,Store003,SKU001,39,10.571428571428571,3.6891891891891895,Urgent
2023-10-17,Store003,SKU002,40,10.285714285714286,3.8888888888888884,Urgent
2023-10-17,Store003,SKU003,37,8.714285714285714,4.245901639344263,Urgent
2023-10-18,Store001,SKU001,85,10.0,8.5,Normal
2023-10-18,Store001,SKU002,13,9.0,1.4444444444444444,Critical
2023-10-18,Store001,SKU003,47,8.0,5.875,Urgent
2023-10-18,Store002,SKU001,87,11.142857142857142,7.807692307692308,Normal
2023-10-18,Store002,SKU002,31,9.857142857142858,3.144927536231884,Urgent
2023-10-18,Store002,SKU003,18,8.0,2.25,Critical
2023-10-18,Store003,SKU001,25,10.428571428571429,2.3972602739726026,Critical
2023-10-18,Store003,SKU002,40,9.571428571428571,4.179104477611941,Urgent
2023-10-18,Store003,SKU003,71,8.285714285714286,8.568965517241379,Normal
2023-10-19,Store001,SKU001,41,10.571428571428571,3.8783783783783785,Urgent
2023-10-19,Store001,SKU002,40,10.428571428571429,3.835616438356164,Urgent
2023-10-19,Store001,SKU003,27,7.571428571428571,3.566037735849057,Urgent
2023-10-19,Store002,SKU001,97,12.142857142857142,7.988235294117647,Normal
2023-10-19,Store002,SKU002,11,10.0,1.1,Critical
2023-10-19,Store002,SKU003,71,7.714285714285714,9.203703703703704,Normal
2023-10-19,Store003,SKU001,68,11.428571428571429,5.95,Urgent
2023-10-19,Store003,SKU002,79,10.142857142857142,7.788732394366198,Normal
2023-10-19,Store003,SKU003,58,8.142857142857142,7.1228070175438605,Normal
2023-10-20,Store001,SKU001,19,13.857142857142858,1.3711340206185567,Critical
2023-10-20,Store001,SKU002,89,11.0,8.090909090909092,Normal
2023-10-20,Store001,SKU003,31,8.857142857142858,3.5,Urgent
2023-10-20,Store002,SKU001,22,15.428571428571429,1.4259259259259258,Critical
2023-10-20,Store002,SKU002,54,9.714285714285714,5.558823529411765,Urgent
2023-10-20,Store002,SKU003,38,7.571428571428571,5.018867924528302,Urgent
2023-10-20,Store003,SKU001,17,10.571428571428571,1.6081081081081081,Critical
2023-10-20,Store003,SKU002,82,10.857142857142858,7.552631578947368,Normal
2023-10-20,Store003,SKU003,44,8.0,5.5,Urgent
2023-10-21,Store001,SKU001,10,14.285714285714286,0.7,Critical
2023-10-21,Store001,SKU002,72,10.285714285714286,6.999999999999999,Urgent
2023-10-21,Store001,SKU003,22,10.571428571428571,2.081081081081081,Critical
2023-10-21,Store002,SKU001,17,14.714285714285714,1.1553398058252429,Critical
2023-10-21,Store002,SKU002,97,8.428571428571429,11.508474576271187,Normal
2023-10-21,Store002,SKU003,81,8.571428571428571,9.450000000000001,Normal
2023-10-21,Store003,SKU001,63,10.857142857142858,5.802631578947368,Urgent
2023-10-21,Store003,SKU002,12,11.0,1.0909090909090908,Critical
2023-10-21,Store003,SKU003,91,9.571428571428571,9.507462686567164,Normal
2023-10-22,Store001,SKU001,87,13.857142857142858,6.278350515463917,Urgent
2023-10-22,Store001,SKU002,20,11.0,1.8181818181818181,Critical
2023-10-22,Store001,SKU003,50,9.714285714285714,5.147058823529412,Urgent
2023-10-22,Store002,SKU001,74,14.714285714285714,5.029126213592233,Urgent
2023-10-22,Store002,SKU002,97,9.142857142857142,10.609375,Normal
2023-10-22,Store002,SKU003,24,10.0,2.4,Critical
2023-10-22,Store003,SKU001,22,10.857142857142858,2.026315789473684,Critical
2023-10-22,Store003,SKU002,59,10.142857142857142,5.816901408450705,Urgent
2023-10-22,Store003,SKU003,95,9.0,10.555555555555555,Normal
2023-10-23,Store001,SKU001,72,14.285714285714286,5.04,Urgent
2023-10-23,Store001,SKU002,80,11.714285714285714,6.829268292682928,Urgent
2023-10-23,Store001,SKU003,49,10.857142857142858,4.513157894736842,Urgent
2023-10-23,Store002,SKU001,28,17.857142857142858,1.568,Critical
2023-10-23,Store002,SKU002,72,9.0,8.0,Normal
2023-10-23,Store002,SKU003,90,10.142857142857142,8.873239436619718,Normal
2023-10-23,Store003,SKU001,72,11.428571428571429,6.3,Urgent
2023-10-23,Store003,SKU002,18,9.714285714285714,1.8529411764705883,Critical
2023-10-23,Store003,SKU003,90,8.571428571428571,10.5,Normal
2023-10-24,Store001,SKU001,62,15.0,4.133333333333334,Urgent
2023-10-24,Store001,SKU002,42,12.571428571428571,3.340909090909091,Urgent
2023-10-24,Store001,SKU003,55,10.714285714285714,5.133333333333334,Urgent
2023-10-24,Store002,SKU001,87,15.714285714285714,5.536363636363637,Urgent
2023-10-24,Store002,SKU002,42,9.571428571428571,4.388059701492537,Urgent
2023-10-24,Store002,SKU003,53,10.0,5.3,Urgent
2023-10-24,Store003,SKU001,45,11.428571428571429,3.9375,Urgent
2023-10-24,Store003,SKU002,42,10.857142857142858,3.8684210526315788,Urgent
2023-10-24,Store003,SKU003,39,8.571428571428571,4.55,Urgent
2023-10-25,Store001,SKU001,43,15.714285714285714,2.7363636363636363,Critical
2023-10-25,Store001,SKU002,31,13.142857142857142,2.358695652173913,Critical
2023-10-25,Store001,SKU003,60,11.571428571428571,5.185185185185185,Urgent
2023-10-25,Store002,SKU001,34,14.714285714285714,2.3106796116504857,Critical
2023-10-25,Store002,SKU002,64,9.714285714285714,6.588235294117648,Urgent
2023-10-25,Store002,SKU003,65,9.142857142857142,7.109375,Normal
2023-10-25,Store003,SKU001,34,12.0,2.8333333333333335,Critical
2023-10-25,Store003,SKU002,39,11.142857142857142,3.5,Urgent
2023-10-25,Store003,SKU003,62,9.285714285714286,6.676923076923076,Urgent
2023-10-26,Store001,SKU001,39,16.714285714285715,2.333333333333333,Critical
2023-10-26,Store001,SKU002,97,11.714285714285714,8.28048780487805,Normal
2023-10-26,Store001,SKU003,62,11.714285714285714,5.2926829268292686,Urgent
2023-10-26,Store002,SKU001,65,15.714285714285714,4.136363636363637,Urgent
2023-10-26,Store002,SKU002,26,8.571428571428571,3.033333333333333,Urgent
2023-10-26,Store002,SKU003,80,10.857142857142858,7.368421052631579,Normal
2023-10-26,Store003,SKU001,56,11.142857142857142,5.0256410256410255,Urgent
2023-10-26,Store003,SKU002,63,10.142857142857142,6.211267605633803,Urgent
2023-10-26,Store003,SKU003,55,8.714285714285714,6.311475409836066,Urgent
2023-10-27,Store001,SKU001,43,14.285714285714286,3.01,Urgent
2023-10-27,Store001,SKU002,67,11.285714285714286,5.936708860759493,Urgent
2023-10-27,Store001,SKU003,25,11.428571428571429,2.1875,Critical
2023-10-27,Store002,SKU001,43,13.0,3.3076923076923075,Urgent
2023-10-27,Store002,SKU002,75,8.714285714285714,8.606557377049182,Normal
2023-10-27,Store002,SKU003,78,11.714285714285714,6.658536585365854,Urgent
2023-10-27,Store003,SKU001,69,11.714285714285714,5.890243902439025,Urgent
2023-10-27,Store003,SKU002,57,9.714285714285714,5.86764705882353,Urgent
2023-10-27,Store003,SKU003,99,9.571428571428571,10.343283582089553,Normal
2023-10-28,Store001,SKU001,45,12.571428571428571,3.5795454545454546,Urgent
2023-10-28,Store001,SKU002,69,12.571428571428571,5.488636363636363,Urgent
2023-10-28,Store001,SKU003,21,9.142857142857142,2.296875,Critical
2023-10-28,Store002,SKU001,87,13.571428571428571,6.410526315789474,Urgent
2023-10-28,Store002,SKU002,56,9.428571428571429,5.9393939393939394,Urgent
2023-10-28,Store002,SKU003,87,9.714285714285714,8.955882352941178,Normal
2023-10-28,Store003,SKU001,51,14.0,3.642857142857143,Urgent
2023-10-28,Store003,SKU002,61,11.142857142857142,5.4743589743589745,Urgent
2023-10-28,Store003,SKU003,58,8.142857142857142,7.1228070175438605,Normal
2023-10-29,Store001,SKU001,82,13.0,6.3076923076923075,Urgent
2023-10-29,Store001,SKU002,50,13.428571428571429,3.723404255319149,Urgent
2023-10-29,Store001,SKU003,79,9.285714285714286,8.507692307692308,Normal
2023-10-29,Store002,SKU001,74,12.857142857142858,5.7555555555555555,Urgent
2023-10-29,Store002,SKU002,35,8.428571428571429,4.1525423728813555,Urgent
2023-10-29,Store002,SKU003,17,8.571428571428571,1.9833333333333334,Critical
2023-10-29,Store003,SKU001,41,13.571428571428571,3.0210526315789474,Urgent
2023-10-29,Store003,SKU002,27,11.142857142857142,2.4230769230769234,Critical
2023-10-29,Store003,SKU003,59,7.714285714285714,7.648148148148148,Normal
2023-10-30,Store001,SKU001,32,14.428571428571429,2.2178217821782176,Critical
2023-10-30,Store001,SKU002,74,12.0,6.166666666666667,Urgent
2023-10-30,Store001,SKU003,60,9.142857142857142,6.5625,Urgent
2023-10-30,Store002,SKU001,25,11.0,2.272727272727273,Critical
2023-10-30,Store002,SKU002,77,10.142857142857142,7.591549295774648,Normal
2023-10-30,Store002,SKU003,42,8.714285714285714,4.8196721311475414,Urgent
2023-10-30,Store003,SKU001,51,14.714285714285714,3.4660194174757284,Urgent
2023-10-30,Store003,SKU002,16,11.0,1.4545454545454546,Critical
2023-10-30,Store003,SKU003,85,7.142857142857143,11.899999999999999,Normal
2023-10-31,Store001,SKU001,27,13.142857142857142,2.0543478260869565,Critical
2023-10-31,Store001,SKU002,99,11.0,9.0,Normal
2023-10-31,Store001,SKU003,35,8.714285714285714,4.0163934426229515,Urgent
2023-10-31,Store002,SKU001,61,11.285714285714286,5.40506329113924,Urgent
2023-10-31,Store002,SKU002,47,10.142857142857142,4.633802816901409,Urgent
2023-10-31,Store002,SKU003,98,8.857142857142858,11.064516129032258,Normal
2023-10-31,Store003,SKU001,54,14.571428571428571,3.7058823529411766,Urgent
2023-10-31,Store003,SKU002,11,11.0,1.0,Critical
2023-10-31,Store003,SKU003,57,6.285714285714286,9.068181818181818,Normal
2023-11-01,Store001,SKU001,76,14.428571428571429,5.267326732673268,Urgent
2023-11-01,Store001,SKU002,43,10.142857142857142,4.23943661971831,Urgent
2023-11-01,Store001,SKU003,89,9.428571428571429,9.43939393939394,Normal
2023-11-01,Store002,SKU001,45,14.0,3.2142857142857144,Urgent
2023-11-01,Store002,SKU002,78,11.285714285714286,6.911392405063291,Urgent
2023-11-01,Store002,SKU003,57,9.714285714285714,5.86764705882353,Urgent
2023-11-01,Store003,SKU001,70,14.714285714285714,4.757281553398059,Urgent
2023-11-01,Store003,SKU002,23,12.285714285714286,1.872093023255814,Critical
2023-11-01,Store003,SKU003,76,5.714285714285714,13.299999999999999,Normal
2023-11-02,Store001,SKU001,26,13.428571428571429,1.9361702127659575,Critical
2023-11-02,Store001,SKU002,16,12.0,1.3333333333333333,Critical
2023-11-02,Store001,SKU003,91,9.285714285714286,9.799999999999999,Normal
2023-11-02,Store002,SKU001,14,12.571428571428571,1.1136363636363638,Critical
2023-11-02,Store002,SKU002,20,13.142857142857142,1.5217391304347827,Critical
2023-11-02,Store002,SKU003,91,9.714285714285714,9.36764705882353,Normal
2023-11-02,Store003,SKU001,89,15.0,5.933333333333334,Urgent
2023-11-02,Store003,SKU002,85,11.714285714285714,7.25609756097561,Normal
2023-11-02,Store003,SKU003,26,6.142857142857143,4.232558139534883,Urgent
2023-11-03,Store001,SKU001,90,14.428571428571429,6.237623762376238,Urgent
2023-11-03,Store001,SKU002,49,13.428571428571429,3.648936170212766,Urgent
2023-11-03,Store001,SKU003,31,8.571428571428571,3.6166666666666667,Urgent
2023-11-03,Store002,SKU001,58,14.571428571428571,3.980392156862745,Urgent
2023-11-03,Store002,SKU002,34,14.142857142857142,2.404040404040404,Critical
2023-11-03,Store002,SKU003,22,9.857142857142858,2.231884057971014,Critical
2023-11-03,Store003,SKU001,19,16.571428571428573,1.1465517241379308,Critical
2023-11-03,Store003,SKU002,90,11.714285714285714,7.682926829268293,Normal
2023-11-03,Store003,SKU003,50,5.428571428571429,9.210526315789473,Normal
2023-11-04,Store001,SKU001,93,17.285714285714285,5.380165289256198,Urgent
2023-11-04,Store001,SKU002,73,12.142857142857142,6.011764705882353,Urgent
2023-11-04,Store001,SKU003,86,9.285714285714286,9.26153846153846,Normal
2023-11-04,Store002,SKU001,37,16.857142857142858,2.194915254237288,Critical
2023-11-04,Store002,SKU002,81,16.142857142857142,5.017699115044248,Urgent
2023-11-04,Store002,SKU003,84,12.142857142857142,6.91764705882353,Urgent
2023-11-04,Store003,SKU001,10,14.857142857142858,0.673076923076923,Critical
2023-11-04,Store003,SKU002,22,12.0,1.8333333333333333,Critical
2023-11-04,Store003,SKU003,95,8.142857142857142,11.666666666666668,Normal
2023-11-05,Store001,SKU001,53,18.857142857142858,2.8106060606060606,Critical
2023-11-05,Store001,SKU002,48,11.571428571428571,4.148148148148148,Urgent
2023-11-05,Store001,SKU003,97,10.714285714285714,9.053333333333335,Normal
2023-11-05,Store002,SKU001,76,19.285714285714285,3.940740740740741,Urgent
2023-11-05,Store002,SKU002,99,19.0,5.2105263157894735,Urgent
2023-11-05,Store002,SKU003,19,12.857142857142858,1.4777777777777776,Critical
2023-11-05,Store003,SKU001,34,15.285714285714286,2.2242990654205608,Critical
2023-11-05,Store003,SKU002,26,14.571428571428571,1.7843137254901962,Critical
2023-11-05,Store003,SKU003,82,10.571428571428571,7.756756756756757,Normal
2023-11-06,Store001,SKU001,47,20.571428571428573,2.284722222222222,Critical
2023-11-06,Store001,SKU002,68,12.0,5.666666666666667,Urgent
2023-11-06,Store001,SKU003,83,10.285714285714286,8.069444444444445,Normal
2023-11-06,Store002,SKU001,26,19.428571428571427,1.3382352941176472,Critical
2023-11-06,Store002,SKU002,37,19.142857142857142,1.9328358208955225,Critical
2023-11-06,Store002,SKU003,27,14.142857142857142,1.9090909090909092,Critical
2023-11-06,Store003,SKU001,84,16.285714285714285,5.157894736842105,Urgent
2023-11-06,Store003,SKU002,61,16.0,3.8125,Urgent
2023-11-06,Store003,SKU003,16,10.142857142857142,1.5774647887323945,Critical
2023-11-07,Store001,SKU001,46,22.285714285714285,2.0641025641025643,Critical
2023-11-07,Store001,SKU002,28,12.857142857142858,2.1777777777777776,Critical
2023-11-07,Store001,SKU003,94,11.285714285714286,8.329113924050633,Normal
2023-11-07,Store002,SKU001,57,19.857142857142858,2.870503597122302,Critical
2023-11-07,Store002,SKU002,89,21.571428571428573,4.125827814569536,Urgent
2023-11-07,Store002,SKU003,70,14.714285714285714,4.757281553398059,Urgent
2023-11-07,Store003,SKU001,43,16.428571428571427,2.6173913043478265,Critical
2023-11-07,Store003,SKU002,88,17.0,5.176470588235294,Urgent
2023-11-07,Store003,SKU003,97,11.285714285714286,8.594936708860759,Normal
2023-11-08,Store001,SKU001,19,19.857142857142858,0.9568345323741007,Critical
2023-11-08,Store001,SKU002,59,15.428571428571429,3.824074074074074,Urgent
2023-11-08,Store001,SKU003,98,10.428571428571429,9.397260273972602,Normal
2023-11-08,Store002,SKU001,83,20.142857142857142,4.120567375886525,Urgent
2023-11-08,Store002,SKU002,70,19.571428571428573,3.576642335766423,Urgent
2023-11-08,Store002,SKU003,42,16.571428571428573,2.5344827586206895,Critical
2023-11-08,Store003,SKU001,49,17.857142857142858,2.7439999999999998,Critical
2023-11-08,Store003,SKU002,71,16.0,4.4375,Urgent
2023-11-08,Store003,SKU003,90,12.428571428571429,7.241379310344827,Normal
2023-11-09,Store001,SKU001,95,19.714285714285715,4.818840579710145,Urgent
2023-11-09,Store001,SKU002,49,15.714285714285714,3.118181818181818,Urgent
2023-11-09,Store001,SKU003,76,10.714285714285714,7.093333333333334,Normal
2023-11-09,Store002,SKU001,55,22.857142857142858,2.40625,Critical
2023-11-09,Store002,SKU002,44,19.428571428571427,2.2647058823529416,Critical
2023-11-09,Store002,SKU003,66,17.285714285714285,3.8181818181818183,Urgent
2023-11-09,Store003,SKU001,87,19.142857142857142,4.544776119402985,Urgent
2023-11-09,Store003,SKU002,86,16.285714285714285,5.280701754385965,Urgent
2023-11-09,Store003,SKU003,46,12.857142857142858,3.5777777777777775,Urgent
2023-11-10,Store001,SKU001,94,19.142857142857142,4.91044776119403,Urgent
2023-11-10,Store001,SKU002,15,14.857142857142858,1.0096153846153846,Critical
2023-11-10,Store001,SKU003,49,12.0,4.083333333333333,Urgent
2023-11-10,Store002,SKU001,46,22.428571428571427,2.050955414012739,Critical
2023-11-10,Store002,SKU002,23,19.142857142857142,1.2014925373134329,Critical
2023-11-10,Store002,SKU003,48,15.571428571428571,3.0825688073394497,Urgent
2023-11-10,Store003,SKU001,25,18.714285714285715,1.3358778625954197,Critical
2023-11-10,Store003,SKU002,57,16.571428571428573,3.4396551724137927,Urgent
2023-11-10,Store003,SKU003,16,13.0,1.2307692307692308,Critical
2023-11-11,Store001,SKU001,27,19.142857142857142,1.4104477611940298,Critical
2023-11-11,Store001,SKU002,15,16.571428571428573,0.9051724137931033,Critical
2023-11-11,Store001,SKU003,86,13.714285714285714,6.270833333333334,Urgent
2023-11-11,Store002,SKU001,51,21.714285714285715,2.3486842105263155,Critical
2023-11-11,Store002,SKU002,78,17.142857142857142,4.55,Urgent
2023-11-11,Store002,SKU003,52,14.428571428571429,3.603960396039604,Urgent
2023-11-11,Store003,SKU001,37,18.857142857142858,1.9621212121212122,Critical
2023-11-11,Store003,SKU002,17,16.142857142857142,1.0530973451327434,Critical
2023-11-11,Store003,SKU003,49,12.428571428571429,3.942528735632184,Urgent
2023-11-12,Store001,SKU001,77,17.285714285714285,4.454545454545455,Urgent
2023-11-12,Store001,SKU002,34,16.714285714285715,2.034188034188034,Critical
2023-11-12,Store001,SKU003,74,13.285714285714286,5.569892473118279,Urgent
2023-11-12,Store002,SKU001,40,21.714285714285715,1.8421052631578947,Critical
2023-11-12,Store002,SKU002,91,13.571428571428571,6.705263157894737,Urgent
2023-11-12,Store002,SKU003,39,14.142857142857142,2.757575757575758,Critical
2023-11-12,Store003,SKU001,44,22.285714285714285,1.9743589743589745,Critical
2023-11-12,Store003,SKU002,33,13.714285714285714,2.40625,Critical
2023-11-12,Store003,SKU003,27,11.0,2.4545454545454546,Critical
2023-11-13,Store001,SKU001,86,14.571428571428571,5.901960784313726,Urgent
2023-11-13,Store001,SKU002,24,16.428571428571427,1.4608695652173915,Critical
2023-11-13,Store001,SKU003,77,13.857142857142858,5.556701030927835,Urgent
2023-11-13,Store002,SKU001,99,22.285714285714285,4.4423076923076925,Urgent
2023-11-13,Store002,SKU002,50,13.285714285714286,3.7634408602150535,Urgent
2023-11-13,Store002,SKU003,53,13.142857142857142,4.032608695652174,Urgent
2023-11-13,Store003,SKU001,62,21.142857142857142,2.9324324324324325,Critical
2023-11-13,Store003,SKU002,99,13.428571428571429,7.372340425531915,Normal
2023-11-13,Store003,SKU003,24,12.714285714285714,1.8876404494382024,Critical
2023-11-14,Store001,SKU001,89,13.428571428571429,6.627659574468085,Urgent
2023-11-14,Store001,SKU002,87,16.571428571428573,5.249999999999999,Urgent
2023-11-14,Store001,SKU003,42,13.857142857142858,3.0309278350515463,Urgent
2023-11-14,Store002,SKU001,47,23.571428571428573,1.993939393939394,Critical
2023-11-14,Store002,SKU002,50,10.571428571428571,4.72972972972973,Urgent
2023-11-14,Store002,SKU003,54,13.0,4.153846153846154,Urgent
2023-11-14,Store003,SKU001,94,22.0,4.2727272727272725,Urgent
2023-11-14,Store003,SKU002,98,11.0,8.909090909090908,Normal
2023-11-14,Store003,SKU003,80,12.857142857142858,6.222222222222222,Urgent
2023-11-15,Store001,SKU001,20,15.714285714285714,1.2727272727272727,Critical
2023-11-15,Store001,SKU002,72,13.857142857142858,5.195876288659794,Urgent
2023-11-15,Store001,SKU003,86,14.285714285714286,6.02,Urgent
2023-11-15,Store002,SKU001,94,21.714285714285715,4.328947368421052,Urgent
2023-11-15,Store002,SKU002,17,11.857142857142858,1.433734939759036,Critical
2023-11-15,Store002,SKU003,84,11.0,7.636363636363637,Normal
2023-11-15,Store003,SKU001,92,20.428571428571427,4.503496503496504,Urgent
2023-11-15,Store003,SKU002,16,11.714285714285714,1.3658536585365855,Critical
2023-11-15,Store003,SKU003,82,12.857142857142858,6.377777777777777,Urgent
2023-11-16,Store001,SKU001,32,15.142857142857142,2.1132075471698113,Critical
2023-11-16,Store001,SKU002,22,14.428571428571429,1.5247524752475248,Critical
2023-11-16,Store001,SKU003,82,15.428571428571429,5.314814814814815,Urgent
2023-11-16,Store002,SKU001,14,20.428571428571427,0.6853146853146853,Critical
2023-11-16,Store002,SKU002,89,12.571428571428571,7.079545454545455,Normal
2023-11-16,Store002,SKU003,33,8.857142857142858,3.725806451612903,Urgent
2023-11-16,Store003,SKU001,85,17.714285714285715,4.798387096774193,Urgent
2023-11-16,Store003,SKU002,26,11.285714285714286,2.3037974683544302,Critical
2023-11-16,Store003,SKU003,35,12.714285714285714,2.7528089887640452,Critical
2023-11-17,Store001,SKU001,89,14.142857142857142,6.292929292929293,Urgent
2023-11-17,Store001,SKU002,41,16.714285714285715,2.4529914529914527,Critical
2023-11-17,Store001,SKU003,16,15.285714285714286,1.0467289719626167,Critical
2023-11-17,Store002,SKU001,64,20.0,3.2,Urgent
2023-11-17,Store002,SKU002,50,13.571428571428571,3.6842105263157894,Urgent
2023-11-17,Store002,SKU003,47,10.285714285714286,4.569444444444444,Urgent
2023-11-17,Store003,SKU001,50,20.0,2.5,Critical
2023-11-17,Store003,SKU002,49,12.0,4.083333333333333,Urgent
2023-11-17,Store003,SKU003,51,13.571428571428571,3.7578947368421054,Urgent
2023-11-18,Store001,SKU001,87,14.714285714285714,5.9126213592233015,Urgent
2023-11-18,Store001,SKU002,48,17.142857142857142,2.8000000000000003,Critical
2023-11-18,Store001,SKU003,54,13.714285714285714,3.9375,Urgent
2023-11-18,Store002,SKU001,51,17.857142857142858,2.856,Critical
2023-11-18,Store002,SKU002,18,16.142857142857142,1.1150442477876106,Critical
2023-11-18,Store002,SKU003,93,9.428571428571429,9.863636363636363,Normal
2023-11-18,Store003,SKU001,69,20.714285714285715,3.3310344827586205,Urgent
2023-11-18,Store003,SKU002,17,11.857142857142858,1.433734939759036,Critical
2023-11-18,Store003,SKU003,66,13.0,5.076923076923077,Urgent
2023-11-19,Store001,SKU001,83,16.571428571428573,5.008620689655172,Urgent
2023-11-19,Store001,SKU002,36,16.285714285714285,2.210526315789474,Critical
2023-11-19,Store001,SKU003,83,13.428571428571429,6.180851063829787,Urgent
2023-11-19,Store002,SKU001,64,19.0,3.3684210526315788,Urgent
2023-11-19,Store002,SKU002,73,17.714285714285715,4.120967741935484,Urgent
2023-11-19,Store002,SKU003,42,11.285714285714286,3.721518987341772,Urgent
2023-11-19,Store003,SKU001,74,18.428571428571427,4.015503875968992,Urgent
2023-11-19,Store003,SKU002,64,13.428571428571429,4.76595744680851,Urgent
2023-11-19,Store003,SKU003,51,12.571428571428571,4.056818181818182,Urgent
2023-11-20,Store001,SKU001,62,18.428571428571427,3.364341085271318,Urgent
2023-11-20,Store001,SKU002,89,17.428571428571427,5.106557377049181,Urgent
2023-11-20,Store001,SKU003,38,13.714285714285714,2.7708333333333335,Critical
2023-11-20,Store002,SKU001,59,18.857142857142858,3.128787878787879,Urgent
2023-11-20,Store002,SKU002,48,17.857142857142858,2.6879999999999997,Critical
2023-11-20,Store002,SKU003,38,10.857142857142858,3.5,Urgent
2023-11-20,Store003,SKU001,68,18.285714285714285,3.71875,Urgent
2023-11-20,Store003,SKU002,97,13.428571428571429,7.223404255319148,Normal
2023-11-20,Store003,SKU003,55,12.142857142857142,4.529411764705882,Urgent
2023-11-21,Store001,SKU001,50,21.428571428571427,2.3333333333333335,Critical
2023-11-21,Store001,SKU002,61,17.0,3.588235294117647,Urgent
2023-11-21,Store001,SKU003,37,14.0,2.642857142857143,Critical
2023-11-21,Store002,SKU001,51,18.142857142857142,2.811023622047244,Critical
2023-11-21,Store002,SKU002,71,20.0,3.55,Urgent
2023-11-21,Store002,SKU003,39,11.714285714285714,3.329268292682927,Urgent
2023-11-21,Store003,SKU001,47,16.285714285714285,2.885964912280702,Critical
2023-11-21,Store003,SKU002,55,15.714285714285714,3.5,Urgent
2023-11-21,Store003,SKU003,92,11.714285714285714,7.853658536585367,Normal
2023-11-22,Store001,SKU001,32,19.714285714285715,1.6231884057971013,Critical
2023-11-22,Store001,SKU002,83,18.857142857142858,4.401515151515151,Urgent
2023-11-22,Store001,SKU003,28,15.571428571428571,1.798165137614679,Critical
2023-11-22,Store002,SKU001,99,16.571428571428573,5.974137931034482,Urgent
2023-11-22,Store002,SKU002,90,21.857142857142858,4.117647058823529,Urgent
2023-11-22,Store002,SKU003,87,13.285714285714286,6.548387096774193,Urgent
2023-11-22,Store003,SKU001,83,17.0,4.882352941176471,Urgent
2023-11-22,Store003,SKU002,38,14.857142857142858,2.5576923076923075,Critical
2023-11-22,Store003,SKU003,24,10.714285714285714,2.24,Critical
2023-11-23,Store001,SKU001,60,23.0,2.608695652173913,Critical
2023-11-23,Store001,SKU002,77,19.285714285714285,3.992592592592593,Urgent
2023-11-23,Store001,SKU003,79,16.142857142857142,4.893805309734513,Urgent
2023-11-23,Store002,SKU001,80,16.428571428571427,4.869565217391305,Urgent
2023-11-23,Store002,SKU002,40,21.285714285714285,1.8791946308724834,Critical
2023-11-23,Store002,SKU003,17,13.428571428571429,1.2659574468085106,Critical
2023-11-23,Store003,SKU001,95,17.571428571428573,5.40650406504065,Urgent
2023-11-23,Store003,SKU002,90,15.285714285714286,5.887850467289719,Urgent
2023-11-23,Store003,SKU003,71,11.285714285714286,6.291139240506329,Urgent
2023-11-24,Store001,SKU001,46,26.428571428571427,1.7405405405405407,Critical
2023-11-24,Store001,SKU002,67,17.285714285714285,3.87603305785124,Urgent
2023-11-24,Store001,SKU003,50,15.714285714285714,3.181818181818182,Urgent
2023-11-24,Store002,SKU001,11,18.571428571428573,0.5923076923076923,Critical
2023-11-24,Store002,SKU002,78,20.0,3.9,Urgent
2023-11-24,Store002,SKU003,24,12.285714285714286,1.9534883720930232,Critical
2023-11-24,Store003,SKU001,80,13.857142857142858,5.77319587628866,Urgent
2023-11-24,Store003,SKU002,22,15.142857142857142,1.4528301886792454,Critical
2023-11-24,Store003,SKU003,64,10.142857142857142,6.309859154929578,Urgent
2023-11-25,Store001,SKU001,15,25.857142857142858,0.580110497237569,Critical
2023-11-25,Store001,SKU002,24,17.0,1.411764705882353,Critical
2023-11-25,Store001,SKU003,97,15.285714285714286,6.345794392523364,Urgent
2023-11-25,Store002,SKU001,93,21.142857142857142,4.398648648648649,Urgent
2023-11-25,Store002,SKU002,71,18.285714285714285,3.8828125,Urgent
2023-11-25,Store002,SKU003,67,13.857142857142858,4.835051546391752,Urgent
2023-11-25,Store003,SKU001,16,13.285714285714286,1.2043010752688172,Critical
2023-11-25,Store003,SKU002,65,16.857142857142858,3.8559322033898304,Urgent
2023-11-25,Store003,SKU003,65,11.142857142857142,5.833333333333334,Urgent
2023-11-26,Store001,SKU001,92,23.285714285714285,3.9509202453987733,Urgent
2023-11-26,Store001,SKU002,73,17.571428571428573,4.154471544715447,Urgent
2023-11-26,Store001,SKU003,31,16.0,1.9375,Critical
2023-11-26,Store002,SKU001,61,21.142857142857142,2.885135135135135,Critical
2023-11-26,Store002,SKU002,19,18.714285714285715,1.015267175572519,Critical
2023-11-26,Store002,SKU003,69,13.0,5.3076923076923075,Urgent
2023-11-26,Store003,SKU001,43,13.714285714285714,3.135416666666667,Urgent
2023-11-26,Store003,SKU002,50,16.714285714285715,2.9914529914529915,Critical
2023-11-26,Store003,SKU003,61,11.428571428571429,5.3374999999999995,Urgent
2023-11-27,Store001,SKU001,72,23.0,3.130434782608696,Urgent
2023-11-27,Store001,SKU002,86,16.428571428571427,5.234782608695653,Urgent
2023-11-27,Store001,SKU003,16,16.857142857142858,0.9491525423728814,Critical
2023-11-27,Store002,SKU001,54,22.285714285714285,2.4230769230769234,Critical
2023-11-27,Store002,SKU002,54,19.142857142857142,2.8208955223880596,Critical
2023-11-27,Store002,SKU003,75,15.571428571428571,4.81651376146789,Urgent
2023-11-27,Store003,SKU001,42,14.428571428571429,2.910891089108911,Critical
2023-11-27,Store003,SKU002,41,16.142857142857142,2.5398230088495577,Critical
2023-11-27,Store003,SKU003,65,11.857142857142858,5.481927710843373,Urgent
2023-11-28,Store001,SKU001,68,20.428571428571427,3.3286713286713288,Urgent
2023-11-28,Store001,SKU002,25,15.571428571428571,1.6055045871559632,Critical
2023-11-28,Store001,SKU003,76,18.857142857142858,4.03030303030303,Urgent
2023-11-28,Store002,SKU001,72,24.285714285714285,2.9647058823529413,Critical
2023-11-28,Store002,SKU002,43,15.857142857142858,2.7117117117117115,Critical
2023-11-28,Store002,SKU003,44,15.142857142857142,2.905660377358491,Critical
2023-11-28,Store003,SKU001,61,16.714285714285715,3.6495726495726495,Urgent
2023-11-28,Store003,SKU002,17,14.714285714285714,1.1553398058252429,Critical
2023-11-28,Store003,SKU003,90,13.571428571428571,6.631578947368421,Urgent
2023-11-29,Store001,SKU001,16,22.285714285714285,0.717948717948718,Critical
2023-11-29,Store001,SKU002,76,16.0,4.75,Urgent
2023-11-29,Store001,SKU003,73,17.571428571428573,4.154471544715447,Urgent
2023-11-29,Store002,SKU001,60,27.571428571428573,2.176165803108808,Critical
2023-11-29,Store002,SKU002,55,12.714285714285714,4.325842696629214,Urgent
2023-11-29,Store002,SKU003,55,13.142857142857142,4.184782608695652,Urgent
2023-11-29,Store003,SKU001,22,16.285714285714285,1.3508771929824561,Critical
2023-11-29,Store003,SKU002,38,13.428571428571429,2.829787234042553,Critical
2023-11-29,Store003,SKU003,40,13.428571428571429,2.978723404255319,Critical
2023-11-30,Store001,SKU001,82,20.428571428571427,4.013986013986014,Urgent
2023-11-30,Store001,SKU002,33,13.142857142857142,2.5108695652173916,Critical
2023-11-30,Store001,SKU003,53,15.857142857142858,3.3423423423423424,Urgent
2023-11-30,Store002,SKU001,12,27.0,0.4444444444444444,Critical
2023-11-30,Store002,SKU002,57,12.285714285714286,4.63953488372093,Urgent
2023-11-30,Store002,SKU003,42,13.285714285714286,3.161290322580645,Urgent
2023-11-30,Store003,SKU001,83,16.857142857142858,4.923728813559322,Urgent
2023-11-30,Store003,SKU002,54,14.142857142857142,3.8181818181818183,Urgent
2023-11-30,Store003,SKU003,41,13.285714285714286,3.086021505376344,Urgent
2023-12-01,Store001,SKU001,62,19.714285714285715,3.144927536231884,Urgent
2023-12-01,Store001,SKU002,35,14.571428571428571,2.4019607843137254,Critical
2023-12-01,Store001,SKU003,11,16.285714285714285,0.6754385964912281,Critical
2023-12-01,Store002,SKU001,92,24.0,3.8333333333333335,Urgent
2023-12-01,Store002,SKU002,34,10.857142857142858,3.131578947368421,Urgent
2023-12-01,Store002,SKU003,27,14.571428571428571,1.8529411764705883,Critical
2023-12-01,Store003,SKU001,60,19.142857142857142,3.1343283582089554,Urgent
2023-12-01,Store003,SKU002,53,13.285714285714286,3.9892473118279566,Urgent
2023-12-01,Store003,SKU003,83,14.142857142857142,5.8686868686868685,Urgent
2023-12-02,Store001,SKU001,44,20.714285714285715,2.1241379310344826,Critical
2023-12-02,Store001,SKU002,79,13.285714285714286,5.946236559139785,Urgent
2023-12-02,Store001,SKU003,55,16.0,3.4375,Urgent
2023-12-02,Store002,SKU001,16,24.571428571428573,0.6511627906976744,Critical
2023-12-02,Store002,SKU002,67,10.714285714285714,6.253333333333334,Urgent
2023-12-02,Store002,SKU003,95,14.428571428571429,6.584158415841584,Urgent
2023-12-02,Store003,SKU001,38,19.0,2.0,Critical
2023-12-02,Store003,SKU002,56,11.0,5.090909090909091,Urgent
2023-12-02,Store003,SKU003,29,12.285714285714286,2.3604651162790695,Critical
2023-12-03,Store001,SKU001,83,24.142857142857142,3.437869822485207,Urgent
2023-12-03,Store001,SKU002,77,13.142857142857142,5.858695652173913,Urgent
2023-12-03,Store001,SKU003,99,16.714285714285715,5.9230769230769225,Urgent
2023-12-03,Store002,SKU001,11,23.0,0.4782608695652174,Critical
2023-12-03,Store002,SKU002,22,10.142857142857142,2.1690140845070425,Critical
2023-12-03,Store002,SKU003,85,13.0,6.538461538461538,Urgent
2023-12-03,Store003,SKU001,84,19.428571428571427,4.3235294117647065,Urgent
2023-12-03,Store003,SKU002,90,10.571428571428571,8.513513513513514,Normal
2023-12-03,Store003,SKU003,99,11.142857142857142,8.884615384615385,Normal
2023-12-04,Store001,SKU001,75,22.857142857142858,3.28125,Urgent
2023-12-04,Store001,SKU002,81,14.571428571428571,5.5588235294117645,Urgent
2023-12-04,Store001,SKU003,48,15.714285714285714,3.0545454545454547,Urgent
2023-12-04,Store002,SKU001,88,23.285714285714285,3.7791411042944785,Urgent
2023-12-04,Store002,SKU002,99,11.0,9.0,Normal
2023-12-04,Store002,SKU003,70,11.714285714285714,5.975609756097561,Urgent
2023-12-04,Store003,SKU001,95,19.714285714285715,4.818840579710145,Urgent
2023-12-04,Store003,SKU002,18,11.714285714285714,1.5365853658536586,Critical
2023-12-04,Store003,SKU003,35,10.571428571428571,3.310810810810811,Urgent
2023-12-05,Store001,SKU001,41,23.0,1.7826086956521738,Critical
2023-12-05,Store001,SKU002,83,14.428571428571429,5.752475247524752,Urgent
2023-12-05,Store001,SKU003,78,14.285714285714286,5.46,Urgent
2023-12-05,Store002,SKU001,86,21.857142857142858,3.934640522875817,Urgent
2023-12-05,Store002,SKU002,57,10.857142857142858,5.25,Urgent
2023-12-05,Store002,SKU003,34,11.285714285714286,3.012658227848101,Urgent
2023-12-05,Store003,SKU001,46,19.0,2.4210526315789473,Critical
2023-12-05,Store003,SKU002,94,12.0,7.833333333333333,Normal
2023-12-05,Store003,SKU003,52,8.714285714285714,5.967213114754099,Urgent
2023-12-06,Store001,SKU001,29,22.428571428571427,1.2929936305732486,Critical
2023-12-06,Store001,SKU002,66,12.714285714285714,5.191011235955057,Urgent
2023-12-06,Store001,SKU003,63,13.714285714285714,4.59375,Urgent
2023-12-06,Store002,SKU001,46,19.0,2.4210526315789473,Critical
2023-12-06,Store002,SKU002,92,13.428571428571429,6.8510638297872335,Urgent
2023-12-06,Store002,SKU003,34,11.714285714285714,2.9024390243902443,Critical
2023-12-06,Store003,SKU001,71,18.142857142857142,3.9133858267716537,Urgent
2023-12-06,Store003,SKU002,34,15.142857142857142,2.2452830188679247,Critical
2023-12-06,Store003,SKU003,45,9.142857142857142,4.921875,Urgent
2023-12-07,Store001,SKU001,94,22.0,4.2727272727272725,Urgent
2023-12-07,Store001,SKU002,66,14.714285714285714,4.485436893203884,Urgent
2023-12-07,Store001,SKU003,23,14.0,1.6428571428571428,Critical
2023-12-07,Store002,SKU001,90,19.142857142857142,4.701492537313433,Urgent
2023-12-07,Store002,SKU002,49,15.142857142857142,3.2358490566037736,Urgent
2023-12-07,Store002,SKU003,10,13.571428571428571,0.7368421052631579,Critical
2023-12-07,Store003,SKU001,26,17.571428571428573,1.4796747967479673,Critical
2023-12-07,Store003,SKU002,23,14.571428571428571,1.5784313725490196,Critical
2023-12-07,Store003,SKU003,32,8.571428571428571,3.7333333333333334,Urgent
2023-12-08,Store001,SKU001,96,19.857142857142858,4.83453237410072,Urgent
2023-12-08,Store001,SKU002,97,12.714285714285714,7.629213483146068,Normal
2023-12-08,Store001,SKU003,49,13.0,3.769230769230769,Urgent
2023-12-08,Store002,SKU001,45,20.571428571428573,2.1875,Critical
2023-12-08,Store002,SKU002,16,16.285714285714285,0.9824561403508772,Critical
2023-12-08,Store002,SKU003,98,12.857142857142858,7.622222222222222,Normal
2023-12-08,Store003,SKU001,96,18.285714285714285,5.25,Urgent
2023-12-08,Store003,SKU002,74,15.428571428571429,4.796296296296296,Urgent
2023-12-08,Store003,SKU003,12,8.0,1.5,Critical
2023-12-09,Store001,SKU001,62,18.571428571428573,3.338461538461538,Urgent
2023-12-09,Store001,SKU002,17,14.714285714285714,1.1553398058252429,Critical
2023-12-09,Store001,SKU003,46,14.571428571428571,3.156862745098039,Urgent
2023-12-09,Store002,SKU001,42,19.714285714285715,2.1304347826086953,Critical
2023-12-09,Store002,SKU002,13,17.0,0.7647058823529411,Critical
2023-12-09,Store002,SKU003,30,12.142857142857142,2.4705882352941178,Critical
2023-12-09,Store003,SKU001,88,20.714285714285715,4.248275862068965,Urgent
2023-12-09,Store003,SKU002,37,16.285714285714285,2.2719298245614037,Critical
2023-12-09,Store003,SKU003,76,8.857142857142858,8.580645161290322,Normal
2023-12-10,Store001,SKU001,14,16.714285714285715,0.8376068376068375,Critical
2023-12-10,Store001,SKU002,32,15.142857142857142,2.1132075471698113,Critical
2023-12-10,Store001,SKU003,21,13.142857142857142,1.5978260869565217,Critical
2023-12-10,Store002,SKU001,14,21.142857142857142,0.6621621621621622,Critical
2023-12-10,Store002,SKU002,11,16.857142857142858,0.6525423728813559,Critical
2023-12-10,Store002,SKU003,39,14.714285714285714,2.650485436893204,Critical
2023-12-10,Store003,SKU001,34,22.0,1.5454545454545454,Critical
2023-12-10,Store003,SKU002,62,17.714285714285715,3.5,Urgent
2023-12-10,Store003,SKU003,37,10.857142857142858,3.4078947368421053,Urgent
2023-12-11,Store001,SKU001,11,17.142857142857142,0.6416666666666667,Critical
2023-12-11,Store001,SKU002,94,15.714285714285714,5.981818181818182,Urgent
2023-12-11,Store001,SKU003,27,13.571428571428571,1.9894736842105263,Critical
2023-12-11,Store002,SKU001,89,20.714285714285715,4.296551724137931,Urgent
2023-12-11,Store002,SKU002,83,16.285714285714285,5.0964912280701755,Urgent
2023-12-11,Store002,SKU003,34,14.142857142857142,2.404040404040404,Critical
2023-12-11,Store003,SKU001,68,21.714285714285715,3.131578947368421,Urgent
2023-12-11,Store003,SKU002,23,16.0,1.4375,Critical
2023-12-11,Store003,SKU003,93,11.285714285714286,8.240506329113924,Normal
2023-12-12,Store001,SKU001,59,18.428571428571427,3.2015503875968996,Urgent
2023-12-12,Store001,SKU002,89,16.714285714285715,5.3247863247863245,Urgent
2023-12-12,Store001,SKU003,62,13.0,4.769230769230769,Urgent
2023-12-12,Store002,SKU001,69,20.714285714285715,3.3310344827586205,Urgent
2023-12-12,Store002,SKU002,12,21.285714285714285,0.563758389261745,Critical
2023-12-12,Store002,SKU003,23,14.714285714285714,1.5631067961165048,Critical
2023-12-12,Store003,SKU001,84,22.0,3.8181818181818183,Urgent
2023-12-12,Store003,SKU002,64,17.0,3.764705882352941,Urgent
2023-12-12,Store003,SKU003,34,12.285714285714286,2.7674418604651163,Critical
2023-12-13,Store001,SKU001,40,18.428571428571427,2.170542635658915,Critical
2023-12-13,Store001,SKU002,65,20.571428571428573,3.159722222222222,Urgent
2023-12-13,Store001,SKU003,40,13.571428571428571,2.9473684210526314,Critical
2023-12-13,Store002,SKU001,98,24.142857142857142,4.059171597633136,Urgent
2023-12-13,Store002,SKU002,92,23.142857142857142,3.9753086419753085,Urgent
2023-12-13,Store002,SKU003,77,15.714285714285714,4.9,Urgent
2023-12-13,Store003,SKU001,29,24.285714285714285,1.1941176470588235,Critical
2023-12-13,Store003,SKU002,92,15.571428571428571,5.908256880733945,Urgent
2023-12-13,Store003,SKU003,31,13.142857142857142,2.358695652173913,Critical
2023-12-14,Store001,SKU001,77,18.571428571428573,4.146153846153846,Urgent
2023-12-14,Store001,SKU002,90,19.428571428571427,4.632352941176471,Urgent
2023-12-14,Store001,SKU003,61,15.285714285714286,3.9906542056074765,Urgent
2023-12-14,Store002,SKU001,19,25.0,0.76,Critical
2023-12-14,Store002,SKU002,55,23.0,2.391304347826087,Critical
2023-12-14,Store002,SKU003,91,14.285714285714286,6.369999999999999,Urgent
2023-12-14,Store003,SKU001,74,24.714285714285715,2.9942196531791905,Critical
2023-12-14,Store003,SKU002,42,17.428571428571427,2.4098360655737707,Critical
2023-12-14,Store003,SKU003,40,14.571428571428571,2.7450980392156863,Critical
2023-12-15,Store001,SKU001,84,18.857142857142858,4.454545454545454,Urgent
2023-12-15,Store001,SKU002,51,21.285714285714285,2.3959731543624163,Critical
2023-12-15,Store001,SKU003,48,15.714285714285714,3.0545454545454547,Urgent
2023-12-15,Store002,SKU001,51,25.142857142857142,2.028409090909091,Critical
2023-12-15,Store002,SKU002,28,24.285714285714285,1.1529411764705884,Critical
2023-12-15,Store002,SKU003,71,13.428571428571429,5.287234042553191,Urgent
2023-12-15,Store003,SKU001,34,21.857142857142858,1.5555555555555556,Critical
2023-12-15,Store003,SKU002,94,17.857142857142858,5.264,Urgent
2023-12-15,Store003,SKU003,77,15.0,5.133333333333334,Urgent
2023-12-16,Store001,SKU001,74,19.571428571428573,3.7810218978102186,Urgent
2023-12-16,Store001,SKU002,19,17.714285714285715,1.0725806451612903,Critical
2023-12-16,Store001,SKU003,49,16.285714285714285,3.0087719298245617,Urgent
2023-12-16,Store002,SKU001,11,23.428571428571427,0.46951219512195125,Critical
2023-12-16,Store002,SKU002,32,24.857142857142858,1.2873563218390804,Critical
2023-12-16,Store002,SKU003,65,13.0,5.0,Urgent
2023-12-16,Store003,SKU001,81,20.714285714285715,3.9103448275862065,Urgent
2023-12-16,Store003,SKU002,95,19.0,5.0,Urgent
2023-12-16,Store003,SKU003,62,15.571428571428571,3.981651376146789,Urgent
2023-12-17,Store001,SKU001,95,20.142857142857142,4.716312056737589,Urgent
2023-12-17,Store001,SKU002,23,18.428571428571427,1.248062015503876,Critical
2023-12-17,Store001,SKU003,14,17.285714285714285,0.8099173553719009,Critical
2023-12-17,Store002,SKU001,16,20.857142857142858,0.7671232876712328,Critical
2023-12-17,Store002,SKU002,52,23.428571428571427,2.2195121951219514,Critical
2023-12-17,Store002,SKU003,55,10.0,5.5,Urgent
2023-12-17,Store003,SKU001,48,18.428571428571427,2.604651162790698,Critical
2023-12-17,Store003,SKU002,15,17.285714285714285,0.8677685950413223,Critical
2023-12-17,Store003,SKU003,21,17.142857142857142,1.225,Critical
2023-12-18,Store001,SKU001,67,20.285714285714285,3.302816901408451,Urgent
2023-12-18,Store001,SKU002,12,17.428571428571427,0.6885245901639345,Critical
2023-12-18,Store001,SKU003,49,17.285714285714285,2.834710743801653,Critical
2023-12-18,Store002,SKU001,72,21.142857142857142,3.4054054054054057,Urgent
2023-12-18,Store002,SKU002,68,22.571428571428573,3.012658227848101,Urgent
2023-12-18,Store002,SKU003,78,9.714285714285714,8.029411764705882,Normal
2023-12-18,Store003,SKU001,20,18.714285714285715,1.0687022900763359,Critical
2023-12-18,Store003,SKU002,86,19.857142857142858,4.330935251798561,Urgent
2023-12-18,Store003,SKU003,16,16.428571428571427,0.9739130434782609,Critical
2023-12-19,Store001,SKU001,84,19.714285714285715,4.260869565217391,Urgent
2023-12-19,Store001,SKU002,85,16.285714285714285,5.219298245614035,Urgent
2023-12-19,Store001,SKU003,95,18.571428571428573,5.115384615384615,Urgent
2023-12-19,Store002,SKU001,14,20.571428571428573,0.6805555555555555,Critical
2023-12-19,Store002,SKU002,30,21.0,1.4285714285714286,Critical
2023-12-19,Store002,SKU003,99,8.428571428571429,11.745762711864407,Normal
2023-12-19,Store003,SKU001,58,18.0,3.2222222222222223,Urgent
2023-12-19,Store003,SKU002,65,20.285714285714285,3.204225352112676,Urgent
2023-12-19,Store003,SKU003,60,16.285714285714285,3.68421052631579,Urgent
2023-12-20,Store001,SKU001,17,20.571428571428573,0.8263888888888888,Critical
2023-12-20,Store001,SKU002,52,14.714285714285714,3.533980582524272,Urgent
2023-12-20,Store001,SKU003,72,18.285714285714285,3.9375,Urgent
2023-12-20,Store002,SKU001,10,19.571428571428573,0.510948905109489,Critical
2023-12-20,Store002,SKU002,59,17.571428571428573,3.357723577235772,Urgent
2023-12-20,Store002,SKU003,88,7.857142857142857,11.200000000000001,Normal
2023-12-20,Store003,SKU001,81,18.714285714285715,4.32824427480916,Urgent
2023-12-20,Store003,SKU002,13,21.285714285714285,0.610738255033557,Critical
2023-12-20,Store003,SKU003,82,15.857142857142858,5.171171171171171,Urgent
2023-12-21,Store001,SKU001,20,22.0,0.9090909090909091,Critical
2023-12-21,Store001,SKU002,82,14.285714285714286,5.739999999999999,Urgent
2023-12-21,Store001,SKU003,37,16.285714285714285,2.2719298245614037,Critical
2023-12-21,Store002,SKU001,96,18.142857142857142,5.291338582677166,Urgent
2023-12-21,Store002,SKU002,52,15.428571428571429,3.3703703703703702,Urgent
2023-12-21,Store002,SKU003,70,6.714285714285714,10.425531914893616,Normal
2023-12-21,Store003,SKU001,48,19.571428571428573,2.452554744525547,Critical
2023-12-21,Store003,SKU002,21,19.857142857142858,1.0575539568345322,Critical
2023-12-21,Store003,SKU003,10,15.285714285714286,0.6542056074766355,Critical
2023-12-22,Store001,SKU001,12,23.714285714285715,0.5060240963855421,Critical
2023-12-22,Store001,SKU002,94,12.571428571428571,7.4772727272727275,Normal
2023-12-22,Store001,SKU003,37,16.285714285714285,2.2719298245614037,Critical
2023-12-22,Store002,SKU001,19,17.857142857142858,1.064,Critical
2023-12-22,Store002,SKU002,16,15.571428571428571,1.0275229357798166,Critical
2023-12-22,Store002,SKU003,94,7.714285714285714,12.185185185185185,Normal
2023-12-22,Store003,SKU001,70,20.142857142857142,3.475177304964539,Urgent
2023-12-22,Store003,SKU002,43,20.428571428571427,2.104895104895105,Critical
2023-12-22,Store003,SKU003,71,15.285714285714286,4.644859813084112,Urgent
2023-12-23,Store001,SKU001,99,22.714285714285715,4.3584905660377355,Urgent
2023-12-23,Store001,SKU002,72,14.714285714285714,4.893203883495146,Urgent
2023-12-23,Store001,SKU003,21,13.714285714285714,1.53125,Critical
2023-12-23,Store002,SKU001,44,18.714285714285715,2.351145038167939,Critical
2023-12-23,Store002,SKU002,50,15.714285714285714,3.181818181818182,Urgent
2023-12-23,Store002,SKU003,59,7.857142857142857,7.50909090909091,Normal
2023-12-23,Store003,SKU001,91,20.142857142857142,4.5177304964539005,Urgent
2023-12-23,Store003,SKU002,29,19.285714285714285,1.5037037037037038,Critical
2023-12-23,Store003,SKU003,53,14.571428571428571,3.6372549019607843,Urgent
2023-12-24,Store001,SKU001,63,22.714285714285715,2.7735849056603774,Critical
2023-12-24,Store001,SKU002,73,13.285714285714286,5.494623655913978,Urgent
2023-12-24,Store001,SKU003,26,13.571428571428571,1.9157894736842105,Critical
2023-12-24,Store002,SKU001,39,19.428571428571427,2.0073529411764706,Critical
2023-12-24,Store002,SKU002,30,16.714285714285715,1.7948717948717947,Critical
2023-12-24,Store002,SKU003,48,7.857142857142857,6.109090909090909,Urgent
2023-12-24,Store003,SKU001,19,21.0,0.9047619047619048,Critical
2023-12-24,Store003,SKU002,47,21.0,2.238095238095238,Critical
2023-12-24,Store003,SKU003,13,13.142857142857142,0.9891304347826088,Critical
2023-12-25,Store001,SKU001,11,21.857142857142858,0.5032679738562091,Critical
2023-12-25,Store001,SKU002,54,12.714285714285714,4.247191011235955,Urgent
2023-12-25,Store001,SKU003,37,12.571428571428571,2.9431818181818183,Critical
2023-12-25,Store002,SKU001,45,18.285714285714285,2.4609375,Critical
2023-12-25,Store002,SKU002,63,16.285714285714285,3.868421052631579,Urgent
2023-12-25,Store002,SKU003,59,8.571428571428571,6.883333333333334,Urgent
2023-12-25,Store003,SKU001,37,18.857142857142858,1.9621212121212122,Critical
2023-12-25,Store003,SKU002,63,19.428571428571427,3.24264705882353,Urgent
2023-12-25,Store003,SKU003,15,12.714285714285714,1.1797752808988764,Critical
2023-12-26,Store001,SKU001,67,20.714285714285715,3.2344827586206897,Urgent
2023-12-26,Store001,SKU002,82,15.285714285714286,5.364485981308411,Urgent
2023-12-26,Store001,SKU003,58,12.428571428571429,4.666666666666667,Urgent
2023-12-26,Store002,SKU001,84,18.0,4.666666666666667,Urgent
2023-12-26,Store002,SKU002,64,15.857142857142858,4.036036036036036,Urgent
2023-12-26,Store002,SKU003,39,8.285714285714286,4.706896551724138,Urgent
2023-12-26,Store003,SKU001,59,19.285714285714285,3.0592592592592593,Urgent
2023-12-26,Store003,SKU002,59,17.0,3.4705882352941178,Urgent
2023-12-26,Store003,SKU003,34,13.0,2.6153846153846154,Critical
2023-12-27,Store001,SKU001,55,21.0,2.619047619047619,Critical
2023-12-27,Store001,SKU002,42,14.714285714285714,2.854368932038835,Critical
2023-12-27,Store001,SKU003,99,12.571428571428571,7.875,Normal
2023-12-27,Store002,SKU001,57,18.714285714285715,3.045801526717557,Urgent
2023-12-27,Store002,SKU002,12,15.285714285714286,0.7850467289719626,Critical
2023-12-27,Store002,SKU003,27,9.571428571428571,2.8208955223880596,Critical
2023-12-27,Store003,SKU001,93,17.0,5.470588235294118,Urgent
2023-12-27,Store003,SKU002,34,15.0,2.2666666666666666,Critical
2023-12-27,Store003,SKU003,51,13.571428571428571,3.7578947368421054,Urgent
2023-12-28,Store001,SKU001,50,18.428571428571427,2.713178294573644,Critical
2023-12-28,Store001,SKU002,51,18.428571428571427,2.7674418604651163,Critical
2023-12-28,Store001,SKU003,88,13.857142857142858,6.350515463917525,Urgent
2023-12-28,Store002,SKU001,21,19.714285714285715,1.0652173913043477,Critical
2023-12-28,Store002,SKU002,32,16.857142857142858,1.8983050847457628,Critical
2023-12-28,Store002,SKU003,37,11.428571428571429,3.2375,Urgent
2023-12-28,Store003,SKU001,78,15.428571428571429,5.055555555555555,Urgent
2023-12-28,Store003,SKU002,92,15.428571428571429,5.962962962962963,Urgent
2023-12-28,Store003,SKU003,39,13.285714285714286,2.9354838709677415,Critical
2023-12-29,Store001,SKU001,34,18.142857142857142,1.874015748031496,Critical
2023-12-29,Store001,SKU002,92,18.0,5.111111111111111,Urgent
2023-12-29,Store001,SKU003,58,13.428571428571429,4.319148936170213,Urgent
2023-12-29,Store002,SKU001,18,18.714285714285715,0.9618320610687022,Critical
2023-12-29,Store002,SKU002,67,17.285714285714285,3.87603305785124,Urgent
2023-12-29,Store002,SKU003,83,11.428571428571429,7.2625,Normal
2023-12-29,Store003,SKU001,78,16.0,4.875,Urgent
2023-12-29,Store003,SKU002,61,13.857142857142858,4.4020618556701026,Urgent
2023-12-29,Store003,SKU003,74,12.857142857142858,5.7555555555555555,Urgent
2023-12-30,Store001,SKU001,20,17.428571428571427,1.1475409836065575,Critical
2023-12-30,Store001,SKU002,18,18.428571428571427,0.9767441860465117,Critical
2023-12-30,Store001,SKU003,61,14.0,4.357142857142857,Urgent
2023-12-30,Store002,SKU001,60,21.857142857142858,2.7450980392156863,Critical
2023-12-30,Store002,SKU002,72,15.142857142857142,4.754716981132075,Urgent
2023-12-30,Store002,SKU003,41,12.0,3.4166666666666665,Urgent
2023-12-30,Store003,SKU001,37,15.571428571428571,2.376146788990826,Critical
2023-12-30,Store003,SKU002,75,15.714285714285714,4.772727272727273,Urgent
2023-12-30,Store003,SKU003,68,11.857142857142858,5.734939759036144,Urgent
2023-12-31,Store001,SKU001,17,19.428571428571427,0.8750000000000001,Critical
2023-12-31,Store001,SKU002,88,19.142857142857142,4.597014925373134,Urgent
2023-12-31,Store001,SKU003,24,14.714285714285714,1.6310679611650487,Critical
2023-12-31,Store002,SKU001,72,20.857142857142858,3.452054794520548,Urgent
2023-12-31,Store002,SKU002,15,16.142857142857142,0.9292035398230089,Critical
2023-12-31,Store002,SKU003,67,13.285714285714286,5.043010752688172,Urgent
2023-12-31,Store003,SKU001,15,16.142857142857142,0.9292035398230089,Critical
2023-12-31,Store003,SKU002,44,16.714285714285715,2.6324786324786325,Critical
2023-12-31,Store003,SKU003,16,11.714285714285714,1.3658536585365855,Critical
