Date,Store,SKU,InventoryLevel,ExcessThreshold,ExcessInventory,IsExcess,ExcessSeverity
2023-01-01,Store001,SKU001,49,344.673995868241,-295.673995868241,False,Normal
2023-01-01,Store001,SKU002,42,77.40529582211767,-35.405295822117665,False,Normal
2023-01-01,Store001,SKU003,85,55.63088763251994,29.369112367480056,True,Low Excess
2023-01-01,Store002,SKU001,27,157.55516881893084,-130.55516881893084,False,Normal
2023-01-01,Store002,SKU002,51,176.73581900881624,-125.73581900881624,False,Normal
2023-01-01,Store002,SKU003,63,78.327592042073,-15.327592042072993,False,Normal
2023-01-01,Store003,SKU001,89,261.9567860545019,-172.9567860545019,False,Normal
2023-01-01,Store003,SKU002,79,128.22603956166483,-49.226039561664834,False,Normal
2023-01-01,Store003,SKU003,10,63.93977509902533,-53.93977509902533,False,Normal
2023-01-02,Store001,SKU001,30,255.42399586824098,-225.42399586824098,False,Normal
2023-01-02,Store001,SKU002,61,96.15529582211767,-35.155295822117665,False,Normal
2023-01-02,Store001,SKU003,70,69.13088763251994,0.8691123674800565,True,Low Excess
2023-01-02,Store002,SKU001,29,215.30516881893084,-186.30516881893084,False,Normal
2023-01-02,Store002,SKU002,35,135.48581900881624,-100.48581900881624,False,Normal
2023-01-02,Store002,SKU003,80,71.577592042073,8.422407957927007,True,Low Excess
2023-01-02,Store003,SKU001,64,261.9567860545019,-197.9567860545019,False,Normal
2023-01-02,Store003,SKU002,86,90.72603956166483,-4.726039561664834,False,Normal
2023-01-02,Store003,SKU003,47,86.43977509902533,-39.439775099025326,False,Normal
2023-01-03,Store001,SKU001,61,271.173995868241,-210.17399586824098,False,Normal
2023-01-03,Store001,SKU002,60,99.90529582211767,-39.905295822117665,False,Normal
2023-01-03,Store001,SKU003,46,73.63088763251994,-27.630887632519944,False,Normal
2023-01-03,Store002,SKU001,71,245.0551688189308,-174.0551688189308,False,Normal
2023-01-03,Store002,SKU002,40,141.73581900881624,-101.73581900881624,False,Normal
2023-01-03,Store002,SKU003,22,78.327592042073,-56.32759204207299,False,Normal
2023-01-03,Store003,SKU001,81,223.45678605450186,-142.45678605450186,False,Normal
2023-01-03,Store003,SKU002,83,103.22603956166482,-20.22603956166482,False,Normal
2023-01-03,Store003,SKU003,46,83.43977509902533,-37.439775099025326,False,Normal
2023-01-04,Store001,SKU001,97,247.54899586824098,-150.54899586824098,False,Normal
2023-01-04,Store001,SKU002,46,116.78029582211767,-70.78029582211767,False,Normal
2023-01-04,Store001,SKU003,93,71.38088763251994,21.619112367480056,True,Low Excess
2023-01-04,Store002,SKU001,21,233.68016881893084,-212.68016881893084,False,Normal
2023-01-04,Store002,SKU002,53,122.36081900881625,-69.36081900881625,False,Normal
2023-01-04,Store002,SKU003,83,67.077592042073,15.922407957927007,True,Low Excess
2023-01-04,Store003,SKU001,16,191.0817860545019,-175.0817860545019,False,Normal
2023-01-04,Store003,SKU002,33,111.35103956166483,-78.35103956166483,False,Normal
2023-01-04,Store003,SKU003,67,89.81477509902533,-22.814775099025326,False,Normal
2023-01-05,Store001,SKU001,46,243.87399586824094,-197.87399586824094,False,Normal
2023-01-05,Store001,SKU002,78,108.90529582211767,-30.905295822117665,False,Normal
2023-01-05,Store001,SKU003,53,67.33088763251993,-14.330887632519932,False,Normal
2023-01-05,Store002,SKU001,46,249.95516881893082,-203.95516881893082,False,Normal
2023-01-05,Store002,SKU002,78,128.73581900881624,-50.735819008816236,False,Normal
2023-01-05,Store002,SKU003,82,66.62759204207299,15.37240795792701,True,Low Excess
2023-01-05,Store003,SKU001,81,198.9567860545019,-117.95678605450189,False,Normal
2023-01-05,Store003,SKU002,36,104.22603956166483,-68.22603956166483,False,Normal
2023-01-05,Store003,SKU003,30,87.33977509902533,-57.33977509902533,False,Normal
2023-01-06,Store001,SKU001,87,216.92399586824092,-129.92399586824092,False,Normal
2023-01-06,Store001,SKU002,32,123.65529582211765,-91.65529582211765,False,Normal
2023-01-06,Store001,SKU003,57,69.13088763251994,-12.130887632519944,False,Normal
2023-01-06,Store002,SKU001,48,271.30516881893084,-223.30516881893084,False,Normal
2023-01-06,Store002,SKU002,60,127.98581900881625,-67.98581900881625,False,Normal
2023-01-06,Store002,SKU003,82,67.827592042073,14.172407957927007,True,Low Excess
2023-01-06,Store003,SKU001,79,190.2067860545019,-111.20678605450189,False,Normal
2023-01-06,Store003,SKU002,80,101.97603956166483,-21.976039561664834,False,Normal
2023-01-06,Store003,SKU003,64,79.68977509902533,-15.689775099025326,False,Normal
2023-01-07,Store001,SKU001,35,200.67399586824098,-165.67399586824098,False,Normal
2023-01-07,Store001,SKU002,11,127.76243867926051,-116.76243867926051,False,Normal
2023-01-07,Store001,SKU003,69,67.84517334680565,1.1548266531943483,True,Low Excess
2023-01-07,Store002,SKU001,92,259.55516881893084,-167.55516881893084,False,Normal
2023-01-07,Store002,SKU002,50,146.73581900881624,-96.73581900881624,False,Normal
2023-01-07,Store002,SKU003,56,71.25616347064441,-15.25616347064441,False,Normal
2023-01-07,Store003,SKU001,62,218.4567860545019,-156.4567860545019,False,Normal
2023-01-07,Store003,SKU002,58,106.79746813309339,-48.79746813309339,False,Normal
2023-01-07,Store003,SKU003,59,78.08263224188248,-19.08263224188248,False,Normal
2023-01-08,Store001,SKU001,52,172.17399586824098,-120.17399586824098,False,Normal
2023-01-08,Store001,SKU002,47,127.76243867926051,-80.76243867926051,False,Normal
2023-01-08,Store001,SKU003,28,74.27374477537708,-46.27374477537708,False,Normal
2023-01-08,Store002,SKU001,93,267.05516881893084,-174.05516881893084,False,Normal
2023-01-08,Store002,SKU002,29,170.30724758024482,-141.30724758024482,False,Normal
2023-01-08,Store002,SKU003,76,70.61330632778728,5.386693672212715,True,Low Excess
2023-01-08,Store003,SKU001,20,218.4567860545019,-198.4567860545019,False,Normal
2023-01-08,Store003,SKU002,60,111.08318241880768,-51.08318241880768,False,Normal
2023-01-08,Store003,SKU003,57,73.58263224188248,-16.58263224188248,False,Normal
2023-01-09,Store001,SKU001,58,176.67399586824098,-118.67399586824098,False,Normal
2023-01-09,Store001,SKU002,42,135.26243867926053,-93.26243867926053,False,Normal
2023-01-09,Store001,SKU003,36,67.84517334680565,-31.84517334680565,False,Normal
2023-01-09,Store002,SKU001,89,253.55516881893084,-164.55516881893084,False,Normal
2023-01-09,Store002,SKU002,67,177.80724758024482,-110.80724758024482,False,Normal
2023-01-09,Store002,SKU003,81,75.75616347064441,5.24383652935559,True,Low Excess
2023-01-09,Store003,SKU001,21,210.9567860545019,-189.9567860545019,False,Normal
2023-01-09,Store003,SKU002,91,121.79746813309339,-30.79746813309339,False,Normal
2023-01-09,Store003,SKU003,50,67.15406081331105,-17.154060813311048,False,Normal
2023-01-10,Store001,SKU001,96,157.17399586824098,-61.17399586824098,False,Normal
2023-01-10,Store001,SKU002,69,135.26243867926053,-66.26243867926053,False,Normal
2023-01-10,Store001,SKU003,75,69.13088763251994,5.8691123674800565,True,Low Excess
2023-01-10,Store002,SKU001,79,219.05516881893084,-140.05516881893084,False,Normal
2023-01-10,Store002,SKU002,64,181.02153329453054,-117.02153329453054,False,Normal
2023-01-10,Store002,SKU003,48,69.327592042073,-21.327592042072993,False,Normal
2023-01-10,Store003,SKU001,59,231.9567860545019,-172.9567860545019,False,Normal
2023-01-10,Store003,SKU002,31,114.29746813309339,-83.29746813309339,False,Normal
2023-01-10,Store003,SKU003,21,60.08263224188248,-39.08263224188248,False,Normal
2023-01-11,Store001,SKU001,48,164.67399586824098,-116.67399586824098,False,Normal
2023-01-11,Store001,SKU002,15,129.90529582211767,-114.90529582211767,False,Normal
2023-01-11,Store001,SKU003,13,69.77374477537708,-56.77374477537708,False,Normal
2023-01-11,Store002,SKU001,61,204.05516881893084,-143.05516881893084,False,Normal
2023-01-11,Store002,SKU002,21,207.80724758024485,-186.80724758024485,False,Normal
2023-01-11,Store002,SKU003,50,76.39902061350156,-26.399020613501563,False,Normal
2023-01-11,Store003,SKU001,93,237.9567860545019,-144.9567860545019,False,Normal
2023-01-11,Store003,SKU002,74,120.72603956166483,-46.726039561664834,False,Normal
2023-01-11,Store003,SKU003,98,57.51120367045391,40.48879632954609,True,Low Excess
2023-01-12,Store001,SKU001,54,155.67399586824098,-101.67399586824098,False,Normal
2023-01-12,Store001,SKU002,51,138.47672439354622,-87.47672439354622,False,Normal
2023-01-12,Store001,SKU003,32,71.05945906109139,-39.05945906109139,False,Normal
2023-01-12,Store002,SKU001,51,171.05516881893084,-120.05516881893084,False,Normal
2023-01-12,Store002,SKU002,40,207.80724758024485,-167.80724758024485,False,Normal
2023-01-12,Store002,SKU003,27,74.47044918493015,-47.470449184930146,False,Normal
2023-01-12,Store003,SKU001,13,237.9567860545019,-224.9567860545019,False,Normal
2023-01-12,Store003,SKU002,16,128.22603956166483,-112.22603956166483,False,Normal
2023-01-12,Store003,SKU003,82,53.01120367045391,28.98879632954609,True,Low Excess
2023-01-13,Store001,SKU001,87,155.67399586824098,-68.67399586824098,False,Normal
2023-01-13,Store001,SKU002,45,115.97672439354622,-70.97672439354622,False,Normal
2023-01-13,Store001,SKU003,80,70.41660191823424,9.583398081765765,True,Low Excess
2023-01-13,Store002,SKU001,54,162.05516881893084,-108.05516881893084,False,Normal
2023-01-13,Store002,SKU002,37,216.37867615167337,-179.37867615167337,False,Normal
2023-01-13,Store002,SKU003,68,77.68473489921584,-9.68473489921584,False,Normal
2023-01-13,Store003,SKU001,12,245.4567860545019,-233.4567860545019,False,Normal
2023-01-13,Store003,SKU002,74,134.65461099023628,-60.65461099023628,False,Normal
2023-01-13,Store003,SKU003,92,54.93977509902533,37.06022490097467,True,Low Excess
2023-01-14,Store001,SKU001,66,176.67399586824098,-110.67399586824098,False,Normal
2023-01-14,Store001,SKU002,61,122.40529582211767,-61.405295822117665,False,Normal
2023-01-14,Store001,SKU003,29,70.41660191823424,-41.416601918234235,False,Normal
2023-01-14,Store002,SKU001,49,172.55516881893084,-123.55516881893084,False,Normal
2023-01-14,Store002,SKU002,90,202.45010472310196,-112.45010472310196,False,Normal
2023-01-14,Store002,SKU003,91,71.89902061350156,19.100979386498437,True,Low Excess
2023-01-14,Store003,SKU001,43,221.4567860545019,-178.4567860545019,False,Normal
2023-01-14,Store003,SKU002,53,134.65461099023628,-81.65461099023628,False,Normal
2023-01-14,Store003,SKU003,30,54.29691795616819,-24.296917956168187,False,Normal
2023-01-15,Store001,SKU001,85,184.17399586824098,-99.17399586824098,False,Normal
2023-01-15,Store001,SKU002,79,147.04815296497478,-68.04815296497478,False,Normal
2023-01-15,Store001,SKU003,98,72.34517334680565,25.65482665319435,True,Low Excess
2023-01-15,Store002,SKU001,52,163.55516881893084,-111.55516881893084,False,Normal
2023-01-15,Store002,SKU002,24,168.16439043738768,-144.16439043738768,False,Normal
2023-01-15,Store002,SKU003,44,66.11330632778728,-22.113306327787285,False,Normal
2023-01-15,Store003,SKU001,98,227.4567860545019,-129.4567860545019,False,Normal
2023-01-15,Store003,SKU002,42,126.08318241880768,-84.08318241880768,False,Normal
2023-01-15,Store003,SKU003,12,58.15406081331104,-46.15406081331104,False,Normal
2023-01-16,Store001,SKU001,92,184.17399586824098,-92.17399586824098,False,Normal
2023-01-16,Store001,SKU002,93,139.54815296497478,-46.548152964974776,False,Normal
2023-01-16,Store001,SKU003,55,72.9880304896628,-17.988030489662805,False,Normal
2023-01-16,Store002,SKU001,50,166.55516881893084,-116.55516881893084,False,Normal
2023-01-16,Store002,SKU002,72,163.87867615167337,-91.87867615167337,False,Normal
2023-01-16,Store002,SKU003,62,60.97044918493013,1.029550815069868,True,Low Excess
2023-01-16,Store003,SKU001,75,230.4567860545019,-155.4567860545019,False,Normal
2023-01-16,Store003,SKU002,77,119.65461099023626,-42.654610990236264,False,Normal
2023-01-16,Store003,SKU003,72,60.08263224188248,11.917367758117521,True,Low Excess
2023-01-17,Store001,SKU001,21,188.67399586824098,-167.67399586824098,False,Normal
2023-01-17,Store001,SKU002,98,138.47672439354622,-40.47672439354622,False,Normal
2023-01-17,Store001,SKU003,72,67.20231620394853,4.797683796051473,True,Low Excess
2023-01-17,Store002,SKU001,56,171.05516881893084,-115.05516881893084,False,Normal
2023-01-17,Store002,SKU002,65,155.30724758024482,-90.30724758024482,False,Normal
2023-01-17,Store002,SKU003,28,68.0418777563587,-40.0418777563587,False,Normal
2023-01-17,Store003,SKU001,21,216.9567860545019,-195.9567860545019,False,Normal
2023-01-17,Store003,SKU002,35,129.2974681330934,-94.29746813309339,False,Normal
2023-01-17,Store003,SKU003,45,69.72548938473963,-24.72548938473963,False,Normal
2023-01-18,Store001,SKU001,49,182.67399586824098,-133.67399586824098,False,Normal
2023-01-18,Store001,SKU002,99,141.69101010783194,-42.69101010783194,False,Normal
2023-01-18,Store001,SKU003,86,64.63088763251994,21.369112367480056,True,Low Excess
2023-01-18,Store002,SKU001,49,187.55516881893084,-138.55516881893084,False,Normal
2023-01-18,Store002,SKU002,13,141.37867615167337,-128.37867615167337,False,Normal
2023-01-18,Store002,SKU003,81,64.827592042073,16.172407957927007,True,Low Excess
2023-01-18,Store003,SKU001,98,237.9567860545019,-139.9567860545019,False,Normal
2023-01-18,Store003,SKU002,79,119.65461099023626,-40.654610990236264,False,Normal
2023-01-18,Store003,SKU003,24,72.29691795616819,-48.29691795616819,False,Normal
2023-01-19,Store001,SKU001,95,187.17399586824098,-92.17399586824098,False,Normal
2023-01-19,Store001,SKU002,57,137.40529582211767,-80.40529582211767,False,Normal
2023-01-19,Store001,SKU003,93,67.20231620394853,25.797683796051473,True,Low Excess
2023-01-19,Store002,SKU001,66,204.05516881893084,-138.05516881893084,False,Normal
2023-01-19,Store002,SKU002,91,146.73581900881624,-55.735819008816236,False,Normal
2023-01-19,Store002,SKU003,38,69.97044918493015,-31.970449184930146,False,Normal
2023-01-19,Store003,SKU001,53,237.9567860545019,-184.9567860545019,False,Normal
2023-01-19,Store003,SKU002,57,107.86889670452197,-50.86889670452197,False,Normal
2023-01-19,Store003,SKU003,53,72.93977509902533,-19.939775099025326,False,Normal
2023-01-20,Store001,SKU001,97,209.67399586824098,-112.67399586824098,False,Normal
2023-01-20,Store001,SKU002,55,151.33386725068908,-96.33386725068908,False,Normal
2023-01-20,Store001,SKU003,81,69.77374477537708,11.226255224622918,True,Low Excess
2023-01-20,Store002,SKU001,35,216.05516881893084,-181.05516881893084,False,Normal
2023-01-20,Store002,SKU002,17,146.73581900881624,-129.73581900881624,False,Normal
2023-01-20,Store002,SKU003,69,63.5418777563587,5.458122243641299,True,Low Excess
2023-01-20,Store003,SKU001,94,236.4567860545019,-142.4567860545019,False,Normal
2023-01-20,Store003,SKU002,21,99.29746813309339,-78.29746813309339,False,Normal
2023-01-20,Store003,SKU003,91,74.22548938473963,16.77451061526037,True,Low Excess
2023-01-21,Store001,SKU001,71,205.17399586824098,-134.17399586824098,False,Normal
2023-01-21,Store001,SKU002,31,130.97672439354622,-99.97672439354622,False,Normal
2023-01-21,Store001,SKU003,57,76.20231620394853,-19.202316203948527,False,Normal
2023-01-21,Store002,SKU001,16,210.05516881893084,-194.05516881893084,False,Normal
2023-01-21,Store002,SKU002,39,161.73581900881624,-122.73581900881624,False,Normal
2023-01-21,Store002,SKU003,67,69.97044918493015,-2.970449184930146,False,Normal
2023-01-21,Store003,SKU001,39,258.9567860545019,-219.9567860545019,False,Normal
2023-01-21,Store003,SKU002,37,91.79746813309339,-54.79746813309339,False,Normal
2023-01-21,Store003,SKU003,85,70.36834652759676,14.631653472403244,True,Low Excess
2023-01-22,Store001,SKU001,27,209.67399586824098,-182.67399586824098,False,Normal
2023-01-22,Store001,SKU002,77,109.5481529649748,-32.548152964974804,False,Normal
2023-01-22,Store001,SKU003,71,65.27374477537708,5.726255224622918,True,Low Excess
2023-01-22,Store002,SKU001,10,213.05516881893084,-203.05516881893084,False,Normal
2023-01-22,Store002,SKU002,36,177.80724758024482,-141.80724758024482,False,Normal
2023-01-22,Store002,SKU003,87,79.61330632778728,7.386693672212715,True,Low Excess
2023-01-22,Store003,SKU001,82,258.9567860545019,-176.9567860545019,False,Normal
2023-01-22,Store003,SKU002,47,89.65461099023626,-42.654610990236264,False,Normal
2023-01-22,Store003,SKU003,67,75.51120367045391,-8.51120367045391,False,Normal
2023-01-23,Store001,SKU001,15,208.17399586824098,-193.17399586824098,False,Normal
2023-01-23,Store001,SKU002,41,110.61958153640339,-69.61958153640339,False,Normal
2023-01-23,Store001,SKU003,38,67.84517334680565,-29.84517334680565,False,Normal
2023-01-23,Store002,SKU001,69,208.55516881893084,-139.55516881893084,False,Normal
2023-01-23,Store002,SKU002,16,185.30724758024482,-169.30724758024482,False,Normal
2023-01-23,Store002,SKU003,23,82.18473489921584,-59.18473489921584,False,Normal
2023-01-23,Store003,SKU001,15,242.4567860545019,-227.4567860545019,False,Normal
2023-01-23,Store003,SKU002,39,91.79746813309339,-52.79746813309339,False,Normal
2023-01-23,Store003,SKU003,47,79.36834652759676,-32.368346527596756,False,Normal
2023-01-24,Store001,SKU001,26,215.67399586824098,-189.67399586824098,False,Normal
2023-01-24,Store001,SKU002,31,111.69101010783194,-80.69101010783194,False,Normal
2023-01-24,Store001,SKU003,64,71.05945906109139,-7.059459061091388,False,Normal
2023-01-24,Store002,SKU001,86,237.05516881893084,-151.05516881893084,False,Normal
2023-01-24,Store002,SKU002,35,193.87867615167337,-158.87867615167337,False,Normal
2023-01-24,Store002,SKU003,22,78.97044918493015,-56.970449184930146,False,Normal
2023-01-24,Store003,SKU001,48,258.9567860545019,-210.9567860545019,False,Normal
2023-01-24,Store003,SKU002,31,87.51175384737911,-56.51175384737911,False,Normal
2023-01-24,Store003,SKU003,53,72.93977509902533,-19.939775099025326,False,Normal
2023-01-25,Store001,SKU001,16,218.67399586824098,-202.67399586824098,False,Normal
2023-01-25,Store001,SKU002,90,120.26243867926051,-30.262438679260512,False,Normal
2023-01-25,Store001,SKU003,95,68.4880304896628,26.511969510337195,True,Low Excess
2023-01-25,Store002,SKU001,18,255.05516881893084,-237.05516881893084,False,Normal
2023-01-25,Store002,SKU002,14,189.59296186595913,-175.59296186595913,False,Normal
2023-01-25,Store002,SKU003,23,81.5418777563587,-58.5418777563587,False,Normal
2023-01-25,Store003,SKU001,82,245.4567860545019,-163.4567860545019,False,Normal
2023-01-25,Store003,SKU002,21,85.36889670452197,-64.36889670452197,False,Normal
2023-01-25,Store003,SKU003,40,79.36834652759676,-39.368346527596756,False,Normal
2023-01-26,Store001,SKU001,68,232.17399586824098,-164.17399586824098,False,Normal
2023-01-26,Store001,SKU002,97,132.0481529649748,-35.048152964974804,False,Normal
2023-01-26,Store001,SKU003,57,67.84517334680565,-10.845173346805652,False,Normal
2023-01-26,Store002,SKU001,60,271.55516881893084,-211.55516881893084,False,Normal
2023-01-26,Store002,SKU002,58,179.95010472310196,-121.95010472310196,False,Normal
2023-01-26,Store002,SKU003,80,73.18473489921584,6.81526510078416,True,Low Excess
2023-01-26,Store003,SKU001,95,243.9567860545019,-148.9567860545019,False,Normal
2023-01-26,Store003,SKU002,77,101.44032527595056,-24.440325275950556,False,Normal
2023-01-26,Store003,SKU003,48,79.36834652759676,-31.368346527596756,False,Normal
2023-01-27,Store001,SKU001,60,221.67399586824098,-161.67399586824098,False,Normal
2023-01-27,Store001,SKU002,81,130.97672439354622,-49.97672439354622,False,Normal
2023-01-27,Store001,SKU003,56,63.34517334680565,-7.345173346805652,False,Normal
2023-01-27,Store002,SKU001,51,271.55516881893084,-220.55516881893084,False,Normal
2023-01-27,Store002,SKU002,80,181.02153329453054,-101.02153329453054,False,Normal
2023-01-27,Store002,SKU003,99,73.18473489921584,25.81526510078416,True,Low Excess
2023-01-27,Store003,SKU001,47,270.9567860545019,-223.9567860545019,False,Normal
2023-01-27,Store003,SKU002,27,119.65461099023626,-92.65461099023626,False,Normal
2023-01-27,Store003,SKU003,18,80.65406081331105,-62.65406081331105,False,Normal
2023-01-28,Store001,SKU001,67,224.67399586824098,-157.67399586824098,False,Normal
2023-01-28,Store001,SKU002,90,144.90529582211767,-54.905295822117665,False,Normal
2023-01-28,Store001,SKU003,57,57.55945906109138,-0.5594590610913812,False,Normal
2023-01-28,Store002,SKU001,76,279.05516881893084,-203.05516881893084,False,Normal
2023-01-28,Store002,SKU002,47,164.95010472310196,-117.95010472310196,False,Normal
2023-01-28,Store002,SKU003,56,77.0418777563587,-21.0418777563587,False,Normal
2023-01-28,Store003,SKU001,61,297.9567860545019,-236.9567860545019,False,Normal
2023-01-28,Store003,SKU002,28,122.86889670452197,-94.86889670452197,False,Normal
2023-01-28,Store003,SKU003,38,89.01120367045391,-51.01120367045391,False,Normal
2023-01-29,Store001,SKU001,34,227.67399586824098,-193.67399586824098,False,Normal
2023-01-29,Store001,SKU002,22,163.11958153640336,-141.11958153640336,False,Normal
2023-01-29,Store001,SKU003,57,61.416601918234235,-4.416601918234235,False,Normal
2023-01-29,Store002,SKU001,26,286.55516881893084,-260.55516881893084,False,Normal
2023-01-29,Store002,SKU002,76,168.16439043738768,-92.16439043738768,False,Normal
2023-01-29,Store002,SKU003,14,70.61330632778728,-56.613306327787285,False,Normal
2023-01-29,Store003,SKU001,12,302.4567860545019,-290.4567860545019,False,Normal
2023-01-29,Store003,SKU002,89,133.58318241880767,-44.58318241880767,False,Normal
2023-01-29,Store003,SKU003,99,81.93977509902533,17.060224900974674,True,Low Excess
2023-01-30,Store001,SKU001,32,229.17399586824098,-197.17399586824098,False,Normal
2023-01-30,Store001,SKU002,30,159.90529582211767,-129.90529582211767,False,Normal
2023-01-30,Store001,SKU003,58,60.13088763251994,-2.1308876325199435,False,Normal
2023-01-30,Store002,SKU001,84,282.05516881893084,-198.05516881893084,False,Normal
2023-01-30,Store002,SKU002,61,162.80724758024482,-101.80724758024482,False,Normal
2023-01-30,Store002,SKU003,22,69.327592042073,-47.32759204207299,False,Normal
2023-01-30,Store003,SKU001,80,309.9567860545019,-229.9567860545019,False,Normal
2023-01-30,Store003,SKU002,92,143.22603956166483,-51.226039561664834,False,Normal
2023-01-30,Store003,SKU003,59,74.86834652759676,-15.868346527596756,False,Normal
2023-01-31,Store001,SKU001,58,218.67399586824098,-160.67399586824098,False,Normal
2023-01-31,Store001,SKU002,87,173.83386725068908,-86.83386725068908,False,Normal
2023-01-31,Store001,SKU003,72,55.63088763251994,16.369112367480056,True,Low Excess
2023-01-31,Store002,SKU001,31,270.05516881893084,-239.05516881893084,False,Normal
2023-01-31,Store002,SKU002,16,155.30724758024482,-139.30724758024482,False,Normal
2023-01-31,Store002,SKU003,50,66.11330632778728,-16.113306327787285,False,Normal
2023-01-31,Store003,SKU001,28,297.9567860545019,-269.9567860545019,False,Normal
2023-01-31,Store003,SKU002,81,153.94032527595053,-72.94032527595053,False,Normal
2023-01-31,Store003,SKU003,57,73.58263224188248,-16.58263224188248,False,Normal
2023-02-01,Store001,SKU001,32,202.17399586824092,-170.17399586824092,False,Normal
2023-02-01,Store001,SKU002,13,154.54815296497478,-141.54815296497478,False,Normal
2023-02-01,Store001,SKU003,56,56.916601918234235,-0.9166019182342353,False,Normal
2023-02-01,Store002,SKU001,81,235.55516881893084,-154.55516881893084,False,Normal
2023-02-01,Store002,SKU002,43,145.66439043738768,-102.66439043738768,False,Normal
2023-02-01,Store002,SKU003,12,63.5418777563587,-51.5418777563587,False,Normal
2023-02-01,Store003,SKU001,26,290.4567860545019,-264.4567860545019,False,Normal
2023-02-01,Store003,SKU002,49,155.0117538473791,-106.01175384737911,False,Normal
2023-02-01,Store003,SKU003,62,60.08263224188248,1.9173677581175212,True,Low Excess
2023-02-02,Store001,SKU001,58,181.17399586824098,-123.17399586824098,False,Normal
2023-02-02,Store001,SKU002,80,147.04815296497478,-67.04815296497478,False,Normal
2023-02-02,Store001,SKU003,62,53.05945906109138,8.940540938908619,True,Low Excess
2023-02-02,Store002,SKU001,12,220.55516881893084,-208.55516881893084,False,Normal
2023-02-02,Store002,SKU002,69,147.80724758024482,-78.80724758024482,False,Normal
2023-02-02,Store002,SKU003,16,62.899020613501555,-46.899020613501555,False,Normal
2023-02-02,Store003,SKU001,93,276.9567860545019,-183.9567860545019,False,Normal
2023-02-02,Store003,SKU002,15,145.36889670452194,-130.36889670452194,False,Normal
2023-02-02,Store003,SKU003,92,65.22548938473963,26.77451061526037,True,Low Excess
2023-02-03,Store001,SKU001,95,173.67399586824098,-78.67399586824098,False,Normal
2023-02-03,Store001,SKU002,46,140.61958153640336,-94.61958153640336,False,Normal
2023-02-03,Store001,SKU003,59,51.13088763251994,7.8691123674800565,True,Low Excess
2023-02-03,Store002,SKU001,80,178.55516881893084,-98.55516881893084,False,Normal
2023-02-03,Store002,SKU002,97,124.23581900881625,-27.23581900881625,False,Normal
2023-02-03,Store002,SKU003,30,67.39902061350156,-37.39902061350156,False,Normal
2023-02-03,Store003,SKU001,96,243.9567860545019,-147.9567860545019,False,Normal
2023-02-03,Store003,SKU002,44,123.94032527595053,-79.94032527595053,False,Normal
2023-02-03,Store003,SKU003,48,66.51120367045391,-18.51120367045391,False,Normal
2023-02-04,Store001,SKU001,77,176.67399586824098,-99.67399586824098,False,Normal
2023-02-04,Store001,SKU002,43,129.90529582211767,-86.90529582211767,False,Normal
2023-02-04,Store001,SKU003,96,49.20231620394853,46.79768379605147,True,Low Excess
2023-02-04,Store002,SKU001,71,151.55516881893084,-80.55516881893084,False,Normal
2023-02-04,Store002,SKU002,88,124.23581900881625,-36.23581900881625,False,Normal
2023-02-04,Store002,SKU003,14,61.613306327787285,-47.613306327787285,False,Normal
2023-02-04,Store003,SKU001,77,185.4567860545019,-108.45678605450189,False,Normal
2023-02-04,Store003,SKU002,29,121.79746813309339,-92.79746813309339,False,Normal
2023-02-04,Store003,SKU003,10,61.368346527596756,-51.368346527596756,False,Normal
2023-02-05,Store001,SKU001,89,170.67399586824098,-81.67399586824098,False,Normal
2023-02-05,Store001,SKU002,30,107.40529582211767,-77.40529582211767,False,Normal
2023-02-05,Store001,SKU003,19,49.845173346805666,-30.845173346805666,False,Normal
2023-02-05,Store002,SKU001,72,142.55516881893084,-70.55516881893084,False,Normal
2023-02-05,Store002,SKU002,10,98.52153329453054,-88.52153329453054,False,Normal
2023-02-05,Store002,SKU003,51,59.68473489921585,-8.684734899215847,False,Normal
2023-02-05,Store003,SKU001,39,158.4567860545019,-119.45678605450189,False,Normal
2023-02-05,Store003,SKU002,72,107.86889670452197,-35.86889670452197,False,Normal
2023-02-05,Store003,SKU003,21,63.29691795616819,-42.29691795616819,False,Normal
2023-02-06,Store001,SKU001,33,161.67399586824098,-128.67399586824098,False,Normal
2023-02-06,Store001,SKU002,34,110.61958153640339,-76.61958153640339,False,Normal
2023-02-06,Store001,SKU003,62,51.13088763251994,10.869112367480056,True,Low Excess
2023-02-06,Store002,SKU001,74,148.55516881893084,-74.55516881893084,False,Normal
2023-02-06,Store002,SKU002,48,104.95010472310199,-56.95010472310199,False,Normal
2023-02-06,Store002,SKU003,85,57.75616347064441,27.24383652935559,True,Low Excess
2023-02-06,Store003,SKU001,50,168.9567860545019,-118.95678605450189,False,Normal
2023-02-06,Store003,SKU002,44,97.15461099023626,-53.154610990236264,False,Normal
2023-02-06,Store003,SKU003,53,60.725489384739625,-7.725489384739625,False,Normal
2023-02-07,Store001,SKU001,50,148.17399586824098,-98.17399586824098,False,Normal
2023-02-07,Store001,SKU002,14,98.8338672506891,-84.8338672506891,False,Normal
2023-02-07,Store001,SKU003,66,53.05945906109138,12.940540938908619,True,Low Excess
2023-02-07,Store002,SKU001,49,135.05516881893084,-86.05516881893084,False,Normal
2023-02-07,Store002,SKU002,51,95.30724758024482,-44.30724758024482,False,Normal
2023-02-07,Store002,SKU003,88,56.47044918493013,31.529550815069868,True,Low Excess
2023-02-07,Store003,SKU001,10,159.9567860545019,-149.9567860545019,False,Normal
2023-02-07,Store003,SKU002,17,83.22603956166483,-66.22603956166483,False,Normal
2023-02-07,Store003,SKU003,90,61.368346527596756,28.631653472403244,True,Low Excess
2023-02-08,Store001,SKU001,30,160.17399586824098,-130.17399586824098,False,Normal
2023-02-08,Store001,SKU002,44,100.97672439354622,-56.97672439354622,False,Normal
2023-02-08,Store001,SKU003,44,60.13088763251994,-16.130887632519944,False,Normal
2023-02-08,Store002,SKU001,78,141.05516881893084,-63.05516881893084,False,Normal
2023-02-08,Store002,SKU002,74,99.5929618659591,-25.592961865959097,False,Normal
2023-02-08,Store002,SKU003,85,57.113306327787285,27.886693672212715,True,Low Excess
2023-02-08,Store003,SKU001,40,156.9567860545019,-116.95678605450189,False,Normal
2023-02-08,Store003,SKU002,96,78.94032527595056,17.059674724049444,True,Low Excess
2023-02-08,Store003,SKU003,75,57.51120367045391,17.48879632954609,True,Low Excess
2023-02-09,Store001,SKU001,35,154.17399586824098,-119.17399586824098,False,Normal
2023-02-09,Store001,SKU002,40,94.54815296497482,-54.54815296497482,False,Normal
2023-02-09,Store001,SKU003,63,67.84517334680565,-4.845173346805652,False,Normal
2023-02-09,Store002,SKU001,91,133.55516881893084,-42.55516881893084,False,Normal
2023-02-09,Store002,SKU002,75,91.02153329453054,-16.021533294530542,False,Normal
2023-02-09,Store002,SKU003,71,59.68473489921585,11.315265100784153,True,Low Excess
2023-02-09,Store003,SKU001,85,165.9567860545019,-80.95678605450189,False,Normal
2023-02-09,Store003,SKU002,98,80.01175384737911,17.98824615262089,True,Low Excess
2023-02-09,Store003,SKU003,43,51.08263224188248,-8.082632241882479,False,Normal
2023-02-10,Store001,SKU001,68,152.67399586824098,-84.67399586824098,False,Normal
2023-02-10,Store001,SKU002,30,90.26243867926053,-60.262438679260526,False,Normal
2023-02-10,Store001,SKU003,94,67.84517334680565,26.15482665319435,True,Low Excess
2023-02-10,Store002,SKU001,93,138.05516881893084,-45.05516881893084,False,Normal
2023-02-10,Store002,SKU002,51,95.30724758024482,-44.30724758024482,False,Normal
2023-02-10,Store002,SKU003,72,57.113306327787285,14.886693672212715,True,Low Excess
2023-02-10,Store003,SKU001,34,159.9567860545019,-125.95678605450189,False,Normal
2023-02-10,Store003,SKU002,26,86.44032527595056,-60.440325275950556,False,Normal
2023-02-10,Store003,SKU003,51,49.79691795616819,1.203082043831813,True,Low Excess
2023-02-11,Store001,SKU001,94,142.17399586824098,-48.17399586824098,False,Normal
2023-02-11,Store001,SKU002,36,95.61958153640339,-59.61958153640339,False,Normal
2023-02-11,Store001,SKU003,72,69.77374477537708,2.2262552246229177,True,Low Excess
2023-02-11,Store002,SKU001,48,165.05516881893084,-117.05516881893084,False,Normal
2023-02-11,Store002,SKU002,49,87.80724758024482,-38.80724758024482,False,Normal
2023-02-11,Store002,SKU003,59,51.97044918493013,7.029550815069868,True,Low Excess
2023-02-11,Store003,SKU001,69,153.9567860545019,-84.95678605450189,False,Normal
2023-02-11,Store003,SKU002,88,91.79746813309339,-3.797468133093389,False,Normal
2023-02-11,Store003,SKU003,15,47.868346527596756,-32.868346527596756,False,Normal
2023-02-12,Store001,SKU001,37,140.67399586824098,-103.67399586824098,False,Normal
2023-02-12,Store001,SKU002,27,94.54815296497482,-67.54815296497482,False,Normal
2023-02-12,Store001,SKU003,93,68.4880304896628,24.511969510337195,True,Low Excess
2023-02-12,Store002,SKU001,54,156.05516881893084,-102.05516881893084,False,Normal
2023-02-12,Store002,SKU002,39,94.23581900881625,-55.23581900881625,False,Normal
2023-02-12,Store002,SKU003,86,51.97044918493013,34.02955081506987,True,Low Excess
2023-02-12,Store003,SKU001,14,146.4567860545019,-132.4567860545019,False,Normal
2023-02-12,Store003,SKU002,55,86.44032527595056,-31.440325275950556,False,Normal
2023-02-12,Store003,SKU003,65,47.22548938473962,17.774510615260382,True,Low Excess
2023-02-13,Store001,SKU001,56,134.67399586824098,-78.67399586824098,False,Normal
2023-02-13,Store001,SKU002,37,91.33386725068911,-54.33386725068911,False,Normal
2023-02-13,Store001,SKU003,56,67.20231620394853,-11.202316203948527,False,Normal
2023-02-13,Store002,SKU001,44,138.05516881893084,-94.05516881893084,False,Normal
2023-02-13,Store002,SKU002,26,84.5929618659591,-58.5929618659591,False,Normal
2023-02-13,Store002,SKU003,28,49.399020613501555,-21.399020613501555,False,Normal
2023-02-13,Store003,SKU001,68,129.9567860545019,-61.95678605450189,False,Normal
2023-02-13,Store003,SKU002,23,88.58318241880768,-65.58318241880768,False,Normal
2023-02-13,Store003,SKU003,85,45.93977509902533,39.06022490097467,True,Low Excess
2023-02-14,Store001,SKU001,67,151.17399586824098,-84.17399586824098,False,Normal
2023-02-14,Store001,SKU002,78,92.40529582211767,-14.405295822117665,False,Normal
2023-02-14,Store001,SKU003,18,67.20231620394853,-49.20231620394853,False,Normal
2023-02-14,Store002,SKU001,85,136.55516881893084,-51.55516881893084,False,Normal
2023-02-14,Store002,SKU002,20,89.95010472310199,-69.95010472310199,False,Normal
2023-02-14,Store002,SKU003,61,51.32759204207299,9.672407957927007,True,Low Excess
2023-02-14,Store003,SKU001,35,122.45678605450189,-87.45678605450189,False,Normal
2023-02-14,Store003,SKU002,72,88.58318241880768,-16.58318241880768,False,Normal
2023-02-14,Store003,SKU003,86,44.65406081331105,41.34593918668895,True,Low Excess
2023-02-15,Store001,SKU001,79,151.17399586824098,-72.17399586824098,False,Normal
2023-02-15,Store001,SKU002,88,102.0481529649748,-14.048152964974804,False,Normal
2023-02-15,Store001,SKU003,71,63.9880304896628,7.011969510337202,True,Low Excess
2023-02-15,Store002,SKU001,96,141.05516881893084,-45.05516881893084,False,Normal
2023-02-15,Store002,SKU002,42,87.80724758024482,-45.80724758024482,False,Normal
2023-02-15,Store002,SKU003,55,47.47044918493013,7.529550815069868,True,Low Excess
2023-02-15,Store003,SKU001,85,122.45678605450189,-37.45678605450189,False,Normal
2023-02-15,Store003,SKU002,42,87.51175384737911,-45.51175384737911,False,Normal
2023-02-15,Store003,SKU003,29,47.868346527596756,-18.868346527596756,False,Normal
2023-02-16,Store001,SKU001,66,160.17399586824098,-94.17399586824098,False,Normal
2023-02-16,Store001,SKU002,65,97.76243867926051,-32.76243867926051,False,Normal
2023-02-16,Store001,SKU003,23,52.416601918234235,-29.416601918234235,False,Normal
2023-02-16,Store002,SKU001,19,135.05516881893084,-116.05516881893084,False,Normal
2023-02-16,Store002,SKU002,31,87.80724758024482,-56.80724758024482,False,Normal
2023-02-16,Store002,SKU003,21,56.47044918493013,-35.47044918493013,False,Normal
2023-02-16,Store003,SKU001,30,110.45678605450189,-80.45678605450189,False,Normal
2023-02-16,Store003,SKU002,75,89.65461099023626,-14.654610990236264,False,Normal
2023-02-16,Store003,SKU003,54,51.08263224188248,2.9173677581175212,True,Low Excess
2023-02-17,Store001,SKU001,90,155.67399586824098,-65.67399586824098,False,Normal
2023-02-17,Store001,SKU002,77,95.61958153640339,-18.619581536403388,False,Normal
2023-02-17,Store001,SKU003,62,54.34517334680565,7.654826653194348,True,Low Excess
2023-02-17,Store002,SKU001,52,141.05516881893084,-89.05516881893084,False,Normal
2023-02-17,Store002,SKU002,45,92.0929618659591,-47.0929618659591,False,Normal
2023-02-17,Store002,SKU003,22,54.5418777563587,-32.5418777563587,False,Normal
2023-02-17,Store003,SKU001,10,113.45678605450189,-103.45678605450189,False,Normal
2023-02-17,Store003,SKU002,89,86.44032527595056,2.5596747240494437,True,Low Excess
2023-02-17,Store003,SKU003,56,49.79691795616819,6.203082043831813,True,Low Excess
2023-02-18,Store001,SKU001,91,160.17399586824098,-69.17399586824098,False,Normal
2023-02-18,Store001,SKU002,89,85.97672439354623,3.0232756064537654,True,Low Excess
2023-02-18,Store001,SKU003,26,54.34517334680565,-28.34517334680565,False,Normal
2023-02-18,Store002,SKU001,74,117.05516881893084,-43.05516881893084,False,Normal
2023-02-18,Store002,SKU002,99,84.5929618659591,14.407038134040903,True,Low Excess
2023-02-18,Store002,SKU003,70,54.5418777563587,15.458122243641299,True,Low Excess
2023-02-18,Store003,SKU001,26,117.95678605450189,-91.95678605450189,False,Normal
2023-02-18,Store003,SKU002,85,93.94032527595056,-8.940325275950556,False,Normal
2023-02-18,Store003,SKU003,75,52.368346527596756,22.631653472403244,True,Low Excess
2023-02-19,Store001,SKU001,48,140.67399586824098,-92.67399586824098,False,Normal
2023-02-19,Store001,SKU002,13,98.8338672506891,-85.8338672506891,False,Normal
2023-02-19,Store001,SKU003,62,55.63088763251994,6.3691123674800565,True,Low Excess
2023-02-19,Store002,SKU001,50,130.55516881893084,-80.55516881893084,False,Normal
2023-02-19,Store002,SKU002,13,86.73581900881625,-73.73581900881625,False,Normal
2023-02-19,Store002,SKU003,46,61.613306327787285,-15.613306327787285,False,Normal
2023-02-19,Store003,SKU001,79,126.95678605450189,-47.95678605450189,False,Normal
2023-02-19,Store003,SKU002,46,97.15461099023626,-51.154610990236264,False,Normal
2023-02-19,Store003,SKU003,99,51.725489384739625,47.274510615260375,True,Low Excess
2023-02-20,Store001,SKU001,97,152.67399586824098,-55.67399586824098,False,Normal
2023-02-20,Store001,SKU002,54,96.69101010783194,-42.69101010783194,False,Normal
2023-02-20,Store001,SKU003,66,56.916601918234235,9.083398081765765,True,Low Excess
2023-02-20,Store002,SKU001,37,147.05516881893084,-110.05516881893084,False,Normal
2023-02-20,Store002,SKU002,49,80.30724758024482,-31.30724758024482,False,Normal
2023-02-20,Store002,SKU003,92,61.613306327787285,30.386693672212715,True,Low Excess
2023-02-20,Store003,SKU001,46,137.4567860545019,-91.45678605450189,False,Normal
2023-02-20,Store003,SKU002,69,96.08318241880768,-27.08318241880768,False,Normal
2023-02-20,Store003,SKU003,57,54.93977509902533,2.060224900974667,True,Low Excess
2023-02-21,Store001,SKU001,59,158.67399586824098,-99.67399586824098,False,Normal
2023-02-21,Store001,SKU002,46,83.83386725068911,-37.83386725068911,False,Normal
2023-02-21,Store001,SKU003,62,53.70231620394853,8.297683796051473,True,Low Excess
2023-02-21,Store002,SKU001,38,153.05516881893084,-115.05516881893084,False,Normal
2023-02-21,Store002,SKU002,17,78.16439043738768,-61.16439043738768,False,Normal
2023-02-21,Store002,SKU003,41,62.25616347064441,-21.25616347064441,False,Normal
2023-02-21,Store003,SKU001,50,137.4567860545019,-87.45678605450189,False,Normal
2023-02-21,Store003,SKU002,76,97.15461099023626,-21.154610990236264,False,Normal
2023-02-21,Store003,SKU003,47,58.79691795616819,-11.796917956168187,False,Normal
2023-02-22,Store001,SKU001,28,154.17399586824098,-126.17399586824098,False,Normal
2023-02-22,Store001,SKU002,22,74.19101010783194,-52.19101010783194,False,Normal
2023-02-22,Store001,SKU003,42,51.77374477537709,-9.77374477537709,False,Normal
2023-02-22,Store002,SKU001,74,136.55516881893084,-62.55516881893084,False,Normal
2023-02-22,Store002,SKU002,48,76.02153329453054,-28.021533294530542,False,Normal
2023-02-22,Store002,SKU003,83,66.11330632778728,16.886693672212715,True,Low Excess
2023-02-22,Store003,SKU001,75,138.9567860545019,-63.95678605450189,False,Normal
2023-02-22,Store003,SKU002,86,102.51175384737911,-16.51175384737911,False,Normal
2023-02-22,Store003,SKU003,69,60.08263224188248,8.917367758117521,True,Low Excess
2023-02-23,Store001,SKU001,97,145.17399586824098,-48.17399586824098,False,Normal
2023-02-23,Store001,SKU002,71,75.26243867926053,-4.262438679260526,False,Normal
2023-02-23,Store001,SKU003,50,53.70231620394853,-3.702316203948527,False,Normal
2023-02-23,Store002,SKU001,10,150.05516881893084,-140.05516881893084,False,Normal
2023-02-23,Store002,SKU002,32,77.0929618659591,-45.0929618659591,False,Normal
2023-02-23,Store002,SKU003,28,58.399020613501555,-30.399020613501555,False,Normal
2023-02-23,Store003,SKU001,76,137.4567860545019,-61.45678605450189,False,Normal
2023-02-23,Store003,SKU002,79,107.86889670452197,-28.868896704521973,False,Normal
2023-02-23,Store003,SKU003,42,58.15406081331104,-16.15406081331104,False,Normal
2023-02-24,Store001,SKU001,44,148.17399586824098,-104.17399586824098,False,Normal
2023-02-24,Store001,SKU002,91,76.3338672506891,14.666132749310904,True,Low Excess
2023-02-24,Store001,SKU003,23,53.05945906109138,-30.05945906109138,False,Normal
2023-02-24,Store002,SKU001,36,138.05516881893084,-102.05516881893084,False,Normal
2023-02-24,Store002,SKU002,32,84.5929618659591,-52.5929618659591,False,Normal
2023-02-24,Store002,SKU003,81,56.47044918493013,24.529550815069868,True,Low Excess
2023-02-24,Store003,SKU001,87,138.9567860545019,-51.95678605450189,False,Normal
2023-02-24,Store003,SKU002,92,108.94032527595056,-16.940325275950556,False,Normal
2023-02-24,Store003,SKU003,28,53.65406081331104,-25.65406081331104,False,Normal
2023-02-25,Store001,SKU001,51,143.67399586824098,-92.67399586824098,False,Normal
2023-02-25,Store001,SKU002,40,84.90529582211767,-44.905295822117665,False,Normal
2023-02-25,Store001,SKU003,68,53.70231620394853,14.297683796051473,True,Low Excess
2023-02-25,Store002,SKU001,90,147.05516881893084,-57.05516881893084,False,Normal
2023-02-25,Store002,SKU002,82,96.3786761516734,-14.378676151673403,False,Normal
2023-02-25,Store002,SKU003,40,55.18473489921585,-15.184734899215847,False,Normal
2023-02-25,Store003,SKU001,43,138.9567860545019,-95.95678605450189,False,Normal
2023-02-25,Store003,SKU002,36,102.51175384737911,-66.51175384737911,False,Normal
2023-02-25,Store003,SKU003,16,49.15406081331104,-33.15406081331104,False,Normal
2023-02-26,Store001,SKU001,73,158.67399586824098,-85.67399586824098,False,Normal
2023-02-26,Store001,SKU002,81,72.04815296497482,8.951847035025182,True,Low Excess
2023-02-26,Store001,SKU003,61,48.55945906109138,12.440540938908619,True,Low Excess
2023-02-26,Store002,SKU001,54,138.05516881893084,-84.05516881893084,False,Normal
2023-02-26,Store002,SKU002,40,96.3786761516734,-56.3786761516734,False,Normal
2023-02-26,Store002,SKU003,65,48.75616347064441,16.24383652935559,True,Low Excess
2023-02-26,Store003,SKU001,23,134.4567860545019,-111.45678605450189,False,Normal
2023-02-26,Store003,SKU002,83,115.36889670452197,-32.36889670452197,False,Normal
2023-02-26,Store003,SKU003,50,49.79691795616819,0.20308204383181305,True,Low Excess
2023-02-27,Store001,SKU001,69,151.17399586824098,-82.17399586824098,False,Normal
2023-02-27,Store001,SKU002,97,76.3338672506891,20.666132749310904,True,Low Excess
2023-02-27,Store001,SKU003,97,49.845173346805666,47.154826653194334,True,Low Excess
2023-02-27,Store002,SKU001,79,145.55516881893084,-66.55516881893084,False,Normal
2023-02-27,Store002,SKU002,91,94.23581900881625,-3.23581900881625,False,Normal
2023-02-27,Store002,SKU003,51,51.32759204207299,-0.3275920420729932,False,Normal
2023-02-27,Store003,SKU001,32,128.4567860545019,-96.45678605450189,False,Normal
2023-02-27,Store003,SKU002,93,114.29746813309339,-21.29746813309339,False,Normal
2023-02-27,Store003,SKU003,34,48.51120367045391,-14.51120367045391,False,Normal
2023-02-28,Store001,SKU001,39,149.67399586824098,-110.67399586824098,False,Normal
2023-02-28,Store001,SKU002,81,84.90529582211767,-3.9052958221176652,False,Normal
2023-02-28,Store001,SKU003,54,49.20231620394853,4.797683796051473,True,Low Excess
2023-02-28,Store002,SKU001,10,138.05516881893084,-128.05516881893084,False,Normal
2023-02-28,Store002,SKU002,87,93.16439043738768,-6.164390437387681,False,Normal
2023-02-28,Store002,SKU003,25,51.32759204207299,-26.327592042072993,False,Normal
2023-02-28,Store003,SKU001,60,144.9567860545019,-84.95678605450189,False,Normal
2023-02-28,Store003,SKU002,85,112.15461099023626,-27.154610990236264,False,Normal
2023-02-28,Store003,SKU003,42,45.93977509902533,-3.939775099025333,False,Normal
2023-03-01,Store001,SKU001,73,157.17399586824098,-84.17399586824098,False,Normal
2023-03-01,Store001,SKU002,20,82.76243867926053,-62.762438679260526,False,Normal
2023-03-01,Store001,SKU003,37,49.20231620394853,-12.202316203948527,False,Normal
2023-03-01,Store002,SKU001,30,163.55516881893084,-133.55516881893084,False,Normal
2023-03-01,Store002,SKU002,41,95.30724758024482,-54.30724758024482,False,Normal
2023-03-01,Store002,SKU003,14,46.827592042072986,-32.827592042072986,False,Normal
2023-03-01,Store003,SKU001,52,144.9567860545019,-92.95678605450189,False,Normal
2023-03-01,Store003,SKU002,95,110.01175384737911,-15.011753847379111,False,Normal
2023-03-01,Store003,SKU003,23,43.368346527596756,-20.368346527596756,False,Normal
2023-03-02,Store001,SKU001,41,169.17399586824098,-128.17399586824098,False,Normal
2023-03-02,Store001,SKU002,77,83.83386725068911,-6.83386725068911,False,Normal
2023-03-02,Store001,SKU003,34,51.77374477537709,-17.77374477537709,False,Normal
2023-03-02,Store002,SKU001,57,147.05516881893084,-90.05516881893084,False,Normal
2023-03-02,Store002,SKU002,40,103.8786761516734,-63.8786761516734,False,Normal
2023-03-02,Store002,SKU003,46,48.11330632778727,-2.113306327787271,False,Normal
2023-03-02,Store003,SKU001,66,150.9567860545019,-84.95678605450189,False,Normal
2023-03-02,Store003,SKU002,15,96.08318241880768,-81.08318241880768,False,Normal
2023-03-02,Store003,SKU003,43,46.58263224188248,-3.5826322418824788,False,Normal
2023-03-03,Store001,SKU001,58,178.17399586824098,-120.17399586824098,False,Normal
2023-03-03,Store001,SKU002,49,82.76243867926053,-33.762438679260526,False,Normal
2023-03-03,Store001,SKU003,51,51.13088763251994,-0.1308876325199435,False,Normal
2023-03-03,Store002,SKU001,66,162.05516881893084,-96.05516881893084,False,Normal
2023-03-03,Store002,SKU002,73,99.5929618659591,-26.592961865959097,False,Normal
2023-03-03,Store002,SKU003,61,48.75616347064441,12.24383652935559,True,Low Excess
2023-03-03,Store003,SKU001,43,147.9567860545019,-104.95678605450189,False,Normal
2023-03-03,Store003,SKU002,59,96.08318241880768,-37.08318241880768,False,Normal
2023-03-03,Store003,SKU003,66,48.51120367045391,17.48879632954609,True,Low Excess
2023-03-04,Store001,SKU001,44,190.17399586824098,-146.17399586824098,False,Normal
2023-03-04,Store001,SKU002,33,88.11958153640339,-55.11958153640339,False,Normal
2023-03-04,Store001,SKU003,52,46.63088763251995,5.369112367480049,True,Low Excess
2023-03-04,Store002,SKU001,91,166.55516881893084,-75.55516881893084,False,Normal
2023-03-04,Store002,SKU002,66,95.30724758024482,-29.30724758024482,False,Normal
2023-03-04,Store002,SKU003,25,48.11330632778727,-23.11330632778727,False,Normal
2023-03-04,Store003,SKU001,89,159.9567860545019,-70.95678605450189,False,Normal
2023-03-04,Store003,SKU002,88,91.79746813309339,-3.797468133093389,False,Normal
2023-03-04,Store003,SKU003,90,47.22548938473962,42.77451061526038,True,Low Excess
2023-03-05,Store001,SKU001,37,179.67399586824098,-142.67399586824098,False,Normal
2023-03-05,Store001,SKU002,67,93.47672439354623,-26.476724393546235,False,Normal
2023-03-05,Store001,SKU003,79,47.916601918234235,31.083398081765765,True,Low Excess
2023-03-05,Store002,SKU001,70,178.55516881893084,-108.55516881893084,False,Normal
2023-03-05,Store002,SKU002,71,103.8786761516734,-32.8786761516734,False,Normal
2023-03-05,Store002,SKU003,13,46.18473489921584,-33.18473489921584,False,Normal
2023-03-05,Store003,SKU001,59,165.9567860545019,-106.95678605450189,False,Normal
2023-03-05,Store003,SKU002,68,80.01175384737911,-12.011753847379111,False,Normal
2023-03-05,Store003,SKU003,93,54.29691795616819,38.70308204383181,True,Low Excess
2023-03-06,Store001,SKU001,18,179.67399586824098,-161.67399586824098,False,Normal
2023-03-06,Store001,SKU002,54,93.47672439354623,-39.476724393546235,False,Normal
2023-03-06,Store001,SKU003,53,42.7737447753771,10.226255224622903,True,Low Excess
2023-03-06,Store002,SKU001,12,187.55516881893084,-175.55516881893084,False,Normal
2023-03-06,Store002,SKU002,29,112.45010472310199,-83.45010472310199,False,Normal
2023-03-06,Store002,SKU003,68,43.61330632778727,24.38669367221273,True,Low Excess
2023-03-06,Store003,SKU001,42,165.9567860545019,-123.95678605450189,False,Normal
2023-03-06,Store003,SKU002,86,88.58318241880768,-2.583182418807681,False,Normal
2023-03-06,Store003,SKU003,59,51.725489384739625,7.274510615260375,True,Low Excess
2023-03-07,Store001,SKU001,60,176.67399586824098,-116.67399586824098,False,Normal
2023-03-07,Store001,SKU002,16,89.19101010783194,-73.19101010783194,False,Normal
2023-03-07,Store001,SKU003,83,46.63088763251995,36.36911236748005,True,Low Excess
2023-03-07,Store002,SKU001,84,187.55516881893084,-103.55516881893084,False,Normal
2023-03-07,Store002,SKU002,50,114.5929618659591,-64.5929618659591,False,Normal
2023-03-07,Store002,SKU003,40,41.68473489921584,-1.6847348992158402,False,Normal
2023-03-07,Store003,SKU001,26,159.9567860545019,-133.9567860545019,False,Normal
2023-03-07,Store003,SKU002,19,83.22603956166483,-64.22603956166483,False,Normal
2023-03-07,Store003,SKU003,30,51.08263224188248,-21.08263224188248,False,Normal
2023-03-08,Store001,SKU001,86,170.67399586824098,-84.67399586824098,False,Normal
2023-03-08,Store001,SKU002,27,91.33386725068911,-64.33386725068911,False,Normal
2023-03-08,Store001,SKU003,89,44.70231620394852,44.29768379605148,True,Low Excess
2023-03-08,Store002,SKU001,56,180.05516881893084,-124.05516881893084,False,Normal
2023-03-08,Store002,SKU002,11,123.16439043738768,-112.16439043738768,False,Normal
2023-03-08,Store002,SKU003,55,47.47044918493013,7.529550815069868,True,Low Excess
2023-03-08,Store003,SKU001,69,180.9567860545019,-111.95678605450189,False,Normal
2023-03-08,Store003,SKU002,93,88.58318241880768,4.416817581192319,True,Low Excess
2023-03-08,Store003,SKU003,57,53.01120367045391,3.9887963295460906,True,Low Excess
2023-03-09,Store001,SKU001,45,169.17399586824098,-124.17399586824098,False,Normal
2023-03-09,Store001,SKU002,25,100.97672439354622,-75.97672439354622,False,Normal
2023-03-09,Store001,SKU003,14,44.70231620394852,-30.70231620394852,False,Normal
2023-03-09,Store002,SKU001,13,192.05516881893084,-179.05516881893084,False,Normal
2023-03-09,Store002,SKU002,53,115.66439043738768,-62.66439043738768,False,Normal
2023-03-09,Store002,SKU003,82,42.327592042072986,39.672407957927014,True,Low Excess
2023-03-09,Store003,SKU001,66,179.4567860545019,-113.45678605450189,False,Normal
2023-03-09,Store003,SKU002,29,96.08318241880768,-67.08318241880768,False,Normal
2023-03-09,Store003,SKU003,99,49.15406081331104,49.84593918668896,True,Low Excess
2023-03-10,Store001,SKU001,13,169.17399586824098,-156.17399586824098,False,Normal
2023-03-10,Store001,SKU002,44,115.97672439354622,-71.97672439354622,False,Normal
2023-03-10,Store001,SKU003,84,42.13088763251995,41.86911236748005,True,Low Excess
2023-03-10,Store002,SKU001,45,172.55516881893084,-127.55516881893084,False,Normal
2023-03-10,Store002,SKU002,67,111.3786761516734,-44.3786761516734,False,Normal
2023-03-10,Store002,SKU003,58,41.0418777563587,16.9581222436413,True,Low Excess
2023-03-10,Store003,SKU001,30,192.95678605450183,-162.95678605450183,False,Normal
2023-03-10,Store003,SKU002,51,97.15461099023626,-46.154610990236264,False,Normal
2023-03-10,Store003,SKU003,24,49.79691795616819,-25.796917956168187,False,Normal
2023-03-11,Store001,SKU001,64,149.67399586824098,-85.67399586824098,False,Normal
2023-03-11,Store001,SKU002,68,111.69101010783194,-43.69101010783194,False,Normal
2023-03-11,Store001,SKU003,73,43.416601918234235,29.583398081765765,True,Low Excess
2023-03-11,Store002,SKU001,66,163.55516881893084,-97.55516881893084,False,Normal
2023-03-11,Store002,SKU002,14,103.8786761516734,-89.8786761516734,False,Normal
2023-03-11,Store002,SKU003,30,42.327592042072986,-12.327592042072986,False,Normal
2023-03-11,Store003,SKU001,84,182.4567860545019,-98.45678605450189,False,Normal
2023-03-11,Store003,SKU002,44,88.58318241880768,-44.58318241880768,False,Normal
2023-03-11,Store003,SKU003,28,53.01120367045391,-25.01120367045391,False,Normal
2023-03-12,Store001,SKU001,43,148.17399586824098,-105.17399586824098,False,Normal
2023-03-12,Store001,SKU002,88,133.11958153640336,-45.11958153640336,False,Normal
2023-03-12,Store001,SKU003,29,45.988030489662805,-16.988030489662805,False,Normal
2023-03-12,Store002,SKU001,94,160.55516881893084,-66.55516881893084,False,Normal
2023-03-12,Store002,SKU002,58,91.02153329453054,-33.02153329453054,False,Normal
2023-03-12,Store002,SKU003,89,46.827592042072986,42.172407957927014,True,Low Excess
2023-03-12,Store003,SKU001,19,174.9567860545019,-155.9567860545019,False,Normal
2023-03-12,Store003,SKU002,55,96.08318241880768,-41.08318241880768,False,Normal
2023-03-12,Store003,SKU003,86,45.93977509902533,40.06022490097467,True,Low Excess
2023-03-13,Store001,SKU001,24,154.17399586824098,-130.17399586824098,False,Normal
2023-03-13,Store001,SKU002,60,122.40529582211767,-62.405295822117665,False,Normal
2023-03-13,Store001,SKU003,38,45.345173346805666,-7.345173346805666,False,Normal
2023-03-13,Store002,SKU001,87,150.05516881893084,-63.05516881893084,False,Normal
2023-03-13,Store002,SKU002,14,85.66439043738768,-71.66439043738768,False,Normal
2023-03-13,Store002,SKU003,72,45.5418777563587,26.4581222436413,True,Low Excess
2023-03-13,Store003,SKU001,14,173.4567860545019,-159.4567860545019,False,Normal
2023-03-13,Store003,SKU002,88,78.94032527595056,9.059674724049444,True,Low Excess
2023-03-13,Store003,SKU003,20,47.868346527596756,-27.868346527596756,False,Normal
2023-03-14,Store001,SKU001,63,152.67399586824098,-89.67399586824098,False,Normal
2023-03-14,Store001,SKU002,21,126.69101010783194,-105.69101010783194,False,Normal
2023-03-14,Store001,SKU003,21,44.70231620394852,-23.70231620394852,False,Normal
2023-03-14,Store002,SKU001,37,171.05516881893084,-134.05516881893084,False,Normal
2023-03-14,Store002,SKU002,83,86.73581900881625,-3.73581900881625,False,Normal
2023-03-14,Store002,SKU003,41,45.5418777563587,-4.541877756358701,False,Normal
2023-03-14,Store003,SKU001,23,161.4567860545019,-138.4567860545019,False,Normal
2023-03-14,Store003,SKU002,98,87.51175384737911,10.488246152620889,True,Low Excess
2023-03-14,Store003,SKU003,12,51.08263224188248,-39.08263224188248,False,Normal
2023-03-15,Store001,SKU001,19,148.17399586824098,-129.17399586824098,False,Normal
2023-03-15,Store001,SKU002,21,118.11958153640336,-97.11958153640336,False,Normal
2023-03-15,Store001,SKU003,77,48.55945906109138,28.44054093890862,True,Low Excess
2023-03-15,Store002,SKU001,76,154.55516881893084,-78.55516881893084,False,Normal
2023-03-15,Store002,SKU002,63,89.95010472310199,-26.950104723101987,False,Normal
2023-03-15,Store002,SKU003,79,40.39902061350156,38.60097938649844,True,Low Excess
2023-03-15,Store003,SKU001,29,138.9567860545019,-109.95678605450189,False,Normal
2023-03-15,Store003,SKU002,65,87.51175384737911,-22.51175384737911,False,Normal
2023-03-15,Store003,SKU003,41,51.08263224188248,-10.082632241882479,False,Normal
2023-03-16,Store001,SKU001,82,148.17399586824098,-66.17399586824098,False,Normal
2023-03-16,Store001,SKU002,21,111.69101010783194,-90.69101010783194,False,Normal
2023-03-16,Store001,SKU003,96,47.2737447753771,48.7262552246229,True,Low Excess
2023-03-16,Store002,SKU001,12,144.05516881893084,-132.05516881893084,False,Normal
2023-03-16,Store002,SKU002,23,94.23581900881625,-71.23581900881625,False,Normal
2023-03-16,Store002,SKU003,54,44.89902061350156,9.100979386498437,True,Low Excess
2023-03-16,Store003,SKU001,37,134.4567860545019,-97.45678605450189,False,Normal
2023-03-16,Store003,SKU002,33,89.65461099023626,-56.654610990236264,False,Normal
2023-03-16,Store003,SKU003,20,56.868346527596756,-36.868346527596756,False,Normal
2023-03-17,Store001,SKU001,89,148.17399586824098,-59.17399586824098,False,Normal
2023-03-17,Store001,SKU002,89,99.90529582211767,-10.905295822117665,False,Normal
2023-03-17,Store001,SKU003,39,44.70231620394852,-5.70231620394852,False,Normal
2023-03-17,Store002,SKU001,38,154.55516881893084,-116.55516881893084,False,Normal
2023-03-17,Store002,SKU002,37,102.80724758024482,-65.80724758024482,False,Normal
2023-03-17,Store002,SKU003,68,46.18473489921584,21.81526510078416,True,Low Excess
2023-03-17,Store003,SKU001,19,135.9567860545019,-116.95678605450189,False,Normal
2023-03-17,Store003,SKU002,39,92.86889670452197,-53.86889670452197,False,Normal
2023-03-17,Store003,SKU003,51,53.65406081331104,-2.654060813311041,False,Normal
2023-03-18,Store001,SKU001,68,152.67399586824098,-84.67399586824098,False,Normal
2023-03-18,Store001,SKU002,78,103.11958153640339,-25.119581536403388,False,Normal
2023-03-18,Store001,SKU003,67,53.05945906109138,13.940540938908619,True,Low Excess
2023-03-18,Store002,SKU001,58,154.55516881893084,-96.55516881893084,False,Normal
2023-03-18,Store002,SKU002,23,111.3786761516734,-88.3786761516734,False,Normal
2023-03-18,Store002,SKU003,24,48.11330632778727,-24.11330632778727,False,Normal
2023-03-18,Store003,SKU001,81,140.4567860545019,-59.45678605450189,False,Normal
2023-03-18,Store003,SKU002,65,105.72603956166483,-40.726039561664834,False,Normal
2023-03-18,Store003,SKU003,23,54.93977509902533,-31.939775099025333,False,Normal
2023-03-19,Store001,SKU001,92,173.67399586824098,-81.67399586824098,False,Normal
2023-03-19,Store001,SKU002,49,83.83386725068911,-34.83386725068911,False,Normal
2023-03-19,Store001,SKU003,13,54.988030489662805,-41.988030489662805,False,Normal
2023-03-19,Store002,SKU001,61,153.05516881893084,-92.05516881893084,False,Normal
2023-03-19,Store002,SKU002,63,109.23581900881625,-46.23581900881625,False,Normal
2023-03-19,Store002,SKU003,40,51.97044918493013,-11.970449184930132,False,Normal
2023-03-19,Store003,SKU001,76,155.4567860545019,-79.45678605450189,False,Normal
2023-03-19,Store003,SKU002,88,105.72603956166483,-17.726039561664834,False,Normal
2023-03-19,Store003,SKU003,78,51.725489384739625,26.274510615260375,True,Low Excess
2023-03-20,Store001,SKU001,48,167.67399586824098,-119.67399586824098,False,Normal
2023-03-20,Store001,SKU002,48,94.54815296497482,-46.54815296497482,False,Normal
2023-03-20,Store001,SKU003,92,57.55945906109138,34.44054093890862,True,Low Excess
2023-03-20,Store002,SKU001,11,153.05516881893084,-142.05516881893084,False,Normal
2023-03-20,Store002,SKU002,88,110.30724758024482,-22.30724758024482,False,Normal
2023-03-20,Store002,SKU003,83,53.25616347064441,29.74383652935559,True,Low Excess
2023-03-20,Store003,SKU001,98,155.4567860545019,-57.45678605450189,False,Normal
2023-03-20,Store003,SKU002,10,110.01175384737911,-100.01175384737911,False,Normal
2023-03-20,Store003,SKU003,42,58.79691795616819,-16.796917956168187,False,Normal
2023-03-21,Store001,SKU001,83,166.17399586824098,-83.17399586824098,False,Normal
2023-03-21,Store001,SKU002,74,89.19101010783194,-15.191010107831943,False,Normal
2023-03-21,Store001,SKU003,16,54.34517334680565,-38.34517334680565,False,Normal
2023-03-21,Store002,SKU001,49,145.55516881893084,-96.55516881893084,False,Normal
2023-03-21,Store002,SKU002,20,118.8786761516734,-98.8786761516734,False,Normal
2023-03-21,Store002,SKU003,82,53.899020613501555,28.100979386498445,True,Low Excess
2023-03-21,Store003,SKU001,17,159.9567860545019,-142.9567860545019,False,Normal
2023-03-21,Store003,SKU002,29,102.51175384737911,-73.51175384737911,False,Normal
2023-03-21,Store003,SKU003,41,57.51120367045391,-16.51120367045391,False,Normal
2023-03-22,Store001,SKU001,57,163.17399586824098,-106.17399586824098,False,Normal
2023-03-22,Store001,SKU002,82,98.8338672506891,-16.833867250689096,False,Normal
2023-03-22,Store001,SKU003,13,54.34517334680565,-41.34517334680565,False,Normal
2023-03-22,Store002,SKU001,47,162.05516881893084,-115.05516881893084,False,Normal
2023-03-22,Store002,SKU002,64,101.73581900881625,-37.73581900881625,False,Normal
2023-03-22,Store002,SKU003,32,56.47044918493013,-24.470449184930132,False,Normal
2023-03-22,Store003,SKU001,50,170.4567860545019,-120.45678605450189,False,Normal
2023-03-22,Store003,SKU002,28,91.79746813309339,-63.79746813309339,False,Normal
2023-03-22,Store003,SKU003,64,56.225489384739625,7.774510615260375,True,Low Excess
2023-03-23,Store001,SKU001,91,157.17399586824098,-66.17399586824098,False,Normal
2023-03-23,Store001,SKU002,38,93.47672439354623,-55.476724393546235,False,Normal
2023-03-23,Store001,SKU003,99,53.70231620394853,45.29768379605147,True,Low Excess
2023-03-23,Store002,SKU001,32,166.55516881893084,-134.55516881893084,False,Normal
2023-03-23,Store002,SKU002,78,100.66439043738768,-22.66439043738768,False,Normal
2023-03-23,Store002,SKU003,81,55.18473489921585,25.815265100784153,True,Low Excess
2023-03-23,Store003,SKU001,27,179.4567860545019,-152.4567860545019,False,Normal
2023-03-23,Store003,SKU002,83,87.51175384737911,-4.5117538473791114,False,Normal
2023-03-23,Store003,SKU003,36,51.725489384739625,-15.725489384739625,False,Normal
2023-03-24,Store001,SKU001,64,143.67399586824098,-79.67399586824098,False,Normal
2023-03-24,Store001,SKU002,79,92.40529582211767,-13.405295822117665,False,Normal
2023-03-24,Store001,SKU003,66,58.20231620394853,7.797683796051473,True,Low Excess
2023-03-24,Store002,SKU001,61,165.05516881893084,-104.05516881893084,False,Normal
2023-03-24,Store002,SKU002,92,93.16439043738768,-1.1643904373876808,False,Normal
2023-03-24,Store002,SKU003,41,55.18473489921585,-14.184734899215847,False,Normal
2023-03-24,Store003,SKU001,95,174.9567860545019,-79.95678605450189,False,Normal
2023-03-24,Store003,SKU002,44,82.15461099023626,-38.154610990236264,False,Normal
2023-03-24,Store003,SKU003,73,54.93977509902533,18.060224900974667,True,Low Excess
2023-03-25,Store001,SKU001,42,127.17399586824097,-85.17399586824097,False,Normal
2023-03-25,Store001,SKU002,92,87.04815296497482,4.951847035025182,True,Low Excess
2023-03-25,Store001,SKU003,67,45.988030489662805,21.011969510337195,True,Low Excess
2023-03-25,Store002,SKU001,95,172.55516881893084,-77.55516881893084,False,Normal
2023-03-25,Store002,SKU002,86,97.45010472310199,-11.450104723101987,False,Normal
2023-03-25,Store002,SKU003,39,57.113306327787285,-18.113306327787285,False,Normal
2023-03-25,Store003,SKU001,51,170.4567860545019,-119.45678605450189,False,Normal
2023-03-25,Store003,SKU002,21,77.86889670452197,-56.86889670452197,False,Normal
2023-03-25,Store003,SKU003,52,56.868346527596756,-4.868346527596756,False,Normal
2023-03-26,Store001,SKU001,36,128.67399586824098,-92.67399586824098,False,Normal
2023-03-26,Store001,SKU002,18,87.04815296497482,-69.04815296497482,False,Normal
2023-03-26,Store001,SKU003,43,43.416601918234235,-0.4166019182342353,False,Normal
2023-03-26,Store002,SKU001,54,165.05516881893084,-111.05516881893084,False,Normal
2023-03-26,Store002,SKU002,69,104.95010472310199,-35.95010472310199,False,Normal
2023-03-26,Store002,SKU003,23,53.899020613501555,-30.899020613501555,False,Normal
2023-03-26,Store003,SKU001,57,159.9567860545019,-102.95678605450189,False,Normal
2023-03-26,Store003,SKU002,25,76.79746813309339,-51.79746813309339,False,Normal
2023-03-26,Store003,SKU003,77,56.225489384739625,20.774510615260375,True,Low Excess
2023-03-27,Store001,SKU001,16,142.17399586824098,-126.17399586824098,False,Normal
2023-03-27,Store001,SKU002,65,85.97672439354623,-20.976724393546235,False,Normal
2023-03-27,Store001,SKU003,75,40.845173346805666,34.154826653194334,True,Low Excess
2023-03-27,Store002,SKU001,31,160.55516881893084,-129.55516881893084,False,Normal
2023-03-27,Store002,SKU002,74,118.8786761516734,-44.8786761516734,False,Normal
2023-03-27,Store002,SKU003,80,61.613306327787285,18.386693672212715,True,Low Excess
2023-03-27,Store003,SKU001,91,141.9567860545019,-50.95678605450189,False,Normal
2023-03-27,Store003,SKU002,73,78.94032527595056,-5.940325275950556,False,Normal
2023-03-27,Store003,SKU003,82,49.15406081331104,32.84593918668896,True,Low Excess
2023-03-28,Store001,SKU001,62,130.17399586824098,-68.17399586824098,False,Normal
2023-03-28,Store001,SKU002,39,84.90529582211767,-45.905295822117665,False,Normal
2023-03-28,Store001,SKU003,71,42.13088763251995,28.86911236748005,True,Low Excess
2023-03-28,Store002,SKU001,80,151.55516881893084,-71.55516881893084,False,Normal
2023-03-28,Store002,SKU002,47,110.30724758024482,-63.30724758024482,False,Normal
2023-03-28,Store002,SKU003,13,58.399020613501555,-45.399020613501555,False,Normal
2023-03-28,Store003,SKU001,64,140.4567860545019,-76.45678605450189,False,Normal
2023-03-28,Store003,SKU002,25,77.86889670452197,-52.86889670452197,False,Normal
2023-03-28,Store003,SKU003,43,52.368346527596756,-9.368346527596756,False,Normal
2023-03-29,Store001,SKU001,19,137.67399586824098,-118.67399586824098,False,Normal
2023-03-29,Store001,SKU002,43,76.3338672506891,-33.333867250689096,False,Normal
2023-03-29,Store001,SKU003,29,40.845173346805666,-11.845173346805666,False,Normal
2023-03-29,Store002,SKU001,56,150.05516881893084,-94.05516881893084,False,Normal
2023-03-29,Store002,SKU002,74,118.8786761516734,-44.8786761516734,False,Normal
2023-03-29,Store002,SKU003,79,55.18473489921585,23.815265100784153,True,Low Excess
2023-03-29,Store003,SKU001,80,135.9567860545019,-55.95678605450189,False,Normal
2023-03-29,Store003,SKU002,11,84.29746813309339,-73.29746813309339,False,Normal
2023-03-29,Store003,SKU003,75,51.08263224188248,23.91736775811752,True,Low Excess
2023-03-30,Store001,SKU001,96,146.67399586824098,-50.67399586824098,False,Normal
2023-03-30,Store001,SKU002,90,78.47672439354623,11.523275606453765,True,Low Excess
2023-03-30,Store001,SKU003,19,46.63088763251995,-27.63088763251995,False,Normal
2023-03-30,Store002,SKU001,18,153.05516881893084,-135.05516881893084,False,Normal
2023-03-30,Store002,SKU002,40,115.66439043738768,-75.66439043738768,False,Normal
2023-03-30,Store002,SKU003,33,56.47044918493013,-23.470449184930132,False,Normal
2023-03-30,Store003,SKU001,63,143.4567860545019,-80.45678605450189,False,Normal
2023-03-30,Store003,SKU002,94,85.36889670452197,8.631103295478027,True,Low Excess
2023-03-30,Store003,SKU003,98,49.79691795616819,48.20308204383181,True,Low Excess
2023-03-31,Store001,SKU001,37,151.17399586824098,-114.17399586824098,False,Normal
2023-03-31,Store001,SKU002,45,85.97672439354623,-40.976724393546235,False,Normal
2023-03-31,Store001,SKU003,18,47.2737447753771,-29.273744775377097,False,Normal
2023-03-31,Store002,SKU001,89,148.55516881893084,-59.55516881893084,False,Normal
2023-03-31,Store002,SKU002,80,110.30724758024482,-30.30724758024482,False,Normal
2023-03-31,Store002,SKU003,38,57.113306327787285,-19.113306327787285,False,Normal
2023-03-31,Store003,SKU001,41,128.4567860545019,-87.45678605450189,False,Normal
2023-03-31,Store003,SKU002,33,84.29746813309339,-51.29746813309339,False,Normal
2023-03-31,Store003,SKU003,23,49.79691795616819,-26.796917956168187,False,Normal
2023-04-01,Store001,SKU001,16,169.17399586824098,-153.17399586824098,False,Normal
2023-04-01,Store001,SKU002,32,83.83386725068911,-51.83386725068911,False,Normal
2023-04-01,Store001,SKU003,53,56.27374477537709,-3.2737447753770894,False,Normal
2023-04-01,Store002,SKU001,56,141.05516881893084,-85.05516881893084,False,Normal
2023-04-01,Store002,SKU002,60,106.02153329453054,-46.02153329453054,False,Normal
2023-04-01,Store002,SKU003,29,52.613306327787285,-23.613306327787285,False,Normal
2023-04-01,Store003,SKU001,30,134.4567860545019,-104.45678605450189,False,Normal
2023-04-01,Store003,SKU002,60,86.44032527595056,-26.440325275950556,False,Normal
2023-04-01,Store003,SKU003,81,49.79691795616819,31.203082043831813,True,Low Excess
2023-04-02,Store001,SKU001,91,155.67399586824098,-64.67399586824098,False,Normal
2023-04-02,Store001,SKU002,34,88.11958153640339,-54.11958153640339,False,Normal
2023-04-02,Store001,SKU003,96,59.488030489662805,36.511969510337195,True,Low Excess
2023-04-02,Store002,SKU001,10,144.05516881893084,-134.05516881893084,False,Normal
2023-04-02,Store002,SKU002,21,108.16439043738768,-87.16439043738768,False,Normal
2023-04-02,Store002,SKU003,45,50.68473489921585,-5.684734899215847,False,Normal
2023-04-02,Store003,SKU001,56,138.9567860545019,-82.95678605450189,False,Normal
2023-04-02,Store003,SKU002,49,78.94032527595056,-29.940325275950556,False,Normal
2023-04-02,Store003,SKU003,88,53.01120367045391,34.98879632954609,True,Low Excess
2023-04-03,Store001,SKU001,56,134.67399586824098,-78.67399586824098,False,Normal
2023-04-03,Store001,SKU002,16,87.04815296497482,-71.04815296497482,False,Normal
2023-04-03,Store001,SKU003,19,61.416601918234235,-42.416601918234235,False,Normal
2023-04-03,Store002,SKU001,19,130.55516881893084,-111.55516881893084,False,Normal
2023-04-03,Store002,SKU002,93,103.8786761516734,-10.878676151673403,False,Normal
2023-04-03,Store002,SKU003,71,44.25616347064442,26.743836529355583,True,Low Excess
2023-04-03,Store003,SKU001,88,156.9567860545019,-68.95678605450189,False,Normal
2023-04-03,Store003,SKU002,40,81.08318241880768,-41.08318241880768,False,Normal
2023-04-03,Store003,SKU003,48,54.93977509902533,-6.939775099025333,False,Normal
2023-04-04,Store001,SKU001,45,146.67399586824098,-101.67399586824098,False,Normal
2023-04-04,Store001,SKU002,23,83.83386725068911,-60.83386725068911,False,Normal
2023-04-04,Store001,SKU003,89,63.34517334680565,25.65482665319435,True,Low Excess
2023-04-04,Store002,SKU001,81,124.55516881893084,-43.55516881893084,False,Normal
2023-04-04,Store002,SKU002,87,104.95010472310199,-17.950104723101987,False,Normal
2023-04-04,Store002,SKU003,44,45.5418777563587,-1.5418777563587014,False,Normal
2023-04-04,Store003,SKU001,59,168.9567860545019,-109.95678605450189,False,Normal
2023-04-04,Store003,SKU002,81,87.51175384737911,-6.5117538473791114,False,Normal
2023-04-04,Store003,SKU003,65,51.725489384739625,13.274510615260375,True,Low Excess
2023-04-05,Store001,SKU001,38,149.67399586824098,-111.67399586824098,False,Normal
2023-04-05,Store001,SKU002,28,81.69101010783194,-53.69101010783194,False,Normal
2023-04-05,Store001,SKU003,52,58.84517334680565,-6.845173346805652,False,Normal
2023-04-05,Store002,SKU001,16,124.55516881893084,-108.55516881893084,False,Normal
2023-04-05,Store002,SKU002,59,107.0929618659591,-48.0929618659591,False,Normal
2023-04-05,Store002,SKU003,84,46.18473489921584,37.81526510078416,True,Low Excess
2023-04-05,Store003,SKU001,98,167.4567860545019,-69.45678605450189,False,Normal
2023-04-05,Store003,SKU002,57,78.94032527595056,-21.940325275950556,False,Normal
2023-04-05,Store003,SKU003,46,53.01120367045391,-7.011203670453909,False,Normal
2023-04-06,Store001,SKU001,20,134.67399586824098,-114.67399586824098,False,Normal
2023-04-06,Store001,SKU002,89,84.90529582211767,4.094704177882335,True,Low Excess
2023-04-06,Store001,SKU003,27,57.55945906109138,-30.55945906109138,False,Normal
2023-04-06,Store002,SKU001,86,127.55516881893084,-41.55516881893084,False,Normal
2023-04-06,Store002,SKU002,68,111.3786761516734,-43.3786761516734,False,Normal
2023-04-06,Store002,SKU003,43,46.18473489921584,-3.18473489921584,False,Normal
2023-04-06,Store003,SKU001,71,150.9567860545019,-79.95678605450189,False,Normal
2023-04-06,Store003,SKU002,77,85.36889670452197,-8.368896704521973,False,Normal
2023-04-06,Store003,SKU003,98,53.65406081331104,44.34593918668896,True,Low Excess
2023-04-07,Store001,SKU001,11,146.67399586824098,-135.67399586824098,False,Normal
2023-04-07,Store001,SKU002,48,83.83386725068911,-35.83386725068911,False,Normal
2023-04-07,Store001,SKU003,90,58.84517334680565,31.15482665319435,True,Low Excess
2023-04-07,Store002,SKU001,86,126.05516881893084,-40.05516881893084,False,Normal
2023-04-07,Store002,SKU002,28,118.8786761516734,-90.8786761516734,False,Normal
2023-04-07,Store002,SKU003,95,46.827592042072986,48.172407957927014,True,Low Excess
2023-04-07,Store003,SKU001,36,164.4567860545019,-128.4567860545019,False,Normal
2023-04-07,Store003,SKU002,28,95.01175384737911,-67.01175384737911,False,Normal
2023-04-07,Store003,SKU003,84,52.368346527596756,31.631653472403244,True,Low Excess
2023-04-08,Store001,SKU001,46,149.67399586824098,-103.67399586824098,False,Normal
2023-04-08,Store001,SKU002,46,88.11958153640339,-42.11958153640339,False,Normal
2023-04-08,Store001,SKU003,71,56.916601918234235,14.083398081765765,True,Low Excess
2023-04-08,Store002,SKU001,69,144.05516881893084,-75.05516881893084,False,Normal
2023-04-08,Store002,SKU002,77,131.73581900881624,-54.735819008816236,False,Normal
2023-04-08,Store002,SKU003,31,48.75616347064441,-17.75616347064441,False,Normal
2023-04-08,Store003,SKU001,71,152.4567860545019,-81.45678605450189,False,Normal
2023-04-08,Store003,SKU002,60,90.72603956166483,-30.726039561664834,False,Normal
2023-04-08,Store003,SKU003,48,49.15406081331104,-1.154060813311041,False,Normal
2023-04-09,Store001,SKU001,64,158.67399586824098,-94.67399586824098,False,Normal
2023-04-09,Store001,SKU002,16,82.76243867926053,-66.76243867926053,False,Normal
2023-04-09,Store001,SKU003,56,51.13088763251994,4.8691123674800565,True,Low Excess
2023-04-09,Store002,SKU001,17,141.05516881893084,-124.05516881893084,False,Normal
2023-04-09,Store002,SKU002,94,116.73581900881625,-22.73581900881625,False,Normal
2023-04-09,Store002,SKU003,89,53.25616347064441,35.74383652935559,True,Low Excess
2023-04-09,Store003,SKU001,23,150.9567860545019,-127.95678605450189,False,Normal
2023-04-09,Store003,SKU002,98,90.72603956166483,7.273960438335166,True,Low Excess
2023-04-09,Store003,SKU003,85,53.65406081331104,31.34593918668896,True,Low Excess
2023-04-10,Store001,SKU001,63,167.67399586824098,-104.67399586824098,False,Normal
2023-04-10,Store001,SKU002,21,83.83386725068911,-62.83386725068911,False,Normal
2023-04-10,Store001,SKU003,22,52.416601918234235,-30.416601918234235,False,Normal
2023-04-10,Store002,SKU001,14,148.55516881893084,-134.55516881893084,False,Normal
2023-04-10,Store002,SKU002,15,104.95010472310199,-89.95010472310199,False,Normal
2023-04-10,Store002,SKU003,50,55.18473489921585,-5.184734899215847,False,Normal
2023-04-10,Store003,SKU001,43,156.9567860545019,-113.95678605450189,False,Normal
2023-04-10,Store003,SKU002,26,95.01175384737911,-69.01175384737911,False,Normal
2023-04-10,Store003,SKU003,41,56.225489384739625,-15.225489384739625,False,Normal
2023-04-11,Store001,SKU001,50,155.67399586824098,-105.67399586824098,False,Normal
2023-04-11,Store001,SKU002,31,87.04815296497482,-56.04815296497482,False,Normal
2023-04-11,Store001,SKU003,88,51.13088763251994,36.86911236748006,True,Low Excess
2023-04-11,Store002,SKU001,51,156.05516881893084,-105.05516881893084,False,Normal
2023-04-11,Store002,SKU002,13,107.0929618659591,-94.0929618659591,False,Normal
2023-04-11,Store002,SKU003,38,59.0418777563587,-21.0418777563587,False,Normal
2023-04-11,Store003,SKU001,79,150.9567860545019,-71.95678605450189,False,Normal
2023-04-11,Store003,SKU002,14,85.36889670452197,-71.36889670452197,False,Normal
2023-04-11,Store003,SKU003,52,58.15406081331104,-6.154060813311041,False,Normal
2023-04-12,Store001,SKU001,12,148.17399586824098,-136.17399586824098,False,Normal
2023-04-12,Store001,SKU002,66,96.69101010783194,-30.691010107831943,False,Normal
2023-04-12,Store001,SKU003,70,56.27374477537709,13.72625522462291,True,Low Excess
2023-04-12,Store002,SKU001,49,145.55516881893084,-96.55516881893084,False,Normal
2023-04-12,Store002,SKU002,95,104.95010472310199,-9.950104723101987,False,Normal
2023-04-12,Store002,SKU003,20,59.0418777563587,-39.0418777563587,False,Normal
2023-04-12,Store003,SKU001,56,170.4567860545019,-114.45678605450189,False,Normal
2023-04-12,Store003,SKU002,88,92.86889670452197,-4.868896704521973,False,Normal
2023-04-12,Store003,SKU003,12,62.65406081331104,-50.65406081331104,False,Normal
2023-04-13,Store001,SKU001,78,161.67399586824098,-83.67399586824098,False,Normal
2023-04-13,Store001,SKU002,61,90.26243867926053,-29.262438679260526,False,Normal
2023-04-13,Store001,SKU003,95,56.916601918234235,38.083398081765765,True,Low Excess
2023-04-13,Store002,SKU001,36,148.55516881893084,-112.55516881893084,False,Normal
2023-04-13,Store002,SKU002,31,110.30724758024482,-79.30724758024482,False,Normal
2023-04-13,Store002,SKU003,85,65.47044918493015,19.529550815069854,True,Low Excess
2023-04-13,Store003,SKU001,35,171.9567860545019,-136.9567860545019,False,Normal
2023-04-13,Store003,SKU002,45,87.51175384737911,-42.51175384737911,False,Normal
2023-04-13,Store003,SKU003,16,58.79691795616819,-42.79691795616819,False,Normal
2023-04-14,Store001,SKU001,20,154.17399586824098,-134.17399586824098,False,Normal
2023-04-14,Store001,SKU002,99,82.76243867926053,16.237561320739474,True,Low Excess
2023-04-14,Store001,SKU003,14,56.27374477537709,-42.27374477537709,False,Normal
2023-04-14,Store002,SKU001,62,154.55516881893084,-92.55516881893084,False,Normal
2023-04-14,Store002,SKU002,72,106.02153329453054,-34.02153329453054,False,Normal
2023-04-14,Store002,SKU003,86,64.18473489921584,21.81526510078416,True,Low Excess
2023-04-14,Store003,SKU001,54,177.9567860545019,-123.95678605450189,False,Normal
2023-04-14,Store003,SKU002,92,92.86889670452197,-0.8688967045219727,False,Normal
2023-04-14,Store003,SKU003,63,56.868346527596756,6.131653472403244,True,Low Excess
2023-04-15,Store001,SKU001,23,145.17399586824098,-122.17399586824098,False,Normal
2023-04-15,Store001,SKU002,31,78.47672439354623,-47.476724393546235,False,Normal
2023-04-15,Store001,SKU003,14,58.20231620394853,-44.20231620394853,False,Normal
2023-04-15,Store002,SKU001,11,136.55516881893084,-125.55516881893084,False,Normal
2023-04-15,Store002,SKU002,37,96.3786761516734,-59.3786761516734,False,Normal
2023-04-15,Store002,SKU003,12,62.899020613501555,-50.899020613501555,False,Normal
2023-04-15,Store003,SKU001,50,182.4567860545019,-132.4567860545019,False,Normal
2023-04-15,Store003,SKU002,49,88.58318241880768,-39.58318241880768,False,Normal
2023-04-15,Store003,SKU003,91,53.01120367045391,37.98879632954609,True,Low Excess
2023-04-16,Store001,SKU001,91,127.17399586824097,-36.173995868240965,False,Normal
2023-04-16,Store001,SKU002,62,73.11958153640339,-11.119581536403388,False,Normal
2023-04-16,Store001,SKU003,45,62.05945906109138,-17.05945906109138,False,Normal
2023-04-16,Store002,SKU001,84,138.05516881893084,-54.05516881893084,False,Normal
2023-04-16,Store002,SKU002,86,101.73581900881625,-15.73581900881625,False,Normal
2023-04-16,Store002,SKU003,10,59.68473489921585,-49.68473489921585,False,Normal
2023-04-16,Store003,SKU001,17,198.9567860545019,-181.9567860545019,False,Normal
2023-04-16,Store003,SKU002,55,106.79746813309339,-51.79746813309339,False,Normal
2023-04-16,Store003,SKU003,10,49.79691795616819,-39.79691795616819,False,Normal
2023-04-17,Store001,SKU001,94,134.67399586824098,-40.67399586824098,False,Normal
2023-04-17,Store001,SKU002,61,74.19101010783194,-13.191010107831943,False,Normal
2023-04-17,Store001,SKU003,65,58.84517334680565,6.154826653194348,True,Low Excess
2023-04-17,Store002,SKU001,57,144.05516881893084,-87.05516881893084,False,Normal
2023-04-17,Store002,SKU002,24,103.8786761516734,-79.8786761516734,False,Normal
2023-04-17,Store002,SKU003,24,60.32759204207299,-36.32759204207299,False,Normal
2023-04-17,Store003,SKU001,42,185.4567860545019,-143.4567860545019,False,Normal
2023-04-17,Store003,SKU002,69,104.65461099023626,-35.654610990236264,False,Normal
2023-04-17,Store003,SKU003,11,44.01120367045391,-33.01120367045391,False,Normal
2023-04-18,Store001,SKU001,46,152.67399586824098,-106.67399586824098,False,Normal
2023-04-18,Store001,SKU002,59,85.97672439354623,-26.976724393546235,False,Normal
2023-04-18,Store001,SKU003,63,56.916601918234235,6.083398081765765,True,Low Excess
2023-04-18,Store002,SKU001,64,141.05516881893084,-77.05516881893084,False,Normal
2023-04-18,Store002,SKU002,82,108.16439043738768,-26.16439043738768,False,Normal
2023-04-18,Store002,SKU003,47,56.47044918493013,-9.470449184930132,False,Normal
2023-04-18,Store003,SKU001,76,165.9567860545019,-89.95678605450189,False,Normal
2023-04-18,Store003,SKU002,26,107.86889670452197,-81.86889670452197,False,Normal
2023-04-18,Store003,SKU003,84,40.79691795616819,43.20308204383181,True,Low Excess
2023-04-19,Store001,SKU001,68,154.17399586824098,-86.17399586824098,False,Normal
2023-04-19,Store001,SKU002,15,92.40529582211767,-77.40529582211767,False,Normal
2023-04-19,Store001,SKU003,30,54.988030489662805,-24.988030489662805,False,Normal
2023-04-19,Store002,SKU001,52,156.05516881893084,-104.05516881893084,False,Normal
2023-04-19,Store002,SKU002,24,102.80724758024482,-78.80724758024482,False,Normal
2023-04-19,Store002,SKU003,68,54.5418777563587,13.458122243641299,True,Low Excess
2023-04-19,Store003,SKU001,48,129.9567860545019,-81.95678605450189,False,Normal
2023-04-19,Store003,SKU002,22,108.94032527595056,-86.94032527595056,False,Normal
2023-04-19,Store003,SKU003,33,37.58263224188248,-4.582632241882479,False,Normal
2023-04-20,Store001,SKU001,62,157.17399586824098,-95.17399586824098,False,Normal
2023-04-20,Store001,SKU002,53,99.90529582211767,-46.905295822117665,False,Normal
2023-04-20,Store001,SKU003,34,51.13088763251994,-17.130887632519944,False,Normal
2023-04-20,Store002,SKU001,70,139.55516881893084,-69.55516881893084,False,Normal
2023-04-20,Store002,SKU002,54,94.23581900881625,-40.23581900881625,False,Normal
2023-04-20,Store002,SKU003,73,46.18473489921584,26.81526510078416,True,Low Excess
2023-04-20,Store003,SKU001,82,129.9567860545019,-47.95678605450189,False,Normal
2023-04-20,Store003,SKU002,77,100.36889670452197,-23.368896704521973,False,Normal
2023-04-20,Store003,SKU003,47,47.868346527596756,-0.8683465275967563,False,Normal
2023-04-21,Store001,SKU001,74,149.67399586824098,-75.67399586824098,False,Normal
2023-04-21,Store001,SKU002,32,106.3338672506891,-74.3338672506891,False,Normal
2023-04-21,Store001,SKU003,69,52.416601918234235,16.583398081765765,True,Low Excess
2023-04-21,Store002,SKU001,97,154.55516881893084,-57.55516881893084,False,Normal
2023-04-21,Store002,SKU002,60,104.95010472310199,-44.95010472310199,False,Normal
2023-04-21,Store002,SKU003,24,48.11330632778727,-24.11330632778727,False,Normal
2023-04-21,Store003,SKU001,99,122.45678605450189,-23.45678605450189,False,Normal
2023-04-21,Store003,SKU002,28,101.44032527595056,-73.44032527595056,False,Normal
2023-04-21,Store003,SKU003,16,51.725489384739625,-35.725489384739625,False,Normal
2023-04-22,Store001,SKU001,60,155.67399586824098,-95.67399586824098,False,Normal
2023-04-22,Store001,SKU002,99,117.0481529649748,-18.048152964974804,False,Normal
2023-04-22,Store001,SKU003,59,46.63088763251995,12.36911236748005,True,Low Excess
2023-04-22,Store002,SKU001,74,151.55516881893084,-77.55516881893084,False,Normal
2023-04-22,Store002,SKU002,12,103.8786761516734,-91.8786761516734,False,Normal
2023-04-22,Store002,SKU003,85,49.399020613501555,35.600979386498445,True,Low Excess
2023-04-22,Store003,SKU001,18,140.4567860545019,-122.45678605450189,False,Normal
2023-04-22,Store003,SKU002,49,102.51175384737911,-53.51175384737911,False,Normal
2023-04-22,Store003,SKU003,54,55.58263224188248,-1.5826322418824788,False,Normal
2023-04-23,Store001,SKU001,22,178.17399586824098,-156.17399586824098,False,Normal
2023-04-23,Store001,SKU002,53,130.97672439354622,-77.97672439354622,False,Normal
2023-04-23,Store001,SKU003,58,47.916601918234235,10.083398081765765,True,Low Excess
2023-04-23,Store002,SKU001,47,154.55516881893084,-107.55516881893084,False,Normal
2023-04-23,Store002,SKU002,26,106.02153329453054,-80.02153329453054,False,Normal
2023-04-23,Store002,SKU003,88,44.25616347064442,43.74383652935558,True,Low Excess
2023-04-23,Store003,SKU001,49,120.95678605450189,-71.95678605450189,False,Normal
2023-04-23,Store003,SKU002,50,98.22603956166483,-48.226039561664834,False,Normal
2023-04-23,Store003,SKU003,21,53.01120367045391,-32.01120367045391,False,Normal
2023-04-24,Store001,SKU001,53,163.17399586824098,-110.17399586824098,False,Normal
2023-04-24,Store001,SKU002,96,129.90529582211767,-33.905295822117665,False,Normal
2023-04-24,Store001,SKU003,98,53.70231620394853,44.29768379605147,True,Low Excess
2023-04-24,Store002,SKU001,51,147.05516881893084,-96.05516881893084,False,Normal
2023-04-24,Store002,SKU002,45,108.16439043738768,-63.16439043738768,False,Normal
2023-04-24,Store002,SKU003,11,42.327592042072986,-31.327592042072986,False,Normal
2023-04-24,Store003,SKU001,47,119.45678605450189,-72.45678605450189,False,Normal
2023-04-24,Store003,SKU002,78,99.29746813309339,-21.29746813309339,False,Normal
2023-04-24,Store003,SKU003,89,51.725489384739625,37.274510615260375,True,Low Excess
2023-04-25,Store001,SKU001,30,155.67399586824098,-125.67399586824098,False,Normal
2023-04-25,Store001,SKU002,31,115.97672439354622,-84.97672439354622,False,Normal
2023-04-25,Store001,SKU003,26,61.416601918234235,-35.416601918234235,False,Normal
2023-04-25,Store002,SKU001,55,151.55516881893084,-96.55516881893084,False,Normal
2023-04-25,Store002,SKU002,52,103.8786761516734,-51.8786761516734,False,Normal
2023-04-25,Store002,SKU003,60,47.47044918493013,12.529550815069868,True,Low Excess
2023-04-25,Store003,SKU001,13,123.95678605450189,-110.95678605450189,False,Normal
2023-04-25,Store003,SKU002,73,108.94032527595056,-35.940325275950556,False,Normal
2023-04-25,Store003,SKU003,44,53.65406081331104,-9.654060813311041,False,Normal
2023-04-26,Store001,SKU001,42,158.67399586824098,-116.67399586824098,False,Normal
2023-04-26,Store001,SKU002,44,117.0481529649748,-73.0481529649748,False,Normal
2023-04-26,Store001,SKU003,19,62.70231620394853,-43.70231620394853,False,Normal
2023-04-26,Store002,SKU001,51,141.05516881893084,-90.05516881893084,False,Normal
2023-04-26,Store002,SKU002,26,100.66439043738768,-74.66439043738768,False,Normal
2023-04-26,Store002,SKU003,30,53.899020613501555,-23.899020613501555,False,Normal
2023-04-26,Store003,SKU001,41,131.4567860545019,-90.45678605450189,False,Normal
2023-04-26,Store003,SKU002,97,107.86889670452197,-10.868896704521973,False,Normal
2023-04-26,Store003,SKU003,37,47.22548938473962,-10.225489384739618,False,Normal
2023-04-27,Store001,SKU001,92,151.17399586824098,-59.17399586824098,False,Normal
2023-04-27,Store001,SKU002,24,114.90529582211767,-90.90529582211767,False,Normal
2023-04-27,Store001,SKU003,47,61.416601918234235,-14.416601918234235,False,Normal
2023-04-27,Store002,SKU001,82,162.05516881893084,-80.05516881893084,False,Normal
2023-04-27,Store002,SKU002,59,102.80724758024482,-43.80724758024482,False,Normal
2023-04-27,Store002,SKU003,30,54.5418777563587,-24.5418777563587,False,Normal
2023-04-27,Store003,SKU001,85,137.4567860545019,-52.45678605450189,False,Normal
2023-04-27,Store003,SKU002,29,110.01175384737911,-81.01175384737911,False,Normal
2023-04-27,Store003,SKU003,17,40.79691795616819,-23.796917956168187,False,Normal
2023-04-28,Store001,SKU001,59,161.67399586824098,-102.67399586824098,False,Normal
2023-04-28,Store001,SKU002,30,115.97672439354622,-85.97672439354622,False,Normal
2023-04-28,Store001,SKU003,20,56.27374477537709,-36.27374477537709,False,Normal
2023-04-28,Store002,SKU001,10,163.55516881893084,-153.55516881893084,False,Normal
2023-04-28,Store002,SKU002,97,98.52153329453054,-1.521533294530542,False,Normal
2023-04-28,Store002,SKU003,64,53.899020613501555,10.100979386498445,True,Low Excess
2023-04-28,Store003,SKU001,99,134.4567860545019,-35.45678605450189,False,Normal
2023-04-28,Store003,SKU002,91,92.86889670452197,-1.8688967045219727,False,Normal
2023-04-28,Store003,SKU003,10,36.93977509902533,-26.939775099025333,False,Normal
2023-04-29,Store001,SKU001,86,178.17399586824098,-92.17399586824098,False,Normal
2023-04-29,Store001,SKU002,40,103.11958153640339,-63.11958153640339,False,Normal
2023-04-29,Store001,SKU003,52,54.988030489662805,-2.9880304896628047,False,Normal
2023-04-29,Store002,SKU001,55,184.55516881893084,-129.55516881893084,False,Normal
2023-04-29,Store002,SKU002,52,96.3786761516734,-44.3786761516734,False,Normal
2023-04-29,Store002,SKU003,20,63.5418777563587,-43.5418777563587,False,Normal
2023-04-29,Store003,SKU001,90,110.45678605450189,-20.45678605450189,False,Normal
2023-04-29,Store003,SKU002,48,100.36889670452197,-52.36889670452197,False,Normal
2023-04-29,Store003,SKU003,76,36.29691795616819,39.70308204383181,True,Low Excess
2023-04-30,Store001,SKU001,74,157.17399586824098,-83.17399586824098,False,Normal
2023-04-30,Store001,SKU002,32,95.61958153640339,-63.61958153640339,False,Normal
2023-04-30,Store001,SKU003,25,57.55945906109138,-32.55945906109138,False,Normal
2023-04-30,Store002,SKU001,63,186.05516881893084,-123.05516881893084,False,Normal
2023-04-30,Store002,SKU002,34,112.45010472310199,-78.45010472310199,False,Normal
2023-04-30,Store002,SKU003,71,69.97044918493015,1.0295508150698538,True,Low Excess
2023-04-30,Store003,SKU001,72,111.95678605450186,-39.95678605450186,False,Normal
2023-04-30,Store003,SKU002,61,85.36889670452197,-24.368896704521973,False,Normal
2023-04-30,Store003,SKU003,22,38.22548938473962,-16.225489384739618,False,Normal
2023-05-01,Store001,SKU001,63,160.17399586824098,-97.17399586824098,False,Normal
2023-05-01,Store001,SKU002,32,93.47672439354623,-61.476724393546235,False,Normal
2023-05-01,Store001,SKU003,75,55.63088763251994,19.369112367480056,True,Low Excess
2023-05-01,Store002,SKU001,56,181.55516881893084,-125.55516881893084,False,Normal
2023-05-01,Store002,SKU002,33,109.23581900881625,-76.23581900881625,False,Normal
2023-05-01,Store002,SKU003,95,69.97044918493015,25.029550815069854,True,Low Excess
2023-05-01,Store003,SKU001,41,117.95678605450189,-76.95678605450189,False,Normal
2023-05-01,Store003,SKU002,97,92.86889670452197,4.131103295478027,True,Low Excess
2023-05-01,Store003,SKU003,17,43.368346527596756,-26.368346527596756,False,Normal
2023-05-02,Store001,SKU001,10,160.17399586824098,-150.17399586824098,False,Normal
2023-05-02,Store001,SKU002,68,105.26243867926051,-37.26243867926051,False,Normal
2023-05-02,Store001,SKU003,69,47.916601918234235,21.083398081765765,True,Low Excess
2023-05-02,Store002,SKU001,34,183.05516881893084,-149.05516881893084,False,Normal
2023-05-02,Store002,SKU002,89,98.52153329453054,-9.521533294530542,False,Normal
2023-05-02,Store002,SKU003,94,62.899020613501555,31.100979386498445,True,Low Excess
2023-05-02,Store003,SKU001,91,137.4567860545019,-46.45678605450189,False,Normal
2023-05-02,Store003,SKU002,78,89.65461099023626,-11.654610990236264,False,Normal
2023-05-02,Store003,SKU003,68,42.72548938473962,25.274510615260382,True,Low Excess
2023-05-03,Store001,SKU001,38,158.67399586824098,-120.67399586824098,False,Normal
2023-05-03,Store001,SKU002,71,91.33386725068911,-20.33386725068911,False,Normal
2023-05-03,Store001,SKU003,68,44.059459061091374,23.940540938908626,True,Low Excess
2023-05-03,Store002,SKU001,25,178.55516881893084,-153.55516881893084,False,Normal
2023-05-03,Store002,SKU002,32,103.8786761516734,-71.8786761516734,False,Normal
2023-05-03,Store002,SKU003,95,59.68473489921585,35.31526510078415,True,Low Excess
2023-05-03,Store003,SKU001,75,140.4567860545019,-65.45678605450189,False,Normal
2023-05-03,Store003,SKU002,74,91.79746813309339,-17.79746813309339,False,Normal
2023-05-03,Store003,SKU003,61,48.51120367045391,12.48879632954609,True,Low Excess
2023-05-04,Store001,SKU001,37,154.17399586824098,-117.17399586824098,False,Normal
2023-05-04,Store001,SKU002,58,88.11958153640339,-30.119581536403388,False,Normal
2023-05-04,Store001,SKU003,71,45.988030489662805,25.011969510337195,True,Low Excess
2023-05-04,Store002,SKU001,29,153.05516881893084,-124.05516881893084,False,Normal
2023-05-04,Store002,SKU002,86,101.73581900881625,-15.73581900881625,False,Normal
2023-05-04,Store002,SKU003,10,55.18473489921585,-45.18473489921585,False,Normal
2023-05-04,Store003,SKU001,67,131.4567860545019,-64.45678605450189,False,Normal
2023-05-04,Store003,SKU002,31,99.29746813309339,-68.29746813309339,False,Normal
2023-05-04,Store003,SKU003,75,46.58263224188248,28.41736775811752,True,Low Excess
2023-05-05,Store001,SKU001,50,149.67399586824098,-99.67399586824098,False,Normal
2023-05-05,Store001,SKU002,67,87.04815296497482,-20.04815296497482,False,Normal
2023-05-05,Store001,SKU003,97,45.988030489662805,51.011969510337195,True,Low Excess
2023-05-05,Store002,SKU001,72,132.05516881893084,-60.05516881893084,False,Normal
2023-05-05,Store002,SKU002,99,107.0929618659591,-8.092961865959097,False,Normal
2023-05-05,Store002,SKU003,42,54.5418777563587,-12.541877756358701,False,Normal
2023-05-05,Store003,SKU001,30,147.9567860545019,-117.95678605450189,False,Normal
2023-05-05,Store003,SKU002,66,96.08318241880768,-30.08318241880768,False,Normal
2023-05-05,Store003,SKU003,43,47.22548938473962,-4.2254893847396175,False,Normal
2023-05-06,Store001,SKU001,25,125.67399586824097,-100.67399586824097,False,Normal
2023-05-06,Store001,SKU002,45,103.11958153640339,-58.11958153640339,False,Normal
2023-05-06,Store001,SKU003,78,52.416601918234235,25.583398081765765,True,Low Excess
2023-05-06,Store002,SKU001,25,126.05516881893084,-101.05516881893084,False,Normal
2023-05-06,Store002,SKU002,35,102.80724758024482,-67.80724758024482,False,Normal
2023-05-06,Store002,SKU003,64,45.5418777563587,18.4581222436413,True,Low Excess
2023-05-06,Store003,SKU001,86,165.9567860545019,-79.95678605450189,False,Normal
2023-05-06,Store003,SKU002,21,93.94032527595056,-72.94032527595056,False,Normal
2023-05-06,Store003,SKU003,80,56.868346527596756,23.131653472403244,True,Low Excess
2023-05-07,Store001,SKU001,34,137.67399586824098,-103.67399586824098,False,Normal
2023-05-07,Store001,SKU002,34,103.11958153640339,-69.11958153640339,False,Normal
2023-05-07,Store001,SKU003,71,47.2737447753771,23.726255224622903,True,Low Excess
2023-05-07,Store002,SKU001,26,138.05516881893084,-112.05516881893084,False,Normal
2023-05-07,Store002,SKU002,53,88.8786761516734,-35.8786761516734,False,Normal
2023-05-07,Store002,SKU003,64,42.97044918493013,21.029550815069868,True,Low Excess
2023-05-07,Store003,SKU001,54,171.9567860545019,-117.95678605450189,False,Normal
2023-05-07,Store003,SKU002,78,106.79746813309339,-28.79746813309339,False,Normal
2023-05-07,Store003,SKU003,68,63.29691795616819,4.703082043831813,True,Low Excess
2023-05-08,Store001,SKU001,87,133.17399586824098,-46.17399586824098,False,Normal
2023-05-08,Store001,SKU002,43,102.0481529649748,-59.048152964974804,False,Normal
2023-05-08,Store001,SKU003,77,43.416601918234235,33.583398081765765,True,Low Excess
2023-05-08,Store002,SKU001,67,151.55516881893084,-84.55516881893084,False,Normal
2023-05-08,Store002,SKU002,32,87.80724758024482,-55.80724758024482,False,Normal
2023-05-08,Store002,SKU003,24,42.327592042072986,-18.327592042072986,False,Normal
2023-05-08,Store003,SKU001,34,171.9567860545019,-137.9567860545019,False,Normal
2023-05-08,Store003,SKU002,13,99.29746813309339,-86.29746813309339,False,Normal
2023-05-08,Store003,SKU003,72,64.58263224188248,7.417367758117521,True,Low Excess
2023-05-09,Store001,SKU001,67,131.67399586824098,-64.67399586824098,False,Normal
2023-05-09,Store001,SKU002,40,93.47672439354623,-53.476724393546235,False,Normal
2023-05-09,Store001,SKU003,48,45.345173346805666,2.654826653194334,True,Low Excess
2023-05-09,Store002,SKU001,14,151.55516881893084,-137.55516881893084,False,Normal
2023-05-09,Store002,SKU002,93,103.8786761516734,-10.878676151673403,False,Normal
2023-05-09,Store002,SKU003,93,45.5418777563587,47.4581222436413,True,Low Excess
2023-05-09,Store003,SKU001,22,161.4567860545019,-139.4567860545019,False,Normal
2023-05-09,Store003,SKU002,40,102.51175384737911,-62.51175384737911,False,Normal
2023-05-09,Store003,SKU003,24,62.65406081331104,-38.65406081331104,False,Normal
2023-05-10,Store001,SKU001,65,133.17399586824098,-68.17399586824098,False,Normal
2023-05-10,Store001,SKU002,30,90.26243867926053,-60.262438679260526,False,Normal
2023-05-10,Store001,SKU003,62,47.2737447753771,14.726255224622903,True,Low Excess
2023-05-10,Store002,SKU001,74,165.05516881893084,-91.05516881893084,False,Normal
2023-05-10,Store002,SKU002,51,109.23581900881625,-58.23581900881625,False,Normal
2023-05-10,Store002,SKU003,59,44.89902061350156,14.100979386498437,True,Low Excess
2023-05-10,Store003,SKU001,19,162.9567860545019,-143.9567860545019,False,Normal
2023-05-10,Store003,SKU002,97,101.44032527595056,-4.440325275950556,False,Normal
2023-05-10,Store003,SKU003,24,69.08263224188248,-45.08263224188248,False,Normal
2023-05-11,Store001,SKU001,72,137.67399586824098,-65.67399586824098,False,Normal
2023-05-11,Store001,SKU002,95,93.47672439354623,1.5232756064537654,True,Low Excess
2023-05-11,Store001,SKU003,66,44.059459061091374,21.940540938908626,True,Low Excess
2023-05-11,Store002,SKU001,61,171.05516881893084,-110.05516881893084,False,Normal
2023-05-11,Store002,SKU002,18,109.23581900881625,-91.23581900881625,False,Normal
2023-05-11,Store002,SKU003,28,50.0418777563587,-22.0418777563587,False,Normal
2023-05-11,Store003,SKU001,49,167.4567860545019,-118.45678605450189,False,Normal
2023-05-11,Store003,SKU002,86,92.86889670452197,-6.868896704521973,False,Normal
2023-05-11,Store003,SKU003,29,69.72548938473963,-40.72548938473963,False,Normal
2023-05-12,Store001,SKU001,58,136.17399586824098,-78.17399586824098,False,Normal
2023-05-12,Store001,SKU002,67,91.33386725068911,-24.33386725068911,False,Normal
2023-05-12,Store001,SKU003,54,45.345173346805666,8.654826653194334,True,Low Excess
2023-05-12,Store002,SKU001,85,174.05516881893084,-89.05516881893084,False,Normal
2023-05-12,Store002,SKU002,21,99.5929618659591,-78.5929618659591,False,Normal
2023-05-12,Store002,SKU003,91,48.75616347064441,42.24383652935559,True,Low Excess
2023-05-12,Store003,SKU001,21,155.4567860545019,-134.4567860545019,False,Normal
2023-05-12,Store003,SKU002,58,103.58318241880768,-45.58318241880768,False,Normal
2023-05-12,Store003,SKU003,18,71.01120367045391,-53.01120367045391,False,Normal
2023-05-13,Store001,SKU001,96,142.17399586824098,-46.17399586824098,False,Normal
2023-05-13,Store001,SKU002,68,82.76243867926053,-14.762438679260526,False,Normal
2023-05-13,Store001,SKU003,96,43.416601918234235,52.583398081765765,True,Low Excess
2023-05-13,Store002,SKU001,10,168.05516881893084,-158.05516881893084,False,Normal
2023-05-13,Store002,SKU002,32,100.66439043738768,-68.66439043738768,False,Normal
2023-05-13,Store002,SKU003,51,50.0418777563587,0.9581222436412986,True,Low Excess
2023-05-13,Store003,SKU001,58,143.4567860545019,-85.45678605450189,False,Normal
2023-05-13,Store003,SKU002,38,106.79746813309339,-68.79746813309339,False,Normal
2023-05-13,Store003,SKU003,98,65.86834652759676,32.131653472403244,True,Low Excess
2023-05-14,Store001,SKU001,11,131.67399586824098,-120.67399586824098,False,Normal
2023-05-14,Store001,SKU002,49,80.61958153640339,-31.619581536403388,False,Normal
2023-05-14,Store001,SKU003,87,47.916601918234235,39.083398081765765,True,Low Excess
2023-05-14,Store002,SKU001,51,147.05516881893084,-96.05516881893084,False,Normal
2023-05-14,Store002,SKU002,17,103.8786761516734,-86.8786761516734,False,Normal
2023-05-14,Store002,SKU003,38,47.47044918493013,-9.470449184930132,False,Normal
2023-05-14,Store003,SKU001,66,137.4567860545019,-71.45678605450189,False,Normal
2023-05-14,Store003,SKU002,60,97.15461099023626,-37.154610990236264,False,Normal
2023-05-14,Store003,SKU003,51,60.725489384739625,-9.725489384739625,False,Normal
2023-05-15,Store001,SKU001,82,139.17399586824098,-57.17399586824098,False,Normal
2023-05-15,Store001,SKU002,66,76.3338672506891,-10.333867250689096,False,Normal
2023-05-15,Store001,SKU003,34,49.845173346805666,-15.845173346805666,False,Normal
2023-05-15,Store002,SKU001,34,133.55516881893084,-99.55516881893084,False,Normal
2023-05-15,Store002,SKU002,78,114.5929618659591,-36.5929618659591,False,Normal
2023-05-15,Store002,SKU003,87,50.0418777563587,36.9581222436413,True,Low Excess
2023-05-15,Store003,SKU001,49,131.4567860545019,-82.45678605450189,False,Normal
2023-05-15,Store003,SKU002,38,91.79746813309339,-53.79746813309339,False,Normal
2023-05-15,Store003,SKU003,23,60.725489384739625,-37.725489384739625,False,Normal
2023-05-16,Store001,SKU001,56,139.17399586824098,-83.17399586824098,False,Normal
2023-05-16,Store001,SKU002,58,79.54815296497482,-21.54815296497482,False,Normal
2023-05-16,Store001,SKU003,41,51.77374477537709,-10.77374477537709,False,Normal
2023-05-16,Store002,SKU001,21,127.55516881893084,-106.55516881893084,False,Normal
2023-05-16,Store002,SKU002,21,103.8786761516734,-82.8786761516734,False,Normal
2023-05-16,Store002,SKU003,42,48.75616347064441,-6.75616347064441,False,Normal
2023-05-16,Store003,SKU001,94,138.9567860545019,-44.95678605450189,False,Normal
2023-05-16,Store003,SKU002,25,93.94032527595056,-68.94032527595056,False,Normal
2023-05-16,Store003,SKU003,66,63.93977509902533,2.060224900974667,True,Low Excess
2023-05-17,Store001,SKU001,91,143.67399586824098,-52.67399586824098,False,Normal
2023-05-17,Store001,SKU002,58,98.8338672506891,-40.833867250689096,False,Normal
2023-05-17,Store001,SKU003,96,50.4880304896628,45.5119695103372,True,Low Excess
2023-05-17,Store002,SKU001,99,132.05516881893084,-33.05516881893084,False,Normal
2023-05-17,Store002,SKU002,45,109.23581900881625,-64.23581900881625,False,Normal
2023-05-17,Store002,SKU003,49,48.75616347064441,0.24383652935559041,True,Low Excess
2023-05-17,Store003,SKU001,14,147.9567860545019,-133.9567860545019,False,Normal
2023-05-17,Store003,SKU002,28,90.72603956166483,-62.726039561664834,False,Normal
2023-05-17,Store003,SKU003,55,53.65406081331104,1.345939186688959,True,Low Excess
2023-05-18,Store001,SKU001,23,125.67399586824097,-102.67399586824097,False,Normal
2023-05-18,Store001,SKU002,14,93.47672439354623,-79.47672439354623,False,Normal
2023-05-18,Store001,SKU003,82,51.13088763251994,30.869112367480056,True,Low Excess
2023-05-18,Store002,SKU001,32,138.05516881893084,-106.05516881893084,False,Normal
2023-05-18,Store002,SKU002,76,111.3786761516734,-35.3786761516734,False,Normal
2023-05-18,Store002,SKU003,58,46.18473489921584,11.81526510078416,True,Low Excess
2023-05-18,Store003,SKU001,69,159.9567860545019,-90.95678605450189,False,Normal
2023-05-18,Store003,SKU002,58,88.58318241880768,-30.58318241880768,False,Normal
2023-05-18,Store003,SKU003,85,53.01120367045391,31.98879632954609,True,Low Excess
2023-05-19,Store001,SKU001,24,115.17399586824097,-91.17399586824097,False,Normal
2023-05-19,Store001,SKU002,69,107.40529582211767,-38.405295822117665,False,Normal
2023-05-19,Store001,SKU003,26,51.77374477537709,-25.77374477537709,False,Normal
2023-05-19,Store002,SKU001,53,142.55516881893084,-89.55516881893084,False,Normal
2023-05-19,Store002,SKU002,75,116.73581900881625,-41.73581900881625,False,Normal
2023-05-19,Store002,SKU003,44,49.399020613501555,-5.3990206135015555,False,Normal
2023-05-19,Store003,SKU001,79,153.9567860545019,-74.95678605450189,False,Normal
2023-05-19,Store003,SKU002,20,85.36889670452197,-65.36889670452197,False,Normal
2023-05-19,Store003,SKU003,49,53.65406081331104,-4.654060813311041,False,Normal
2023-05-20,Store001,SKU001,15,113.67399586824097,-98.67399586824097,False,Normal
2023-05-20,Store001,SKU002,55,98.8338672506891,-43.833867250689096,False,Normal
2023-05-20,Store001,SKU003,10,48.55945906109138,-38.55945906109138,False,Normal
2023-05-20,Store002,SKU001,50,133.55516881893084,-83.55516881893084,False,Normal
2023-05-20,Store002,SKU002,33,112.45010472310199,-79.45010472310199,False,Normal
2023-05-20,Store002,SKU003,74,44.89902061350156,29.100979386498437,True,Low Excess
2023-05-20,Store003,SKU001,57,152.4567860545019,-95.45678605450189,False,Normal
2023-05-20,Store003,SKU002,99,74.65461099023626,24.345389009763736,True,Low Excess
2023-05-20,Store003,SKU003,82,53.01120367045391,28.98879632954609,True,Low Excess
2023-05-21,Store001,SKU001,57,127.17399586824097,-70.17399586824097,False,Normal
2023-05-21,Store001,SKU002,53,108.47672439354622,-55.47672439354622,False,Normal
2023-05-21,Store001,SKU003,41,42.7737447753771,-1.7737447753770965,False,Normal
2023-05-21,Store002,SKU001,58,148.55516881893084,-90.55516881893084,False,Normal
2023-05-21,Store002,SKU002,27,107.0929618659591,-80.0929618659591,False,Normal
2023-05-21,Store002,SKU003,98,44.25616347064442,53.74383652935558,True,Low Excess
2023-05-21,Store003,SKU001,14,155.4567860545019,-141.4567860545019,False,Normal
2023-05-21,Store003,SKU002,97,77.86889670452197,19.131103295478027,True,Low Excess
2023-05-21,Store003,SKU003,68,47.868346527596756,20.131653472403244,True,Low Excess
2023-05-22,Store001,SKU001,81,136.17399586824098,-55.17399586824098,False,Normal
2023-05-22,Store001,SKU002,13,122.40529582211767,-109.40529582211767,False,Normal
2023-05-22,Store001,SKU003,75,44.70231620394852,30.29768379605148,True,Low Excess
2023-05-22,Store002,SKU001,69,148.55516881893084,-79.55516881893084,False,Normal
2023-05-22,Store002,SKU002,45,94.23581900881625,-49.23581900881625,False,Normal
2023-05-22,Store002,SKU003,58,39.75616347064442,18.243836529355583,True,Low Excess
2023-05-22,Store003,SKU001,76,164.4567860545019,-88.45678605450189,False,Normal
2023-05-22,Store003,SKU002,30,76.79746813309339,-46.79746813309339,False,Normal
2023-05-22,Store003,SKU003,86,45.29691795616819,40.70308204383181,True,Low Excess
2023-05-23,Store001,SKU001,95,134.67399586824098,-39.67399586824098,False,Normal
2023-05-23,Store001,SKU002,69,121.3338672506891,-52.333867250689096,False,Normal
2023-05-23,Store001,SKU003,82,46.63088763251995,35.36911236748005,True,Low Excess
2023-05-23,Store002,SKU001,87,151.55516881893084,-64.55516881893084,False,Normal
2023-05-23,Store002,SKU002,70,91.02153329453054,-21.021533294530542,False,Normal
2023-05-23,Store002,SKU003,84,46.18473489921584,37.81526510078416,True,Low Excess
2023-05-23,Store003,SKU001,29,156.9567860545019,-127.95678605450189,False,Normal
2023-05-23,Store003,SKU002,50,70.36889670452197,-20.368896704521973,False,Normal
2023-05-23,Store003,SKU003,70,44.01120367045391,25.98879632954609,True,Low Excess
2023-05-24,Store001,SKU001,11,142.17399586824098,-131.17399586824098,False,Normal
2023-05-24,Store001,SKU002,85,117.0481529649748,-32.048152964974804,False,Normal
2023-05-24,Store001,SKU003,67,47.916601918234235,19.083398081765765,True,Low Excess
2023-05-24,Store002,SKU001,37,141.05516881893084,-104.05516881893084,False,Normal
2023-05-24,Store002,SKU002,96,83.52153329453054,12.478466705469458,True,Low Excess
2023-05-24,Store002,SKU003,57,46.827592042072986,10.172407957927014,True,Low Excess
2023-05-24,Store003,SKU001,23,140.4567860545019,-117.45678605450189,False,Normal
2023-05-24,Store003,SKU002,90,73.58318241880768,16.41681758119232,True,Low Excess
2023-05-24,Store003,SKU003,23,45.93977509902533,-22.939775099025333,False,Normal
2023-05-25,Store001,SKU001,17,169.17399586824098,-152.17399586824098,False,Normal
2023-05-25,Store001,SKU002,82,129.90529582211767,-47.905295822117665,False,Normal
2023-05-25,Store001,SKU003,69,49.20231620394853,19.797683796051473,True,Low Excess
2023-05-25,Store002,SKU001,75,136.55516881893084,-61.55516881893084,False,Normal
2023-05-25,Store002,SKU002,39,77.0929618659591,-38.0929618659591,False,Normal
2023-05-25,Store002,SKU003,93,48.11330632778727,44.88669367221273,True,Low Excess
2023-05-25,Store003,SKU001,67,126.95678605450189,-59.95678605450189,False,Normal
2023-05-25,Store003,SKU002,14,75.72603956166483,-61.726039561664834,False,Normal
2023-05-25,Store003,SKU003,52,45.93977509902533,6.060224900974667,True,Low Excess
2023-05-26,Store001,SKU001,41,178.17399586824098,-137.17399586824098,False,Normal
2023-05-26,Store001,SKU002,20,112.76243867926051,-92.76243867926051,False,Normal
2023-05-26,Store001,SKU003,38,53.70231620394853,-15.702316203948527,False,Normal
2023-05-26,Store002,SKU001,20,145.55516881893084,-125.55516881893084,False,Normal
2023-05-26,Store002,SKU002,55,67.45010472310199,-12.450104723101987,False,Normal
2023-05-26,Store002,SKU003,65,42.97044918493013,22.029550815069868,True,Low Excess
2023-05-26,Store003,SKU001,75,138.9567860545019,-63.95678605450189,False,Normal
2023-05-26,Store003,SKU002,73,74.65461099023626,-1.6546109902362645,False,Normal
2023-05-26,Store003,SKU003,47,47.22548938473962,-0.22548938473961755,False,Normal
2023-05-27,Store001,SKU001,66,179.67399586824098,-113.67399586824098,False,Normal
2023-05-27,Store001,SKU002,20,120.26243867926051,-100.26243867926051,False,Normal
2023-05-27,Store001,SKU003,69,53.70231620394853,15.297683796051473,True,Low Excess
2023-05-27,Store002,SKU001,99,144.05516881893084,-45.05516881893084,False,Normal
2023-05-27,Store002,SKU002,35,70.66439043738768,-35.66439043738768,False,Normal
2023-05-27,Store002,SKU003,60,44.89902061350156,15.100979386498437,True,Low Excess
2023-05-27,Store003,SKU001,33,140.4567860545019,-107.45678605450189,False,Normal
2023-05-27,Store003,SKU002,16,88.58318241880768,-72.58318241880768,False,Normal
2023-05-27,Store003,SKU003,79,40.79691795616819,38.20308204383181,True,Low Excess
2023-05-28,Store001,SKU001,73,178.17399586824098,-105.17399586824098,False,Normal
2023-05-28,Store001,SKU002,24,106.3338672506891,-82.3338672506891,False,Normal
2023-05-28,Store001,SKU003,32,54.34517334680565,-22.34517334680565,False,Normal
2023-05-28,Store002,SKU001,56,130.55516881893084,-74.55516881893084,False,Normal
2023-05-28,Store002,SKU002,70,73.8786761516734,-3.878676151673403,False,Normal
2023-05-28,Store002,SKU003,32,46.827592042072986,-14.827592042072986,False,Normal
2023-05-28,Store003,SKU001,45,144.9567860545019,-99.95678605450189,False,Normal
2023-05-28,Store003,SKU002,94,89.65461099023626,4.3453890097637355,True,Low Excess
2023-05-28,Store003,SKU003,14,47.868346527596756,-33.868346527596756,False,Normal
2023-05-29,Store001,SKU001,15,173.67399586824098,-158.67399586824098,False,Normal
2023-05-29,Store001,SKU002,14,99.90529582211767,-85.90529582211767,False,Normal
2023-05-29,Store001,SKU003,73,53.70231620394853,19.297683796051473,True,Low Excess
2023-05-29,Store002,SKU001,14,139.55516881893084,-125.55516881893084,False,Normal
2023-05-29,Store002,SKU002,61,82.45010472310199,-21.450104723101987,False,Normal
2023-05-29,Store002,SKU003,56,46.827592042072986,9.172407957927014,True,Low Excess
2023-05-29,Store003,SKU001,53,146.4567860545019,-93.45678605450189,False,Normal
2023-05-29,Store003,SKU002,51,88.58318241880768,-37.58318241880768,False,Normal
2023-05-29,Store003,SKU003,87,46.58263224188248,40.41736775811752,True,Low Excess
2023-05-30,Store001,SKU001,29,160.17399586824098,-131.17399586824098,False,Normal
2023-05-30,Store001,SKU002,96,99.90529582211767,-3.9052958221176652,False,Normal
2023-05-30,Store001,SKU003,87,49.20231620394853,37.79768379605147,True,Low Excess
2023-05-30,Store002,SKU001,39,129.05516881893084,-90.05516881893084,False,Normal
2023-05-30,Store002,SKU002,74,85.66439043738768,-11.66439043738768,False,Normal
2023-05-30,Store002,SKU003,15,42.97044918493013,-27.970449184930132,False,Normal
2023-05-30,Store003,SKU001,27,138.9567860545019,-111.95678605450189,False,Normal
2023-05-30,Store003,SKU002,28,89.65461099023626,-61.654610990236264,False,Normal
2023-05-30,Store003,SKU003,68,47.22548938473962,20.774510615260382,True,Low Excess
2023-05-31,Store001,SKU001,55,158.67399586824098,-103.67399586824098,False,Normal
2023-05-31,Store001,SKU002,45,96.69101010783194,-51.69101010783194,False,Normal
2023-05-31,Store001,SKU003,48,51.13088763251994,-3.1308876325199435,False,Normal
2023-05-31,Store002,SKU001,40,126.05516881893084,-86.05516881893084,False,Normal
2023-05-31,Store002,SKU002,71,87.80724758024482,-16.80724758024482,False,Normal
2023-05-31,Store002,SKU003,22,42.97044918493013,-20.970449184930132,False,Normal
2023-05-31,Store003,SKU001,62,159.9567860545019,-97.95678605450189,False,Normal
2023-05-31,Store003,SKU002,15,91.79746813309339,-76.79746813309339,False,Normal
2023-05-31,Store003,SKU003,76,49.15406081331104,26.84593918668896,True,Low Excess
2023-06-01,Store001,SKU001,19,139.17399586824098,-120.17399586824098,False,Normal
2023-06-01,Store001,SKU002,65,90.26243867926053,-25.262438679260526,False,Normal
2023-06-01,Store001,SKU003,51,50.4880304896628,0.5119695103372024,True,Low Excess
2023-06-01,Store002,SKU001,71,127.55516881893084,-56.55516881893084,False,Normal
2023-06-01,Store002,SKU002,74,88.8786761516734,-14.878676151673403,False,Normal
2023-06-01,Store002,SKU003,76,44.25616347064442,31.743836529355583,True,Low Excess
2023-06-01,Store003,SKU001,63,165.9567860545019,-102.95678605450189,False,Normal
2023-06-01,Store003,SKU002,64,90.72603956166483,-26.726039561664834,False,Normal
2023-06-01,Store003,SKU003,92,51.08263224188248,40.91736775811752,True,Low Excess
2023-06-02,Store001,SKU001,67,140.67399586824098,-73.67399586824098,False,Normal
2023-06-02,Store001,SKU002,86,108.47672439354622,-22.47672439354622,False,Normal
2023-06-02,Store001,SKU003,86,49.845173346805666,36.154826653194334,True,Low Excess
2023-06-02,Store002,SKU001,28,120.05516881893084,-92.05516881893084,False,Normal
2023-06-02,Store002,SKU002,19,89.95010472310199,-70.95010472310199,False,Normal
2023-06-02,Store002,SKU003,87,46.18473489921584,40.81526510078416,True,Low Excess
2023-06-02,Store003,SKU001,51,162.9567860545019,-111.95678605450189,False,Normal
2023-06-02,Store003,SKU002,92,90.72603956166483,1.2739604383351661,True,Low Excess
2023-06-02,Store003,SKU003,83,50.43977509902533,32.56022490097467,True,Low Excess
2023-06-03,Store001,SKU001,45,136.17399586824098,-91.17399586824098,False,Normal
2023-06-03,Store001,SKU002,79,114.90529582211767,-35.905295822117665,False,Normal
2023-06-03,Store001,SKU003,86,47.2737447753771,38.7262552246229,True,Low Excess
2023-06-03,Store002,SKU001,36,144.05516881893084,-108.05516881893084,False,Normal
2023-06-03,Store002,SKU002,52,89.95010472310199,-37.95010472310199,False,Normal
2023-06-03,Store002,SKU003,75,45.5418777563587,29.4581222436413,True,Low Excess
2023-06-03,Store003,SKU001,84,173.4567860545019,-89.45678605450189,False,Normal
2023-06-03,Store003,SKU002,24,89.65461099023626,-65.65461099023626,False,Normal
2023-06-03,Store003,SKU003,49,58.79691795616819,-9.796917956168187,False,Normal
2023-06-04,Store001,SKU001,70,134.67399586824098,-64.67399586824098,False,Normal
2023-06-04,Store001,SKU002,49,120.26243867926051,-71.26243867926051,False,Normal
2023-06-04,Store001,SKU003,30,49.20231620394853,-19.202316203948527,False,Normal
2023-06-04,Store002,SKU001,75,153.05516881893084,-78.05516881893084,False,Normal
2023-06-04,Store002,SKU002,52,98.52153329453054,-46.52153329453054,False,Normal
2023-06-04,Store002,SKU003,96,57.113306327787285,38.886693672212715,True,Low Excess
2023-06-04,Store003,SKU001,33,165.9567860545019,-132.9567860545019,False,Normal
2023-06-04,Store003,SKU002,27,92.86889670452197,-65.86889670452197,False,Normal
2023-06-04,Store003,SKU003,97,54.29691795616819,42.70308204383181,True,Low Excess
2023-06-05,Store001,SKU001,38,127.17399586824097,-89.17399586824097,False,Normal
2023-06-05,Store001,SKU002,25,122.40529582211767,-97.40529582211767,False,Normal
2023-06-05,Store001,SKU003,12,49.845173346805666,-37.845173346805666,False,Normal
2023-06-05,Store002,SKU001,77,159.05516881893084,-82.05516881893084,False,Normal
2023-06-05,Store002,SKU002,92,108.16439043738768,-16.16439043738768,False,Normal
2023-06-05,Store002,SKU003,67,63.5418777563587,3.4581222436412986,True,Low Excess
2023-06-05,Store003,SKU001,13,191.4567860545019,-178.4567860545019,False,Normal
2023-06-05,Store003,SKU002,36,98.22603956166483,-62.226039561664834,False,Normal
2023-06-05,Store003,SKU003,30,51.08263224188248,-21.08263224188248,False,Normal
2023-06-06,Store001,SKU001,64,148.17399586824098,-84.17399586824098,False,Normal
2023-06-06,Store001,SKU002,50,128.83386725068908,-78.83386725068908,False,Normal
2023-06-06,Store001,SKU003,80,54.34517334680565,25.65482665319435,True,Low Excess
2023-06-06,Store002,SKU001,69,165.05516881893084,-96.05516881893084,False,Normal
2023-06-06,Store002,SKU002,58,101.73581900881625,-43.73581900881625,False,Normal
2023-06-06,Store002,SKU003,31,66.75616347064441,-35.75616347064441,False,Normal
2023-06-06,Store003,SKU001,42,219.9567860545019,-177.9567860545019,False,Normal
2023-06-06,Store003,SKU002,48,93.94032527595056,-45.940325275950556,False,Normal
2023-06-06,Store003,SKU003,12,51.725489384739625,-39.725489384739625,False,Normal
2023-06-07,Store001,SKU001,92,124.17399586824097,-32.173995868240965,False,Normal
2023-06-07,Store001,SKU002,72,136.33386725068908,-64.33386725068908,False,Normal
2023-06-07,Store001,SKU003,59,50.4880304896628,8.511969510337202,True,Low Excess
2023-06-07,Store002,SKU001,31,159.05516881893084,-128.05516881893084,False,Normal
2023-06-07,Store002,SKU002,34,96.3786761516734,-62.3786761516734,False,Normal
2023-06-07,Store002,SKU003,74,77.0418777563587,-3.0418777563587014,False,Normal
2023-06-07,Store003,SKU001,22,210.9567860545019,-188.9567860545019,False,Normal
2023-06-07,Store003,SKU002,72,99.29746813309339,-27.29746813309339,False,Normal
2023-06-07,Store003,SKU003,58,50.43977509902533,7.560224900974667,True,Low Excess
2023-06-08,Store001,SKU001,64,139.17399586824098,-75.17399586824098,False,Normal
2023-06-08,Store001,SKU002,50,139.54815296497478,-89.54815296497478,False,Normal
2023-06-08,Store001,SKU003,27,54.988030489662805,-27.988030489662805,False,Normal
2023-06-08,Store002,SKU001,29,172.55516881893084,-143.55516881893084,False,Normal
2023-06-08,Store002,SKU002,67,99.5929618659591,-32.5929618659591,False,Normal
2023-06-08,Store002,SKU003,48,82.18473489921584,-34.18473489921584,False,Normal
2023-06-08,Store003,SKU001,49,209.4567860545019,-160.4567860545019,False,Normal
2023-06-08,Store003,SKU002,26,106.79746813309339,-80.79746813309339,False,Normal
2023-06-08,Store003,SKU003,20,57.51120367045391,-37.51120367045391,False,Normal
2023-06-09,Store001,SKU001,55,140.67399586824098,-85.67399586824098,False,Normal
2023-06-09,Store001,SKU002,63,123.47672439354622,-60.47672439354622,False,Normal
2023-06-09,Store001,SKU003,12,51.13088763251994,-39.13088763251994,False,Normal
2023-06-09,Store002,SKU001,27,162.05516881893084,-135.05516881893084,False,Normal
2023-06-09,Store002,SKU002,53,102.80724758024482,-49.80724758024482,False,Normal
2023-06-09,Store002,SKU003,51,87.327592042073,-36.32759204207299,False,Normal
2023-06-09,Store003,SKU001,76,206.4567860545019,-130.4567860545019,False,Normal
2023-06-09,Store003,SKU002,15,99.29746813309339,-84.29746813309339,False,Normal
2023-06-09,Store003,SKU003,80,63.93977509902533,16.060224900974667,True,Low Excess
2023-06-10,Store001,SKU001,80,145.17399586824098,-65.17399586824098,False,Normal
2023-06-10,Store001,SKU002,24,122.40529582211767,-98.40529582211767,False,Normal
2023-06-10,Store001,SKU003,43,51.77374477537709,-8.77374477537709,False,Normal
2023-06-10,Store002,SKU001,28,154.55516881893084,-126.55516881893084,False,Normal
2023-06-10,Store002,SKU002,62,110.30724758024482,-48.30724758024482,False,Normal
2023-06-10,Store002,SKU003,83,89.25616347064441,-6.25616347064441,False,Normal
2023-06-10,Store003,SKU001,23,215.4567860545019,-192.4567860545019,False,Normal
2023-06-10,Store003,SKU002,17,98.22603956166483,-81.22603956166483,False,Normal
2023-06-10,Store003,SKU003,45,63.93977509902533,-18.939775099025333,False,Normal
2023-06-11,Store001,SKU001,61,146.67399586824098,-85.67399586824098,False,Normal
2023-06-11,Store001,SKU002,58,124.5481529649748,-66.5481529649748,False,Normal
2023-06-11,Store001,SKU003,53,53.05945906109138,-0.059459061091381216,False,Normal
2023-06-11,Store002,SKU001,86,183.05516881893084,-97.05516881893084,False,Normal
2023-06-11,Store002,SKU002,61,92.0929618659591,-31.092961865959097,False,Normal
2023-06-11,Store002,SKU003,11,78.97044918493015,-67.97044918493015,False,Normal
2023-06-11,Store003,SKU001,51,215.4567860545019,-164.4567860545019,False,Normal
2023-06-11,Store003,SKU002,70,98.22603956166483,-28.226039561664834,False,Normal
2023-06-11,Store003,SKU003,31,65.86834652759676,-34.868346527596756,False,Normal
2023-06-12,Store001,SKU001,98,143.67399586824098,-45.67399586824098,False,Normal
2023-06-12,Store001,SKU002,21,126.69101010783194,-105.69101010783194,False,Normal
2023-06-12,Store001,SKU003,12,59.488030489662805,-47.488030489662805,False,Normal
2023-06-12,Store002,SKU001,85,186.05516881893084,-101.05516881893084,False,Normal
2023-06-12,Store002,SKU002,81,81.3786761516734,-0.3786761516734032,False,Normal
2023-06-12,Store002,SKU003,47,78.327592042073,-31.327592042072993,False,Normal
2023-06-12,Store003,SKU001,20,188.4567860545019,-168.4567860545019,False,Normal
2023-06-12,Store003,SKU002,17,103.58318241880768,-86.58318241880768,False,Normal
2023-06-12,Store003,SKU003,42,71.65406081331105,-29.654060813311048,False,Normal
2023-06-13,Store001,SKU001,72,127.17399586824097,-55.173995868240965,False,Normal
2023-06-13,Store001,SKU002,51,128.83386725068908,-77.83386725068908,False,Normal
2023-06-13,Store001,SKU003,95,58.84517334680565,36.15482665319435,True,Low Excess
2023-06-13,Store002,SKU001,70,196.55516881893084,-126.55516881893084,False,Normal
2023-06-13,Store002,SKU002,75,93.16439043738768,-18.16439043738768,False,Normal
2023-06-13,Store002,SKU003,24,73.18473489921584,-49.18473489921584,False,Normal
2023-06-13,Store003,SKU001,20,177.9567860545019,-157.9567860545019,False,Normal
2023-06-13,Store003,SKU002,61,101.44032527595056,-40.440325275950556,False,Normal
2023-06-13,Store003,SKU003,44,72.93977509902533,-28.939775099025326,False,Normal
2023-06-14,Store001,SKU001,35,158.67399586824098,-123.67399586824098,False,Normal
2023-06-14,Store001,SKU002,55,121.3338672506891,-66.3338672506891,False,Normal
2023-06-14,Store001,SKU003,76,59.488030489662805,16.511969510337195,True,Low Excess
2023-06-14,Store002,SKU001,25,201.05516881893084,-176.05516881893084,False,Normal
2023-06-14,Store002,SKU002,44,91.02153329453054,-47.02153329453054,False,Normal
2023-06-14,Store002,SKU003,99,68.0418777563587,30.9581222436413,True,Low Excess
2023-06-14,Store003,SKU001,38,173.4567860545019,-135.4567860545019,False,Normal
2023-06-14,Store003,SKU002,95,88.58318241880768,6.416817581192319,True,Low Excess
2023-06-14,Store003,SKU003,33,76.79691795616819,-43.79691795616819,False,Normal
2023-06-15,Store001,SKU001,87,152.67399586824098,-65.67399586824098,False,Normal
2023-06-15,Store001,SKU002,19,113.8338672506891,-94.8338672506891,False,Normal
2023-06-15,Store001,SKU003,73,68.4880304896628,4.511969510337195,True,Low Excess
2023-06-15,Store002,SKU001,27,180.05516881893084,-153.05516881893084,False,Normal
2023-06-15,Store002,SKU002,48,88.8786761516734,-40.8786761516734,False,Normal
2023-06-15,Store002,SKU003,32,62.899020613501555,-30.899020613501555,False,Normal
2023-06-15,Store003,SKU001,97,176.4567860545019,-79.45678605450189,False,Normal
2023-06-15,Store003,SKU002,53,95.01175384737911,-42.01175384737911,False,Normal
2023-06-15,Store003,SKU003,56,77.43977509902533,-21.439775099025326,False,Normal
2023-06-16,Store001,SKU001,79,155.67399586824098,-76.67399586824098,False,Normal
2023-06-16,Store001,SKU002,64,118.11958153640336,-54.11958153640336,False,Normal
2023-06-16,Store001,SKU003,20,68.4880304896628,-48.488030489662805,False,Normal
2023-06-16,Store002,SKU001,79,187.55516881893084,-108.55516881893084,False,Normal
2023-06-16,Store002,SKU002,53,89.95010472310199,-36.95010472310199,False,Normal
2023-06-16,Store002,SKU003,46,59.68473489921585,-13.684734899215847,False,Normal
2023-06-16,Store003,SKU001,82,177.9567860545019,-95.95678605450189,False,Normal
2023-06-16,Store003,SKU002,49,106.79746813309339,-57.79746813309339,False,Normal
2023-06-16,Store003,SKU003,43,75.51120367045391,-32.51120367045391,False,Normal
2023-06-17,Store001,SKU001,82,154.17399586824098,-72.17399586824098,False,Normal
2023-06-17,Store001,SKU002,75,109.5481529649748,-34.548152964974804,False,Normal
2023-06-17,Store001,SKU003,84,68.4880304896628,15.511969510337195,True,Low Excess
2023-06-17,Store002,SKU001,17,175.55516881893084,-158.55516881893084,False,Normal
2023-06-17,Store002,SKU002,77,87.80724758024482,-10.80724758024482,False,Normal
2023-06-17,Store002,SKU003,18,53.899020613501555,-35.899020613501555,False,Normal
2023-06-17,Store003,SKU001,39,168.9567860545019,-129.9567860545019,False,Normal
2023-06-17,Store003,SKU002,82,101.44032527595056,-19.440325275950556,False,Normal
2023-06-17,Store003,SKU003,84,70.36834652759676,13.631653472403244,True,Low Excess
2023-06-18,Store001,SKU001,27,146.67399586824098,-119.67399586824098,False,Normal
2023-06-18,Store001,SKU002,14,105.26243867926051,-91.26243867926051,False,Normal
2023-06-18,Store001,SKU003,88,63.34517334680565,24.65482665319435,True,Low Excess
2023-06-18,Store002,SKU001,97,144.05516881893084,-47.05516881893084,False,Normal
2023-06-18,Store002,SKU002,72,97.45010472310199,-25.450104723101987,False,Normal
2023-06-18,Store002,SKU003,15,59.0418777563587,-44.0418777563587,False,Normal
2023-06-18,Store003,SKU001,47,176.4567860545019,-129.4567860545019,False,Normal
2023-06-18,Store003,SKU002,86,106.79746813309339,-20.79746813309339,False,Normal
2023-06-18,Store003,SKU003,76,73.58263224188248,2.4173677581175212,True,Low Excess
2023-06-19,Store001,SKU001,20,163.17399586824098,-143.17399586824098,False,Normal
2023-06-19,Store001,SKU002,41,95.61958153640339,-54.61958153640339,False,Normal
2023-06-19,Store001,SKU003,75,53.70231620394853,21.297683796051473,True,Low Excess
2023-06-19,Store002,SKU001,44,139.55516881893084,-95.55516881893084,False,Normal
2023-06-19,Store002,SKU002,48,98.52153329453054,-50.52153329453054,False,Normal
2023-06-19,Store002,SKU003,72,55.82759204207299,16.172407957927007,True,Low Excess
2023-06-19,Store003,SKU001,39,179.4567860545019,-140.4567860545019,False,Normal
2023-06-19,Store003,SKU002,15,98.22603956166483,-83.22603956166483,False,Normal
2023-06-19,Store003,SKU003,25,75.51120367045391,-50.51120367045391,False,Normal
2023-06-20,Store001,SKU001,92,169.17399586824098,-77.17399586824098,False,Normal
2023-06-20,Store001,SKU002,83,102.0481529649748,-19.048152964974804,False,Normal
2023-06-20,Store001,SKU003,42,51.77374477537709,-9.77374477537709,False,Normal
2023-06-20,Store002,SKU001,39,138.05516881893084,-99.05516881893084,False,Normal
2023-06-20,Store002,SKU002,65,94.23581900881625,-29.23581900881625,False,Normal
2023-06-20,Store002,SKU003,96,61.613306327787285,34.386693672212715,True,Low Excess
2023-06-20,Store003,SKU001,45,180.9567860545019,-135.9567860545019,False,Normal
2023-06-20,Store003,SKU002,49,106.79746813309339,-57.79746813309339,False,Normal
2023-06-20,Store003,SKU003,29,74.22548938473963,-45.22548938473963,False,Normal
2023-06-21,Store001,SKU001,39,152.67399586824098,-113.67399586824098,False,Normal
2023-06-21,Store001,SKU002,60,99.90529582211767,-39.905295822117665,False,Normal
2023-06-21,Store001,SKU003,66,54.34517334680565,11.654826653194348,True,Low Excess
2023-06-21,Store002,SKU001,29,159.05516881893084,-130.05516881893084,False,Normal
2023-06-21,Store002,SKU002,26,101.73581900881625,-75.73581900881625,False,Normal
2023-06-21,Store002,SKU003,21,60.97044918493013,-39.97044918493013,False,Normal
2023-06-21,Store003,SKU001,27,194.4567860545019,-167.4567860545019,False,Normal
2023-06-21,Store003,SKU002,30,114.29746813309339,-84.29746813309339,False,Normal
2023-06-21,Store003,SKU003,44,72.29691795616819,-28.296917956168187,False,Normal
2023-06-22,Store001,SKU001,85,161.67399586824098,-76.67399586824098,False,Normal
2023-06-22,Store001,SKU002,57,99.90529582211767,-42.905295822117665,False,Normal
2023-06-22,Store001,SKU003,55,44.059459061091374,10.940540938908626,True,Low Excess
2023-06-22,Store002,SKU001,64,180.05516881893084,-116.05516881893084,False,Normal
2023-06-22,Store002,SKU002,75,102.80724758024482,-27.80724758024482,False,Normal
2023-06-22,Store002,SKU003,86,64.18473489921584,21.81526510078416,True,Low Excess
2023-06-22,Store003,SKU001,39,189.9567860545019,-150.9567860545019,False,Normal
2023-06-22,Store003,SKU002,48,108.94032527595056,-60.940325275950556,False,Normal
2023-06-22,Store003,SKU003,34,63.29691795616819,-29.296917956168187,False,Normal
2023-06-23,Store001,SKU001,92,170.67399586824098,-78.67399586824098,False,Normal
2023-06-23,Store001,SKU002,52,91.33386725068911,-39.33386725068911,False,Normal
2023-06-23,Store001,SKU003,25,42.7737447753771,-17.773744775377097,False,Normal
2023-06-23,Store002,SKU001,27,184.55516881893084,-157.55516881893084,False,Normal
2023-06-23,Store002,SKU002,74,97.45010472310199,-23.450104723101987,False,Normal
2023-06-23,Store002,SKU003,57,68.0418777563587,-11.041877756358701,False,Normal
2023-06-23,Store003,SKU001,87,183.9567860545019,-96.95678605450189,False,Normal
2023-06-23,Store003,SKU002,99,102.51175384737911,-3.5117538473791114,False,Normal
2023-06-23,Store003,SKU003,85,58.79691795616819,26.203082043831813,True,Low Excess
2023-06-24,Store001,SKU001,30,167.67399586824098,-137.67399586824098,False,Normal
2023-06-24,Store001,SKU002,94,87.04815296497482,6.951847035025182,True,Low Excess
2023-06-24,Store001,SKU003,32,50.4880304896628,-18.488030489662798,False,Normal
2023-06-24,Store002,SKU001,56,186.05516881893084,-130.05516881893084,False,Normal
2023-06-24,Store002,SKU002,75,92.0929618659591,-17.092961865959097,False,Normal
2023-06-24,Store002,SKU003,73,71.25616347064441,1.7438365293555904,True,Low Excess
2023-06-24,Store003,SKU001,14,171.9567860545019,-157.9567860545019,False,Normal
2023-06-24,Store003,SKU002,24,102.51175384737911,-78.51175384737911,False,Normal
2023-06-24,Store003,SKU003,58,62.65406081331104,-4.654060813311041,False,Normal
2023-06-25,Store001,SKU001,83,164.67399586824098,-81.67399586824098,False,Normal
2023-06-25,Store001,SKU002,35,87.04815296497482,-52.04815296497482,False,Normal
2023-06-25,Store001,SKU003,62,50.4880304896628,11.511969510337202,True,Low Excess
2023-06-25,Store002,SKU001,45,183.05516881893084,-138.05516881893084,False,Normal
2023-06-25,Store002,SKU002,33,95.30724758024482,-62.30724758024482,False,Normal
2023-06-25,Store002,SKU003,88,64.827592042073,23.172407957927007,True,Low Excess
2023-06-25,Store003,SKU001,58,164.4567860545019,-106.45678605450189,False,Normal
2023-06-25,Store003,SKU002,55,91.79746813309339,-36.79746813309339,False,Normal
2023-06-25,Store003,SKU003,60,56.868346527596756,3.1316534724032437,True,Low Excess
2023-06-26,Store001,SKU001,72,148.17399586824098,-76.17399586824098,False,Normal
2023-06-26,Store001,SKU002,43,103.11958153640339,-60.11958153640339,False,Normal
2023-06-26,Store001,SKU003,64,62.05945906109138,1.9405409389086188,True,Low Excess
2023-06-26,Store002,SKU001,81,160.55516881893084,-79.55516881893084,False,Normal
2023-06-26,Store002,SKU002,70,88.8786761516734,-18.878676151673403,False,Normal
2023-06-26,Store002,SKU003,16,61.613306327787285,-45.613306327787285,False,Normal
2023-06-26,Store003,SKU001,26,159.9567860545019,-133.9567860545019,False,Normal
2023-06-26,Store003,SKU002,95,102.51175384737911,-7.5117538473791114,False,Normal
2023-06-26,Store003,SKU003,87,56.225489384739625,30.774510615260375,True,Low Excess
2023-06-27,Store001,SKU001,27,143.67399586824098,-116.67399586824098,False,Normal
2023-06-27,Store001,SKU002,69,98.8338672506891,-29.833867250689096,False,Normal
2023-06-27,Store001,SKU003,27,65.91660191823424,-38.916601918234235,False,Normal
2023-06-27,Store002,SKU001,48,157.55516881893084,-109.55516881893084,False,Normal
2023-06-27,Store002,SKU002,34,85.66439043738768,-51.66439043738768,False,Normal
2023-06-27,Store002,SKU003,16,59.68473489921585,-43.68473489921585,False,Normal
2023-06-27,Store003,SKU001,27,143.4567860545019,-116.45678605450189,False,Normal
2023-06-27,Store003,SKU002,48,108.94032527595056,-60.940325275950556,False,Normal
2023-06-27,Store003,SKU003,85,62.01120367045391,22.98879632954609,True,Low Excess
2023-06-28,Store001,SKU001,78,155.67399586824098,-77.67399586824098,False,Normal
2023-06-28,Store001,SKU002,50,93.47672439354623,-43.476724393546235,False,Normal
2023-06-28,Store001,SKU003,16,65.27374477537708,-49.27374477537708,False,Normal
2023-06-28,Store002,SKU001,31,141.05516881893084,-110.05516881893084,False,Normal
2023-06-28,Store002,SKU002,89,88.8786761516734,0.12132384832659682,True,Low Excess
2023-06-28,Store002,SKU003,93,59.68473489921585,33.31526510078415,True,Low Excess
2023-06-28,Store003,SKU001,65,158.4567860545019,-93.45678605450189,False,Normal
2023-06-28,Store003,SKU002,61,114.29746813309339,-53.29746813309339,False,Normal
2023-06-28,Store003,SKU003,54,66.51120367045391,-12.51120367045391,False,Normal
2023-06-29,Store001,SKU001,95,151.17399586824098,-56.17399586824098,False,Normal
2023-06-29,Store001,SKU002,75,95.61958153640339,-20.619581536403388,False,Normal
2023-06-29,Store001,SKU003,75,61.416601918234235,13.583398081765765,True,Low Excess
2023-06-29,Store002,SKU001,96,135.05516881893084,-39.05516881893084,False,Normal
2023-06-29,Store002,SKU002,40,83.52153329453054,-43.52153329453054,False,Normal
2023-06-29,Store002,SKU003,53,60.97044918493013,-7.970449184930132,False,Normal
2023-06-29,Store003,SKU001,74,170.4567860545019,-96.45678605450189,False,Normal
2023-06-29,Store003,SKU002,62,111.08318241880768,-49.08318241880768,False,Normal
2023-06-29,Store003,SKU003,88,67.15406081331105,20.845939186688952,True,Low Excess
2023-06-30,Store001,SKU001,12,155.67399586824098,-143.67399586824098,False,Normal
2023-06-30,Store001,SKU002,88,105.26243867926051,-17.262438679260512,False,Normal
2023-06-30,Store001,SKU003,13,60.13088763251994,-47.13088763251994,False,Normal
2023-06-30,Store002,SKU001,57,130.55516881893084,-73.55516881893084,False,Normal
2023-06-30,Store002,SKU002,66,94.23581900881625,-28.23581900881625,False,Normal
2023-06-30,Store002,SKU003,28,54.5418777563587,-26.5418777563587,False,Normal
2023-06-30,Store003,SKU001,75,186.9567860545019,-111.95678605450189,False,Normal
2023-06-30,Store003,SKU002,63,116.44032527595053,-53.44032527595053,False,Normal
2023-06-30,Store003,SKU003,58,72.93977509902533,-14.939775099025326,False,Normal
2023-07-01,Store001,SKU001,95,160.17399586824098,-65.17399586824098,False,Normal
2023-07-01,Store001,SKU002,53,102.0481529649748,-49.048152964974804,False,Normal
2023-07-01,Store001,SKU003,24,62.70231620394853,-38.70231620394853,False,Normal
2023-07-01,Store002,SKU001,79,144.05516881893084,-65.05516881893084,False,Normal
2023-07-01,Store002,SKU002,68,101.73581900881625,-33.73581900881625,False,Normal
2023-07-01,Store002,SKU003,51,56.47044918493013,-5.470449184930132,False,Normal
2023-07-01,Store003,SKU001,35,186.9567860545019,-151.9567860545019,False,Normal
2023-07-01,Store003,SKU002,73,118.58318241880768,-45.58318241880768,False,Normal
2023-07-01,Store003,SKU003,46,67.15406081331105,-21.154060813311048,False,Normal
2023-07-02,Store001,SKU001,95,178.17399586824098,-83.17399586824098,False,Normal
2023-07-02,Store001,SKU002,91,109.5481529649748,-18.548152964974804,False,Normal
2023-07-02,Store001,SKU003,41,70.41660191823424,-29.416601918234235,False,Normal
2023-07-02,Store002,SKU001,33,160.55516881893084,-127.55516881893084,False,Normal
2023-07-02,Store002,SKU002,91,98.52153329453054,-7.521533294530542,False,Normal
2023-07-02,Store002,SKU003,41,59.68473489921585,-18.684734899215847,False,Normal
2023-07-02,Store003,SKU001,64,179.4567860545019,-115.45678605450189,False,Normal
2023-07-02,Store003,SKU002,68,121.79746813309339,-53.79746813309339,False,Normal
2023-07-02,Store003,SKU003,84,69.72548938473963,14.274510615260368,True,Low Excess
2023-07-03,Store001,SKU001,65,194.67399586824098,-129.67399586824098,False,Normal
2023-07-03,Store001,SKU002,71,97.76243867926051,-26.762438679260512,False,Normal
2023-07-03,Store001,SKU003,18,65.27374477537708,-47.27374477537708,False,Normal
2023-07-03,Store002,SKU001,86,178.55516881893084,-92.55516881893084,False,Normal
2023-07-03,Store002,SKU002,57,93.16439043738768,-36.16439043738768,False,Normal
2023-07-03,Store002,SKU003,46,62.25616347064441,-16.25616347064441,False,Normal
2023-07-03,Store003,SKU001,19,201.9567860545019,-182.9567860545019,False,Normal
2023-07-03,Store003,SKU002,19,116.44032527595053,-97.44032527595053,False,Normal
2023-07-03,Store003,SKU003,51,69.72548938473963,-18.72548938473963,False,Normal
2023-07-04,Store001,SKU001,25,199.17399586824098,-174.17399586824098,False,Normal
2023-07-04,Store001,SKU002,10,85.97672439354623,-75.97672439354623,False,Normal
2023-07-04,Store001,SKU003,73,62.70231620394853,10.297683796051473,True,Low Excess
2023-07-04,Store002,SKU001,29,184.55516881893084,-155.55516881893084,False,Normal
2023-07-04,Store002,SKU002,66,111.3786761516734,-45.3786761516734,False,Normal
2023-07-04,Store002,SKU003,92,57.113306327787285,34.886693672212715,True,Low Excess
2023-07-04,Store003,SKU001,18,207.9567860545019,-189.9567860545019,False,Normal
2023-07-04,Store003,SKU002,99,115.36889670452197,-16.368896704521973,False,Normal
2023-07-04,Store003,SKU003,68,64.58263224188248,3.4173677581175212,True,Low Excess
2023-07-05,Store001,SKU001,93,197.67399586824098,-104.67399586824098,False,Normal
2023-07-05,Store001,SKU002,61,89.19101010783194,-28.191010107831943,False,Normal
2023-07-05,Store001,SKU003,42,65.91660191823424,-23.916601918234235,False,Normal
2023-07-05,Store002,SKU001,81,190.55516881893084,-109.55516881893084,False,Normal
2023-07-05,Store002,SKU002,54,103.8786761516734,-49.8786761516734,False,Normal
2023-07-05,Store002,SKU003,89,57.75616347064441,31.24383652935559,True,Low Excess
2023-07-05,Store003,SKU001,44,183.9567860545019,-139.9567860545019,False,Normal
2023-07-05,Store003,SKU002,22,102.51175384737911,-80.51175384737911,False,Normal
2023-07-05,Store003,SKU003,66,62.65406081331104,3.345939186688959,True,Low Excess
2023-07-06,Store001,SKU001,17,206.67399586824098,-189.67399586824098,False,Normal
2023-07-06,Store001,SKU002,38,85.97672439354623,-47.976724393546235,False,Normal
2023-07-06,Store001,SKU003,34,66.55945906109139,-32.55945906109139,False,Normal
2023-07-06,Store002,SKU001,83,178.55516881893084,-95.55516881893084,False,Normal
2023-07-06,Store002,SKU002,59,114.5929618659591,-55.5929618659591,False,Normal
2023-07-06,Store002,SKU003,33,53.25616347064441,-20.25616347064441,False,Normal
2023-07-06,Store003,SKU001,20,162.9567860545019,-142.9567860545019,False,Normal
2023-07-06,Store003,SKU002,51,99.29746813309339,-48.29746813309339,False,Normal
2023-07-06,Store003,SKU003,69,62.65406081331104,6.345939186688959,True,Low Excess
2023-07-07,Store001,SKU001,80,187.17399586824098,-107.17399586824098,False,Normal
2023-07-07,Store001,SKU002,42,78.47672439354623,-36.476724393546235,False,Normal
2023-07-07,Store001,SKU003,81,67.84517334680565,13.154826653194348,True,Low Excess
2023-07-07,Store002,SKU001,57,166.55516881893084,-109.55516881893084,False,Normal
2023-07-07,Store002,SKU002,78,104.95010472310199,-26.950104723101987,False,Normal
2023-07-07,Store002,SKU003,62,54.5418777563587,7.458122243641299,True,Low Excess
2023-07-07,Store003,SKU001,44,135.9567860545019,-91.95678605450189,False,Normal
2023-07-07,Store003,SKU002,24,97.15461099023626,-73.15461099023626,False,Normal
2023-07-07,Store003,SKU003,24,56.868346527596756,-32.868346527596756,False,Normal
2023-07-08,Store001,SKU001,24,182.67399586824098,-158.67399586824098,False,Normal
2023-07-08,Store001,SKU002,81,82.76243867926053,-1.7624386792605264,False,Normal
2023-07-08,Store001,SKU003,93,64.63088763251994,28.369112367480056,True,Low Excess
2023-07-08,Store002,SKU001,82,156.05516881893084,-74.05516881893084,False,Normal
2023-07-08,Store002,SKU002,23,106.02153329453054,-83.02153329453054,False,Normal
2023-07-08,Store002,SKU003,63,50.68473489921585,12.315265100784153,True,Low Excess
2023-07-08,Store003,SKU001,57,159.9567860545019,-102.95678605450189,False,Normal
2023-07-08,Store003,SKU002,91,90.72603956166483,0.27396043833516615,True,Low Excess
2023-07-08,Store003,SKU003,63,65.22548938473963,-2.2254893847396318,False,Normal
2023-07-09,Store001,SKU001,21,161.67399586824098,-140.67399586824098,False,Normal
2023-07-09,Store001,SKU002,81,81.69101010783194,-0.6910101078319428,False,Normal
2023-07-09,Store001,SKU003,16,63.34517334680565,-47.34517334680565,False,Normal
2023-07-09,Store002,SKU001,60,130.55516881893084,-70.55516881893084,False,Normal
2023-07-09,Store002,SKU002,49,97.45010472310199,-48.45010472310199,False,Normal
2023-07-09,Store002,SKU003,53,50.0418777563587,2.9581222436412986,True,Low Excess
2023-07-09,Store003,SKU001,20,168.9567860545019,-148.9567860545019,False,Normal
2023-07-09,Store003,SKU002,39,90.72603956166483,-51.726039561664834,False,Normal
2023-07-09,Store003,SKU003,92,63.93977509902533,28.060224900974667,True,Low Excess
2023-07-10,Store001,SKU001,36,149.67399586824098,-113.67399586824098,False,Normal
2023-07-10,Store001,SKU002,29,78.47672439354623,-49.476724393546235,False,Normal
2023-07-10,Store001,SKU003,50,62.05945906109138,-12.059459061091381,False,Normal
2023-07-10,Store002,SKU001,40,154.55516881893084,-114.55516881893084,False,Normal
2023-07-10,Store002,SKU002,10,114.5929618659591,-104.5929618659591,False,Normal
2023-07-10,Store002,SKU003,36,53.25616347064441,-17.25616347064441,False,Normal
2023-07-10,Store003,SKU001,65,144.9567860545019,-79.95678605450189,False,Normal
2023-07-10,Store003,SKU002,66,91.79746813309339,-25.79746813309339,False,Normal
2023-07-10,Store003,SKU003,34,59.43977509902533,-25.439775099025333,False,Normal
2023-07-11,Store001,SKU001,37,151.17399586824098,-114.17399586824098,False,Normal
2023-07-11,Store001,SKU002,34,79.54815296497482,-45.54815296497482,False,Normal
2023-07-11,Store001,SKU003,94,60.77374477537709,33.22625522462291,True,Low Excess
2023-07-11,Store002,SKU001,90,150.05516881893084,-60.05516881893084,False,Normal
2023-07-11,Store002,SKU002,89,106.02153329453054,-17.021533294530542,False,Normal
2023-07-11,Store002,SKU003,96,55.82759204207299,40.17240795792701,True,Low Excess
2023-07-11,Store003,SKU001,52,140.4567860545019,-88.45678605450189,False,Normal
2023-07-11,Store003,SKU002,54,90.72603956166483,-36.726039561664834,False,Normal
2023-07-11,Store003,SKU003,96,57.51120367045391,38.48879632954609,True,Low Excess
2023-07-12,Store001,SKU001,58,140.67399586824098,-82.67399586824098,False,Normal
2023-07-12,Store001,SKU002,33,80.61958153640339,-47.61958153640339,False,Normal
2023-07-12,Store001,SKU003,50,53.05945906109138,-3.059459061091381,False,Normal
2023-07-12,Store002,SKU001,72,139.55516881893084,-67.55516881893084,False,Normal
2023-07-12,Store002,SKU002,16,114.5929618659591,-98.5929618659591,False,Normal
2023-07-12,Store002,SKU003,21,53.899020613501555,-32.899020613501555,False,Normal
2023-07-12,Store003,SKU001,17,146.4567860545019,-129.4567860545019,False,Normal
2023-07-12,Store003,SKU002,43,99.29746813309339,-56.29746813309339,False,Normal
2023-07-12,Store003,SKU003,21,56.225489384739625,-35.225489384739625,False,Normal
2023-07-13,Store001,SKU001,13,118.17399586824097,-105.17399586824097,False,Normal
2023-07-13,Store001,SKU002,93,80.61958153640339,12.380418463596612,True,Low Excess
2023-07-13,Store001,SKU003,74,52.416601918234235,21.583398081765765,True,Low Excess
2023-07-13,Store002,SKU001,85,150.05516881893084,-65.05516881893084,False,Normal
2023-07-13,Store002,SKU002,11,101.73581900881625,-90.73581900881625,False,Normal
2023-07-13,Store002,SKU003,54,56.47044918493013,-2.470449184930132,False,Normal
2023-07-13,Store003,SKU001,30,150.9567860545019,-120.95678605450189,False,Normal
2023-07-13,Store003,SKU002,49,112.15461099023626,-63.154610990236264,False,Normal
2023-07-13,Store003,SKU003,99,56.868346527596756,42.131653472403244,True,Low Excess
2023-07-14,Store001,SKU001,85,131.67399586824098,-46.67399586824098,False,Normal
2023-07-14,Store001,SKU002,35,84.90529582211767,-49.905295822117665,False,Normal
2023-07-14,Store001,SKU003,99,51.13088763251994,47.86911236748006,True,Low Excess
2023-07-14,Store002,SKU001,69,157.55516881893084,-88.55516881893084,False,Normal
2023-07-14,Store002,SKU002,80,101.73581900881625,-21.73581900881625,False,Normal
2023-07-14,Store002,SKU003,15,58.399020613501555,-43.399020613501555,False,Normal
2023-07-14,Store003,SKU001,92,158.4567860545019,-66.45678605450189,False,Normal
2023-07-14,Store003,SKU002,71,114.29746813309339,-43.29746813309339,False,Normal
2023-07-14,Store003,SKU003,50,60.725489384739625,-10.725489384739625,False,Normal
2023-07-15,Store001,SKU001,65,151.17399586824098,-86.17399586824098,False,Normal
2023-07-15,Store001,SKU002,68,83.83386725068911,-15.83386725068911,False,Normal
2023-07-15,Store001,SKU003,12,51.13088763251994,-39.13088763251994,False,Normal
2023-07-15,Store002,SKU001,43,157.55516881893084,-114.55516881893084,False,Normal
2023-07-15,Store002,SKU002,30,100.66439043738768,-70.66439043738768,False,Normal
2023-07-15,Store002,SKU003,93,71.25616347064441,21.74383652935559,True,Low Excess
2023-07-15,Store003,SKU001,86,138.9567860545019,-52.95678605450189,False,Normal
2023-07-15,Store003,SKU002,89,121.79746813309339,-32.79746813309339,False,Normal
2023-07-15,Store003,SKU003,71,56.225489384739625,14.774510615260375,True,Low Excess
2023-07-16,Store001,SKU001,24,160.17399586824098,-136.17399586824098,False,Normal
2023-07-16,Store001,SKU002,12,84.90529582211767,-72.90529582211767,False,Normal
2023-07-16,Store001,SKU003,38,44.059459061091374,-6.059459061091374,False,Normal
2023-07-16,Store002,SKU001,28,174.05516881893084,-146.05516881893084,False,Normal
2023-07-16,Store002,SKU002,20,110.30724758024482,-90.30724758024482,False,Normal
2023-07-16,Store002,SKU003,33,80.89902061350156,-47.89902061350156,False,Normal
2023-07-16,Store003,SKU001,35,138.9567860545019,-103.95678605450189,False,Normal
2023-07-16,Store003,SKU002,54,120.72603956166483,-66.72603956166483,False,Normal
2023-07-16,Store003,SKU003,95,57.51120367045391,37.48879632954609,True,Low Excess
2023-07-17,Store001,SKU001,23,181.17399586824098,-158.17399586824098,False,Normal
2023-07-17,Store001,SKU002,34,89.19101010783194,-55.19101010783194,False,Normal
2023-07-17,Store001,SKU003,45,42.7737447753771,2.2262552246229035,True,Low Excess
2023-07-17,Store002,SKU001,53,174.05516881893084,-121.05516881893084,False,Normal
2023-07-17,Store002,SKU002,16,107.0929618659591,-91.0929618659591,False,Normal
2023-07-17,Store002,SKU003,31,77.68473489921584,-46.68473489921584,False,Normal
2023-07-17,Store003,SKU001,70,152.4567860545019,-82.45678605450189,False,Normal
2023-07-17,Store003,SKU002,22,119.65461099023626,-97.65461099023626,False,Normal
2023-07-17,Store003,SKU003,51,58.79691795616819,-7.796917956168187,False,Normal
2023-07-18,Store001,SKU001,71,184.17399586824098,-113.17399586824098,False,Normal
2023-07-18,Store001,SKU002,96,82.76243867926053,13.237561320739474,True,Low Excess
2023-07-18,Store001,SKU003,95,40.20231620394852,54.79768379605148,True,Low Excess
2023-07-18,Store002,SKU001,81,175.55516881893084,-94.55516881893084,False,Normal
2023-07-18,Store002,SKU002,81,110.30724758024482,-29.30724758024482,False,Normal
2023-07-18,Store002,SKU003,91,81.5418777563587,9.458122243641299,True,Low Excess
2023-07-18,Store003,SKU001,60,152.4567860545019,-92.45678605450189,False,Normal
2023-07-18,Store003,SKU002,65,125.01175384737911,-60.01175384737911,False,Normal
2023-07-18,Store003,SKU003,55,54.93977509902533,0.06022490097466715,True,Low Excess
2023-07-19,Store001,SKU001,22,191.67399586824095,-169.67399586824095,False,Normal
2023-07-19,Store001,SKU002,98,83.83386725068911,14.16613274931089,True,Low Excess
2023-07-19,Store001,SKU003,11,42.7737447753771,-31.773744775377097,False,Normal
2023-07-19,Store002,SKU001,86,177.05516881893084,-91.05516881893084,False,Normal
2023-07-19,Store002,SKU002,55,112.45010472310199,-57.45010472310199,False,Normal
2023-07-19,Store002,SKU003,49,77.68473489921584,-28.68473489921584,False,Normal
2023-07-19,Store003,SKU001,34,147.9567860545019,-113.95678605450189,False,Normal
2023-07-19,Store003,SKU002,94,117.51175384737911,-23.51175384737911,False,Normal
2023-07-19,Store003,SKU003,66,54.29691795616819,11.703082043831813,True,Low Excess
2023-07-20,Store001,SKU001,44,208.17399586824098,-164.17399586824098,False,Normal
2023-07-20,Store001,SKU002,93,88.11958153640339,4.880418463596612,True,Low Excess
2023-07-20,Store001,SKU003,62,45.988030489662805,16.011969510337195,True,Low Excess
2023-07-20,Store002,SKU001,90,168.05516881893084,-78.05516881893084,False,Normal
2023-07-20,Store002,SKU002,98,116.73581900881625,-18.73581900881625,False,Normal
2023-07-20,Store002,SKU003,27,80.25616347064441,-53.25616347064441,False,Normal
2023-07-20,Store003,SKU001,53,143.4567860545019,-90.45678605450189,False,Normal
2023-07-20,Store003,SKU002,10,108.94032527595056,-98.94032527595056,False,Normal
2023-07-20,Store003,SKU003,51,61.368346527596756,-10.368346527596756,False,Normal
2023-07-21,Store001,SKU001,89,203.67399586824098,-114.67399586824098,False,Normal
2023-07-21,Store001,SKU002,13,84.90529582211767,-71.90529582211767,False,Normal
2023-07-21,Store001,SKU003,59,49.20231620394853,9.797683796051473,True,Low Excess
2023-07-21,Store002,SKU001,68,171.05516881893084,-103.05516881893084,False,Normal
2023-07-21,Store002,SKU002,65,119.95010472310196,-54.95010472310196,False,Normal
2023-07-21,Store002,SKU003,83,80.89902061350156,2.1009793864984374,True,Low Excess
2023-07-21,Store003,SKU001,74,146.4567860545019,-72.45678605450189,False,Normal
2023-07-21,Store003,SKU002,24,103.58318241880768,-79.58318241880768,False,Normal
2023-07-21,Store003,SKU003,99,59.43977509902533,39.56022490097467,True,Low Excess
2023-07-22,Store001,SKU001,31,196.17399586824098,-165.17399586824098,False,Normal
2023-07-22,Store001,SKU002,15,87.04815296497482,-72.04815296497482,False,Normal
2023-07-22,Store001,SKU003,19,46.63088763251995,-27.63088763251995,False,Normal
2023-07-22,Store002,SKU001,69,169.55516881893084,-100.55516881893084,False,Normal
2023-07-22,Store002,SKU002,28,118.8786761516734,-90.8786761516734,False,Normal
2023-07-22,Store002,SKU003,43,78.97044918493015,-35.970449184930146,False,Normal
2023-07-22,Store003,SKU001,11,143.4567860545019,-132.4567860545019,False,Normal
2023-07-22,Store003,SKU002,96,102.51175384737911,-6.5117538473791114,False,Normal
2023-07-22,Store003,SKU003,37,66.51120367045391,-29.51120367045391,False,Normal
2023-07-23,Store001,SKU001,77,199.17399586824098,-122.17399586824098,False,Normal
2023-07-23,Store001,SKU002,38,83.83386725068911,-45.83386725068911,False,Normal
2023-07-23,Store001,SKU003,23,51.77374477537709,-28.77374477537709,False,Normal
2023-07-23,Store002,SKU001,55,168.05516881893084,-113.05516881893084,False,Normal
2023-07-23,Store002,SKU002,61,112.45010472310199,-51.45010472310199,False,Normal
2023-07-23,Store002,SKU003,51,72.5418777563587,-21.5418777563587,False,Normal
2023-07-23,Store003,SKU001,22,146.4567860545019,-124.45678605450189,False,Normal
2023-07-23,Store003,SKU002,82,108.94032527595056,-26.940325275950556,False,Normal
2023-07-23,Store003,SKU003,54,65.22548938473963,-11.225489384739632,False,Normal
2023-07-24,Store001,SKU001,59,193.17399586824098,-134.17399586824098,False,Normal
2023-07-24,Store001,SKU002,19,76.3338672506891,-57.333867250689096,False,Normal
2023-07-24,Store001,SKU003,60,49.20231620394853,10.797683796051473,True,Low Excess
2023-07-24,Store002,SKU001,80,148.55516881893084,-68.55516881893084,False,Normal
2023-07-24,Store002,SKU002,78,107.0929618659591,-29.092961865959097,False,Normal
2023-07-24,Store002,SKU003,18,73.18473489921584,-55.18473489921584,False,Normal
2023-07-24,Store003,SKU001,43,131.4567860545019,-88.45678605450189,False,Normal
2023-07-24,Store003,SKU002,97,104.65461099023626,-7.6546109902362645,False,Normal
2023-07-24,Store003,SKU003,13,70.36834652759676,-57.368346527596756,False,Normal
2023-07-25,Store001,SKU001,99,203.67399586824098,-104.67399586824098,False,Normal
2023-07-25,Store001,SKU002,34,83.83386725068911,-49.83386725068911,False,Normal
2023-07-25,Store001,SKU003,76,54.34517334680565,21.65482665319435,True,Low Excess
2023-07-25,Store002,SKU001,60,141.05516881893084,-81.05516881893084,False,Normal
2023-07-25,Store002,SKU002,50,95.30724758024482,-45.30724758024482,False,Normal
2023-07-25,Store002,SKU003,80,68.0418777563587,11.958122243641299,True,Low Excess
2023-07-25,Store003,SKU001,13,147.9567860545019,-134.9567860545019,False,Normal
2023-07-25,Store003,SKU002,62,96.08318241880768,-34.08318241880768,False,Normal
2023-07-25,Store003,SKU003,52,83.22548938473963,-31.22548938473963,False,Normal
2023-07-26,Store001,SKU001,56,191.67399586824095,-135.67399586824095,False,Normal
2023-07-26,Store001,SKU002,79,84.90529582211767,-5.905295822117665,False,Normal
2023-07-26,Store001,SKU003,19,58.84517334680565,-39.84517334680565,False,Normal
2023-07-26,Store002,SKU001,64,138.05516881893084,-74.05516881893084,False,Normal
2023-07-26,Store002,SKU002,92,91.02153329453054,0.978466705469458,True,Low Excess
2023-07-26,Store002,SKU003,64,69.327592042073,-5.327592042072993,False,Normal
2023-07-26,Store003,SKU001,51,152.4567860545019,-101.45678605450189,False,Normal
2023-07-26,Store003,SKU002,32,103.58318241880768,-71.58318241880768,False,Normal
2023-07-26,Store003,SKU003,68,84.51120367045391,-16.51120367045391,False,Normal
2023-07-27,Store001,SKU001,27,188.67399586824098,-161.67399586824098,False,Normal
2023-07-27,Store001,SKU002,12,78.47672439354623,-66.47672439354623,False,Normal
2023-07-27,Store001,SKU003,40,60.13088763251994,-20.130887632519944,False,Normal
2023-07-27,Store002,SKU001,19,148.55516881893084,-129.55516881893084,False,Normal
2023-07-27,Store002,SKU002,16,93.16439043738768,-77.16439043738768,False,Normal
2023-07-27,Store002,SKU003,34,65.47044918493015,-31.470449184930146,False,Normal
2023-07-27,Store003,SKU001,70,171.9567860545019,-101.95678605450189,False,Normal
2023-07-27,Store003,SKU002,40,105.72603956166483,-65.72603956166483,False,Normal
2023-07-27,Store003,SKU003,45,77.43977509902533,-32.439775099025326,False,Normal
2023-07-28,Store001,SKU001,82,193.17399586824098,-111.17399586824098,False,Normal
2023-07-28,Store001,SKU002,85,83.83386725068911,1.16613274931089,True,Low Excess
2023-07-28,Store001,SKU003,57,58.84517334680565,-1.8451733468056517,False,Normal
2023-07-28,Store002,SKU001,12,159.05516881893084,-147.05516881893084,False,Normal
2023-07-28,Store002,SKU002,38,100.66439043738768,-62.66439043738768,False,Normal
2023-07-28,Store002,SKU003,42,63.5418777563587,-21.5418777563587,False,Normal
2023-07-28,Store003,SKU001,70,165.9567860545019,-95.95678605450189,False,Normal
2023-07-28,Store003,SKU002,55,112.15461099023626,-57.154610990236264,False,Normal
2023-07-28,Store003,SKU003,51,81.29691795616819,-30.296917956168187,False,Normal
2023-07-29,Store001,SKU001,73,194.67399586824098,-121.67399586824098,False,Normal
2023-07-29,Store001,SKU002,95,82.76243867926053,12.237561320739474,True,Low Excess
2023-07-29,Store001,SKU003,92,64.63088763251994,27.369112367480056,True,Low Excess
2023-07-29,Store002,SKU001,58,151.55516881893084,-93.55516881893084,False,Normal
2023-07-29,Store002,SKU002,59,96.3786761516734,-37.3786761516734,False,Normal
2023-07-29,Store002,SKU003,72,62.899020613501555,9.100979386498445,True,Low Excess
2023-07-29,Store003,SKU001,63,168.9567860545019,-105.95678605450189,False,Normal
2023-07-29,Store003,SKU002,35,116.44032527595053,-81.44032527595053,False,Normal
2023-07-29,Store003,SKU003,73,73.58263224188248,-0.5826322418824788,False,Normal
2023-07-30,Store001,SKU001,73,202.17399586824092,-129.17399586824092,False,Normal
2023-07-30,Store001,SKU002,71,94.54815296497482,-23.54815296497482,False,Normal
2023-07-30,Store001,SKU003,68,68.4880304896628,-0.4880304896628047,False,Normal
2023-07-30,Store002,SKU001,17,153.05516881893084,-136.05516881893084,False,Normal
2023-07-30,Store002,SKU002,67,110.30724758024482,-43.30724758024482,False,Normal
2023-07-30,Store002,SKU003,78,65.47044918493015,12.529550815069854,True,Low Excess
2023-07-30,Store003,SKU001,44,189.9567860545019,-145.9567860545019,False,Normal
2023-07-30,Store003,SKU002,85,110.01175384737911,-25.01175384737911,False,Normal
2023-07-30,Store003,SKU003,28,76.79691795616819,-48.79691795616819,False,Normal
2023-07-31,Store001,SKU001,33,191.67399586824095,-158.67399586824095,False,Normal
2023-07-31,Store001,SKU002,36,100.97672439354622,-64.97672439354622,False,Normal
2023-07-31,Store001,SKU003,15,71.05945906109139,-56.05945906109139,False,Normal
2023-07-31,Store002,SKU001,25,165.05516881893084,-140.05516881893084,False,Normal
2023-07-31,Store002,SKU002,20,121.02153329453054,-101.02153329453054,False,Normal
2023-07-31,Store002,SKU003,47,64.18473489921584,-17.18473489921584,False,Normal
2023-07-31,Store003,SKU001,11,210.9567860545019,-199.9567860545019,False,Normal
2023-07-31,Store003,SKU002,23,114.29746813309339,-91.29746813309339,False,Normal
2023-07-31,Store003,SKU003,23,72.29691795616819,-49.29691795616819,False,Normal
2023-08-01,Store001,SKU001,75,191.67399586824095,-116.67399586824095,False,Normal
2023-08-01,Store001,SKU002,49,103.11958153640339,-54.11958153640339,False,Normal
2023-08-01,Store001,SKU003,65,68.4880304896628,-3.4880304896628047,False,Normal
2023-08-01,Store002,SKU001,86,184.55516881893084,-98.55516881893084,False,Normal
2023-08-01,Store002,SKU002,53,121.02153329453054,-68.02153329453054,False,Normal
2023-08-01,Store002,SKU003,94,62.899020613501555,31.100979386498445,True,Low Excess
2023-08-01,Store003,SKU001,10,191.4567860545019,-181.4567860545019,False,Normal
2023-08-01,Store003,SKU002,13,116.44032527595053,-103.44032527595053,False,Normal
2023-08-01,Store003,SKU003,52,58.15406081331104,-6.154060813311041,False,Normal
2023-08-02,Store001,SKU001,99,197.67399586824098,-98.67399586824098,False,Normal
2023-08-02,Store001,SKU002,62,104.19101010783194,-42.19101010783194,False,Normal
2023-08-02,Store001,SKU003,53,66.55945906109139,-13.559459061091388,False,Normal
2023-08-02,Store002,SKU001,23,186.05516881893084,-163.05516881893084,False,Normal
2023-08-02,Store002,SKU002,97,121.02153329453054,-24.021533294530542,False,Normal
2023-08-02,Store002,SKU003,14,64.827592042073,-50.82759204207299,False,Normal
2023-08-02,Store003,SKU001,69,200.4567860545019,-131.4567860545019,False,Normal
2023-08-02,Store003,SKU002,76,116.44032527595053,-40.44032527595053,False,Normal
2023-08-02,Store003,SKU003,93,56.868346527596756,36.131653472403244,True,Low Excess
2023-08-03,Store001,SKU001,22,196.17399586824098,-174.17399586824098,False,Normal
2023-08-03,Store001,SKU002,37,110.61958153640339,-73.61958153640339,False,Normal
2023-08-03,Store001,SKU003,99,70.41660191823424,28.583398081765765,True,Low Excess
2023-08-03,Store002,SKU001,93,192.05516881893084,-99.05516881893084,False,Normal
2023-08-03,Store002,SKU002,13,121.02153329453054,-108.02153329453054,False,Normal
2023-08-03,Store002,SKU003,93,68.68473489921584,24.31526510078416,True,Low Excess
2023-08-03,Store003,SKU001,59,192.95678605450183,-133.95678605450183,False,Normal
2023-08-03,Store003,SKU002,76,116.44032527595053,-40.44032527595053,False,Normal
2023-08-03,Store003,SKU003,67,60.725489384739625,6.274510615260375,True,Low Excess
2023-08-04,Store001,SKU001,12,194.67399586824098,-182.67399586824098,False,Normal
2023-08-04,Store001,SKU002,63,113.8338672506891,-50.833867250689096,False,Normal
2023-08-04,Store001,SKU003,12,74.91660191823424,-62.916601918234235,False,Normal
2023-08-04,Store002,SKU001,39,189.05516881893084,-150.05516881893084,False,Normal
2023-08-04,Store002,SKU002,44,125.30724758024482,-81.30724758024482,False,Normal
2023-08-04,Store002,SKU003,67,71.25616347064441,-4.25616347064441,False,Normal
2023-08-04,Store003,SKU001,90,188.4567860545019,-98.45678605450189,False,Normal
2023-08-04,Store003,SKU002,39,119.65461099023626,-80.65461099023626,False,Normal
2023-08-04,Store003,SKU003,32,54.29691795616819,-22.296917956168187,False,Normal
2023-08-05,Store001,SKU001,64,194.67399586824098,-130.67399586824098,False,Normal
2023-08-05,Store001,SKU002,14,130.97672439354622,-116.97672439354622,False,Normal
2023-08-05,Store001,SKU003,61,69.13088763251994,-8.130887632519944,False,Normal
2023-08-05,Store002,SKU001,69,208.55516881893084,-139.55516881893084,False,Normal
2023-08-05,Store002,SKU002,73,129.5929618659591,-56.5929618659591,False,Normal
2023-08-05,Store002,SKU003,43,63.5418777563587,-20.5418777563587,False,Normal
2023-08-05,Store003,SKU001,78,201.9567860545019,-123.95678605450189,False,Normal
2023-08-05,Store003,SKU002,71,115.36889670452197,-44.36889670452197,False,Normal
2023-08-05,Store003,SKU003,43,53.01120367045391,-10.01120367045391,False,Normal
2023-08-06,Store001,SKU001,37,196.17399586824098,-159.17399586824098,False,Normal
2023-08-06,Store001,SKU002,15,118.11958153640336,-103.11958153640336,False,Normal
2023-08-06,Store001,SKU003,39,65.91660191823424,-26.916601918234235,False,Normal
2023-08-06,Store002,SKU001,10,211.55516881893084,-201.55516881893084,False,Normal
2023-08-06,Store002,SKU002,35,125.30724758024482,-90.30724758024482,False,Normal
2023-08-06,Store002,SKU003,19,59.0418777563587,-40.0418777563587,False,Normal
2023-08-06,Store003,SKU001,80,180.9567860545019,-100.95678605450189,False,Normal
2023-08-06,Store003,SKU002,58,108.94032527595056,-50.940325275950556,False,Normal
2023-08-06,Store003,SKU003,79,50.43977509902533,28.560224900974667,True,Low Excess
2023-08-07,Store001,SKU001,61,202.17399586824092,-141.17399586824092,False,Normal
2023-08-07,Store001,SKU002,94,119.19101010783194,-25.191010107831943,False,Normal
2023-08-07,Store001,SKU003,22,67.84517334680565,-45.84517334680565,False,Normal
2023-08-07,Store002,SKU001,49,196.55516881893084,-147.55516881893084,False,Normal
2023-08-07,Store002,SKU002,13,115.66439043738768,-102.66439043738768,False,Normal
2023-08-07,Store002,SKU003,41,59.68473489921585,-18.684734899215847,False,Normal
2023-08-07,Store003,SKU001,45,155.4567860545019,-110.45678605450189,False,Normal
2023-08-07,Store003,SKU002,31,100.36889670452197,-69.36889670452197,False,Normal
2023-08-07,Store003,SKU003,74,48.51120367045391,25.48879632954609,True,Low Excess
2023-08-08,Store001,SKU001,87,184.17399586824098,-97.17399586824098,False,Normal
2023-08-08,Store001,SKU002,99,125.61958153640336,-26.61958153640336,False,Normal
2023-08-08,Store001,SKU003,53,75.55945906109139,-22.55945906109139,False,Normal
2023-08-08,Store002,SKU001,41,184.55516881893084,-143.55516881893084,False,Normal
2023-08-08,Store002,SKU002,45,117.80724758024482,-72.80724758024482,False,Normal
2023-08-08,Store002,SKU003,84,64.18473489921584,19.81526510078416,True,Low Excess
2023-08-08,Store003,SKU001,27,164.4567860545019,-137.4567860545019,False,Normal
2023-08-08,Store003,SKU002,51,88.58318241880768,-37.58318241880768,False,Normal
2023-08-08,Store003,SKU003,55,51.08263224188248,3.9173677581175212,True,Low Excess
2023-08-09,Store001,SKU001,72,169.17399586824098,-97.17399586824098,False,Normal
2023-08-09,Store001,SKU002,85,125.61958153640336,-40.61958153640336,False,Normal
2023-08-09,Store001,SKU003,75,73.63088763251994,1.3691123674800565,True,Low Excess
2023-08-09,Store002,SKU001,61,192.05516881893084,-131.05516881893084,False,Normal
2023-08-09,Store002,SKU002,88,107.0929618659591,-19.092961865959097,False,Normal
2023-08-09,Store002,SKU003,14,66.11330632778728,-52.113306327787285,False,Normal
2023-08-09,Store003,SKU001,66,153.9567860545019,-87.95678605450189,False,Normal
2023-08-09,Store003,SKU002,53,86.44032527595056,-33.440325275950556,False,Normal
2023-08-09,Store003,SKU003,45,50.43977509902533,-5.439775099025333,False,Normal
2023-08-10,Store001,SKU001,73,170.67399586824098,-97.67399586824098,False,Normal
2023-08-10,Store001,SKU002,68,134.19101010783194,-66.19101010783194,False,Normal
2023-08-10,Store001,SKU003,54,65.91660191823424,-11.916601918234235,False,Normal
2023-08-10,Store002,SKU001,14,193.55516881893084,-179.55516881893084,False,Normal
2023-08-10,Store002,SKU002,70,114.5929618659591,-44.5929618659591,False,Normal
2023-08-10,Store002,SKU003,32,62.25616347064441,-30.25616347064441,False,Normal
2023-08-10,Store003,SKU001,79,146.4567860545019,-67.45678605450189,False,Normal
2023-08-10,Store003,SKU002,31,78.94032527595056,-47.940325275950556,False,Normal
2023-08-10,Store003,SKU003,46,47.868346527596756,-1.8683465275967563,False,Normal
2023-08-11,Store001,SKU001,43,151.17399586824098,-108.17399586824098,False,Normal
2023-08-11,Store001,SKU002,14,123.47672439354622,-109.47672439354622,False,Normal
2023-08-11,Store001,SKU003,36,63.9880304896628,-27.988030489662798,False,Normal
2023-08-11,Store002,SKU001,92,201.05516881893084,-109.05516881893084,False,Normal
2023-08-11,Store002,SKU002,80,104.95010472310199,-24.950104723101987,False,Normal
2023-08-11,Store002,SKU003,71,60.97044918493013,10.029550815069868,True,Low Excess
2023-08-11,Store003,SKU001,39,149.4567860545019,-110.45678605450189,False,Normal
2023-08-11,Store003,SKU002,29,75.72603956166483,-46.726039561664834,False,Normal
2023-08-11,Store003,SKU003,97,47.868346527596756,49.131653472403244,True,Low Excess
2023-08-12,Store001,SKU001,27,158.67399586824098,-131.67399586824098,False,Normal
2023-08-12,Store001,SKU002,19,112.76243867926051,-93.76243867926051,False,Normal
2023-08-12,Store001,SKU003,59,67.84517334680565,-8.845173346805652,False,Normal
2023-08-12,Store002,SKU001,63,184.55516881893084,-121.55516881893084,False,Normal
2023-08-12,Store002,SKU002,21,104.95010472310199,-83.95010472310199,False,Normal
2023-08-12,Store002,SKU003,91,74.47044918493015,16.529550815069854,True,Low Excess
2023-08-12,Store003,SKU001,78,150.9567860545019,-72.95678605450189,False,Normal
2023-08-12,Store003,SKU002,68,73.58318241880768,-5.583182418807681,False,Normal
2023-08-12,Store003,SKU003,14,52.368346527596756,-38.368346527596756,False,Normal
2023-08-13,Store001,SKU001,13,139.17399586824098,-126.17399586824098,False,Normal
2023-08-13,Store001,SKU002,53,106.3338672506891,-53.333867250689096,False,Normal
2023-08-13,Store001,SKU003,28,69.13088763251994,-41.13088763251994,False,Normal
2023-08-13,Store002,SKU001,25,193.55516881893084,-168.55516881893084,False,Normal
2023-08-13,Store002,SKU002,22,95.30724758024482,-73.30724758024482,False,Normal
2023-08-13,Store002,SKU003,26,77.68473489921584,-51.68473489921584,False,Normal
2023-08-13,Store003,SKU001,21,144.9567860545019,-123.95678605450189,False,Normal
2023-08-13,Store003,SKU002,33,85.36889670452197,-52.36889670452197,False,Normal
2023-08-13,Store003,SKU003,22,58.79691795616819,-36.79691795616819,False,Normal
2023-08-14,Store001,SKU001,72,134.67399586824098,-62.67399586824098,False,Normal
2023-08-14,Store001,SKU002,66,104.19101010783194,-38.19101010783194,False,Normal
2023-08-14,Store001,SKU003,62,70.41660191823424,-8.416601918234235,False,Normal
2023-08-14,Store002,SKU001,99,196.55516881893084,-97.55516881893084,False,Normal
2023-08-14,Store002,SKU002,21,95.30724758024482,-74.30724758024482,False,Normal
2023-08-14,Store002,SKU003,47,82.18473489921584,-35.18473489921584,False,Normal
2023-08-14,Store003,SKU001,19,144.9567860545019,-125.95678605450189,False,Normal
2023-08-14,Store003,SKU002,41,103.58318241880768,-62.58318241880768,False,Normal
2023-08-14,Store003,SKU003,70,59.43977509902533,10.560224900974667,True,Low Excess
2023-08-15,Store001,SKU001,91,137.67399586824098,-46.67399586824098,False,Normal
2023-08-15,Store001,SKU002,62,94.54815296497482,-32.54815296497482,False,Normal
2023-08-15,Store001,SKU003,61,65.91660191823424,-4.916601918234235,False,Normal
2023-08-15,Store002,SKU001,19,186.05516881893084,-167.05516881893084,False,Normal
2023-08-15,Store002,SKU002,73,95.30724758024482,-22.30724758024482,False,Normal
2023-08-15,Store002,SKU003,88,79.61330632778728,8.386693672212715,True,Low Excess
2023-08-15,Store003,SKU001,67,138.9567860545019,-71.95678605450189,False,Normal
2023-08-15,Store003,SKU002,71,110.01175384737911,-39.01175384737911,False,Normal
2023-08-15,Store003,SKU003,93,61.368346527596756,31.631653472403244,True,Low Excess
2023-08-16,Store001,SKU001,23,146.67399586824098,-123.67399586824098,False,Normal
2023-08-16,Store001,SKU002,80,97.76243867926051,-17.762438679260512,False,Normal
2023-08-16,Store001,SKU003,94,65.91660191823424,28.083398081765765,True,Low Excess
2023-08-16,Store002,SKU001,89,181.55516881893084,-92.55516881893084,False,Normal
2023-08-16,Store002,SKU002,80,111.3786761516734,-31.378676151673403,False,Normal
2023-08-16,Store002,SKU003,72,89.25616347064441,-17.25616347064441,False,Normal
2023-08-16,Store003,SKU001,84,128.4567860545019,-44.45678605450189,False,Normal
2023-08-16,Store003,SKU002,64,113.22603956166483,-49.226039561664834,False,Normal
2023-08-16,Store003,SKU003,43,61.368346527596756,-18.368346527596756,False,Normal
2023-08-17,Store001,SKU001,55,146.67399586824098,-91.67399586824098,False,Normal
2023-08-17,Store001,SKU002,15,88.11958153640339,-73.11958153640339,False,Normal
2023-08-17,Store001,SKU003,86,68.4880304896628,17.511969510337195,True,Low Excess
2023-08-17,Store002,SKU001,99,169.55516881893084,-70.55516881893084,False,Normal
2023-08-17,Store002,SKU002,87,111.3786761516734,-24.378676151673403,False,Normal
2023-08-17,Store002,SKU003,52,92.47044918493015,-40.470449184930146,False,Normal
2023-08-17,Store003,SKU001,92,129.9567860545019,-37.95678605450189,False,Normal
2023-08-17,Store003,SKU002,59,110.01175384737911,-51.01175384737911,False,Normal
2023-08-17,Store003,SKU003,46,58.79691795616819,-12.796917956168187,False,Normal
2023-08-18,Store001,SKU001,52,184.17399586824098,-132.17399586824098,False,Normal
2023-08-18,Store001,SKU002,84,102.0481529649748,-18.048152964974804,False,Normal
2023-08-18,Store001,SKU003,41,67.20231620394853,-26.202316203948527,False,Normal
2023-08-18,Store002,SKU001,96,150.05516881893084,-54.05516881893084,False,Normal
2023-08-18,Store002,SKU002,77,104.95010472310199,-27.950104723101987,False,Normal
2023-08-18,Store002,SKU003,65,95.68473489921584,-30.68473489921584,False,Normal
2023-08-18,Store003,SKU001,80,135.9567860545019,-55.95678605450189,False,Normal
2023-08-18,Store003,SKU002,97,108.94032527595056,-11.940325275950556,False,Normal
2023-08-18,Store003,SKU003,88,58.79691795616819,29.203082043831813,True,Low Excess
2023-08-19,Store001,SKU001,64,194.67399586824098,-130.67399586824098,False,Normal
2023-08-19,Store001,SKU002,79,97.76243867926051,-18.762438679260512,False,Normal
2023-08-19,Store001,SKU003,19,61.416601918234235,-42.416601918234235,False,Normal
2023-08-19,Store002,SKU001,64,165.05516881893084,-101.05516881893084,False,Normal
2023-08-19,Store002,SKU002,48,115.66439043738768,-67.66439043738768,False,Normal
2023-08-19,Store002,SKU003,73,81.5418777563587,-8.541877756358701,False,Normal
2023-08-19,Store003,SKU001,11,143.4567860545019,-132.4567860545019,False,Normal
2023-08-19,Store003,SKU002,40,105.72603956166483,-65.72603956166483,False,Normal
2023-08-19,Store003,SKU003,47,59.43977509902533,-12.439775099025333,False,Normal
2023-08-20,Store001,SKU001,87,205.17399586824098,-118.17399586824098,False,Normal
2023-08-20,Store001,SKU002,42,108.47672439354622,-66.47672439354622,False,Normal
2023-08-20,Store001,SKU003,11,56.916601918234235,-45.916601918234235,False,Normal
2023-08-20,Store002,SKU001,80,147.05516881893084,-67.05516881893084,False,Normal
2023-08-20,Store002,SKU002,77,125.30724758024482,-48.30724758024482,False,Normal
2023-08-20,Store002,SKU003,98,84.75616347064441,13.24383652935559,True,Low Excess
2023-08-20,Store003,SKU001,82,146.4567860545019,-64.45678605450189,False,Normal
2023-08-20,Store003,SKU002,13,106.79746813309339,-93.79746813309339,False,Normal
2023-08-20,Store003,SKU003,77,54.29691795616819,22.703082043831813,True,Low Excess
2023-08-21,Store001,SKU001,10,200.67399586824098,-190.67399586824098,False,Normal
2023-08-21,Store001,SKU002,22,104.19101010783194,-82.19101010783194,False,Normal
2023-08-21,Store001,SKU003,11,52.416601918234235,-41.416601918234235,False,Normal
2023-08-21,Store002,SKU001,85,132.05516881893084,-47.05516881893084,False,Normal
2023-08-21,Store002,SKU002,82,123.16439043738768,-41.16439043738768,False,Normal
2023-08-21,Store002,SKU003,67,83.47044918493015,-16.470449184930146,False,Normal
2023-08-21,Store003,SKU001,34,167.4567860545019,-133.4567860545019,False,Normal
2023-08-21,Store003,SKU002,26,101.44032527595056,-75.44032527595056,False,Normal
2023-08-21,Store003,SKU003,50,53.01120367045391,-3.0112036704539094,False,Normal
2023-08-22,Store001,SKU001,58,190.17399586824098,-132.17399586824098,False,Normal
2023-08-22,Store001,SKU002,37,105.26243867926051,-68.26243867926051,False,Normal
2023-08-22,Store001,SKU003,29,53.05945906109138,-24.05945906109138,False,Normal
2023-08-22,Store002,SKU001,55,144.05516881893084,-89.05516881893084,False,Normal
2023-08-22,Store002,SKU002,90,137.0929618659591,-47.0929618659591,False,Normal
2023-08-22,Store002,SKU003,58,86.68473489921584,-28.68473489921584,False,Normal
2023-08-22,Store003,SKU001,32,159.9567860545019,-127.95678605450189,False,Normal
2023-08-22,Store003,SKU002,57,102.51175384737911,-45.51175384737911,False,Normal
2023-08-22,Store003,SKU003,63,49.15406081331104,13.845939186688959,True,Low Excess
2023-08-23,Store001,SKU001,91,199.17399586824098,-108.17399586824098,False,Normal
2023-08-23,Store001,SKU002,64,104.19101010783194,-40.19101010783194,False,Normal
2023-08-23,Store001,SKU003,39,51.13088763251994,-12.130887632519944,False,Normal
2023-08-23,Store002,SKU001,14,157.55516881893084,-143.55516881893084,False,Normal
2023-08-23,Store002,SKU002,59,130.66439043738768,-71.66439043738768,False,Normal
2023-08-23,Store002,SKU003,57,71.25616347064441,-14.25616347064441,False,Normal
2023-08-23,Store003,SKU001,17,164.4567860545019,-147.4567860545019,False,Normal
2023-08-23,Store003,SKU002,32,101.44032527595056,-69.44032527595056,False,Normal
2023-08-23,Store003,SKU003,71,47.868346527596756,23.131653472403244,True,Low Excess
2023-08-24,Store001,SKU001,22,200.67399586824098,-178.67399586824098,False,Normal
2023-08-24,Store001,SKU002,39,99.90529582211767,-60.905295822117665,False,Normal
2023-08-24,Store001,SKU003,34,50.4880304896628,-16.488030489662798,False,Normal
2023-08-24,Store002,SKU001,43,160.55516881893084,-117.55516881893084,False,Normal
2023-08-24,Store002,SKU002,40,119.95010472310196,-79.95010472310196,False,Normal
2023-08-24,Store002,SKU003,22,66.11330632778728,-44.113306327787285,False,Normal
2023-08-24,Store003,SKU001,67,185.4567860545019,-118.45678605450189,False,Normal
2023-08-24,Store003,SKU002,60,116.44032527595053,-56.44032527595053,False,Normal
2023-08-24,Store003,SKU003,67,48.51120367045391,18.48879632954609,True,Low Excess
2023-08-25,Store001,SKU001,18,191.67399586824095,-173.67399586824095,False,Normal
2023-08-25,Store001,SKU002,22,93.47672439354623,-71.47672439354623,False,Normal
2023-08-25,Store001,SKU003,71,60.13088763251994,10.869112367480056,True,Low Excess
2023-08-25,Store002,SKU001,83,174.05516881893084,-91.05516881893084,False,Normal
2023-08-25,Store002,SKU002,21,121.02153329453054,-100.02153329453054,False,Normal
2023-08-25,Store002,SKU003,73,60.32759204207299,12.672407957927007,True,Low Excess
2023-08-25,Store003,SKU001,62,188.4567860545019,-126.45678605450189,False,Normal
2023-08-25,Store003,SKU002,41,110.01175384737911,-69.01175384737911,False,Normal
2023-08-25,Store003,SKU003,99,51.08263224188248,47.91736775811752,True,Low Excess
2023-08-26,Store001,SKU001,85,154.17399586824098,-69.17399586824098,False,Normal
2023-08-26,Store001,SKU002,13,102.0481529649748,-89.0481529649748,False,Normal
2023-08-26,Store001,SKU003,11,64.63088763251994,-53.63088763251994,False,Normal
2023-08-26,Store002,SKU001,47,151.55516881893084,-104.55516881893084,False,Normal
2023-08-26,Store002,SKU002,60,111.3786761516734,-51.3786761516734,False,Normal
2023-08-26,Store002,SKU003,91,66.11330632778728,24.886693672212715,True,Low Excess
2023-08-26,Store003,SKU001,98,174.9567860545019,-76.95678605450189,False,Normal
2023-08-26,Store003,SKU002,53,116.44032527595053,-63.44032527595053,False,Normal
2023-08-26,Store003,SKU003,47,45.93977509902533,1.0602249009746672,True,Low Excess
2023-08-27,Store001,SKU001,66,164.67399586824098,-98.67399586824098,False,Normal
2023-08-27,Store001,SKU002,72,102.0481529649748,-30.048152964974804,False,Normal
2023-08-27,Store001,SKU003,29,63.9880304896628,-34.9880304896628,False,Normal
2023-08-27,Store002,SKU001,40,145.55516881893084,-105.55516881893084,False,Normal
2023-08-27,Store002,SKU002,62,125.30724758024482,-63.30724758024482,False,Normal
2023-08-27,Store002,SKU003,88,59.0418777563587,28.9581222436413,True,Low Excess
2023-08-27,Store003,SKU001,75,210.9567860545019,-135.9567860545019,False,Normal
2023-08-27,Store003,SKU002,22,113.22603956166483,-91.22603956166483,False,Normal
2023-08-27,Store003,SKU003,36,50.43977509902533,-14.439775099025333,False,Normal
2023-08-28,Store001,SKU001,98,161.67399586824098,-63.67399586824098,False,Normal
2023-08-28,Store001,SKU002,57,102.0481529649748,-45.048152964974804,False,Normal
2023-08-28,Store001,SKU003,92,63.9880304896628,28.011969510337202,True,Low Excess
2023-08-28,Store002,SKU001,99,142.55516881893084,-43.55516881893084,False,Normal
2023-08-28,Store002,SKU002,88,125.30724758024482,-37.30724758024482,False,Normal
2023-08-28,Store002,SKU003,26,56.47044918493013,-30.470449184930132,False,Normal
2023-08-28,Store003,SKU001,87,198.9567860545019,-111.95678605450189,False,Normal
2023-08-28,Store003,SKU002,94,103.58318241880768,-9.58318241880768,False,Normal
2023-08-28,Store003,SKU003,54,56.225489384739625,-2.2254893847396247,False,Normal
2023-08-29,Store001,SKU001,48,164.67399586824098,-116.67399586824098,False,Normal
2023-08-29,Store001,SKU002,78,106.3338672506891,-28.333867250689096,False,Normal
2023-08-29,Store001,SKU003,39,56.27374477537709,-17.27374477537709,False,Normal
2023-08-29,Store002,SKU001,89,132.05516881893084,-43.05516881893084,False,Normal
2023-08-29,Store002,SKU002,10,114.5929618659591,-104.5929618659591,False,Normal
2023-08-29,Store002,SKU003,56,58.399020613501555,-2.3990206135015555,False,Normal
2023-08-29,Store003,SKU001,60,206.4567860545019,-146.4567860545019,False,Normal
2023-08-29,Store003,SKU002,74,103.58318241880768,-29.58318241880768,False,Normal
2023-08-29,Store003,SKU003,74,60.08263224188248,13.917367758117521,True,Low Excess
2023-08-30,Store001,SKU001,62,154.17399586824098,-92.17399586824098,False,Normal
2023-08-30,Store001,SKU002,83,103.11958153640339,-20.119581536403388,False,Normal
2023-08-30,Store001,SKU003,17,55.63088763251994,-38.63088763251994,False,Normal
2023-08-30,Store002,SKU001,20,123.05516881893084,-103.05516881893084,False,Normal
2023-08-30,Store002,SKU002,17,121.02153329453054,-104.02153329453054,False,Normal
2023-08-30,Store002,SKU003,74,57.75616347064441,16.24383652935559,True,Low Excess
2023-08-30,Store003,SKU001,86,210.9567860545019,-124.95678605450189,False,Normal
2023-08-30,Store003,SKU002,75,99.29746813309339,-24.29746813309339,False,Normal
2023-08-30,Store003,SKU003,18,70.36834652759676,-52.368346527596756,False,Normal
2023-08-31,Store001,SKU001,69,134.67399586824098,-65.67399586824098,False,Normal
2023-08-31,Store001,SKU002,34,106.3338672506891,-72.3338672506891,False,Normal
2023-08-31,Store001,SKU003,61,54.34517334680565,6.654826653194348,True,Low Excess
2023-08-31,Store002,SKU001,36,124.55516881893084,-88.55516881893084,False,Normal
2023-08-31,Store002,SKU002,28,122.0929618659591,-94.0929618659591,False,Normal
2023-08-31,Store002,SKU003,65,58.399020613501555,6.6009793864984445,True,Low Excess
2023-08-31,Store003,SKU001,80,188.4567860545019,-108.45678605450189,False,Normal
2023-08-31,Store003,SKU002,89,87.51175384737911,1.4882461526208886,True,Low Excess
2023-08-31,Store003,SKU003,56,70.36834652759676,-14.368346527596756,False,Normal
2023-09-01,Store001,SKU001,40,133.17399586824098,-93.17399586824098,False,Normal
2023-09-01,Store001,SKU002,47,105.26243867926051,-58.26243867926051,False,Normal
2023-09-01,Store001,SKU003,91,46.63088763251995,44.36911236748005,True,Low Excess
2023-09-01,Store002,SKU001,89,121.55516881893084,-32.55516881893084,False,Normal
2023-09-01,Store002,SKU002,61,128.52153329453054,-67.52153329453054,False,Normal
2023-09-01,Store002,SKU003,13,60.32759204207299,-47.32759204207299,False,Normal
2023-09-01,Store003,SKU001,55,183.9567860545019,-128.9567860545019,False,Normal
2023-09-01,Store003,SKU002,77,98.22603956166483,-21.226039561664834,False,Normal
2023-09-01,Store003,SKU003,71,65.22548938473963,5.774510615260368,True,Low Excess
2023-09-02,Store001,SKU001,89,140.67399586824098,-51.67399586824098,False,Normal
2023-09-02,Store001,SKU002,86,96.69101010783194,-10.691010107831943,False,Normal
2023-09-02,Store001,SKU003,88,43.416601918234235,44.583398081765765,True,Low Excess
2023-09-02,Store002,SKU001,95,144.05516881893084,-49.05516881893084,False,Normal
2023-09-02,Store002,SKU002,51,118.8786761516734,-67.8786761516734,False,Normal
2023-09-02,Store002,SKU003,99,57.75616347064441,41.24383652935559,True,Low Excess
2023-09-02,Store003,SKU001,54,183.9567860545019,-129.9567860545019,False,Normal
2023-09-02,Store003,SKU002,13,92.86889670452197,-79.86889670452197,False,Normal
2023-09-02,Store003,SKU003,50,62.65406081331104,-12.654060813311041,False,Normal
2023-09-03,Store001,SKU001,61,154.17399586824098,-93.17399586824098,False,Normal
2023-09-03,Store001,SKU002,19,103.11958153640339,-84.11958153640339,False,Normal
2023-09-03,Store001,SKU003,47,45.345173346805666,1.654826653194334,True,Low Excess
2023-09-03,Store002,SKU001,47,169.55516881893084,-122.55516881893084,False,Normal
2023-09-03,Store002,SKU002,27,106.02153329453054,-79.02153329453054,False,Normal
2023-09-03,Store002,SKU003,64,55.82759204207299,8.172407957927007,True,Low Excess
2023-09-03,Store003,SKU001,13,156.9567860545019,-143.9567860545019,False,Normal
2023-09-03,Store003,SKU002,95,89.65461099023626,5.3453890097637355,True,Low Excess
2023-09-03,Store003,SKU003,24,55.58263224188248,-31.58263224188248,False,Normal
2023-09-04,Store001,SKU001,47,158.67399586824098,-111.67399586824098,False,Normal
2023-09-04,Store001,SKU002,58,107.40529582211767,-49.405295822117665,False,Normal
2023-09-04,Store001,SKU003,15,47.2737447753771,-32.2737447753771,False,Normal
2023-09-04,Store002,SKU001,28,186.05516881893084,-158.05516881893084,False,Normal
2023-09-04,Store002,SKU002,38,106.02153329453054,-68.02153329453054,False,Normal
2023-09-04,Store002,SKU003,61,53.899020613501555,7.1009793864984445,True,Low Excess
2023-09-04,Store003,SKU001,48,158.4567860545019,-110.45678605450189,False,Normal
2023-09-04,Store003,SKU002,80,88.58318241880768,-8.58318241880768,False,Normal
2023-09-04,Store003,SKU003,30,53.65406081331104,-23.65406081331104,False,Normal
2023-09-05,Store001,SKU001,10,164.67399586824098,-154.67399586824098,False,Normal
2023-09-05,Store001,SKU002,76,104.19101010783194,-28.191010107831943,False,Normal
2023-09-05,Store001,SKU003,29,47.916601918234235,-18.916601918234235,False,Normal
2023-09-05,Store002,SKU001,99,183.05516881893084,-84.05516881893084,False,Normal
2023-09-05,Store002,SKU002,59,97.45010472310199,-38.45010472310199,False,Normal
2023-09-05,Store002,SKU003,81,48.75616347064441,32.24383652935559,True,Low Excess
2023-09-05,Store003,SKU001,87,171.9567860545019,-84.95678605450189,False,Normal
2023-09-05,Store003,SKU002,18,88.58318241880768,-70.58318241880768,False,Normal
2023-09-05,Store003,SKU003,55,51.725489384739625,3.2745106152603753,True,Low Excess
2023-09-06,Store001,SKU001,90,170.67399586824098,-80.67399586824098,False,Normal
2023-09-06,Store001,SKU002,24,104.19101010783194,-80.19101010783194,False,Normal
2023-09-06,Store001,SKU003,75,54.988030489662805,20.011969510337195,True,Low Excess
2023-09-06,Store002,SKU001,90,186.05516881893084,-96.05516881893084,False,Normal
2023-09-06,Store002,SKU002,72,92.0929618659591,-20.092961865959097,False,Normal
2023-09-06,Store002,SKU003,59,54.5418777563587,4.458122243641299,True,Low Excess
2023-09-06,Store003,SKU001,81,182.4567860545019,-101.45678605450189,False,Normal
2023-09-06,Store003,SKU002,79,85.36889670452197,-6.368896704521973,False,Normal
2023-09-06,Store003,SKU003,20,46.58263224188248,-26.58263224188248,False,Normal
2023-09-07,Store001,SKU001,37,184.17399586824098,-147.17399586824098,False,Normal
2023-09-07,Store001,SKU002,35,110.61958153640339,-75.61958153640339,False,Normal
2023-09-07,Store001,SKU003,72,54.34517334680565,17.65482665319435,True,Low Excess
2023-09-07,Store002,SKU001,20,181.55516881893084,-161.55516881893084,False,Normal
2023-09-07,Store002,SKU002,87,95.30724758024482,-8.30724758024482,False,Normal
2023-09-07,Store002,SKU003,31,56.47044918493013,-25.470449184930132,False,Normal
2023-09-07,Store003,SKU001,88,197.4567860545019,-109.45678605450189,False,Normal
2023-09-07,Store003,SKU002,12,98.22603956166483,-86.22603956166483,False,Normal
2023-09-07,Store003,SKU003,44,50.43977509902533,-6.439775099025333,False,Normal
2023-09-08,Store001,SKU001,32,187.17399586824098,-155.17399586824098,False,Normal
2023-09-08,Store001,SKU002,63,112.76243867926051,-49.76243867926051,False,Normal
2023-09-08,Store001,SKU003,62,53.05945906109138,8.940540938908619,True,Low Excess
2023-09-08,Store002,SKU001,85,186.05516881893084,-101.05516881893084,False,Normal
2023-09-08,Store002,SKU002,79,97.45010472310199,-18.450104723101987,False,Normal
2023-09-08,Store002,SKU003,21,58.399020613501555,-37.399020613501555,False,Normal
2023-09-08,Store003,SKU001,87,204.9567860545019,-117.95678605450189,False,Normal
2023-09-08,Store003,SKU002,53,87.51175384737911,-34.51175384737911,False,Normal
2023-09-08,Store003,SKU003,80,54.29691795616819,25.703082043831813,True,Low Excess
2023-09-09,Store001,SKU001,77,193.17399586824098,-116.17399586824098,False,Normal
2023-09-09,Store001,SKU002,65,110.61958153640339,-45.61958153640339,False,Normal
2023-09-09,Store001,SKU003,71,54.988030489662805,16.011969510337195,True,Low Excess
2023-09-09,Store002,SKU001,49,162.05516881893084,-113.05516881893084,False,Normal
2023-09-09,Store002,SKU002,32,104.95010472310199,-72.95010472310199,False,Normal
2023-09-09,Store002,SKU003,13,56.47044918493013,-43.47044918493013,False,Normal
2023-09-09,Store003,SKU001,18,191.4567860545019,-173.4567860545019,False,Normal
2023-09-09,Store003,SKU002,45,93.94032527595056,-48.940325275950556,False,Normal
2023-09-09,Store003,SKU003,79,61.368346527596756,17.631653472403244,True,Low Excess
2023-09-10,Store001,SKU001,75,178.17399586824098,-103.17399586824098,False,Normal
2023-09-10,Store001,SKU002,99,99.90529582211767,-0.9052958221176652,False,Normal
2023-09-10,Store001,SKU003,30,49.845173346805666,-19.845173346805666,False,Normal
2023-09-10,Store002,SKU001,46,129.05516881893084,-83.05516881893084,False,Normal
2023-09-10,Store002,SKU002,68,103.8786761516734,-35.8786761516734,False,Normal
2023-09-10,Store002,SKU003,50,56.47044918493013,-6.470449184930132,False,Normal
2023-09-10,Store003,SKU001,52,179.4567860545019,-127.45678605450189,False,Normal
2023-09-10,Store003,SKU002,99,99.29746813309339,-0.29746813309338904,False,Normal
2023-09-10,Store003,SKU003,73,60.08263224188248,12.917367758117521,True,Low Excess
2023-09-11,Store001,SKU001,59,176.67399586824098,-117.67399586824098,False,Normal
2023-09-11,Store001,SKU002,36,100.97672439354622,-64.97672439354622,False,Normal
2023-09-11,Store001,SKU003,74,51.13088763251994,22.869112367480056,True,Low Excess
2023-09-11,Store002,SKU001,78,127.55516881893084,-49.55516881893084,False,Normal
2023-09-11,Store002,SKU002,29,108.16439043738768,-79.16439043738768,False,Normal
2023-09-11,Store002,SKU003,59,55.18473489921585,3.8152651007841527,True,Low Excess
2023-09-11,Store003,SKU001,80,165.9567860545019,-85.95678605450189,False,Normal
2023-09-11,Store003,SKU002,89,99.29746813309339,-10.297468133093389,False,Normal
2023-09-11,Store003,SKU003,82,61.368346527596756,20.631653472403244,True,Low Excess
2023-09-12,Store001,SKU001,52,176.67399586824098,-124.67399586824098,False,Normal
2023-09-12,Store001,SKU002,61,97.76243867926051,-36.76243867926051,False,Normal
2023-09-12,Store001,SKU003,69,56.916601918234235,12.083398081765765,True,Low Excess
2023-09-12,Store002,SKU001,35,136.55516881893084,-101.55516881893084,False,Normal
2023-09-12,Store002,SKU002,68,114.5929618659591,-46.5929618659591,False,Normal
2023-09-12,Store002,SKU003,14,52.613306327787285,-38.613306327787285,False,Normal
2023-09-12,Store003,SKU001,46,149.4567860545019,-103.45678605450189,False,Normal
2023-09-12,Store003,SKU002,93,102.51175384737911,-9.511753847379111,False,Normal
2023-09-12,Store003,SKU003,90,63.29691795616819,26.703082043831813,True,Low Excess
2023-09-13,Store001,SKU001,69,164.67399586824098,-95.67399586824098,False,Normal
2023-09-13,Store001,SKU002,80,94.54815296497482,-14.548152964974818,False,Normal
2023-09-13,Store001,SKU003,62,51.13088763251994,10.869112367480056,True,Low Excess
2023-09-13,Store002,SKU001,90,127.55516881893084,-37.55516881893084,False,Normal
2023-09-13,Store002,SKU002,57,106.02153329453054,-49.02153329453054,False,Normal
2023-09-13,Store002,SKU003,15,48.75616347064441,-33.75616347064441,False,Normal
2023-09-13,Store003,SKU001,65,132.9567860545019,-67.95678605450189,False,Normal
2023-09-13,Store003,SKU002,99,112.15461099023626,-13.154610990236264,False,Normal
2023-09-13,Store003,SKU003,81,58.79691795616819,22.203082043831813,True,Low Excess
2023-09-14,Store001,SKU001,71,158.67399586824098,-87.67399586824098,False,Normal
2023-09-14,Store001,SKU002,38,88.11958153640339,-50.11958153640339,False,Normal
2023-09-14,Store001,SKU003,73,54.34517334680565,18.65482665319435,True,Low Excess
2023-09-14,Store002,SKU001,24,150.05516881893084,-126.05516881893084,False,Normal
2023-09-14,Store002,SKU002,62,112.45010472310199,-50.45010472310199,False,Normal
2023-09-14,Store002,SKU003,52,45.5418777563587,6.458122243641299,True,Low Excess
2023-09-14,Store003,SKU001,91,122.45678605450189,-31.45678605450189,False,Normal
2023-09-14,Store003,SKU002,66,107.86889670452197,-41.86889670452197,False,Normal
2023-09-14,Store003,SKU003,61,54.93977509902533,6.060224900974667,True,Low Excess
2023-09-15,Store001,SKU001,33,143.67399586824098,-110.67399586824098,False,Normal
2023-09-15,Store001,SKU002,21,87.04815296497482,-66.04815296497482,False,Normal
2023-09-15,Store001,SKU003,86,52.416601918234235,33.583398081765765,True,Low Excess
2023-09-15,Store002,SKU001,94,153.05516881893084,-59.05516881893084,False,Normal
2023-09-15,Store002,SKU002,50,107.0929618659591,-57.0929618659591,False,Normal
2023-09-15,Store002,SKU003,47,42.97044918493013,4.029550815069868,True,Low Excess
2023-09-15,Store003,SKU001,15,117.95678605450189,-102.95678605450189,False,Normal
2023-09-15,Store003,SKU002,98,116.44032527595053,-18.440325275950528,False,Normal
2023-09-15,Store003,SKU003,45,53.65406081331104,-8.654060813311041,False,Normal
2023-09-16,Store001,SKU001,11,134.67399586824098,-123.67399586824098,False,Normal
2023-09-16,Store001,SKU002,45,88.11958153640339,-43.11958153640339,False,Normal
2023-09-16,Store001,SKU003,63,53.70231620394853,9.297683796051473,True,Low Excess
2023-09-16,Store002,SKU001,41,163.55516881893084,-122.55516881893084,False,Normal
2023-09-16,Store002,SKU002,21,110.30724758024482,-89.30724758024482,False,Normal
2023-09-16,Store002,SKU003,11,41.0418777563587,-30.0418777563587,False,Normal
2023-09-16,Store003,SKU001,18,119.45678605450189,-101.45678605450189,False,Normal
2023-09-16,Store003,SKU002,99,119.65461099023626,-20.654610990236264,False,Normal
2023-09-16,Store003,SKU003,45,49.79691795616819,-4.796917956168187,False,Normal
2023-09-17,Store001,SKU001,19,110.67399586824095,-91.67399586824095,False,Normal
2023-09-17,Store001,SKU002,46,91.33386725068911,-45.33386725068911,False,Normal
2023-09-17,Store001,SKU003,33,58.84517334680565,-25.84517334680565,False,Normal
2023-09-17,Store002,SKU001,78,198.05516881893084,-120.05516881893084,False,Normal
2023-09-17,Store002,SKU002,10,112.45010472310199,-102.45010472310199,False,Normal
2023-09-17,Store002,SKU003,15,35.899020613501555,-20.899020613501555,False,Normal
2023-09-17,Store003,SKU001,29,125.45678605450189,-96.45678605450189,False,Normal
2023-09-17,Store003,SKU002,82,108.94032527595056,-26.940325275950556,False,Normal
2023-09-17,Store003,SKU003,99,52.368346527596756,46.631653472403244,True,Low Excess
2023-09-18,Store001,SKU001,22,109.17399586824097,-87.17399586824097,False,Normal
2023-09-18,Store001,SKU002,82,88.11958153640339,-6.119581536403388,False,Normal
2023-09-18,Store001,SKU003,38,56.27374477537709,-18.27374477537709,False,Normal
2023-09-18,Store002,SKU001,76,192.05516881893084,-116.05516881893084,False,Normal
2023-09-18,Store002,SKU002,96,110.30724758024482,-14.30724758024482,False,Normal
2023-09-18,Store002,SKU003,92,38.47044918493013,53.52955081506987,True,Low Excess
2023-09-18,Store003,SKU001,88,153.9567860545019,-65.95678605450189,False,Normal
2023-09-18,Store003,SKU002,25,108.94032527595056,-83.94032527595056,False,Normal
2023-09-18,Store003,SKU003,19,51.08263224188248,-32.08263224188248,False,Normal
2023-09-19,Store001,SKU001,22,133.17399586824098,-111.17399586824098,False,Normal
2023-09-19,Store001,SKU002,27,93.47672439354623,-66.47672439354623,False,Normal
2023-09-19,Store001,SKU003,33,53.70231620394853,-20.702316203948527,False,Normal
2023-09-19,Store002,SKU001,93,189.05516881893084,-96.05516881893084,False,Normal
2023-09-19,Store002,SKU002,68,116.73581900881625,-48.73581900881625,False,Normal
2023-09-19,Store002,SKU003,52,45.5418777563587,6.458122243641299,True,Low Excess
2023-09-19,Store003,SKU001,37,173.4567860545019,-136.4567860545019,False,Normal
2023-09-19,Store003,SKU002,99,107.86889670452197,-8.868896704521973,False,Normal
2023-09-19,Store003,SKU003,59,52.368346527596756,6.631653472403244,True,Low Excess
2023-09-20,Store001,SKU001,79,131.67399586824098,-52.67399586824098,False,Normal
2023-09-20,Store001,SKU002,55,95.61958153640339,-40.61958153640339,False,Normal
2023-09-20,Store001,SKU003,67,56.27374477537709,10.72625522462291,True,Low Excess
2023-09-20,Store002,SKU001,43,190.55516881893084,-147.55516881893084,False,Normal
2023-09-20,Store002,SKU002,20,125.30724758024482,-105.30724758024482,False,Normal
2023-09-20,Store002,SKU003,72,41.68473489921584,30.31526510078416,True,Low Excess
2023-09-20,Store003,SKU001,84,179.4567860545019,-95.45678605450189,False,Normal
2023-09-20,Store003,SKU002,12,102.51175384737911,-90.51175384737911,False,Normal
2023-09-20,Store003,SKU003,59,54.29691795616819,4.703082043831813,True,Low Excess
2023-09-21,Store001,SKU001,28,139.17399586824098,-111.17399586824098,False,Normal
2023-09-21,Store001,SKU002,48,92.40529582211767,-44.405295822117665,False,Normal
2023-09-21,Store001,SKU003,84,53.70231620394853,30.297683796051473,True,Low Excess
2023-09-21,Store002,SKU001,35,160.55516881893084,-125.55516881893084,False,Normal
2023-09-21,Store002,SKU002,14,123.16439043738768,-109.16439043738768,False,Normal
2023-09-21,Store002,SKU003,65,42.97044918493013,22.029550815069868,True,Low Excess
2023-09-21,Store003,SKU001,50,179.4567860545019,-129.4567860545019,False,Normal
2023-09-21,Store003,SKU002,57,98.22603956166483,-41.226039561664834,False,Normal
2023-09-21,Store003,SKU003,54,54.29691795616819,-0.29691795616818695,False,Normal
2023-09-22,Store001,SKU001,24,130.17399586824098,-106.17399586824098,False,Normal
2023-09-22,Store001,SKU002,35,89.19101010783194,-54.19101010783194,False,Normal
2023-09-22,Store001,SKU003,60,60.13088763251994,-0.1308876325199435,False,Normal
2023-09-22,Store002,SKU001,52,142.55516881893084,-90.55516881893084,False,Normal
2023-09-22,Store002,SKU002,77,127.45010472310196,-50.45010472310196,False,Normal
2023-09-22,Store002,SKU003,12,42.97044918493013,-30.970449184930132,False,Normal
2023-09-22,Store003,SKU001,51,173.4567860545019,-122.45678605450189,False,Normal
2023-09-22,Store003,SKU002,56,92.86889670452197,-36.86889670452197,False,Normal
2023-09-22,Store003,SKU003,10,55.58263224188248,-45.58263224188248,False,Normal
2023-09-23,Store001,SKU001,97,139.17399586824098,-42.17399586824098,False,Normal
2023-09-23,Store001,SKU002,75,92.40529582211767,-17.405295822117665,False,Normal
2023-09-23,Store001,SKU003,44,57.55945906109138,-13.559459061091381,False,Normal
2023-09-23,Store002,SKU001,44,142.55516881893084,-98.55516881893084,False,Normal
2023-09-23,Store002,SKU002,87,117.80724758024482,-30.80724758024482,False,Normal
2023-09-23,Store002,SKU003,42,42.97044918493013,-0.970449184930132,False,Normal
2023-09-23,Store003,SKU001,18,188.4567860545019,-170.4567860545019,False,Normal
2023-09-23,Store003,SKU002,31,103.58318241880768,-72.58318241880768,False,Normal
2023-09-23,Store003,SKU003,43,57.51120367045391,-14.51120367045391,False,Normal
2023-09-24,Store001,SKU001,52,149.67399586824098,-97.67399586824098,False,Normal
2023-09-24,Store001,SKU002,60,88.11958153640339,-28.119581536403388,False,Normal
2023-09-24,Store001,SKU003,67,57.55945906109138,9.440540938908619,True,Low Excess
2023-09-24,Store002,SKU001,99,121.55516881893084,-22.555168818930838,False,Normal
2023-09-24,Store002,SKU002,58,110.30724758024482,-52.30724758024482,False,Normal
2023-09-24,Store002,SKU003,71,47.47044918493013,23.529550815069868,True,Low Excess
2023-09-24,Store003,SKU001,55,176.4567860545019,-121.45678605450189,False,Normal
2023-09-24,Store003,SKU002,42,107.86889670452197,-65.86889670452197,False,Normal
2023-09-24,Store003,SKU003,12,62.01120367045391,-50.01120367045391,False,Normal
2023-09-25,Store001,SKU001,52,148.17399586824098,-96.17399586824098,False,Normal
2023-09-25,Store001,SKU002,60,91.33386725068911,-31.33386725068911,False,Normal
2023-09-25,Store001,SKU003,94,55.63088763251994,38.36911236748006,True,Low Excess
2023-09-25,Store002,SKU001,67,114.05516881893084,-47.05516881893084,False,Normal
2023-09-25,Store002,SKU002,27,107.0929618659591,-80.0929618659591,False,Normal
2023-09-25,Store002,SKU003,18,45.5418777563587,-27.5418777563587,False,Normal
2023-09-25,Store003,SKU001,21,158.4567860545019,-137.4567860545019,False,Normal
2023-09-25,Store003,SKU002,12,111.08318241880768,-99.08318241880768,False,Normal
2023-09-25,Store003,SKU003,22,63.29691795616819,-41.29691795616819,False,Normal
2023-09-26,Store001,SKU001,22,130.17399586824098,-108.17399586824098,False,Normal
2023-09-26,Store001,SKU002,20,89.19101010783194,-69.19101010783194,False,Normal
2023-09-26,Store001,SKU003,48,58.84517334680565,-10.845173346805652,False,Normal
2023-09-26,Store002,SKU001,33,120.05516881893084,-87.05516881893084,False,Normal
2023-09-26,Store002,SKU002,58,101.73581900881625,-43.73581900881625,False,Normal
2023-09-26,Store002,SKU003,15,37.827592042072986,-22.827592042072986,False,Normal
2023-09-26,Store003,SKU001,29,138.9567860545019,-109.95678605450189,False,Normal
2023-09-26,Store003,SKU002,64,111.08318241880768,-47.08318241880768,False,Normal
2023-09-26,Store003,SKU003,85,60.725489384739625,24.274510615260375,True,Low Excess
2023-09-27,Store001,SKU001,45,128.67399586824098,-83.67399586824098,False,Normal
2023-09-27,Store001,SKU002,69,93.47672439354623,-24.476724393546235,False,Normal
2023-09-27,Store001,SKU003,81,60.13088763251994,20.869112367480056,True,Low Excess
2023-09-27,Store002,SKU001,26,127.55516881893084,-101.55516881893084,False,Normal
2023-09-27,Store002,SKU002,68,95.30724758024482,-27.30724758024482,False,Normal
2023-09-27,Store002,SKU003,60,44.89902061350156,15.100979386498437,True,Low Excess
2023-09-27,Store003,SKU001,87,132.9567860545019,-45.95678605450189,False,Normal
2023-09-27,Store003,SKU002,94,104.65461099023626,-10.654610990236264,False,Normal
2023-09-27,Store003,SKU003,62,57.51120367045391,4.488796329546091,True,Low Excess
2023-09-28,Store001,SKU001,59,118.17399586824097,-59.173995868240965,False,Normal
2023-09-28,Store001,SKU002,41,102.0481529649748,-61.048152964974804,False,Normal
2023-09-28,Store001,SKU003,39,60.77374477537709,-21.77374477537709,False,Normal
2023-09-28,Store002,SKU001,38,130.55516881893084,-92.55516881893084,False,Normal
2023-09-28,Store002,SKU002,85,98.52153329453054,-13.521533294530542,False,Normal
2023-09-28,Store002,SKU003,63,48.11330632778727,14.88669367221273,True,Low Excess
2023-09-28,Store003,SKU001,91,123.95678605450189,-32.95678605450189,False,Normal
2023-09-28,Store003,SKU002,62,100.36889670452197,-38.36889670452197,False,Normal
2023-09-28,Store003,SKU003,69,60.725489384739625,8.274510615260375,True,Low Excess
2023-09-29,Store001,SKU001,93,124.17399586824097,-31.173995868240965,False,Normal
2023-09-29,Store001,SKU002,65,111.69101010783194,-46.69101010783194,False,Normal
2023-09-29,Store001,SKU003,64,52.416601918234235,11.583398081765765,True,Low Excess
2023-09-29,Store002,SKU001,77,139.55516881893084,-62.55516881893084,False,Normal
2023-09-29,Store002,SKU002,46,98.52153329453054,-52.52153329453054,False,Normal
2023-09-29,Store002,SKU003,21,51.97044918493013,-30.970449184930132,False,Normal
2023-09-29,Store003,SKU001,35,129.9567860545019,-94.95678605450189,False,Normal
2023-09-29,Store003,SKU002,15,101.44032527595056,-86.44032527595056,False,Normal
2023-09-29,Store003,SKU003,14,60.725489384739625,-46.725489384739625,False,Normal
2023-09-30,Store001,SKU001,95,107.67399586824097,-12.673995868240965,False,Normal
2023-09-30,Store001,SKU002,49,112.76243867926051,-63.76243867926051,False,Normal
2023-09-30,Store001,SKU003,99,56.27374477537709,42.72625522462291,True,Low Excess
2023-09-30,Store002,SKU001,38,142.55516881893084,-104.55516881893084,False,Normal
2023-09-30,Store002,SKU002,25,96.3786761516734,-71.3786761516734,False,Normal
2023-09-30,Store002,SKU003,27,57.75616347064441,-30.75616347064441,False,Normal
2023-09-30,Store003,SKU001,97,119.45678605450189,-22.45678605450189,False,Normal
2023-09-30,Store003,SKU002,33,87.51175384737911,-54.51175384737911,False,Normal
2023-09-30,Store003,SKU003,83,57.51120367045391,25.48879632954609,True,Low Excess
2023-10-01,Store001,SKU001,23,104.67399586824097,-81.67399586824097,False,Normal
2023-10-01,Store001,SKU002,24,120.26243867926051,-96.26243867926051,False,Normal
2023-10-01,Store001,SKU003,73,53.70231620394853,19.297683796051473,True,Low Excess
2023-10-01,Store002,SKU001,55,142.55516881893084,-87.55516881893084,False,Normal
2023-10-01,Store002,SKU002,10,92.0929618659591,-82.0929618659591,False,Normal
2023-10-01,Store002,SKU003,73,63.5418777563587,9.458122243641299,True,Low Excess
2023-10-01,Store003,SKU001,85,114.95678605450189,-29.95678605450189,False,Normal
2023-10-01,Store003,SKU002,28,88.58318241880768,-60.58318241880768,False,Normal
2023-10-01,Store003,SKU003,34,53.01120367045391,-19.01120367045391,False,Normal
2023-10-02,Store001,SKU001,55,104.67399586824097,-49.673995868240965,False,Normal
2023-10-02,Store001,SKU002,65,117.0481529649748,-52.048152964974804,False,Normal
2023-10-02,Store001,SKU003,76,53.70231620394853,22.297683796051473,True,Low Excess
2023-10-02,Store002,SKU001,37,145.55516881893084,-108.55516881893084,False,Normal
2023-10-02,Store002,SKU002,72,95.30724758024482,-23.30724758024482,False,Normal
2023-10-02,Store002,SKU003,57,66.75616347064441,-9.75616347064441,False,Normal
2023-10-02,Store003,SKU001,27,114.95678605450189,-87.95678605450189,False,Normal
2023-10-02,Store003,SKU002,35,88.58318241880768,-53.58318241880768,False,Normal
2023-10-02,Store003,SKU003,81,49.79691795616819,31.203082043831813,True,Low Excess
2023-10-03,Store001,SKU001,11,101.67399586824097,-90.67399586824097,False,Normal
2023-10-03,Store001,SKU002,68,113.8338672506891,-45.833867250689096,False,Normal
2023-10-03,Store001,SKU003,88,47.916601918234235,40.083398081765765,True,Low Excess
2023-10-03,Store002,SKU001,75,133.55516881893084,-58.55516881893084,False,Normal
2023-10-03,Store002,SKU002,47,91.02153329453054,-44.02153329453054,False,Normal
2023-10-03,Store002,SKU003,13,71.25616347064441,-58.25616347064441,False,Normal
2023-10-03,Store003,SKU001,45,116.45678605450189,-71.45678605450189,False,Normal
2023-10-03,Store003,SKU002,73,83.22603956166483,-10.226039561664834,False,Normal
2023-10-03,Store003,SKU003,59,49.79691795616819,9.203082043831813,True,Low Excess
2023-10-04,Store001,SKU001,45,113.67399586824097,-68.67399586824097,False,Normal
2023-10-04,Store001,SKU002,55,108.47672439354622,-53.47672439354622,False,Normal
2023-10-04,Store001,SKU003,92,52.416601918234235,39.583398081765765,True,Low Excess
2023-10-04,Store002,SKU001,29,130.55516881893084,-101.55516881893084,False,Normal
2023-10-04,Store002,SKU002,73,93.16439043738768,-20.16439043738768,False,Normal
2023-10-04,Store002,SKU003,53,67.39902061350156,-14.399020613501563,False,Normal
2023-10-04,Store003,SKU001,41,113.45678605450189,-72.45678605450189,False,Normal
2023-10-04,Store003,SKU002,59,87.51175384737911,-28.51175384737911,False,Normal
2023-10-04,Store003,SKU003,46,47.868346527596756,-1.8683465275967563,False,Normal
2023-10-05,Store001,SKU001,10,124.17399586824097,-114.17399586824097,False,Normal
2023-10-05,Store001,SKU002,77,106.3338672506891,-29.333867250689096,False,Normal
2023-10-05,Store001,SKU003,22,54.34517334680565,-32.34517334680565,False,Normal
2023-10-05,Store002,SKU001,35,133.55516881893084,-98.55516881893084,False,Normal
2023-10-05,Store002,SKU002,52,77.0929618659591,-25.092961865959097,False,Normal
2023-10-05,Store002,SKU003,39,64.827592042073,-25.827592042072993,False,Normal
2023-10-05,Store003,SKU001,74,125.45678605450189,-51.45678605450189,False,Normal
2023-10-05,Store003,SKU002,27,91.79746813309339,-64.79746813309339,False,Normal
2023-10-05,Store003,SKU003,42,46.58263224188248,-4.582632241882479,False,Normal
2023-10-06,Store001,SKU001,56,118.17399586824097,-62.173995868240965,False,Normal
2023-10-06,Store001,SKU002,35,99.90529582211767,-64.90529582211767,False,Normal
2023-10-06,Store001,SKU003,94,60.13088763251994,33.86911236748006,True,Low Excess
2023-10-06,Store002,SKU001,19,126.05516881893084,-107.05516881893084,False,Normal
2023-10-06,Store002,SKU002,29,74.95010472310199,-45.95010472310199,False,Normal
2023-10-06,Store002,SKU003,97,61.613306327787285,35.386693672212715,True,Low Excess
2023-10-06,Store003,SKU001,73,128.4567860545019,-55.45678605450189,False,Normal
2023-10-06,Store003,SKU002,54,92.86889670452197,-38.86889670452197,False,Normal
2023-10-06,Store003,SKU003,83,49.79691795616819,33.20308204383181,True,Low Excess
2023-10-07,Store001,SKU001,67,152.67399586824098,-85.67399586824098,False,Normal
2023-10-07,Store001,SKU002,12,103.11958153640339,-91.11958153640339,False,Normal
2023-10-07,Store001,SKU003,35,55.63088763251994,-20.630887632519944,False,Normal
2023-10-07,Store002,SKU001,34,118.55516881893084,-84.55516881893084,False,Normal
2023-10-07,Store002,SKU002,86,84.5929618659591,1.4070381340409028,True,Low Excess
2023-10-07,Store002,SKU003,18,54.5418777563587,-36.5418777563587,False,Normal
2023-10-07,Store003,SKU001,12,123.95678605450189,-111.95678605450189,False,Normal
2023-10-07,Store003,SKU002,99,81.08318241880768,17.91681758119232,True,Low Excess
2023-10-07,Store003,SKU003,60,51.725489384739625,8.274510615260375,True,Low Excess
2023-10-08,Store001,SKU001,84,155.67399586824098,-71.67399586824098,False,Normal
2023-10-08,Store001,SKU002,77,92.40529582211767,-15.405295822117665,False,Normal
2023-10-08,Store001,SKU003,79,56.27374477537709,22.72625522462291,True,Low Excess
2023-10-08,Store002,SKU001,57,112.55516881893084,-55.55516881893084,False,Normal
2023-10-08,Store002,SKU002,92,97.45010472310199,-5.450104723101987,False,Normal
2023-10-08,Store002,SKU003,88,49.399020613501555,38.600979386498445,True,Low Excess
2023-10-08,Store003,SKU001,50,129.9567860545019,-79.95678605450189,False,Normal
2023-10-08,Store003,SKU002,48,87.51175384737911,-39.51175384737911,False,Normal
2023-10-08,Store003,SKU003,20,50.43977509902533,-30.439775099025333,False,Normal
2023-10-09,Store001,SKU001,71,160.17399586824098,-89.17399586824098,False,Normal
2023-10-09,Store001,SKU002,74,88.11958153640339,-14.119581536403388,False,Normal
2023-10-09,Store001,SKU003,39,53.70231620394853,-14.702316203948527,False,Normal
2023-10-09,Store002,SKU001,87,111.05516881893084,-24.055168818930838,False,Normal
2023-10-09,Store002,SKU002,35,98.52153329453054,-63.52153329453054,False,Normal
2023-10-09,Store002,SKU003,31,45.5418777563587,-14.541877756358701,False,Normal
2023-10-09,Store003,SKU001,94,125.45678605450189,-31.45678605450189,False,Normal
2023-10-09,Store003,SKU002,72,84.29746813309339,-12.297468133093389,False,Normal
2023-10-09,Store003,SKU003,11,49.15406081331104,-38.15406081331104,False,Normal
2023-10-10,Store001,SKU001,31,158.67399586824098,-127.67399586824098,False,Normal
2023-10-10,Store001,SKU002,52,95.61958153640339,-43.61958153640339,False,Normal
2023-10-10,Store001,SKU003,82,58.20231620394853,23.797683796051473,True,Low Excess
2023-10-10,Store002,SKU001,52,123.05516881893084,-71.05516881893084,False,Normal
2023-10-10,Store002,SKU002,20,96.3786761516734,-76.3786761516734,False,Normal
2023-10-10,Store002,SKU003,64,43.61330632778727,20.38669367221273,True,Low Excess
2023-10-10,Store003,SKU001,91,132.9567860545019,-41.95678605450189,False,Normal
2023-10-10,Store003,SKU002,26,82.15461099023626,-56.154610990236264,False,Normal
2023-10-10,Store003,SKU003,77,50.43977509902533,26.560224900974667,True,Low Excess
2023-10-11,Store001,SKU001,20,148.17399586824098,-128.17399586824098,False,Normal
2023-10-11,Store001,SKU002,47,104.19101010783194,-57.19101010783194,False,Normal
2023-10-11,Store001,SKU003,36,51.77374477537709,-15.77374477537709,False,Normal
2023-10-11,Store002,SKU001,28,127.55516881893084,-99.55516881893084,False,Normal
2023-10-11,Store002,SKU002,46,99.5929618659591,-53.5929618659591,False,Normal
2023-10-11,Store002,SKU003,86,46.18473489921584,39.81526510078416,True,Low Excess
2023-10-11,Store003,SKU001,69,140.4567860545019,-71.45678605450189,False,Normal
2023-10-11,Store003,SKU002,23,88.58318241880768,-65.58318241880768,False,Normal
2023-10-11,Store003,SKU003,82,53.01120367045391,28.98879632954609,True,Low Excess
2023-10-12,Store001,SKU001,31,145.17399586824098,-114.17399586824098,False,Normal
2023-10-12,Store001,SKU002,59,94.54815296497482,-35.54815296497482,False,Normal
2023-10-12,Store001,SKU003,90,51.13088763251994,38.86911236748006,True,Low Excess
2023-10-12,Store002,SKU001,87,121.55516881893084,-34.55516881893084,False,Normal
2023-10-12,Store002,SKU002,16,106.02153329453054,-90.02153329453054,False,Normal
2023-10-12,Store002,SKU003,48,43.61330632778727,4.386693672212729,True,Low Excess
2023-10-12,Store003,SKU001,15,141.9567860545019,-126.95678605450189,False,Normal
2023-10-12,Store003,SKU002,10,96.08318241880768,-86.08318241880768,False,Normal
2023-10-12,Store003,SKU003,67,51.725489384739625,15.274510615260375,True,Low Excess
2023-10-13,Store001,SKU001,53,146.67399586824098,-93.67399586824098,False,Normal
2023-10-13,Store001,SKU002,87,90.26243867926053,-3.2624386792605264,False,Normal
2023-10-13,Store001,SKU003,50,47.916601918234235,2.0833980817657647,True,Low Excess
2023-10-13,Store002,SKU001,42,112.55516881893084,-70.55516881893084,False,Normal
2023-10-13,Store002,SKU002,27,107.0929618659591,-80.0929618659591,False,Normal
2023-10-13,Store002,SKU003,77,44.89902061350156,32.10097938649844,True,Low Excess
2023-10-13,Store003,SKU001,40,137.4567860545019,-97.45678605450189,False,Normal
2023-10-13,Store003,SKU002,39,91.79746813309339,-52.79746813309339,False,Normal
2023-10-13,Store003,SKU003,75,47.868346527596756,27.131653472403244,True,Low Excess
2023-10-14,Store001,SKU001,63,122.67399586824097,-59.673995868240965,False,Normal
2023-10-14,Store001,SKU002,69,88.11958153640339,-19.119581536403388,False,Normal
2023-10-14,Store001,SKU003,65,51.13088763251994,13.869112367480056,True,Low Excess
2023-10-14,Store002,SKU001,56,123.05516881893084,-67.05516881893084,False,Normal
2023-10-14,Store002,SKU002,36,106.02153329453054,-70.02153329453054,False,Normal
2023-10-14,Store002,SKU003,63,51.32759204207299,11.672407957927007,True,Low Excess
2023-10-14,Store003,SKU001,98,134.4567860545019,-36.45678605450189,False,Normal
2023-10-14,Store003,SKU002,88,93.94032527595056,-5.940325275950556,False,Normal
2023-10-14,Store003,SKU003,77,44.65406081331105,32.34593918668895,True,Low Excess
2023-10-15,Store001,SKU001,55,127.17399586824097,-72.17399586824097,False,Normal
2023-10-15,Store001,SKU002,63,89.19101010783194,-26.191010107831943,False,Normal
2023-10-15,Store001,SKU003,27,55.63088763251994,-28.630887632519944,False,Normal
2023-10-15,Store002,SKU001,82,132.05516881893084,-50.05516881893084,False,Normal
2023-10-15,Store002,SKU002,99,100.66439043738768,-1.6643904373876808,False,Normal
2023-10-15,Store002,SKU003,12,49.399020613501555,-37.399020613501555,False,Normal
2023-10-15,Store003,SKU001,83,132.9567860545019,-49.95678605450189,False,Normal
2023-10-15,Store003,SKU002,35,91.79746813309339,-56.79746813309339,False,Normal
2023-10-15,Store003,SKU003,40,47.868346527596756,-7.868346527596756,False,Normal
2023-10-16,Store001,SKU001,30,119.67399586824097,-89.67399586824097,False,Normal
2023-10-16,Store001,SKU002,25,96.69101010783194,-71.69101010783194,False,Normal
2023-10-16,Store001,SKU003,40,56.916601918234235,-16.916601918234235,False,Normal
2023-10-16,Store002,SKU001,79,126.05516881893084,-47.05516881893084,False,Normal
2023-10-16,Store002,SKU002,19,93.16439043738768,-74.16439043738768,False,Normal
2023-10-16,Store002,SKU003,11,50.0418777563587,-39.0418777563587,False,Normal
2023-10-16,Store003,SKU001,16,125.45678605450189,-109.45678605450189,False,Normal
2023-10-16,Store003,SKU002,52,93.94032527595056,-41.940325275950556,False,Normal
2023-10-16,Store003,SKU003,41,54.29691795616819,-13.296917956168187,False,Normal
2023-10-17,Store001,SKU001,22,121.17399586824097,-99.17399586824097,False,Normal
2023-10-17,Store001,SKU002,45,93.47672439354623,-48.476724393546235,False,Normal
2023-10-17,Store001,SKU003,12,53.05945906109138,-41.05945906109138,False,Normal
2023-10-17,Store002,SKU001,47,138.05516881893084,-91.05516881893084,False,Normal
2023-10-17,Store002,SKU002,33,97.45010472310199,-64.45010472310199,False,Normal
2023-10-17,Store002,SKU003,93,51.97044918493013,41.02955081506987,True,Low Excess
2023-10-17,Store003,SKU001,39,131.4567860545019,-92.45678605450189,False,Normal
2023-10-17,Store003,SKU002,40,92.86889670452197,-52.86889670452197,False,Normal
2023-10-17,Store003,SKU003,37,53.65406081331104,-16.65406081331104,False,Normal
2023-10-18,Store001,SKU001,85,124.17399586824097,-39.173995868240965,False,Normal
2023-10-18,Store001,SKU002,13,84.90529582211767,-71.90529582211767,False,Normal
2023-10-18,Store001,SKU003,47,51.13088763251994,-4.1308876325199435,False,Normal
2023-10-18,Store002,SKU001,87,138.05516881893084,-51.05516881893084,False,Normal
2023-10-18,Store002,SKU002,31,93.16439043738768,-62.16439043738768,False,Normal
2023-10-18,Store002,SKU003,18,51.32759204207299,-33.32759204207299,False,Normal
2023-10-18,Store003,SKU001,25,129.9567860545019,-104.95678605450189,False,Normal
2023-10-18,Store003,SKU002,40,87.51175384737911,-47.51175384737911,False,Normal
2023-10-18,Store003,SKU003,71,51.725489384739625,19.274510615260375,True,Low Excess
2023-10-19,Store001,SKU001,41,130.17399586824098,-89.17399586824098,False,Normal
2023-10-19,Store001,SKU002,40,95.61958153640339,-55.61958153640339,False,Normal
2023-10-19,Store001,SKU003,27,49.20231620394853,-22.202316203948527,False,Normal
2023-10-19,Store002,SKU001,97,148.55516881893084,-51.55516881893084,False,Normal
2023-10-19,Store002,SKU002,11,94.23581900881625,-83.23581900881625,False,Normal
2023-10-19,Store002,SKU003,71,50.0418777563587,20.9581222436413,True,Low Excess
2023-10-19,Store003,SKU001,68,140.4567860545019,-72.45678605450189,False,Normal
2023-10-19,Store003,SKU002,79,91.79746813309339,-12.797468133093389,False,Normal
2023-10-19,Store003,SKU003,58,51.08263224188248,6.917367758117521,True,Low Excess
2023-10-20,Store001,SKU001,19,164.67399586824098,-145.67399586824098,False,Normal
2023-10-20,Store001,SKU002,89,99.90529582211767,-10.905295822117665,False,Normal
2023-10-20,Store001,SKU003,31,54.988030489662805,-23.988030489662805,False,Normal
2023-10-20,Store002,SKU001,22,183.05516881893084,-161.05516881893084,False,Normal
2023-10-20,Store002,SKU002,54,92.0929618659591,-38.0929618659591,False,Normal
2023-10-20,Store002,SKU003,38,49.399020613501555,-11.399020613501555,False,Normal
2023-10-20,Store003,SKU001,17,131.4567860545019,-114.45678605450189,False,Normal
2023-10-20,Store003,SKU002,82,97.15461099023626,-15.154610990236264,False,Normal
2023-10-20,Store003,SKU003,44,50.43977509902533,-6.439775099025333,False,Normal
2023-10-21,Store001,SKU001,10,169.17399586824098,-159.17399586824098,False,Normal
2023-10-21,Store001,SKU002,72,94.54815296497482,-22.54815296497482,False,Normal
2023-10-21,Store001,SKU003,22,62.70231620394853,-40.70231620394853,False,Normal
2023-10-21,Store002,SKU001,17,175.55516881893084,-158.55516881893084,False,Normal
2023-10-21,Store002,SKU002,97,82.45010472310199,14.549895276898013,True,Low Excess
2023-10-21,Store002,SKU003,81,53.899020613501555,27.100979386498445,True,Low Excess
2023-10-21,Store003,SKU001,63,134.4567860545019,-71.45678605450189,False,Normal
2023-10-21,Store003,SKU002,12,98.22603956166483,-86.22603956166483,False,Normal
2023-10-21,Store003,SKU003,91,57.51120367045391,33.48879632954609,True,Low Excess
2023-10-22,Store001,SKU001,87,164.67399586824098,-77.67399586824098,False,Normal
2023-10-22,Store001,SKU002,20,99.90529582211767,-79.90529582211767,False,Normal
2023-10-22,Store001,SKU003,50,58.84517334680565,-8.845173346805652,False,Normal
2023-10-22,Store002,SKU001,74,175.55516881893084,-101.55516881893084,False,Normal
2023-10-22,Store002,SKU002,97,87.80724758024482,9.19275241975518,True,Low Excess
2023-10-22,Store002,SKU003,24,60.32759204207299,-36.32759204207299,False,Normal
2023-10-22,Store003,SKU001,22,134.4567860545019,-112.45678605450189,False,Normal
2023-10-22,Store003,SKU002,59,91.79746813309339,-32.79746813309339,False,Normal
2023-10-22,Store003,SKU003,95,54.93977509902533,40.06022490097467,True,Low Excess
2023-10-23,Store001,SKU001,72,169.17399586824098,-97.17399586824098,False,Normal
2023-10-23,Store001,SKU002,80,105.26243867926051,-25.262438679260512,False,Normal
2023-10-23,Store001,SKU003,49,63.9880304896628,-14.988030489662798,False,Normal
2023-10-23,Store002,SKU001,28,208.55516881893084,-180.55516881893084,False,Normal
2023-10-23,Store002,SKU002,72,86.73581900881625,-14.73581900881625,False,Normal
2023-10-23,Store002,SKU003,90,60.97044918493013,29.029550815069868,True,Low Excess
2023-10-23,Store003,SKU001,72,140.4567860545019,-68.45678605450189,False,Normal
2023-10-23,Store003,SKU002,18,88.58318241880768,-70.58318241880768,False,Normal
2023-10-23,Store003,SKU003,90,53.01120367045391,36.98879632954609,True,Low Excess
2023-10-24,Store001,SKU001,62,176.67399586824098,-114.67399586824098,False,Normal
2023-10-24,Store001,SKU002,42,111.69101010783194,-69.69101010783194,False,Normal
2023-10-24,Store001,SKU003,55,63.34517334680565,-8.345173346805652,False,Normal
2023-10-24,Store002,SKU001,87,186.05516881893084,-99.05516881893084,False,Normal
2023-10-24,Store002,SKU002,42,91.02153329453054,-49.02153329453054,False,Normal
2023-10-24,Store002,SKU003,53,60.32759204207299,-7.327592042072993,False,Normal
2023-10-24,Store003,SKU001,45,140.4567860545019,-95.45678605450189,False,Normal
2023-10-24,Store003,SKU002,42,97.15461099023626,-55.154610990236264,False,Normal
2023-10-24,Store003,SKU003,39,53.01120367045391,-14.01120367045391,False,Normal
2023-10-25,Store001,SKU001,43,184.17399586824098,-141.17399586824098,False,Normal
2023-10-25,Store001,SKU002,31,115.97672439354622,-84.97672439354622,False,Normal
2023-10-25,Store001,SKU003,60,67.20231620394853,-7.202316203948527,False,Normal
2023-10-25,Store002,SKU001,34,175.55516881893084,-141.55516881893084,False,Normal
2023-10-25,Store002,SKU002,64,92.0929618659591,-28.092961865959097,False,Normal
2023-10-25,Store002,SKU003,65,56.47044918493013,8.529550815069868,True,Low Excess
2023-10-25,Store003,SKU001,34,146.4567860545019,-112.45678605450189,False,Normal
2023-10-25,Store003,SKU002,39,99.29746813309339,-60.29746813309339,False,Normal
2023-10-25,Store003,SKU003,62,56.225489384739625,5.774510615260375,True,Low Excess
2023-10-26,Store001,SKU001,39,194.67399586824098,-155.67399586824098,False,Normal
2023-10-26,Store001,SKU002,97,105.26243867926051,-8.262438679260512,False,Normal
2023-10-26,Store001,SKU003,62,67.84517334680565,-5.845173346805652,False,Normal
2023-10-26,Store002,SKU001,65,186.05516881893084,-121.05516881893084,False,Normal
2023-10-26,Store002,SKU002,26,83.52153329453054,-57.52153329453054,False,Normal
2023-10-26,Store002,SKU003,80,64.18473489921584,15.81526510078416,True,Low Excess
2023-10-26,Store003,SKU001,56,137.4567860545019,-81.45678605450189,False,Normal
2023-10-26,Store003,SKU002,63,91.79746813309339,-28.79746813309339,False,Normal
2023-10-26,Store003,SKU003,55,53.65406081331104,1.345939186688959,True,Low Excess
2023-10-27,Store001,SKU001,43,169.17399586824098,-126.17399586824098,False,Normal
2023-10-27,Store001,SKU002,67,102.0481529649748,-35.048152964974804,False,Normal
2023-10-27,Store001,SKU003,25,66.55945906109139,-41.55945906109139,False,Normal
2023-10-27,Store002,SKU001,43,157.55516881893084,-114.55516881893084,False,Normal
2023-10-27,Store002,SKU002,75,84.5929618659591,-9.592961865959097,False,Normal
2023-10-27,Store002,SKU003,78,68.0418777563587,9.958122243641299,True,Low Excess
2023-10-27,Store003,SKU001,69,143.4567860545019,-74.45678605450189,False,Normal
2023-10-27,Store003,SKU002,57,88.58318241880768,-31.58318241880768,False,Normal
2023-10-27,Store003,SKU003,99,57.51120367045391,41.48879632954609,True,Low Excess
2023-10-28,Store001,SKU001,45,151.17399586824098,-106.17399586824098,False,Normal
2023-10-28,Store001,SKU002,69,111.69101010783194,-42.69101010783194,False,Normal
2023-10-28,Store001,SKU003,21,56.27374477537709,-35.27374477537709,False,Normal
2023-10-28,Store002,SKU001,87,163.55516881893084,-76.55516881893084,False,Normal
2023-10-28,Store002,SKU002,56,89.95010472310199,-33.95010472310199,False,Normal
2023-10-28,Store002,SKU003,87,59.0418777563587,27.9581222436413,True,Low Excess
2023-10-28,Store003,SKU001,51,167.4567860545019,-116.45678605450189,False,Normal
2023-10-28,Store003,SKU002,61,99.29746813309339,-38.29746813309339,False,Normal
2023-10-28,Store003,SKU003,58,51.08263224188248,6.917367758117521,True,Low Excess
2023-10-29,Store001,SKU001,82,155.67399586824098,-73.67399586824098,False,Normal
2023-10-29,Store001,SKU002,50,118.11958153640336,-68.11958153640336,False,Normal
2023-10-29,Store001,SKU003,79,56.916601918234235,22.083398081765765,True,Low Excess
2023-10-29,Store002,SKU001,74,156.05516881893084,-82.05516881893084,False,Normal
2023-10-29,Store002,SKU002,35,82.45010472310199,-47.45010472310199,False,Normal
2023-10-29,Store002,SKU003,17,53.899020613501555,-36.899020613501555,False,Normal
2023-10-29,Store003,SKU001,41,162.9567860545019,-121.95678605450189,False,Normal
2023-10-29,Store003,SKU002,27,99.29746813309339,-72.29746813309339,False,Normal
2023-10-29,Store003,SKU003,59,49.15406081331104,9.845939186688959,True,Low Excess
2023-10-30,Store001,SKU001,32,170.67399586824098,-138.67399586824098,False,Normal
2023-10-30,Store001,SKU002,74,107.40529582211767,-33.405295822117665,False,Normal
2023-10-30,Store001,SKU003,60,56.27374477537709,3.7262552246229106,True,Low Excess
2023-10-30,Store002,SKU001,25,136.55516881893084,-111.55516881893084,False,Normal
2023-10-30,Store002,SKU002,77,95.30724758024482,-18.30724758024482,False,Normal
2023-10-30,Store002,SKU003,42,54.5418777563587,-12.541877756358701,False,Normal
2023-10-30,Store003,SKU001,51,174.9567860545019,-123.95678605450189,False,Normal
2023-10-30,Store003,SKU002,16,98.22603956166483,-82.22603956166483,False,Normal
2023-10-30,Store003,SKU003,85,46.58263224188248,38.41736775811752,True,Low Excess
2023-10-31,Store001,SKU001,27,157.17399586824098,-130.17399586824098,False,Normal
2023-10-31,Store001,SKU002,99,99.90529582211767,-0.9052958221176652,False,Normal
2023-10-31,Store001,SKU003,35,54.34517334680565,-19.34517334680565,False,Normal
2023-10-31,Store002,SKU001,61,139.55516881893084,-78.55516881893084,False,Normal
2023-10-31,Store002,SKU002,47,95.30724758024482,-48.30724758024482,False,Normal
2023-10-31,Store002,SKU003,98,55.18473489921585,42.81526510078415,True,Low Excess
2023-10-31,Store003,SKU001,54,173.4567860545019,-119.45678605450189,False,Normal
2023-10-31,Store003,SKU002,11,98.22603956166483,-87.22603956166483,False,Normal
2023-10-31,Store003,SKU003,57,42.72548938473962,14.274510615260382,True,Low Excess
2023-11-01,Store001,SKU001,76,170.67399586824098,-94.67399586824098,False,Normal
2023-11-01,Store001,SKU002,43,93.47672439354623,-50.476724393546235,False,Normal
2023-11-01,Store001,SKU003,89,57.55945906109138,31.44054093890862,True,Low Excess
2023-11-01,Store002,SKU001,45,168.05516881893084,-123.05516881893084,False,Normal
2023-11-01,Store002,SKU002,78,103.8786761516734,-25.878676151673403,False,Normal
2023-11-01,Store002,SKU003,57,59.0418777563587,-2.0418777563587014,False,Normal
2023-11-01,Store003,SKU001,70,174.9567860545019,-104.95678605450189,False,Normal
2023-11-01,Store003,SKU002,23,107.86889670452197,-84.86889670452197,False,Normal
2023-11-01,Store003,SKU003,76,40.15406081331105,35.84593918668895,True,Low Excess
2023-11-02,Store001,SKU001,26,160.17399586824098,-134.17399586824098,False,Normal
2023-11-02,Store001,SKU002,16,107.40529582211767,-91.40529582211767,False,Normal
2023-11-02,Store001,SKU003,91,56.916601918234235,34.083398081765765,True,Low Excess
2023-11-02,Store002,SKU001,14,153.05516881893084,-139.05516881893084,False,Normal
2023-11-02,Store002,SKU002,20,117.80724758024482,-97.80724758024482,False,Normal
2023-11-02,Store002,SKU003,91,59.0418777563587,31.9581222436413,True,Low Excess
2023-11-02,Store003,SKU001,89,177.9567860545019,-88.95678605450189,False,Normal
2023-11-02,Store003,SKU002,85,103.58318241880768,-18.58318241880768,False,Normal
2023-11-02,Store003,SKU003,26,42.08263224188248,-16.08263224188248,False,Normal
2023-11-03,Store001,SKU001,90,170.67399586824098,-80.67399586824098,False,Normal
2023-11-03,Store001,SKU002,49,118.11958153640336,-69.11958153640336,False,Normal
2023-11-03,Store001,SKU003,31,53.70231620394853,-22.702316203948527,False,Normal
2023-11-03,Store002,SKU001,58,174.05516881893084,-116.05516881893084,False,Normal
2023-11-03,Store002,SKU002,34,125.30724758024482,-91.30724758024482,False,Normal
2023-11-03,Store002,SKU003,22,59.68473489921585,-37.68473489921585,False,Normal
2023-11-03,Store003,SKU001,19,194.4567860545019,-175.4567860545019,False,Normal
2023-11-03,Store003,SKU002,90,103.58318241880768,-13.58318241880768,False,Normal
2023-11-03,Store003,SKU003,50,38.868346527596756,11.131653472403244,True,Low Excess
2023-11-04,Store001,SKU001,93,200.67399586824098,-107.67399586824098,False,Normal
2023-11-04,Store001,SKU002,73,108.47672439354622,-35.47672439354622,False,Normal
2023-11-04,Store001,SKU003,86,56.916601918234235,29.083398081765765,True,Low Excess
2023-11-04,Store002,SKU001,37,198.05516881893084,-161.05516881893084,False,Normal
2023-11-04,Store002,SKU002,81,140.30724758024482,-59.30724758024482,False,Normal
2023-11-04,Store002,SKU003,84,69.97044918493015,14.029550815069854,True,Low Excess
2023-11-04,Store003,SKU001,10,176.4567860545019,-166.4567860545019,False,Normal
2023-11-04,Store003,SKU002,22,105.72603956166483,-83.72603956166483,False,Normal
2023-11-04,Store003,SKU003,95,51.08263224188248,43.91736775811752,True,Low Excess
2023-11-05,Store001,SKU001,53,217.17399586824098,-164.17399586824098,False,Normal
2023-11-05,Store001,SKU002,48,104.19101010783194,-56.19101010783194,False,Normal
2023-11-05,Store001,SKU003,97,63.34517334680565,33.65482665319435,True,Low Excess
2023-11-05,Store002,SKU001,76,223.55516881893084,-147.55516881893084,False,Normal
2023-11-05,Store002,SKU002,99,161.73581900881624,-62.735819008816236,False,Normal
2023-11-05,Store002,SKU003,19,73.18473489921584,-54.18473489921584,False,Normal
2023-11-05,Store003,SKU001,34,180.9567860545019,-146.9567860545019,False,Normal
2023-11-05,Store003,SKU002,26,125.01175384737911,-99.01175384737911,False,Normal
2023-11-05,Store003,SKU003,82,62.01120367045391,19.98879632954609,True,Low Excess
2023-11-06,Store001,SKU001,47,235.17399586824098,-188.17399586824098,False,Normal
2023-11-06,Store001,SKU002,68,107.40529582211767,-39.405295822117665,False,Normal
2023-11-06,Store001,SKU003,83,61.416601918234235,21.583398081765765,True,Low Excess
2023-11-06,Store002,SKU001,26,225.05516881893084,-199.05516881893084,False,Normal
2023-11-06,Store002,SKU002,37,162.80724758024482,-125.80724758024482,False,Normal
2023-11-06,Store002,SKU003,27,78.97044918493015,-51.970449184930146,False,Normal
2023-11-06,Store003,SKU001,84,191.4567860545019,-107.45678605450189,False,Normal
2023-11-06,Store003,SKU002,61,135.72603956166483,-74.72603956166483,False,Normal
2023-11-06,Store003,SKU003,16,60.08263224188248,-44.08263224188248,False,Normal
2023-11-07,Store001,SKU001,46,253.17399586824098,-207.17399586824098,False,Normal
2023-11-07,Store001,SKU002,28,113.8338672506891,-85.8338672506891,False,Normal
2023-11-07,Store001,SKU003,94,65.91660191823424,28.083398081765765,True,Low Excess
2023-11-07,Store002,SKU001,57,229.55516881893084,-172.55516881893084,False,Normal
2023-11-07,Store002,SKU002,89,181.02153329453054,-92.02153329453054,False,Normal
2023-11-07,Store002,SKU003,70,81.5418777563587,-11.541877756358701,False,Normal
2023-11-07,Store003,SKU001,43,192.95678605450183,-149.95678605450183,False,Normal
2023-11-07,Store003,SKU002,88,143.22603956166483,-55.226039561664834,False,Normal
2023-11-07,Store003,SKU003,97,65.22548938473963,31.77451061526037,True,Low Excess
2023-11-08,Store001,SKU001,19,227.67399586824098,-208.67399586824098,False,Normal
2023-11-08,Store001,SKU002,59,133.11958153640336,-74.11958153640336,False,Normal
2023-11-08,Store001,SKU003,98,62.05945906109138,35.94054093890862,True,Low Excess
2023-11-08,Store002,SKU001,83,232.55516881893084,-149.55516881893084,False,Normal
2023-11-08,Store002,SKU002,70,166.02153329453054,-96.02153329453054,False,Normal
2023-11-08,Store002,SKU003,42,89.89902061350158,-47.89902061350158,False,Normal
2023-11-08,Store003,SKU001,49,207.9567860545019,-158.9567860545019,False,Normal
2023-11-08,Store003,SKU002,71,135.72603956166483,-64.72603956166483,False,Normal
2023-11-08,Store003,SKU003,90,70.36834652759676,19.631653472403244,True,Low Excess
2023-11-09,Store001,SKU001,95,226.17399586824098,-131.17399586824098,False,Normal
2023-11-09,Store001,SKU002,49,135.26243867926053,-86.26243867926053,False,Normal
2023-11-09,Store001,SKU003,76,63.34517334680565,12.654826653194348,True,Low Excess
2023-11-09,Store002,SKU001,55,261.05516881893084,-206.05516881893084,False,Normal
2023-11-09,Store002,SKU002,44,164.95010472310196,-120.95010472310196,False,Normal
2023-11-09,Store002,SKU003,66,93.11330632778726,-27.113306327787257,False,Normal
2023-11-09,Store003,SKU001,87,221.4567860545019,-134.4567860545019,False,Normal
2023-11-09,Store003,SKU002,86,137.86889670452194,-51.868896704521944,False,Normal
2023-11-09,Store003,SKU003,46,72.29691795616819,-26.296917956168187,False,Normal
2023-11-10,Store001,SKU001,94,220.17399586824098,-126.17399586824098,False,Normal
2023-11-10,Store001,SKU002,15,128.83386725068908,-113.83386725068908,False,Normal
2023-11-10,Store001,SKU003,49,69.13088763251994,-20.130887632519944,False,Normal
2023-11-10,Store002,SKU001,46,256.55516881893084,-210.55516881893084,False,Normal
2023-11-10,Store002,SKU002,23,162.80724758024482,-139.80724758024482,False,Normal
2023-11-10,Store002,SKU003,48,85.39902061350156,-37.39902061350156,False,Normal
2023-11-10,Store003,SKU001,25,216.9567860545019,-191.9567860545019,False,Normal
2023-11-10,Store003,SKU002,57,140.0117538473791,-83.01175384737911,False,Normal
2023-11-10,Store003,SKU003,16,72.93977509902533,-56.939775099025326,False,Normal
2023-11-11,Store001,SKU001,27,220.17399586824098,-193.17399586824098,False,Normal
2023-11-11,Store001,SKU002,15,141.69101010783194,-126.69101010783194,False,Normal
2023-11-11,Store001,SKU003,86,76.84517334680565,9.154826653194348,True,Low Excess
2023-11-11,Store002,SKU001,51,249.05516881893084,-198.05516881893084,False,Normal
2023-11-11,Store002,SKU002,78,147.80724758024482,-69.80724758024482,False,Normal
2023-11-11,Store002,SKU003,52,80.25616347064441,-28.25616347064441,False,Normal
2023-11-11,Store003,SKU001,37,218.4567860545019,-181.4567860545019,False,Normal
2023-11-11,Store003,SKU002,17,136.7974681330934,-119.79746813309339,False,Normal
2023-11-11,Store003,SKU003,49,70.36834652759676,-21.368346527596756,False,Normal
2023-11-12,Store001,SKU001,77,200.67399586824098,-123.67399586824098,False,Normal
2023-11-12,Store001,SKU002,34,142.76243867926053,-108.76243867926053,False,Normal
2023-11-12,Store001,SKU003,74,74.91660191823424,-0.9166019182342353,False,Normal
2023-11-12,Store002,SKU001,40,249.05516881893084,-209.05516881893084,False,Normal
2023-11-12,Store002,SKU002,91,121.02153329453054,-30.021533294530542,False,Normal
2023-11-12,Store002,SKU003,39,78.97044918493015,-39.970449184930146,False,Normal
2023-11-12,Store003,SKU001,44,254.4567860545019,-210.4567860545019,False,Normal
2023-11-12,Store003,SKU002,33,118.58318241880768,-85.58318241880768,False,Normal
2023-11-12,Store003,SKU003,27,63.93977509902533,-36.93977509902533,False,Normal
2023-11-13,Store001,SKU001,86,172.17399586824098,-86.17399586824098,False,Normal
2023-11-13,Store001,SKU002,24,140.61958153640336,-116.61958153640336,False,Normal
2023-11-13,Store001,SKU003,77,77.4880304896628,-0.4880304896628047,False,Normal
2023-11-13,Store002,SKU001,99,255.05516881893084,-156.05516881893084,False,Normal
2023-11-13,Store002,SKU002,50,118.8786761516734,-68.8786761516734,False,Normal
2023-11-13,Store002,SKU003,53,74.47044918493015,-21.470449184930146,False,Normal
2023-11-13,Store003,SKU001,62,242.4567860545019,-180.4567860545019,False,Normal
2023-11-13,Store003,SKU002,99,116.44032527595053,-17.440325275950528,False,Normal
2023-11-13,Store003,SKU003,24,71.65406081331105,-47.65406081331105,False,Normal
2023-11-14,Store001,SKU001,89,160.17399586824098,-71.17399586824098,False,Normal
2023-11-14,Store001,SKU002,87,141.69101010783194,-54.69101010783194,False,Normal
2023-11-14,Store001,SKU003,42,77.4880304896628,-35.488030489662805,False,Normal
2023-11-14,Store002,SKU001,47,268.55516881893084,-221.55516881893084,False,Normal
2023-11-14,Store002,SKU002,50,98.52153329453054,-48.52153329453054,False,Normal
2023-11-14,Store002,SKU003,54,73.827592042073,-19.827592042072993,False,Normal
2023-11-14,Store003,SKU001,94,251.4567860545019,-157.4567860545019,False,Normal
2023-11-14,Store003,SKU002,98,98.22603956166483,-0.22603956166483385,False,Normal
2023-11-14,Store003,SKU003,80,72.29691795616819,7.703082043831813,True,Low Excess
2023-11-15,Store001,SKU001,20,184.17399586824098,-164.17399586824098,False,Normal
2023-11-15,Store001,SKU002,72,121.3338672506891,-49.333867250689096,False,Normal
2023-11-15,Store001,SKU003,86,79.41660191823424,6.583398081765765,True,Low Excess
2023-11-15,Store002,SKU001,94,249.05516881893084,-155.05516881893084,False,Normal
2023-11-15,Store002,SKU002,17,108.16439043738768,-91.16439043738768,False,Normal
2023-11-15,Store002,SKU003,84,64.827592042073,19.172407957927007,True,Low Excess
2023-11-15,Store003,SKU001,92,234.9567860545019,-142.9567860545019,False,Normal
2023-11-15,Store003,SKU002,16,103.58318241880768,-87.58318241880768,False,Normal
2023-11-15,Store003,SKU003,82,72.29691795616819,9.703082043831813,True,Low Excess
2023-11-16,Store001,SKU001,32,178.17399586824098,-146.17399586824098,False,Normal
2023-11-16,Store001,SKU002,22,125.61958153640336,-103.61958153640336,False,Normal
2023-11-16,Store001,SKU003,82,84.55945906109139,-2.5594590610913883,False,Normal
2023-11-16,Store002,SKU001,14,235.55516881893084,-221.55516881893084,False,Normal
2023-11-16,Store002,SKU002,89,113.52153329453054,-24.521533294530542,False,Normal
2023-11-16,Store002,SKU003,33,55.18473489921585,-22.184734899215847,False,Normal
2023-11-16,Store003,SKU001,85,206.4567860545019,-121.45678605450189,False,Normal
2023-11-16,Store003,SKU002,26,100.36889670452197,-74.36889670452197,False,Normal
2023-11-16,Store003,SKU003,35,71.65406081331105,-36.65406081331105,False,Normal
2023-11-17,Store001,SKU001,89,167.67399586824098,-78.67399586824098,False,Normal
2023-11-17,Store001,SKU002,41,142.76243867926053,-101.76243867926053,False,Normal
2023-11-17,Store001,SKU003,16,83.91660191823424,-67.91660191823424,False,Normal
2023-11-17,Store002,SKU001,64,231.05516881893084,-167.05516881893084,False,Normal
2023-11-17,Store002,SKU002,50,121.02153329453054,-71.02153329453054,False,Normal
2023-11-17,Store002,SKU003,47,61.613306327787285,-14.613306327787285,False,Normal
2023-11-17,Store003,SKU001,50,230.4567860545019,-180.4567860545019,False,Normal
2023-11-17,Store003,SKU002,49,105.72603956166483,-56.726039561664834,False,Normal
2023-11-17,Store003,SKU003,51,75.51120367045391,-24.51120367045391,False,Normal
2023-11-18,Store001,SKU001,87,173.67399586824098,-86.67399586824098,False,Normal
2023-11-18,Store001,SKU002,48,145.97672439354622,-97.97672439354622,False,Normal
2023-11-18,Store001,SKU003,54,76.84517334680565,-22.84517334680565,False,Normal
2023-11-18,Store002,SKU001,51,208.55516881893084,-157.55516881893084,False,Normal
2023-11-18,Store002,SKU002,18,140.30724758024482,-122.30724758024482,False,Normal
2023-11-18,Store002,SKU003,93,57.75616347064441,35.24383652935559,True,Low Excess
2023-11-18,Store003,SKU001,69,237.9567860545019,-168.9567860545019,False,Normal
2023-11-18,Store003,SKU002,17,104.65461099023626,-87.65461099023626,False,Normal
2023-11-18,Store003,SKU003,66,72.93977509902533,-6.939775099025326,False,Normal
2023-11-19,Store001,SKU001,83,193.17399586824098,-110.17399586824098,False,Normal
2023-11-19,Store001,SKU002,36,139.54815296497478,-103.54815296497478,False,Normal
2023-11-19,Store001,SKU003,83,75.55945906109139,7.440540938908612,True,Low Excess
2023-11-19,Store002,SKU001,64,220.55516881893084,-156.55516881893084,False,Normal
2023-11-19,Store002,SKU002,73,152.09296186595913,-79.09296186595913,False,Normal
2023-11-19,Store002,SKU003,42,66.11330632778728,-24.113306327787285,False,Normal
2023-11-19,Store003,SKU001,74,213.9567860545019,-139.9567860545019,False,Normal
2023-11-19,Store003,SKU002,64,116.44032527595053,-52.44032527595053,False,Normal
2023-11-19,Store003,SKU003,51,71.01120367045391,-20.01120367045391,False,Normal
2023-11-20,Store001,SKU001,62,212.67399586824098,-150.67399586824098,False,Normal
2023-11-20,Store001,SKU002,89,148.11958153640336,-59.11958153640336,False,Normal
2023-11-20,Store001,SKU003,38,76.84517334680565,-38.84517334680565,False,Normal
2023-11-20,Store002,SKU001,59,219.05516881893084,-160.05516881893084,False,Normal
2023-11-20,Store002,SKU002,48,153.16439043738768,-105.16439043738768,False,Normal
2023-11-20,Store002,SKU003,38,64.18473489921584,-26.18473489921584,False,Normal
2023-11-20,Store003,SKU001,68,212.4567860545019,-144.4567860545019,False,Normal
2023-11-20,Store003,SKU002,97,116.44032527595053,-19.440325275950528,False,Normal
2023-11-20,Store003,SKU003,55,69.08263224188248,-14.082632241882479,False,Normal
2023-11-21,Store001,SKU001,50,244.17399586824098,-194.17399586824098,False,Normal
2023-11-21,Store001,SKU002,61,144.90529582211767,-83.90529582211767,False,Normal
2023-11-21,Store001,SKU003,37,78.13088763251994,-41.13088763251994,False,Normal
2023-11-21,Store002,SKU001,51,211.55516881893084,-160.55516881893084,False,Normal
2023-11-21,Store002,SKU002,71,169.23581900881624,-98.23581900881624,False,Normal
2023-11-21,Store002,SKU003,39,68.0418777563587,-29.0418777563587,False,Normal
2023-11-21,Store003,SKU001,47,191.4567860545019,-144.4567860545019,False,Normal
2023-11-21,Store003,SKU002,55,133.58318241880767,-78.58318241880767,False,Normal
2023-11-21,Store003,SKU003,92,67.15406081331105,24.845939186688952,True,Low Excess
2023-11-22,Store001,SKU001,32,226.17399586824098,-194.17399586824098,False,Normal
2023-11-22,Store001,SKU002,83,158.83386725068908,-75.83386725068908,False,Normal
2023-11-22,Store001,SKU003,28,85.20231620394853,-57.20231620394853,False,Normal
2023-11-22,Store002,SKU001,99,195.05516881893084,-96.05516881893084,False,Normal
2023-11-22,Store002,SKU002,90,183.16439043738768,-93.16439043738768,False,Normal
2023-11-22,Store002,SKU003,87,75.11330632778728,11.886693672212715,True,Low Excess
2023-11-22,Store003,SKU001,83,198.9567860545019,-115.95678605450189,False,Normal
2023-11-22,Store003,SKU002,38,127.15461099023626,-89.15461099023626,False,Normal
2023-11-22,Store003,SKU003,24,62.65406081331104,-38.65406081331104,False,Normal
2023-11-23,Store001,SKU001,60,260.673995868241,-200.67399586824098,False,Normal
2023-11-23,Store001,SKU002,77,162.04815296497478,-85.04815296497478,False,Normal
2023-11-23,Store001,SKU003,79,87.77374477537708,-8.773744775377082,False,Normal
2023-11-23,Store002,SKU001,80,193.55516881893084,-113.55516881893084,False,Normal
2023-11-23,Store002,SKU002,40,178.87867615167337,-138.87867615167337,False,Normal
2023-11-23,Store002,SKU003,17,75.75616347064441,-58.75616347064441,False,Normal
2023-11-23,Store003,SKU001,95,204.9567860545019,-109.95678605450189,False,Normal
2023-11-23,Store003,SKU002,90,130.36889670452197,-40.36889670452197,False,Normal
2023-11-23,Store003,SKU003,71,65.22548938473963,5.774510615260368,True,Low Excess
2023-11-24,Store001,SKU001,46,296.673995868241,-250.67399586824098,False,Normal
2023-11-24,Store001,SKU002,67,147.04815296497478,-80.04815296497478,False,Normal
2023-11-24,Store001,SKU003,50,85.84517334680565,-35.84517334680565,False,Normal
2023-11-24,Store002,SKU001,11,216.05516881893084,-205.05516881893084,False,Normal
2023-11-24,Store002,SKU002,78,169.23581900881624,-91.23581900881624,False,Normal
2023-11-24,Store002,SKU003,24,70.61330632778728,-46.613306327787285,False,Normal
2023-11-24,Store003,SKU001,80,165.9567860545019,-85.95678605450189,False,Normal
2023-11-24,Store003,SKU002,22,129.2974681330934,-107.29746813309339,False,Normal
2023-11-24,Store003,SKU003,64,60.08263224188248,3.9173677581175212,True,Low Excess
2023-11-25,Store001,SKU001,15,290.673995868241,-275.673995868241,False,Normal
2023-11-25,Store001,SKU002,24,144.90529582211767,-120.90529582211767,False,Normal
2023-11-25,Store001,SKU003,97,83.91660191823424,13.083398081765765,True,Low Excess
2023-11-25,Store002,SKU001,93,243.05516881893084,-150.05516881893084,False,Normal
2023-11-25,Store002,SKU002,71,156.37867615167337,-85.37867615167337,False,Normal
2023-11-25,Store002,SKU003,67,77.68473489921584,-10.68473489921584,False,Normal
2023-11-25,Store003,SKU001,16,159.9567860545019,-143.9567860545019,False,Normal
2023-11-25,Store003,SKU002,65,142.15461099023628,-77.15461099023628,False,Normal
2023-11-25,Store003,SKU003,65,64.58263224188248,0.41736775811752125,True,Low Excess
2023-11-26,Store001,SKU001,92,263.673995868241,-171.67399586824098,False,Normal
2023-11-26,Store001,SKU002,73,149.19101010783194,-76.19101010783194,False,Normal
2023-11-26,Store001,SKU003,31,87.13088763251994,-56.13088763251994,False,Normal
2023-11-26,Store002,SKU001,61,243.05516881893084,-182.05516881893084,False,Normal
2023-11-26,Store002,SKU002,19,159.59296186595913,-140.59296186595913,False,Normal
2023-11-26,Store002,SKU003,69,73.827592042073,-4.827592042072993,False,Normal
2023-11-26,Store003,SKU001,43,164.4567860545019,-121.45678605450189,False,Normal
2023-11-26,Store003,SKU002,50,141.0831824188077,-91.0831824188077,False,Normal
2023-11-26,Store003,SKU003,61,65.86834652759676,-4.868346527596756,False,Normal
2023-11-27,Store001,SKU001,72,260.673995868241,-188.67399586824098,False,Normal
2023-11-27,Store001,SKU002,86,140.61958153640336,-54.61958153640336,False,Normal
2023-11-27,Store001,SKU003,16,90.9880304896628,-74.9880304896628,False,Normal
2023-11-27,Store002,SKU001,54,255.05516881893084,-201.05516881893084,False,Normal
2023-11-27,Store002,SKU002,54,162.80724758024482,-108.80724758024482,False,Normal
2023-11-27,Store002,SKU003,75,85.39902061350156,-10.399020613501563,False,Normal
2023-11-27,Store003,SKU001,42,171.9567860545019,-129.9567860545019,False,Normal
2023-11-27,Store003,SKU002,41,136.7974681330934,-95.79746813309339,False,Normal
2023-11-27,Store003,SKU003,65,67.79691795616819,-2.796917956168187,False,Normal
2023-11-28,Store001,SKU001,68,233.67399586824098,-165.67399586824098,False,Normal
2023-11-28,Store001,SKU002,25,134.19101010783194,-109.19101010783194,False,Normal
2023-11-28,Store001,SKU003,76,99.9880304896628,-23.988030489662805,False,Normal
2023-11-28,Store002,SKU001,72,276.05516881893084,-204.05516881893084,False,Normal
2023-11-28,Store002,SKU002,43,138.16439043738768,-95.16439043738768,False,Normal
2023-11-28,Store002,SKU003,44,83.47044918493015,-39.470449184930146,False,Normal
2023-11-28,Store003,SKU001,61,195.9567860545019,-134.9567860545019,False,Normal
2023-11-28,Store003,SKU002,17,126.08318241880768,-109.08318241880768,False,Normal
2023-11-28,Store003,SKU003,90,75.51120367045391,14.48879632954609,True,Low Excess
2023-11-29,Store001,SKU001,16,253.17399586824098,-237.17399586824098,False,Normal
2023-11-29,Store001,SKU002,76,137.40529582211767,-61.405295822117665,False,Normal
2023-11-29,Store001,SKU003,73,94.20231620394853,-21.202316203948527,False,Normal
2023-11-29,Store002,SKU001,60,310.55516881893084,-250.55516881893084,False,Normal
2023-11-29,Store002,SKU002,55,114.5929618659591,-59.5929618659591,False,Normal
2023-11-29,Store002,SKU003,55,74.47044918493015,-19.470449184930146,False,Normal
2023-11-29,Store003,SKU001,22,191.4567860545019,-169.4567860545019,False,Normal
2023-11-29,Store003,SKU002,38,116.44032527595053,-78.44032527595053,False,Normal
2023-11-29,Store003,SKU003,40,74.86834652759676,-34.868346527596756,False,Normal
2023-11-30,Store001,SKU001,82,233.67399586824098,-151.67399586824098,False,Normal
2023-11-30,Store001,SKU002,33,115.97672439354622,-82.97672439354622,False,Normal
2023-11-30,Store001,SKU003,53,86.4880304896628,-33.488030489662805,False,Normal
2023-11-30,Store002,SKU001,12,304.55516881893084,-292.55516881893084,False,Normal
2023-11-30,Store002,SKU002,57,111.3786761516734,-54.3786761516734,False,Normal
2023-11-30,Store002,SKU003,42,75.11330632778728,-33.113306327787285,False,Normal
2023-11-30,Store003,SKU001,83,197.4567860545019,-114.45678605450189,False,Normal
2023-11-30,Store003,SKU002,54,121.79746813309339,-67.79746813309339,False,Normal
2023-11-30,Store003,SKU003,41,74.22548938473963,-33.22548938473963,False,Normal
2023-12-01,Store001,SKU001,62,226.17399586824098,-164.17399586824098,False,Normal
2023-12-01,Store001,SKU002,35,126.69101010783194,-91.69101010783194,False,Normal
2023-12-01,Store001,SKU003,11,88.41660191823424,-77.41660191823424,False,Normal
2023-12-01,Store002,SKU001,92,273.05516881893084,-181.05516881893084,False,Normal
2023-12-01,Store002,SKU002,34,100.66439043738768,-66.66439043738768,False,Normal
2023-12-01,Store002,SKU003,27,80.89902061350156,-53.89902061350156,False,Normal
2023-12-01,Store003,SKU001,60,221.4567860545019,-161.4567860545019,False,Normal
2023-12-01,Store003,SKU002,53,115.36889670452197,-62.36889670452197,False,Normal
2023-12-01,Store003,SKU003,83,78.08263224188248,4.917367758117521,True,Low Excess
2023-12-02,Store001,SKU001,44,236.67399586824098,-192.67399586824098,False,Normal
2023-12-02,Store001,SKU002,79,117.0481529649748,-38.048152964974804,False,Normal
2023-12-02,Store001,SKU003,55,87.13088763251994,-32.13088763251994,False,Normal
2023-12-02,Store002,SKU001,16,279.05516881893084,-263.05516881893084,False,Normal
2023-12-02,Store002,SKU002,67,99.5929618659591,-32.5929618659591,False,Normal
2023-12-02,Store002,SKU003,95,80.25616347064441,14.74383652935559,True,Low Excess
2023-12-02,Store003,SKU001,38,219.9567860545019,-181.9567860545019,False,Normal
2023-12-02,Store003,SKU002,56,98.22603956166483,-42.226039561664834,False,Normal
2023-12-02,Store003,SKU003,29,69.72548938473963,-40.72548938473963,False,Normal
2023-12-03,Store001,SKU001,83,272.673995868241,-189.67399586824098,False,Normal
2023-12-03,Store001,SKU002,77,115.97672439354622,-38.97672439354622,False,Normal
2023-12-03,Store001,SKU003,99,90.34517334680567,8.654826653194334,True,Low Excess
2023-12-03,Store002,SKU001,11,262.55516881893084,-251.55516881893084,False,Normal
2023-12-03,Store002,SKU002,22,95.30724758024482,-73.30724758024482,False,Normal
2023-12-03,Store002,SKU003,85,73.827592042073,11.172407957927007,True,Low Excess
2023-12-03,Store003,SKU001,84,224.4567860545019,-140.4567860545019,False,Normal
2023-12-03,Store003,SKU002,90,95.01175384737911,-5.0117538473791114,False,Normal
2023-12-03,Store003,SKU003,99,64.58263224188248,34.41736775811752,True,Low Excess
2023-12-04,Store001,SKU001,75,259.173995868241,-184.17399586824098,False,Normal
2023-12-04,Store001,SKU002,81,126.69101010783194,-45.69101010783194,False,Normal
2023-12-04,Store001,SKU003,48,85.84517334680565,-37.84517334680565,False,Normal
2023-12-04,Store002,SKU001,88,265.55516881893084,-177.55516881893084,False,Normal
2023-12-04,Store002,SKU002,99,101.73581900881625,-2.73581900881625,False,Normal
2023-12-04,Store002,SKU003,70,68.0418777563587,1.9581222436412986,True,Low Excess
2023-12-04,Store003,SKU001,95,227.4567860545019,-132.4567860545019,False,Normal
2023-12-04,Store003,SKU002,18,103.58318241880768,-85.58318241880768,False,Normal
2023-12-04,Store003,SKU003,35,62.01120367045391,-27.01120367045391,False,Normal
2023-12-05,Store001,SKU001,41,260.673995868241,-219.67399586824098,False,Normal
2023-12-05,Store001,SKU002,83,125.61958153640336,-42.61958153640336,False,Normal
2023-12-05,Store001,SKU003,78,79.41660191823424,-1.4166019182342353,False,Normal
2023-12-05,Store002,SKU001,86,250.55516881893084,-164.55516881893084,False,Normal
2023-12-05,Store002,SKU002,57,100.66439043738768,-43.66439043738768,False,Normal
2023-12-05,Store002,SKU003,34,66.11330632778728,-32.113306327787285,False,Normal
2023-12-05,Store003,SKU001,46,219.9567860545019,-173.9567860545019,False,Normal
2023-12-05,Store003,SKU002,94,105.72603956166483,-11.726039561664834,False,Normal
2023-12-05,Store003,SKU003,52,53.65406081331104,-1.654060813311041,False,Normal
2023-12-06,Store001,SKU001,29,254.67399586824098,-225.67399586824098,False,Normal
2023-12-06,Store001,SKU002,66,112.76243867926051,-46.76243867926051,False,Normal
2023-12-06,Store001,SKU003,63,76.84517334680565,-13.845173346805652,False,Normal
2023-12-06,Store002,SKU001,46,220.55516881893084,-174.55516881893084,False,Normal
2023-12-06,Store002,SKU002,92,119.95010472310196,-27.95010472310196,False,Normal
2023-12-06,Store002,SKU003,34,68.0418777563587,-34.0418777563587,False,Normal
2023-12-06,Store003,SKU001,71,210.9567860545019,-139.9567860545019,False,Normal
2023-12-06,Store003,SKU002,34,129.2974681330934,-95.29746813309339,False,Normal
2023-12-06,Store003,SKU003,45,55.58263224188248,-10.582632241882479,False,Normal
2023-12-07,Store001,SKU001,94,250.17399586824098,-156.17399586824098,False,Normal
2023-12-07,Store001,SKU002,66,127.76243867926051,-61.76243867926051,False,Normal
2023-12-07,Store001,SKU003,23,78.13088763251994,-55.13088763251994,False,Normal
2023-12-07,Store002,SKU001,90,222.05516881893084,-132.05516881893084,False,Normal
2023-12-07,Store002,SKU002,49,132.80724758024482,-83.80724758024482,False,Normal
2023-12-07,Store002,SKU003,10,76.39902061350156,-66.39902061350156,False,Normal
2023-12-07,Store003,SKU001,26,204.9567860545019,-178.9567860545019,False,Normal
2023-12-07,Store003,SKU002,23,125.01175384737911,-102.01175384737911,False,Normal
2023-12-07,Store003,SKU003,32,53.01120367045391,-21.01120367045391,False,Normal
2023-12-08,Store001,SKU001,96,227.67399586824098,-131.67399586824098,False,Normal
2023-12-08,Store001,SKU002,97,112.76243867926051,-15.762438679260512,False,Normal
2023-12-08,Store001,SKU003,49,73.63088763251994,-24.630887632519944,False,Normal
2023-12-08,Store002,SKU001,45,237.05516881893084,-192.05516881893084,False,Normal
2023-12-08,Store002,SKU002,16,141.37867615167337,-125.37867615167337,False,Normal
2023-12-08,Store002,SKU003,98,73.18473489921584,24.81526510078416,True,Low Excess
2023-12-08,Store003,SKU001,96,212.4567860545019,-116.45678605450189,False,Normal
2023-12-08,Store003,SKU002,74,131.44032527595053,-57.44032527595053,False,Normal
2023-12-08,Store003,SKU003,12,50.43977509902533,-38.43977509902533,False,Normal
2023-12-09,Store001,SKU001,62,214.17399586824098,-152.17399586824098,False,Normal
2023-12-09,Store001,SKU002,17,127.76243867926051,-110.76243867926051,False,Normal
2023-12-09,Store001,SKU003,46,80.70231620394853,-34.70231620394853,False,Normal
2023-12-09,Store002,SKU001,42,228.05516881893084,-186.05516881893084,False,Normal
2023-12-09,Store002,SKU002,13,146.73581900881624,-133.73581900881624,False,Normal
2023-12-09,Store002,SKU003,30,69.97044918493015,-39.970449184930146,False,Normal
2023-12-09,Store003,SKU001,88,237.9567860545019,-149.9567860545019,False,Normal
2023-12-09,Store003,SKU002,37,137.86889670452194,-100.86889670452194,False,Normal
2023-12-09,Store003,SKU003,76,54.29691795616819,21.703082043831813,True,Low Excess
2023-12-10,Store001,SKU001,14,194.67399586824098,-180.67399586824098,False,Normal
2023-12-10,Store001,SKU002,32,130.97672439354622,-98.97672439354622,False,Normal
2023-12-10,Store001,SKU003,21,74.27374477537708,-53.27374477537708,False,Normal
2023-12-10,Store002,SKU001,14,243.05516881893084,-229.05516881893084,False,Normal
2023-12-10,Store002,SKU002,11,145.66439043738768,-134.66439043738768,False,Normal
2023-12-10,Store002,SKU003,39,81.5418777563587,-42.5418777563587,False,Normal
2023-12-10,Store003,SKU001,34,251.4567860545019,-217.4567860545019,False,Normal
2023-12-10,Store003,SKU002,62,148.5831824188077,-86.5831824188077,False,Normal
2023-12-10,Store003,SKU003,37,63.29691795616819,-26.296917956168187,False,Normal
2023-12-11,Store001,SKU001,11,199.17399586824098,-188.17399586824098,False,Normal
2023-12-11,Store001,SKU002,94,135.26243867926053,-41.262438679260526,False,Normal
2023-12-11,Store001,SKU003,27,76.20231620394853,-49.20231620394853,False,Normal
2023-12-11,Store002,SKU001,89,238.55516881893084,-149.55516881893084,False,Normal
2023-12-11,Store002,SKU002,83,141.37867615167337,-58.378676151673375,False,Normal
2023-12-11,Store002,SKU003,34,78.97044918493015,-44.970449184930146,False,Normal
2023-12-11,Store003,SKU001,68,248.4567860545019,-180.4567860545019,False,Normal
2023-12-11,Store003,SKU002,23,135.72603956166483,-112.72603956166483,False,Normal
2023-12-11,Store003,SKU003,93,65.22548938473963,27.77451061526037,True,Low Excess
2023-12-12,Store001,SKU001,59,212.67399586824098,-153.67399586824098,False,Normal
2023-12-12,Store001,SKU002,89,142.76243867926053,-53.762438679260526,False,Normal
2023-12-12,Store001,SKU003,62,73.63088763251994,-11.630887632519944,False,Normal
2023-12-12,Store002,SKU001,69,238.55516881893084,-169.55516881893084,False,Normal
2023-12-12,Store002,SKU002,12,178.87867615167337,-166.87867615167337,False,Normal
2023-12-12,Store002,SKU003,23,81.5418777563587,-58.5418777563587,False,Normal
2023-12-12,Store003,SKU001,84,251.4567860545019,-167.4567860545019,False,Normal
2023-12-12,Store003,SKU002,64,143.22603956166483,-79.22603956166483,False,Normal
2023-12-12,Store003,SKU003,34,69.72548938473963,-35.72548938473963,False,Normal
2023-12-13,Store001,SKU001,40,212.67399586824098,-172.67399586824098,False,Normal
2023-12-13,Store001,SKU002,65,171.69101010783194,-106.69101010783194,False,Normal
2023-12-13,Store001,SKU003,40,76.20231620394853,-36.20231620394853,False,Normal
2023-12-13,Store002,SKU001,98,274.55516881893084,-176.55516881893084,False,Normal
2023-12-13,Store002,SKU002,92,192.80724758024485,-100.80724758024485,False,Normal
2023-12-13,Store002,SKU003,77,86.0418777563587,-9.041877756358701,False,Normal
2023-12-13,Store003,SKU001,29,275.4567860545019,-246.4567860545019,False,Normal
2023-12-13,Store003,SKU002,92,132.5117538473791,-40.51175384737911,False,Normal
2023-12-13,Store003,SKU003,31,73.58263224188248,-42.58263224188248,False,Normal
2023-12-14,Store001,SKU001,77,214.17399586824098,-137.17399586824098,False,Normal
2023-12-14,Store001,SKU002,90,163.11958153640336,-73.11958153640336,False,Normal
2023-12-14,Store001,SKU003,61,83.91660191823424,-22.916601918234235,False,Normal
2023-12-14,Store002,SKU001,19,283.55516881893084,-264.55516881893084,False,Normal
2023-12-14,Store002,SKU002,55,191.73581900881624,-136.73581900881624,False,Normal
2023-12-14,Store002,SKU003,91,79.61330632778728,11.386693672212715,True,Low Excess
2023-12-14,Store003,SKU001,74,279.9567860545019,-205.9567860545019,False,Normal
2023-12-14,Store003,SKU002,42,146.44032527595053,-104.44032527595053,False,Normal
2023-12-14,Store003,SKU003,40,80.01120367045391,-40.01120367045391,False,Normal
2023-12-15,Store001,SKU001,84,217.17399586824098,-133.17399586824098,False,Normal
2023-12-15,Store001,SKU002,51,177.04815296497478,-126.04815296497478,False,Normal
2023-12-15,Store001,SKU003,48,85.84517334680565,-37.84517334680565,False,Normal
2023-12-15,Store002,SKU001,51,285.05516881893084,-234.05516881893084,False,Normal
2023-12-15,Store002,SKU002,28,201.37867615167337,-173.37867615167337,False,Normal
2023-12-15,Store002,SKU003,71,75.75616347064441,-4.75616347064441,False,Normal
2023-12-15,Store003,SKU001,34,249.9567860545019,-215.9567860545019,False,Normal
2023-12-15,Store003,SKU002,94,149.65461099023628,-55.65461099023628,False,Normal
2023-12-15,Store003,SKU003,77,81.93977509902533,-4.939775099025326,False,Normal
2023-12-16,Store001,SKU001,74,224.67399586824098,-150.67399586824098,False,Normal
2023-12-16,Store001,SKU002,19,150.26243867926053,-131.26243867926053,False,Normal
2023-12-16,Store001,SKU003,49,88.41660191823424,-39.416601918234235,False,Normal
2023-12-16,Store002,SKU001,11,267.05516881893084,-256.05516881893084,False,Normal
2023-12-16,Store002,SKU002,32,205.6643904373877,-173.6643904373877,False,Normal
2023-12-16,Store002,SKU003,65,73.827592042073,-8.827592042072993,False,Normal
2023-12-16,Store003,SKU001,81,237.9567860545019,-156.9567860545019,False,Normal
2023-12-16,Store003,SKU002,95,158.22603956166483,-63.226039561664834,False,Normal
2023-12-16,Store003,SKU003,62,84.51120367045391,-22.51120367045391,False,Normal
2023-12-17,Store001,SKU001,95,230.67399586824098,-135.67399586824098,False,Normal
2023-12-17,Store001,SKU002,23,155.61958153640336,-132.61958153640336,False,Normal
2023-12-17,Store001,SKU003,14,92.91660191823424,-78.91660191823424,False,Normal
2023-12-17,Store002,SKU001,16,240.05516881893084,-224.05516881893084,False,Normal
2023-12-17,Store002,SKU002,52,194.95010472310196,-142.95010472310196,False,Normal
2023-12-17,Store002,SKU003,55,60.32759204207299,-5.327592042072993,False,Normal
2023-12-17,Store003,SKU001,48,213.9567860545019,-165.9567860545019,False,Normal
2023-12-17,Store003,SKU002,15,145.36889670452194,-130.36889670452194,False,Normal
2023-12-17,Store003,SKU003,21,91.58263224188248,-70.58263224188248,False,Normal
2023-12-18,Store001,SKU001,67,232.17399586824098,-165.17399586824098,False,Normal
2023-12-18,Store001,SKU002,12,148.11958153640336,-136.11958153640336,False,Normal
2023-12-18,Store001,SKU003,49,92.91660191823424,-43.916601918234235,False,Normal
2023-12-18,Store002,SKU001,72,243.05516881893084,-171.05516881893084,False,Normal
2023-12-18,Store002,SKU002,68,188.52153329453054,-120.52153329453054,False,Normal
2023-12-18,Store002,SKU003,78,59.0418777563587,18.9581222436413,True,Low Excess
2023-12-18,Store003,SKU001,20,216.9567860545019,-196.9567860545019,False,Normal
2023-12-18,Store003,SKU002,86,164.65461099023628,-78.65461099023628,False,Normal
2023-12-18,Store003,SKU003,16,88.36834652759674,-72.36834652759674,False,Normal
2023-12-19,Store001,SKU001,84,226.17399586824098,-142.17399586824098,False,Normal
2023-12-19,Store001,SKU002,85,139.54815296497478,-54.548152964974776,False,Normal
2023-12-19,Store001,SKU003,95,98.70231620394853,-3.702316203948527,False,Normal
2023-12-19,Store002,SKU001,14,237.05516881893084,-223.05516881893084,False,Normal
2023-12-19,Store002,SKU002,30,176.73581900881624,-146.73581900881624,False,Normal
2023-12-19,Store002,SKU003,99,53.25616347064441,45.74383652935559,True,Low Excess
2023-12-19,Store003,SKU001,58,209.4567860545019,-151.4567860545019,False,Normal
2023-12-19,Store003,SKU002,65,167.86889670452194,-102.86889670452194,False,Normal
2023-12-19,Store003,SKU003,60,87.72548938473962,-27.725489384739618,False,Normal
2023-12-20,Store001,SKU001,17,235.17399586824098,-218.17399586824098,False,Normal
2023-12-20,Store001,SKU002,52,127.76243867926051,-75.76243867926051,False,Normal
2023-12-20,Store001,SKU003,72,97.41660191823424,-25.416601918234235,False,Normal
2023-12-20,Store002,SKU001,10,226.55516881893084,-216.55516881893084,False,Normal
2023-12-20,Store002,SKU002,59,151.02153329453054,-92.02153329453054,False,Normal
2023-12-20,Store002,SKU003,88,50.68473489921585,37.31526510078415,True,Low Excess
2023-12-20,Store003,SKU001,81,216.9567860545019,-135.9567860545019,False,Normal
2023-12-20,Store003,SKU002,13,175.36889670452194,-162.36889670452194,False,Normal
2023-12-20,Store003,SKU003,82,85.79691795616819,-3.796917956168187,False,Normal
2023-12-21,Store001,SKU001,20,250.17399586824098,-230.17399586824098,False,Normal
2023-12-21,Store001,SKU002,82,124.5481529649748,-42.548152964974804,False,Normal
2023-12-21,Store001,SKU003,37,88.41660191823424,-51.416601918234235,False,Normal
2023-12-21,Store002,SKU001,96,211.55516881893084,-115.55516881893084,False,Normal
2023-12-21,Store002,SKU002,52,134.95010472310196,-82.95010472310196,False,Normal
2023-12-21,Store002,SKU003,70,45.5418777563587,24.4581222436413,True,Low Excess
2023-12-21,Store003,SKU001,48,225.9567860545019,-177.9567860545019,False,Normal
2023-12-21,Store003,SKU002,21,164.65461099023628,-143.65461099023628,False,Normal
2023-12-21,Store003,SKU003,10,83.22548938473963,-73.22548938473963,False,Normal
2023-12-22,Store001,SKU001,12,268.173995868241,-256.173995868241,False,Normal
2023-12-22,Store001,SKU002,94,111.69101010783194,-17.691010107831943,False,Normal
2023-12-22,Store001,SKU003,37,88.41660191823424,-51.416601918234235,False,Normal
2023-12-22,Store002,SKU001,19,208.55516881893084,-189.55516881893084,False,Normal
2023-12-22,Store002,SKU002,16,136.02153329453054,-120.02153329453054,False,Normal
2023-12-22,Store002,SKU003,94,50.0418777563587,43.9581222436413,True,Low Excess
2023-12-22,Store003,SKU001,70,231.9567860545019,-161.9567860545019,False,Normal
2023-12-22,Store003,SKU002,43,168.94032527595053,-125.94032527595053,False,Normal
2023-12-22,Store003,SKU003,71,83.22548938473963,-12.225489384739632,False,Normal
2023-12-23,Store001,SKU001,99,257.673995868241,-158.67399586824098,False,Normal
2023-12-23,Store001,SKU002,72,127.76243867926051,-55.76243867926051,False,Normal
2023-12-23,Store001,SKU003,21,76.84517334680565,-55.84517334680565,False,Normal
2023-12-23,Store002,SKU001,44,217.55516881893084,-173.55516881893084,False,Normal
2023-12-23,Store002,SKU002,50,137.0929618659591,-87.0929618659591,False,Normal
2023-12-23,Store002,SKU003,59,50.68473489921585,8.315265100784153,True,Low Excess
2023-12-23,Store003,SKU001,91,231.9567860545019,-140.9567860545019,False,Normal
2023-12-23,Store003,SKU002,29,160.36889670452194,-131.36889670452194,False,Normal
2023-12-23,Store003,SKU003,53,80.01120367045391,-27.01120367045391,False,Normal
2023-12-24,Store001,SKU001,63,257.673995868241,-194.67399586824098,False,Normal
2023-12-24,Store001,SKU002,73,117.0481529649748,-44.048152964974804,False,Normal
2023-12-24,Store001,SKU003,26,76.20231620394853,-50.20231620394853,False,Normal
2023-12-24,Store002,SKU001,39,225.05516881893084,-186.05516881893084,False,Normal
2023-12-24,Store002,SKU002,30,144.59296186595913,-114.59296186595913,False,Normal
2023-12-24,Store002,SKU003,48,50.68473489921585,-2.6847348992158473,False,Normal
2023-12-24,Store003,SKU001,19,240.9567860545019,-221.9567860545019,False,Normal
2023-12-24,Store003,SKU002,47,173.22603956166483,-126.22603956166483,False,Normal
2023-12-24,Store003,SKU003,13,73.58263224188248,-60.58263224188248,False,Normal
2023-12-25,Store001,SKU001,11,248.67399586824098,-237.67399586824098,False,Normal
2023-12-25,Store001,SKU002,54,112.76243867926051,-58.76243867926051,False,Normal
2023-12-25,Store001,SKU003,37,71.70231620394853,-34.70231620394853,False,Normal
2023-12-25,Store002,SKU001,45,213.05516881893084,-168.05516881893084,False,Normal
2023-12-25,Store002,SKU002,63,141.37867615167337,-78.37867615167337,False,Normal
2023-12-25,Store002,SKU003,59,53.899020613501555,5.1009793864984445,True,Low Excess
2023-12-25,Store003,SKU001,37,218.4567860545019,-181.4567860545019,False,Normal
2023-12-25,Store003,SKU002,63,161.44032527595053,-98.44032527595053,False,Normal
2023-12-25,Store003,SKU003,15,71.65406081331105,-56.65406081331105,False,Normal
2023-12-26,Store001,SKU001,67,236.67399586824098,-169.67399586824098,False,Normal
2023-12-26,Store001,SKU002,82,132.0481529649748,-50.048152964974804,False,Normal
2023-12-26,Store001,SKU003,58,71.05945906109139,-13.059459061091388,False,Normal
2023-12-26,Store002,SKU001,84,210.05516881893084,-126.05516881893084,False,Normal
2023-12-26,Store002,SKU002,64,138.16439043738768,-74.16439043738768,False,Normal
2023-12-26,Store002,SKU003,39,52.613306327787285,-13.613306327787285,False,Normal
2023-12-26,Store003,SKU001,59,222.9567860545019,-163.9567860545019,False,Normal
2023-12-26,Store003,SKU002,59,143.22603956166483,-84.22603956166483,False,Normal
2023-12-26,Store003,SKU003,34,72.93977509902533,-38.939775099025326,False,Normal
2023-12-27,Store001,SKU001,55,239.67399586824098,-184.67399586824098,False,Normal
2023-12-27,Store001,SKU002,42,127.76243867926051,-85.76243867926051,False,Normal
2023-12-27,Store001,SKU003,99,71.70231620394853,27.297683796051473,True,Low Excess
2023-12-27,Store002,SKU001,57,217.55516881893084,-160.55516881893084,False,Normal
2023-12-27,Store002,SKU002,12,133.8786761516734,-121.8786761516734,False,Normal
2023-12-27,Store002,SKU003,27,58.399020613501555,-31.399020613501555,False,Normal
2023-12-27,Store003,SKU001,93,198.9567860545019,-105.95678605450189,False,Normal
2023-12-27,Store003,SKU002,34,128.22603956166483,-94.22603956166483,False,Normal
2023-12-27,Store003,SKU003,51,75.51120367045391,-24.51120367045391,False,Normal
2023-12-28,Store001,SKU001,50,212.67399586824098,-162.67399586824098,False,Normal
2023-12-28,Store001,SKU002,51,155.61958153640336,-104.61958153640336,False,Normal
2023-12-28,Store001,SKU003,88,77.4880304896628,10.511969510337195,True,Low Excess
2023-12-28,Store002,SKU001,21,228.05516881893084,-207.05516881893084,False,Normal
2023-12-28,Store002,SKU002,32,145.66439043738768,-113.66439043738768,False,Normal
2023-12-28,Store002,SKU003,37,66.75616347064441,-29.75616347064441,False,Normal
2023-12-28,Store003,SKU001,78,182.4567860545019,-104.45678605450189,False,Normal
2023-12-28,Store003,SKU002,92,131.44032527595053,-39.44032527595053,False,Normal
2023-12-28,Store003,SKU003,39,74.22548938473963,-35.22548938473963,False,Normal
2023-12-29,Store001,SKU001,34,209.67399586824098,-175.67399586824098,False,Normal
2023-12-29,Store001,SKU002,92,152.40529582211767,-60.405295822117665,False,Normal
2023-12-29,Store001,SKU003,58,75.55945906109139,-17.55945906109139,False,Normal
2023-12-29,Store002,SKU001,18,217.55516881893084,-199.55516881893084,False,Normal
2023-12-29,Store002,SKU002,67,148.87867615167337,-81.87867615167337,False,Normal
2023-12-29,Store002,SKU003,83,66.75616347064441,16.24383652935559,True,Low Excess
2023-12-29,Store003,SKU001,78,188.4567860545019,-110.45678605450189,False,Normal
2023-12-29,Store003,SKU002,61,119.65461099023626,-58.654610990236264,False,Normal
2023-12-29,Store003,SKU003,74,72.29691795616819,1.703082043831813,True,Low Excess
2023-12-30,Store001,SKU001,20,202.17399586824092,-182.17399586824092,False,Normal
2023-12-30,Store001,SKU002,18,155.61958153640336,-137.61958153640336,False,Normal
2023-12-30,Store001,SKU003,61,78.13088763251994,-17.130887632519944,False,Normal
2023-12-30,Store002,SKU001,60,250.55516881893084,-190.55516881893084,False,Normal
2023-12-30,Store002,SKU002,72,132.80724758024482,-60.80724758024482,False,Normal
2023-12-30,Store002,SKU003,41,69.327592042073,-28.327592042072993,False,Normal
2023-12-30,Store003,SKU001,37,183.9567860545019,-146.9567860545019,False,Normal
2023-12-30,Store003,SKU002,75,133.58318241880767,-58.58318241880767,False,Normal
2023-12-30,Store003,SKU003,68,67.79691795616819,0.20308204383181305,True,Low Excess
2023-12-31,Store001,SKU001,17,223.17399586824098,-206.17399586824098,False,Normal
2023-12-31,Store001,SKU002,88,160.97672439354622,-72.97672439354622,False,Normal
2023-12-31,Store001,SKU003,24,81.34517334680565,-57.34517334680565,False,Normal
2023-12-31,Store002,SKU001,72,240.05516881893084,-168.05516881893084,False,Normal
2023-12-31,Store002,SKU002,15,140.30724758024482,-125.30724758024482,False,Normal
2023-12-31,Store002,SKU003,67,75.11330632778728,-8.113306327787285,False,Normal
2023-12-31,Store003,SKU001,15,189.9567860545019,-174.9567860545019,False,Normal
2023-12-31,Store003,SKU002,44,141.0831824188077,-97.0831824188077,False,Normal
2023-12-31,Store003,SKU003,16,67.15406081331105,-51.15406081331105,False,Normal
