Date,Store,SKU,SalesQuantity,InventoryLevel,UnitCost,SellingPrice,LeadTime,SupplierID,Category,OrderedDate,OrderedQuantity,OrderStatus,DemandForecast,CV,InventoryCategory,SafetyStock,EOQ,ReorderPoint,PendingOrders,Reorder,OrderQuantity,OrderPriority,TotalSales,AverageInventoryLevel,InventoryTurnover
2023-01-01,Store001,SKU001,31,49,305.84,367.01,7,SUP001,Electronics,,0,None,31.0,0.4469480032434872,C,12.78266391216064,35.21363372331802,229.78266391216064,0,True,180.78266391216064,Medium,5326,55.054794520547944,96.73998507091316
2023-01-01,Store001,SKU002,8,42,69.57,144.82,5,SUP002,Clothing,,0,None,8.0,0.4888827050106926,C,11.603530548078444,17.88854381999832,51.603530548078446,0,True,9.603530548078446,Low,4420,53.88219178082192,82.03081303706716
2023-01-01,Store001,SKU003,9,85,27.47,32.96,3,SUP003,Books,,0,None,9.0,0.5124098617067465,C,10.087258421679966,18.973665961010276,37.08725842167996,0,False,0.0,Low,3666,55.73424657534247,65.77643415425453
2023-01-01,Store002,SKU001,13,27,305.84,367.01,7,SUP001,Electronics,,0,None,13.0,0.48777608644303344,C,14.036779212620559,22.80350850198276,105.03677921262056,0,True,78.03677921262056,Medium,5359,54.868493150684934,97.6698956408848
2023-01-01,Store002,SKU002,21,51,69.57,144.82,5,SUP002,Clothing,,0,None,21.0,0.5114843407900957,C,12.823879339210837,28.982753492378876,117.82387933921083,0,True,66.82387933921083,Medium,4669,52.778082191780825,88.46475290697674
2023-01-01,Store002,SKU003,14,63,27.47,32.96,3,SUP003,Books,,0,None,14.0,0.5196382683114912,C,10.218394694715325,23.664319132398465,52.21839469471533,0,False,0.0,Low,3662,54.57260273972603,67.10326823635724
2023-01-01,Store003,SKU001,23,89,305.84,367.01,7,SUP001,Electronics,,0,None,23.0,0.47559981845990906,C,13.637857369667923,30.331501776206203,174.63785736966793,0,True,85.63785736966793,Medium,5340,54.12876712328767,98.65364174722883
2023-01-01,Store003,SKU002,15,79,69.57,144.82,5,SUP002,Clothing,2022-12-14,60,Delivered,15.0,0.44687170121026343,C,10.484026374443221,24.49489742783178,85.48402637444322,0,True,6.484026374443218,Low,4369,54.772602739726025,79.76615646258503
2023-01-01,Store003,SKU003,11,10,27.47,32.96,3,SUP003,Books,,0,None,11.0,0.49263346168064476,C,9.626516732683555,20.97617696340303,42.626516732683555,0,True,32.626516732683555,Low,3639,54.92602739726028,66.25274341580207
2023-01-02,Store001,SKU001,14,30,305.84,367.01,7,SUP001,Electronics,,0,None,22.5,0.4469480032434872,C,12.78266391216064,30.0,170.28266391216064,0,True,140.28266391216064,Medium,5326,55.054794520547944,96.73998507091316
2023-01-02,Store001,SKU002,13,61,69.57,144.82,5,SUP002,Clothing,,0,None,10.5,0.4888827050106926,C,11.603530548078444,20.493901531919196,64.10353054807844,0,True,3.1035305480784388,Low,4420,53.88219178082192,82.03081303706716
2023-01-02,Store001,SKU003,15,70,27.47,32.96,3,SUP003,Books,,0,None,12.0,0.5124098617067465,C,10.087258421679966,21.908902300206645,46.08725842167996,0,False,0.0,Low,3666,55.73424657534247,65.77643415425453
2023-01-02,Store002,SKU001,24,29,305.84,367.01,7,SUP001,Electronics,,0,None,18.5,0.48777608644303344,C,14.036779212620559,27.202941017470888,143.53677921262056,0,True,114.53677921262056,Medium,5359,54.868493150684934,97.6698956408848
2023-01-02,Store002,SKU002,10,35,69.57,144.82,5,SUP002,Clothing,,0,None,15.5,0.5114843407900957,C,12.823879339210837,24.899799195977465,90.32387933921083,0,True,55.32387933921083,Medium,4669,52.778082191780825,88.46475290697674
2023-01-02,Store002,SKU003,11,80,27.47,32.96,3,SUP003,Books,,0,None,12.5,0.5196382683114912,C,10.218394694715325,22.360679774997898,47.71839469471533,0,False,0.0,Low,3662,54.57260273972603,67.10326823635724
2023-01-02,Store003,SKU001,23,64,305.84,367.01,7,SUP001,Electronics,,0,None,23.0,0.47559981845990906,C,13.637857369667923,30.331501776206203,174.63785736966793,0,True,110.63785736966793,Medium,5340,54.12876712328767,98.65364174722883
2023-01-02,Store003,SKU002,5,86,69.57,144.82,5,SUP002,Clothing,,0,None,10.0,0.44687170121026343,C,10.484026374443221,20.0,60.48402637444322,0,False,0.0,Low,4369,54.772602739726025,79.76615646258503
2023-01-02,Store003,SKU003,21,47,27.47,32.96,3,SUP003,Books,,0,None,16.0,0.49263346168064476,C,9.626516732683555,25.298221281347036,57.626516732683555,0,True,10.626516732683555,Low,3639,54.92602739726028,66.25274341580207
2023-01-03,Store001,SKU001,27,61,305.84,367.01,7,SUP001,Electronics,,0,None,24.0,0.4469480032434872,C,12.78266391216064,30.983866769659336,180.78266391216064,0,True,119.78266391216064,Medium,5326,55.054794520547944,96.73998507091316
2023-01-03,Store001,SKU002,12,60,69.57,144.82,5,SUP002,Clothing,,0,None,11.0,0.4888827050106926,C,11.603530548078444,20.97617696340303,66.60353054807844,0,True,6.603530548078439,Low,4420,53.88219178082192,82.03081303706716
2023-01-03,Store001,SKU003,15,46,27.47,32.96,3,SUP003,Books,,0,None,13.0,0.5124098617067465,C,10.087258421679966,22.80350850198276,49.08725842167996,0,True,3.0872584216799623,Low,3666,55.73424657534247,65.77643415425453
2023-01-03,Store002,SKU001,27,71,305.84,367.01,7,SUP001,Electronics,2022-12-17,45,Delivered,21.333333333333332,0.48777608644303344,C,14.036779212620559,29.211869733608857,163.37011254595387,0,True,92.37011254595387,Medium,5359,54.868493150684934,97.6698956408848
2023-01-03,Store002,SKU002,18,40,69.57,144.82,5,SUP002,Clothing,,0,None,16.333333333333332,0.5114843407900957,C,12.823879339210837,25.56038601690775,94.49054600587749,0,True,54.49054600587749,Medium,4669,52.778082191780825,88.46475290697674
2023-01-03,Store002,SKU003,17,22,27.47,32.96,3,SUP003,Books,,0,None,14.0,0.5196382683114912,C,10.218394694715325,23.664319132398465,52.21839469471533,0,True,30.21839469471533,Low,3662,54.57260273972603,67.10326823635724
2023-01-03,Store003,SKU001,12,81,305.84,367.01,7,SUP001,Electronics,,0,None,19.333333333333332,0.47559981845990906,C,13.637857369667923,27.808871486152277,148.97119070300124,0,True,67.97119070300124,Medium,5340,54.12876712328767,98.65364174722883
2023-01-03,Store003,SKU002,15,83,69.57,144.82,5,SUP002,Clothing,,0,None,11.666666666666666,0.44687170121026343,C,10.484026374443221,21.602468994692867,68.81735970777655,0,False,0.0,Low,4369,54.772602739726025,79.76615646258503
2023-01-03,Store003,SKU003,14,46,27.47,32.96,3,SUP003,Books,2022-12-13,73,Delivered,15.333333333333334,0.49263346168064476,C,9.626516732683555,24.765567494675615,55.626516732683555,0,True,9.626516732683555,Low,3639,54.92602739726028,66.25274341580207
2023-01-04,Store001,SKU001,15,97,305.84,367.01,7,SUP001,Electronics,2022-12-26,81,Shipped,21.75,0.4469480032434872,C,12.78266391216064,29.49576240750525,84.03266391216064,81,False,0.0,Low,5326,55.054794520547944,96.73998507091316
2023-01-04,Store001,SKU002,20,46,69.57,144.82,5,SUP002,Clothing,,0,None,13.25,0.4888827050106926,C,11.603530548078444,23.021728866442675,77.85353054807844,0,True,31.85353054807844,Low,4420,53.88219178082192,82.03081303706716
2023-01-04,Store001,SKU003,11,93,27.47,32.96,3,SUP003,Books,,0,None,12.5,0.5124098617067465,C,10.087258421679966,22.360679774997898,47.58725842167996,0,False,0.0,Low,3666,55.73424657534247,65.77643415425453
2023-01-04,Store002,SKU001,17,21,305.84,367.01,7,SUP001,Electronics,,0,None,20.25,0.48777608644303344,C,14.036779212620559,28.460498941515414,155.78677921262056,0,True,134.78677921262056,Medium,5359,54.868493150684934,97.6698956408848
2023-01-04,Store002,SKU002,6,53,69.57,144.82,5,SUP002,Clothing,,0,None,13.75,0.5114843407900957,C,12.823879339210837,23.45207879911715,81.57387933921083,0,True,28.573879339210833,Low,4669,52.778082191780825,88.46475290697674
2023-01-04,Store002,SKU003,4,83,27.47,32.96,3,SUP003,Books,,0,None,11.5,0.5196382683114912,C,10.218394694715325,21.447610589527216,44.71839469471533,0,False,0.0,Low,3662,54.57260273972603,67.10326823635724
2023-01-04,Store003,SKU001,7,16,305.84,367.01,7,SUP001,Electronics,,0,None,16.25,0.47559981845990906,C,13.637857369667923,25.495097567963924,127.38785736966793,0,True,111.38785736966793,Medium,5340,54.12876712328767,98.65364174722883
2023-01-04,Store003,SKU002,16,33,69.57,144.82,5,SUP002,Clothing,,0,None,12.75,0.44687170121026343,C,10.484026374443221,22.58317958127243,74.23402637444322,0,True,41.23402637444322,Medium,4369,54.772602739726025,79.76615646258503
2023-01-04,Store003,SKU003,21,67,27.47,32.96,3,SUP003,Books,,0,None,16.75,0.49263346168064476,C,9.626516732683555,25.88435821108957,59.876516732683555,0,False,0.0,Low,3639,54.92602739726028,66.25274341580207
2023-01-05,Store001,SKU001,20,46,305.84,367.01,7,SUP001,Electronics,,0,None,21.4,0.4469480032434872,C,12.78266391216064,29.257477676655586,162.58266391216063,0,True,116.58266391216063,Medium,5326,55.054794520547944,96.73998507091316
2023-01-05,Store001,SKU002,8,78,69.57,144.82,5,SUP002,Clothing,,0,None,12.2,0.4888827050106926,C,11.603530548078444,22.090722034374522,72.60353054807844,0,False,0.0,Low,4420,53.88219178082192,82.03081303706716
2023-01-05,Store001,SKU003,8,53,27.47,32.96,3,SUP003,Books,,0,None,11.6,0.5124098617067465,C,10.087258421679966,21.540659228538015,44.88725842167996,0,False,0.0,Low,3666,55.73424657534247,65.77643415425453
2023-01-05,Store002,SKU001,28,46,305.84,367.01,7,SUP001,Electronics,,0,None,21.8,0.48777608644303344,C,14.036779212620559,29.5296461204668,166.63677921262055,0,True,120.63677921262055,Medium,5359,54.868493150684934,97.6698956408848
2023-01-05,Store002,SKU002,18,78,69.57,144.82,5,SUP002,Clothing,,0,None,14.6,0.5114843407900957,C,12.823879339210837,24.166091947189145,85.82387933921083,0,True,7.8238793392108335,Low,4669,52.778082191780825,88.46475290697674
2023-01-05,Store002,SKU003,11,82,27.47,32.96,3,SUP003,Books,,0,None,11.4,0.5196382683114912,C,10.218394694715325,21.354156504062622,44.41839469471533,0,False,0.0,Low,3662,54.57260273972603,67.10326823635724
2023-01-05,Store003,SKU001,20,81,305.84,367.01,7,SUP001,Electronics,,0,None,17.0,0.47559981845990906,C,13.637857369667923,26.076809620810597,132.63785736966793,0,True,51.63785736966793,Medium,5340,54.12876712328767,98.65364174722883
2023-01-05,Store003,SKU002,8,36,69.57,144.82,5,SUP002,Clothing,,0,None,11.8,0.44687170121026343,C,10.484026374443221,21.72556098240043,69.48402637444322,0,True,33.48402637444322,Low,4369,54.772602739726025,79.76615646258503
2023-01-05,Store003,SKU003,14,30,27.47,32.96,3,SUP003,Books,,0,None,16.2,0.49263346168064476,C,9.626516732683555,25.45584412271571,58.22651673268355,0,True,28.22651673268355,Low,3639,54.92602739726028,66.25274341580207
2023-01-06,Store001,SKU001,6,87,305.84,367.01,7,SUP001,Electronics,,0,None,18.833333333333332,0.4469480032434872,C,12.78266391216064,27.446918466985203,144.61599724549396,0,True,57.61599724549396,Medium,5326,55.054794520547944,96.73998507091316
2023-01-06,Store001,SKU002,24,32,69.57,144.82,5,SUP002,Clothing,,0,None,14.166666666666666,0.4888827050106926,C,11.603530548078444,23.804761428476166,82.43686388141177,0,True,50.43686388141177,Medium,4420,53.88219178082192,82.03081303706716
2023-01-06,Store001,SKU003,14,57,27.47,32.96,3,SUP003,Books,,0,None,12.0,0.5124098617067465,C,10.087258421679966,21.908902300206645,46.08725842167996,0,False,0.0,Low,3666,55.73424657534247,65.77643415425453
2023-01-06,Store002,SKU001,34,48,305.84,367.01,7,SUP001,Electronics,2022-12-18,17,Delivered,23.833333333333332,0.48777608644303344,C,14.036779212620559,30.876096471758427,180.87011254595387,0,True,132.87011254595387,Medium,5359,54.868493150684934,97.6698956408848
2023-01-06,Store002,SKU002,14,60,69.57,144.82,5,SUP002,Clothing,,0,None,14.5,0.5114843407900957,C,12.823879339210837,24.08318915758459,85.32387933921083,0,True,25.323879339210833,Low,4669,52.778082191780825,88.46475290697674
2023-01-06,Store002,SKU003,13,82,27.47,32.96,3,SUP003,Books,,0,None,11.666666666666666,0.5196382683114912,C,10.218394694715325,21.602468994692867,45.21839469471533,0,False,0.0,Low,3662,54.57260273972603,67.10326823635724
2023-01-06,Store003,SKU001,12,79,305.84,367.01,7,SUP001,Electronics,,0,None,16.166666666666668,0.47559981845990906,C,13.637857369667923,25.429641497014202,126.8045240363346,0,True,47.8045240363346,Low,5340,54.12876712328767,98.65364174722883
2023-01-06,Store003,SKU002,10,80,69.57,144.82,5,SUP002,Clothing,,0,None,11.5,0.44687170121026343,C,10.484026374443221,21.447610589527216,67.98402637444322,0,False,0.0,Low,4369,54.772602739726025,79.76615646258503
2023-01-06,Store003,SKU003,6,64,27.47,32.96,3,SUP003,Books,,0,None,14.5,0.49263346168064476,C,9.626516732683555,24.08318915758459,53.126516732683555,0,False,0.0,Low,3639,54.92602739726028,66.25274341580207
2023-01-07,Store001,SKU001,8,35,305.84,367.01,7,SUP001,Electronics,,0,None,17.285714285714285,0.4469480032434872,C,12.78266391216064,26.295029405356658,133.78266391216064,0,True,98.78266391216064,Medium,5326,55.054794520547944,96.73998507091316
2023-01-07,Store001,SKU002,18,11,69.57,144.82,5,SUP002,Clothing,,0,None,14.714285714285714,0.4888827050106926,C,11.603530548078444,24.26049110326146,85.17495911950701,0,True,74.17495911950701,Medium,4420,53.88219178082192,82.03081303706716
2023-01-07,Store001,SKU003,10,69,27.47,32.96,3,SUP003,Books,,0,None,11.714285714285714,0.5124098617067465,C,10.087258421679966,21.64651077128664,45.2301155645371,0,False,0.0,Low,3666,55.73424657534247,65.77643415425453
2023-01-07,Store002,SKU001,16,92,305.84,367.01,7,SUP001,Electronics,,0,None,22.714285714285715,0.48777608644303344,C,14.036779212620559,30.14251861692099,173.03677921262056,0,True,81.03677921262056,Medium,5359,54.868493150684934,97.6698956408848
2023-01-07,Store002,SKU002,32,50,69.57,144.82,5,SUP002,Clothing,,0,None,17.0,0.5114843407900957,C,12.823879339210837,26.076809620810597,97.82387933921083,0,True,47.82387933921083,Low,4669,52.778082191780825,88.46475290697674
2023-01-07,Store002,SKU003,17,56,27.47,32.96,3,SUP003,Books,,0,None,12.428571428571429,0.5196382683114912,C,10.218394694715325,22.296700588716195,47.504108980429606,0,False,0.0,Low,3662,54.57260273972603,67.10326823635724
2023-01-07,Store003,SKU001,35,62,305.84,367.01,7,SUP001,Electronics,,0,None,18.857142857142858,0.47559981845990906,C,13.637857369667923,27.46426249302381,145.63785736966793,0,True,83.63785736966793,Medium,5340,54.12876712328767,98.65364174722883
2023-01-07,Store003,SKU002,16,58,69.57,144.82,5,SUP002,Clothing,,0,None,12.142857142857142,0.44687170121026343,C,10.484026374443221,22.03892660077359,71.19831208872893,0,True,13.198312088728926,Low,4369,54.772602739726025,79.76615646258503
2023-01-07,Store003,SKU003,12,59,27.47,32.96,3,SUP003,Books,,0,None,14.142857142857142,0.49263346168064476,C,9.626516732683555,23.784749015162756,52.055088161254986,0,False,0.0,Low,3639,54.92602739726028,66.25274341580207
2023-01-08,Store001,SKU001,12,52,305.84,367.01,7,SUP001,Electronics,,0,None,14.571428571428571,0.4469480032434872,C,12.78266391216064,24.142434484888696,114.78266391216064,0,True,62.78266391216064,Medium,5326,55.054794520547944,96.73998507091316
2023-01-08,Store001,SKU002,8,47,69.57,144.82,5,SUP002,Clothing,,0,None,14.714285714285714,0.4888827050106926,C,11.603530548078444,24.26049110326146,85.17495911950701,0,True,38.17495911950701,Low,4420,53.88219178082192,82.03081303706716
2023-01-08,Store001,SKU003,19,28,27.47,32.96,3,SUP003,Books,,0,None,13.142857142857142,0.5124098617067465,C,10.087258421679966,22.92846016884443,49.51582985025139,0,True,21.515829850251393,Low,3666,55.73424657534247,65.77643415425453
2023-01-08,Store002,SKU001,18,93,305.84,367.01,7,SUP001,Electronics,,0,None,23.428571428571427,0.48777608644303344,C,14.036779212620559,30.612789110808855,178.03677921262056,0,True,85.03677921262056,Medium,5359,54.868493150684934,97.6698956408848
2023-01-08,Store002,SKU002,43,29,69.57,144.82,5,SUP002,Clothing,,0,None,20.142857142857142,0.5114843407900957,C,12.823879339210837,28.38510675890238,113.53816505349654,0,True,84.53816505349654,Medium,4669,52.778082191780825,88.46475290697674
2023-01-08,Store002,SKU003,13,76,27.47,32.96,3,SUP003,Books,,0,None,12.285714285714286,0.5196382683114912,C,10.218394694715325,22.168188275738085,47.07553755185819,0,False,0.0,Low,3662,54.57260273972603,67.10326823635724
2023-01-08,Store003,SKU001,23,20,305.84,367.01,7,SUP001,Electronics,,0,None,18.857142857142858,0.47559981845990906,C,13.637857369667923,27.46426249302381,145.63785736966793,0,True,125.63785736966793,Medium,5340,54.12876712328767,98.65364174722883
2023-01-08,Store003,SKU002,19,60,69.57,144.82,5,SUP002,Clothing,,0,None,12.714285714285714,0.44687170121026343,C,10.484026374443221,22.551528297909847,74.05545494587179,0,True,14.055454945871787,Low,4369,54.772602739726025,79.76615646258503
2023-01-08,Store003,SKU003,4,57,27.47,32.96,3,SUP003,Books,2022-12-14,28,Delivered,13.142857142857142,0.49263346168064476,C,9.626516732683555,22.92846016884443,49.055088161254986,0,False,0.0,Low,3639,54.92602739726028,66.25274341580207
2023-01-09,Store001,SKU001,17,58,305.84,367.01,7,SUP001,Electronics,,0,None,15.0,0.4469480032434872,C,12.78266391216064,24.49489742783178,117.78266391216064,0,True,59.78266391216064,Medium,5326,55.054794520547944,96.73998507091316
2023-01-09,Store001,SKU002,20,42,69.57,144.82,5,SUP002,Clothing,,0,None,15.714285714285714,0.4888827050106926,C,11.603530548078444,25.071326821120348,90.17495911950701,0,True,48.17495911950701,Medium,4420,53.88219178082192,82.03081303706716
2023-01-09,Store001,SKU003,5,36,27.47,32.96,3,SUP003,Books,,0,None,11.714285714285714,0.5124098617067465,C,10.087258421679966,21.64651077128664,45.2301155645371,0,True,9.230115564537101,Low,3666,55.73424657534247,65.77643415425453
2023-01-09,Store002,SKU001,15,89,305.84,367.01,7,SUP001,Electronics,,0,None,22.142857142857142,0.48777608644303344,C,14.036779212620559,29.7609523657138,169.03677921262056,0,True,80.03677921262056,Medium,5359,54.868493150684934,97.6698956408848
2023-01-09,Store002,SKU002,17,67,69.57,144.82,5,SUP002,Clothing,,0,None,21.142857142857142,0.5114843407900957,C,12.823879339210837,29.081167199998795,118.53816505349654,0,True,51.53816505349654,Low,4669,52.778082191780825,88.46475290697674
2023-01-09,Store002,SKU003,19,81,27.47,32.96,3,SUP003,Books,,0,None,13.428571428571429,0.5196382683114912,C,10.218394694715325,23.176342617912283,50.504108980429606,0,False,0.0,Low,3662,54.57260273972603,67.10326823635724
2023-01-09,Store003,SKU001,18,21,305.84,367.01,7,SUP001,Electronics,2023-01-01,40,In Transit,18.142857142857142,0.47559981845990906,C,13.637857369667923,26.939084723024383,100.63785736966793,40,True,39.63785736966793,Low,5340,54.12876712328767,98.65364174722883
2023-01-09,Store003,SKU002,15,91,69.57,144.82,5,SUP002,Clothing,,0,None,14.142857142857142,0.44687170121026343,C,10.484026374443221,23.784749015162756,81.19831208872893,0,False,0.0,Low,4369,54.772602739726025,79.76615646258503
2023-01-09,Store003,SKU003,11,50,27.47,32.96,3,SUP003,Books,,0,None,11.714285714285714,0.49263346168064476,C,9.626516732683555,21.64651077128664,44.769373875540694,0,False,0.0,Low,3639,54.92602739726028,66.25274341580207
2023-01-10,Store001,SKU001,14,96,305.84,367.01,7,SUP001,Electronics,,0,None,13.142857142857142,0.4469480032434872,C,12.78266391216064,22.92846016884443,104.78266391216064,0,True,8.782663912160643,Low,5326,55.054794520547944,96.73998507091316
2023-01-10,Store001,SKU002,12,69,69.57,144.82,5,SUP002,Clothing,,0,None,15.714285714285714,0.4888827050106926,C,11.603530548078444,25.071326821120348,90.17495911950701,0,True,21.174959119507008,Low,4420,53.88219178082192,82.03081303706716
2023-01-10,Store001,SKU003,17,75,27.47,32.96,3,SUP003,Books,,0,None,12.0,0.5124098617067465,C,10.087258421679966,21.908902300206645,46.08725842167996,0,False,0.0,Low,3666,55.73424657534247,65.77643415425453
2023-01-10,Store002,SKU001,4,79,305.84,367.01,7,SUP001,Electronics,,0,None,18.857142857142858,0.48777608644303344,C,14.036779212620559,27.46426249302381,146.03677921262056,0,True,67.03677921262056,Medium,5359,54.868493150684934,97.6698956408848
2023-01-10,Store002,SKU002,21,64,69.57,144.82,5,SUP002,Clothing,,0,None,21.571428571428573,0.5114843407900957,C,12.823879339210837,29.37443008565686,120.6810221963537,0,True,56.681022196353695,Low,4669,52.778082191780825,88.46475290697674
2023-01-10,Store002,SKU003,7,48,27.47,32.96,3,SUP003,Books,,0,None,12.0,0.5196382683114912,C,10.218394694715325,21.908902300206645,46.21839469471533,0,False,0.0,Low,3662,54.57260273972603,67.10326823635724
2023-01-10,Store003,SKU001,26,59,305.84,367.01,7,SUP001,Electronics,,0,None,20.142857142857142,0.47559981845990906,C,13.637857369667923,28.38510675890238,154.63785736966793,0,True,95.63785736966793,Medium,5340,54.12876712328767,98.65364174722883
2023-01-10,Store003,SKU002,8,31,69.57,144.82,5,SUP002,Clothing,,0,None,13.142857142857142,0.44687170121026343,C,10.484026374443221,22.92846016884443,76.19831208872893,0,True,45.198312088728926,Medium,4369,54.772602739726025,79.76615646258503
2023-01-10,Store003,SKU003,3,21,27.47,32.96,3,SUP003,Books,,0,None,10.142857142857142,0.49263346168064476,C,9.626516732683555,20.14235055087379,40.055088161254986,0,True,19.055088161254986,Low,3639,54.92602739726028,66.25274341580207
2023-01-11,Store001,SKU001,20,48,305.84,367.01,7,SUP001,Electronics,,0,None,13.857142857142858,0.4469480032434872,C,12.78266391216064,23.543273227945903,109.78266391216064,0,True,61.78266391216064,Medium,5326,55.054794520547944,96.73998507091316
2023-01-11,Store001,SKU002,15,15,69.57,144.82,5,SUP002,Clothing,2022-12-26,88,Delivered,15.0,0.4888827050106926,C,11.603530548078444,24.49489742783178,86.60353054807844,0,True,71.60353054807844,Medium,4420,53.88219178082192,82.03081303706716
2023-01-11,Store001,SKU003,12,13,27.47,32.96,3,SUP003,Books,2022-12-27,21,Delivered,12.142857142857142,0.5124098617067465,C,10.087258421679966,22.03892660077359,46.51582985025139,0,True,33.51582985025139,Low,3666,55.73424657534247,65.77643415425453
2023-01-11,Store002,SKU001,7,61,305.84,367.01,7,SUP001,Electronics,,0,None,17.428571428571427,0.48777608644303344,C,14.036779212620559,26.403462976338105,136.03677921262056,0,True,75.03677921262056,Medium,5359,54.868493150684934,97.6698956408848
2023-01-11,Store002,SKU002,31,21,69.57,144.82,5,SUP002,Clothing,,0,None,25.142857142857142,0.5114843407900957,C,12.823879339210837,31.712998686883676,138.53816505349656,0,True,117.53816505349656,Medium,4669,52.778082191780825,88.46475290697674
2023-01-11,Store002,SKU003,15,50,27.47,32.96,3,SUP003,Books,,0,None,13.571428571428571,0.5196382683114912,C,10.218394694715325,23.299294900428702,50.93268040900104,0,True,0.932680409001037,Low,3662,54.57260273972603,67.10326823635724
2023-01-11,Store003,SKU001,11,93,305.84,367.01,7,SUP001,Electronics,,0,None,20.714285714285715,0.47559981845990906,C,13.637857369667923,28.78491668515698,158.63785736966793,0,True,65.63785736966793,Medium,5340,54.12876712328767,98.65364174722883
2023-01-11,Store003,SKU002,22,74,69.57,144.82,5,SUP002,Clothing,,0,None,14.0,0.44687170121026343,C,10.484026374443221,23.664319132398465,80.48402637444322,0,True,6.484026374443218,Low,4369,54.772602739726025,79.76615646258503
2023-01-11,Store003,SKU003,17,98,27.47,32.96,3,SUP003,Books,,0,None,9.571428571428571,0.49263346168064476,C,9.626516732683555,19.566735620873065,38.34080244696927,0,False,0.0,Low,3639,54.92602739726028,66.25274341580207
2023-01-12,Store001,SKU001,14,54,305.84,367.01,7,SUP001,Electronics,,0,None,13.0,0.4469480032434872,C,12.78266391216064,22.80350850198276,103.78266391216064,0,True,49.78266391216064,Medium,5326,55.054794520547944,96.73998507091316
2023-01-12,Store001,SKU002,16,51,69.57,144.82,5,SUP002,Clothing,,0,None,16.142857142857142,0.4888827050106926,C,11.603530548078444,25.410908793553325,92.31781626236415,0,True,41.31781626236415,Low,4420,53.88219178082192,82.03081303706716
2023-01-12,Store001,SKU003,10,32,27.47,32.96,3,SUP003,Books,,0,None,12.428571428571429,0.5124098617067465,C,10.087258421679966,22.296700588716195,47.372972707394254,0,True,15.372972707394254,Low,3666,55.73424657534247,65.77643415425453
2023-01-12,Store002,SKU001,6,51,305.84,367.01,7,SUP001,Electronics,,0,None,14.285714285714286,0.48777608644303344,C,14.036779212620559,23.904572186687872,114.03677921262056,0,True,63.03677921262056,Medium,5359,54.868493150684934,97.6698956408848
2023-01-12,Store002,SKU002,18,40,69.57,144.82,5,SUP002,Clothing,,0,None,25.142857142857142,0.5114843407900957,C,12.823879339210837,31.712998686883676,138.53816505349656,0,True,98.53816505349656,Medium,4669,52.778082191780825,88.46475290697674
2023-01-12,Store002,SKU003,8,27,27.47,32.96,3,SUP003,Books,,0,None,13.142857142857142,0.5196382683114912,C,10.218394694715325,22.92846016884443,49.64696612328676,0,True,22.64696612328676,Low,3662,54.57260273972603,67.10326823635724
2023-01-12,Store003,SKU001,20,13,305.84,367.01,7,SUP001,Electronics,,0,None,20.714285714285715,0.47559981845990906,C,13.637857369667923,28.78491668515698,158.63785736966793,0,True,145.63785736966793,High,5340,54.12876712328767,98.65364174722883
2023-01-12,Store003,SKU002,15,16,69.57,144.82,5,SUP002,Clothing,2022-12-19,47,Delivered,15.0,0.44687170121026343,C,10.484026374443221,24.49489742783178,85.48402637444322,0,True,69.48402637444322,Medium,4369,54.772602739726025,79.76615646258503
2023-01-12,Store003,SKU003,7,82,27.47,32.96,3,SUP003,Books,,0,None,8.571428571428571,0.49263346168064476,C,9.626516732683555,18.51640199545103,35.34080244696927,0,False,0.0,Low,3639,54.92602739726028,66.25274341580207
2023-01-13,Store001,SKU001,6,87,305.84,367.01,7,SUP001,Electronics,,0,None,13.0,0.4469480032434872,C,12.78266391216064,22.80350850198276,103.78266391216064,0,True,16.782663912160643,Low,5326,55.054794520547944,96.73998507091316
2023-01-13,Store001,SKU002,3,45,69.57,144.82,5,SUP002,Clothing,,0,None,13.142857142857142,0.4888827050106926,C,11.603530548078444,22.92846016884443,77.31781626236415,0,True,32.31781626236415,Low,4420,53.88219178082192,82.03081303706716
2023-01-13,Store001,SKU003,13,80,27.47,32.96,3,SUP003,Books,,0,None,12.285714285714286,0.5124098617067465,C,10.087258421679966,22.168188275738085,46.94440127882282,0,False,0.0,Low,3666,55.73424657534247,65.77643415425453
2023-01-13,Store002,SKU001,28,54,305.84,367.01,7,SUP001,Electronics,,0,None,13.428571428571429,0.48777608644303344,C,14.036779212620559,23.176342617912283,108.03677921262056,0,True,54.03677921262056,Medium,5359,54.868493150684934,97.6698956408848
2023-01-13,Store002,SKU002,22,37,69.57,144.82,5,SUP002,Clothing,,0,None,26.285714285714285,0.5114843407900957,C,12.823879339210837,32.4257393351111,144.25245076778225,0,True,107.25245076778225,Medium,4669,52.778082191780825,88.46475290697674
2023-01-13,Store002,SKU003,18,68,27.47,32.96,3,SUP003,Books,,0,None,13.857142857142858,0.5196382683114912,C,10.218394694715325,23.543273227945903,51.7898232661439,0,False,0.0,Low,3662,54.57260273972603,67.10326823635724
2023-01-13,Store003,SKU001,17,12,305.84,367.01,7,SUP001,Electronics,,0,None,21.428571428571427,0.47559981845990906,C,13.637857369667923,29.277002188455995,163.63785736966793,0,True,151.63785736966793,High,5340,54.12876712328767,98.65364174722883
2023-01-13,Store003,SKU002,16,74,69.57,144.82,5,SUP002,Clothing,,0,None,15.857142857142858,0.44687170121026343,C,10.484026374443221,25.18502956690173,89.76974066015751,0,True,15.76974066015751,Low,4369,54.772602739726025,79.76615646258503
2023-01-13,Store003,SKU003,9,92,27.47,32.96,3,SUP003,Books,,0,None,9.0,0.49263346168064476,C,9.626516732683555,18.973665961010276,36.626516732683555,0,False,0.0,Low,3639,54.92602739726028,66.25274341580207
2023-01-14,Store001,SKU001,22,66,305.84,367.01,7,SUP001,Electronics,,0,None,15.0,0.4469480032434872,C,12.78266391216064,24.49489742783178,117.78266391216064,0,True,51.78266391216064,Medium,5326,55.054794520547944,96.73998507091316
2023-01-14,Store001,SKU002,24,61,69.57,144.82,5,SUP002,Clothing,,0,None,14.0,0.4888827050106926,C,11.603530548078444,23.664319132398465,81.60353054807844,0,True,20.60353054807844,Low,4420,53.88219178082192,82.03081303706716
2023-01-14,Store001,SKU003,10,29,27.47,32.96,3,SUP003,Books,,0,None,12.285714285714286,0.5124098617067465,C,10.087258421679966,22.168188275738085,46.94440127882282,0,True,17.944401278822824,Low,3666,55.73424657534247,65.77643415425453
2023-01-14,Store002,SKU001,23,49,305.84,367.01,7,SUP001,Electronics,,0,None,14.428571428571429,0.48777608644303344,C,14.036779212620559,24.023797725231894,115.03677921262056,0,True,66.03677921262056,Medium,5359,54.868493150684934,97.6698956408848
2023-01-14,Store002,SKU002,19,90,69.57,144.82,5,SUP002,Clothing,2022-12-24,33,Delivered,24.428571428571427,0.5114843407900957,C,12.823879339210837,31.25928433510366,134.96673648206797,0,True,44.96673648206797,Low,4669,52.778082191780825,88.46475290697674
2023-01-14,Store002,SKU003,8,91,27.47,32.96,3,SUP003,Books,,0,None,12.571428571428571,0.5196382683114912,C,10.218394694715325,22.424476423255523,47.93268040900104,0,False,0.0,Low,3662,54.57260273972603,67.10326823635724
2023-01-14,Store003,SKU001,19,43,305.84,367.01,7,SUP001,Electronics,,0,None,19.142857142857142,0.47559981845990906,C,13.637857369667923,27.67154288640743,147.63785736966793,0,True,104.63785736966793,Medium,5340,54.12876712328767,98.65364174722883
2023-01-14,Store003,SKU002,16,53,69.57,144.82,5,SUP002,Clothing,,0,None,15.857142857142858,0.44687170121026343,C,10.484026374443221,25.18502956690173,89.76974066015751,0,True,36.76974066015751,Low,4369,54.772602739726025,79.76615646258503
2023-01-14,Store003,SKU003,11,30,27.47,32.96,3,SUP003,Books,,0,None,8.857142857142858,0.49263346168064476,C,9.626516732683555,18.822478962286407,36.197945304112125,0,True,6.197945304112125,Low,3639,54.92602739726028,66.25274341580207
2023-01-15,Store001,SKU001,17,85,305.84,367.01,7,SUP001,Electronics,,0,None,15.714285714285714,0.4469480032434872,C,12.78266391216064,25.071326821120348,122.78266391216064,0,True,37.78266391216064,Low,5326,55.054794520547944,96.73998507091316
2023-01-15,Store001,SKU002,31,79,69.57,144.82,5,SUP002,Clothing,,0,None,17.285714285714285,0.4888827050106926,C,11.603530548078444,26.295029405356658,98.03210197664986,0,True,19.032101976649855,Low,4420,53.88219178082192,82.03081303706716
2023-01-15,Store001,SKU003,22,98,27.47,32.96,3,SUP003,Books,,0,None,12.714285714285714,0.5124098617067465,C,10.087258421679966,22.551528297909847,48.2301155645371,0,False,0.0,Low,3666,55.73424657534247,65.77643415425453
2023-01-15,Store002,SKU001,12,52,305.84,367.01,7,SUP001,Electronics,,0,None,13.571428571428571,0.48777608644303344,C,14.036779212620559,23.299294900428702,109.03677921262056,0,True,57.03677921262056,Medium,5359,54.868493150684934,97.6698956408848
2023-01-15,Store002,SKU002,11,24,69.57,144.82,5,SUP002,Clothing,,0,None,19.857142857142858,0.5114843407900957,C,12.823879339210837,28.1830749615033,112.10959362492513,0,True,88.10959362492513,Medium,4669,52.778082191780825,88.46475290697674
2023-01-15,Store002,SKU003,4,44,27.47,32.96,3,SUP003,Books,,0,None,11.285714285714286,0.5196382683114912,C,10.218394694715325,21.246848505803666,44.07553755185819,0,True,0.07553755185819,Low,3662,54.57260273972603,67.10326823635724
2023-01-15,Store003,SKU001,27,98,305.84,367.01,7,SUP001,Electronics,,0,None,19.714285714285715,0.47559981845990906,C,13.637857369667923,28.08151400069855,151.63785736966793,0,True,53.63785736966793,Low,5340,54.12876712328767,98.65364174722883
2023-01-15,Store003,SKU002,11,42,69.57,144.82,5,SUP002,Clothing,,0,None,14.714285714285714,0.44687170121026343,C,10.484026374443221,24.26049110326146,84.05545494587179,0,True,42.05545494587179,Low,4369,54.772602739726025,79.76615646258503
2023-01-15,Store003,SKU003,10,12,27.47,32.96,3,SUP003,Books,,0,None,9.714285714285714,0.49263346168064476,C,9.626516732683555,19.712215212183246,38.769373875540694,0,True,26.769373875540694,Low,3639,54.92602739726028,66.25274341580207
2023-01-16,Store001,SKU001,17,92,305.84,367.01,7,SUP001,Electronics,,0,None,15.714285714285714,0.4469480032434872,C,12.78266391216064,25.071326821120348,122.78266391216064,0,True,30.782663912160643,Low,5326,55.054794520547944,96.73998507091316
2023-01-16,Store001,SKU002,13,93,69.57,144.82,5,SUP002,Clothing,,0,None,16.285714285714285,0.4888827050106926,C,11.603530548078444,25.523098781859762,93.03210197664986,0,True,0.032101976649855146,Low,4420,53.88219178082192,82.03081303706716
2023-01-16,Store001,SKU003,6,55,27.47,32.96,3,SUP003,Books,2022-12-22,26,Delivered,12.857142857142858,0.5124098617067465,C,10.087258421679966,22.677868380553633,48.65868699310853,0,False,0.0,Low,3666,55.73424657534247,65.77643415425453
2023-01-16,Store002,SKU001,17,50,305.84,367.01,7,SUP001,Electronics,,0,None,13.857142857142858,0.48777608644303344,C,14.036779212620559,23.543273227945903,111.03677921262056,0,True,61.03677921262056,Medium,5359,54.868493150684934,97.6698956408848
2023-01-16,Store002,SKU002,13,72,69.57,144.82,5,SUP002,Clothing,,0,None,19.285714285714285,0.5114843407900957,C,12.823879339210837,27.774602993176543,109.25245076778225,0,True,37.25245076778225,Low,4669,52.778082191780825,88.46475290697674
2023-01-16,Store002,SKU003,11,62,27.47,32.96,3,SUP003,Books,,0,None,10.142857142857142,0.5196382683114912,C,10.218394694715325,20.14235055087379,40.64696612328675,0,False,0.0,Low,3662,54.57260273972603,67.10326823635724
2023-01-16,Store003,SKU001,20,75,305.84,367.01,7,SUP001,Electronics,,0,None,20.0,0.47559981845990906,C,13.637857369667923,28.284271247461902,153.63785736966793,0,True,78.63785736966793,Medium,5340,54.12876712328767,98.65364174722883
2023-01-16,Store003,SKU002,9,77,69.57,144.82,5,SUP002,Clothing,,0,None,13.857142857142858,0.44687170121026343,C,10.484026374443221,23.543273227945903,79.76974066015751,0,True,2.7697406601575096,Low,4369,54.772602739726025,79.76615646258503
2023-01-16,Store003,SKU003,14,72,27.47,32.96,3,SUP003,Books,,0,None,10.142857142857142,0.49263346168064476,C,9.626516732683555,20.14235055087379,40.055088161254986,0,False,0.0,Low,3639,54.92602739726028,66.25274341580207
2023-01-17,Store001,SKU001,17,21,305.84,367.01,7,SUP001,Electronics,,0,None,16.142857142857142,0.4469480032434872,C,12.78266391216064,25.410908793553325,125.78266391216064,0,True,104.78266391216064,Medium,5326,55.054794520547944,96.73998507091316
2023-01-17,Store001,SKU002,11,98,69.57,144.82,5,SUP002,Clothing,,0,None,16.142857142857142,0.4888827050106926,C,11.603530548078444,25.410908793553325,92.31781626236415,0,False,0.0,Low,4420,53.88219178082192,82.03081303706716
2023-01-17,Store001,SKU003,8,72,27.47,32.96,3,SUP003,Books,2023-01-05,36,Delivered,11.571428571428571,0.5124098617067465,C,10.087258421679966,21.514114968019086,44.801544135965685,0,False,0.0,Low,3666,55.73424657534247,65.77643415425453
2023-01-17,Store002,SKU001,7,56,305.84,367.01,7,SUP001,Electronics,,0,None,14.285714285714286,0.48777608644303344,C,14.036779212620559,23.904572186687872,114.03677921262056,0,True,58.03677921262056,Medium,5359,54.868493150684934,97.6698956408848
2023-01-17,Store002,SKU002,13,65,69.57,144.82,5,SUP002,Clothing,,0,None,18.142857142857142,0.5114843407900957,C,12.823879339210837,26.939084723024383,103.53816505349654,0,True,38.53816505349654,Low,4669,52.778082191780825,88.46475290697674
2023-01-17,Store002,SKU003,18,28,27.47,32.96,3,SUP003,Books,,0,None,11.714285714285714,0.5196382683114912,C,10.218394694715325,21.64651077128664,45.36125183757247,0,True,17.361251837572468,Low,3662,54.57260273972603,67.10326823635724
2023-01-17,Store003,SKU001,17,21,305.84,367.01,7,SUP001,Electronics,,0,None,18.714285714285715,0.47559981845990906,C,13.637857369667923,27.360033416855117,144.63785736966793,0,True,123.63785736966793,Medium,5340,54.12876712328767,98.65364174722883
2023-01-17,Store003,SKU002,17,35,69.57,144.82,5,SUP002,Clothing,,0,None,15.142857142857142,0.44687170121026343,C,10.484026374443221,24.611263391266316,86.19831208872893,0,True,51.198312088728926,Medium,4369,54.772602739726025,79.76615646258503
2023-01-17,Store003,SKU003,18,45,27.47,32.96,3,SUP003,Books,,0,None,12.285714285714286,0.49263346168064476,C,9.626516732683555,22.168188275738085,46.483659589826416,0,True,1.4836595898264164,Low,3639,54.92602739726028,66.25274341580207
2023-01-18,Store001,SKU001,16,49,305.84,367.01,7,SUP001,Electronics,,0,None,15.571428571428571,0.4469480032434872,C,12.78266391216064,24.95710605933995,121.78266391216064,0,True,72.78266391216064,Medium,5326,55.054794520547944,96.73998507091316
2023-01-18,Store001,SKU002,18,99,69.57,144.82,5,SUP002,Clothing,,0,None,16.571428571428573,0.4888827050106926,C,11.603530548078444,25.746012173871566,94.4606734052213,0,False,0.0,Low,4420,53.88219178082192,82.03081303706716
2023-01-18,Store001,SKU003,8,86,27.47,32.96,3,SUP003,Books,,0,None,11.0,0.5124098617067465,C,10.087258421679966,20.97617696340303,43.08725842167996,0,False,0.0,Low,3666,55.73424657534247,65.77643415425453
2023-01-18,Store002,SKU001,18,49,305.84,367.01,7,SUP001,Electronics,,0,None,15.857142857142858,0.48777608644303344,C,14.036779212620559,25.18502956690173,125.03677921262056,0,True,76.03677921262056,Medium,5359,54.868493150684934,97.6698956408848
2023-01-18,Store002,SKU002,18,13,69.57,144.82,5,SUP002,Clothing,,0,None,16.285714285714285,0.5114843407900957,C,12.823879339210837,25.523098781859762,94.25245076778225,0,True,81.25245076778225,Medium,4669,52.778082191780825,88.46475290697674
2023-01-18,Store002,SKU003,10,81,27.47,32.96,3,SUP003,Books,2022-12-26,70,Delivered,11.0,0.5196382683114912,C,10.218394694715325,20.97617696340303,43.21839469471533,0,False,0.0,Low,3662,54.57260273972603,67.10326823635724
2023-01-18,Store003,SKU001,25,98,305.84,367.01,7,SUP001,Electronics,,0,None,20.714285714285715,0.47559981845990906,C,13.637857369667923,28.78491668515698,158.63785736966793,0,True,60.63785736966793,Low,5340,54.12876712328767,98.65364174722883
2023-01-18,Store003,SKU002,13,79,69.57,144.82,5,SUP002,Clothing,,0,None,13.857142857142858,0.44687170121026343,C,10.484026374443221,23.543273227945903,79.76974066015751,0,True,0.7697406601575096,Low,4369,54.772602739726025,79.76615646258503
2023-01-18,Store003,SKU003,21,24,27.47,32.96,3,SUP003,Books,,0,None,12.857142857142858,0.49263346168064476,C,9.626516732683555,22.677868380553633,48.197945304112125,0,True,24.197945304112125,Low,3639,54.92602739726028,66.25274341580207
2023-01-19,Store001,SKU001,17,95,305.84,367.01,7,SUP001,Electronics,2023-01-07,96,Delivered,16.0,0.4469480032434872,C,12.78266391216064,25.298221281347036,124.78266391216064,0,True,29.782663912160643,Low,5326,55.054794520547944,96.73998507091316
2023-01-19,Store001,SKU002,12,57,69.57,144.82,5,SUP002,Clothing,,0,None,16.0,0.4888827050106926,C,11.603530548078444,25.298221281347036,91.60353054807844,0,True,34.60353054807844,Low,4420,53.88219178082192,82.03081303706716
2023-01-19,Store001,SKU003,14,93,27.47,32.96,3,SUP003,Books,,0,None,11.571428571428571,0.5124098617067465,C,10.087258421679966,21.514114968019086,44.801544135965685,0,False,0.0,Low,3666,55.73424657534247,65.77643415425453
2023-01-19,Store002,SKU001,17,66,305.84,367.01,7,SUP001,Electronics,,0,None,17.428571428571427,0.48777608644303344,C,14.036779212620559,26.403462976338105,136.03677921262056,0,True,70.03677921262056,Medium,5359,54.868493150684934,97.6698956408848
2023-01-19,Store002,SKU002,23,91,69.57,144.82,5,SUP002,Clothing,,0,None,17.0,0.5114843407900957,C,12.823879339210837,26.076809620810597,97.82387933921083,0,True,6.8238793392108335,Low,4669,52.778082191780825,88.46475290697674
2023-01-19,Store002,SKU003,16,38,27.47,32.96,3,SUP003,Books,,0,None,12.142857142857142,0.5196382683114912,C,10.218394694715325,22.03892660077359,46.64696612328676,0,True,8.64696612328676,Low,3662,54.57260273972603,67.10326823635724
2023-01-19,Store003,SKU001,20,53,305.84,367.01,7,SUP001,Electronics,,0,None,20.714285714285715,0.47559981845990906,C,13.637857369667923,28.78491668515698,158.63785736966793,0,True,105.63785736966793,Medium,5340,54.12876712328767,98.65364174722883
2023-01-19,Store003,SKU002,4,57,69.57,144.82,5,SUP002,Clothing,,0,None,12.285714285714286,0.44687170121026343,C,10.484026374443221,22.168188275738085,71.91259780301465,0,True,14.912597803014648,Low,4369,54.772602739726025,79.76615646258503
2023-01-19,Store003,SKU003,8,53,27.47,32.96,3,SUP003,Books,2022-12-22,24,Delivered,13.0,0.49263346168064476,C,9.626516732683555,22.80350850198276,48.626516732683555,0,False,0.0,Low,3639,54.92602739726028,66.25274341580207
2023-01-20,Store001,SKU001,21,97,305.84,367.01,7,SUP001,Electronics,,0,None,18.142857142857142,0.4469480032434872,C,12.78266391216064,26.939084723024383,139.78266391216064,0,True,42.78266391216064,Low,5326,55.054794520547944,96.73998507091316
2023-01-20,Store001,SKU002,16,55,69.57,144.82,5,SUP002,Clothing,,0,None,17.857142857142858,0.4888827050106926,C,11.603530548078444,26.72612419124244,100.88924483379273,0,True,45.88924483379273,Low,4420,53.88219178082192,82.03081303706716
2023-01-20,Store001,SKU003,17,81,27.47,32.96,3,SUP003,Books,,0,None,12.142857142857142,0.5124098617067465,C,10.087258421679966,22.03892660077359,46.51582985025139,0,False,0.0,Low,3666,55.73424657534247,65.77643415425453
2023-01-20,Store002,SKU001,36,35,305.84,367.01,7,SUP001,Electronics,,0,None,18.571428571428573,0.48777608644303344,C,14.036779212620559,27.255405754769875,144.03677921262056,0,True,109.03677921262056,Medium,5359,54.868493150684934,97.6698956408848
2023-01-20,Store002,SKU002,22,17,69.57,144.82,5,SUP002,Clothing,,0,None,17.0,0.5114843407900957,C,12.823879339210837,26.076809620810597,97.82387933921083,0,True,80.82387933921083,Medium,4669,52.778082191780825,88.46475290697674
2023-01-20,Store002,SKU003,8,69,27.47,32.96,3,SUP003,Books,2023-01-09,39,Delivered,10.714285714285714,0.5196382683114912,C,10.218394694715325,20.701966780270627,42.36125183757247,0,False,0.0,Low,3662,54.57260273972603,67.10326823635724
2023-01-20,Store003,SKU001,16,94,305.84,367.01,7,SUP001,Electronics,,0,None,20.571428571428573,0.47559981845990906,C,13.637857369667923,28.685486624025447,157.63785736966793,0,True,63.63785736966793,Medium,5340,54.12876712328767,98.65364174722883
2023-01-20,Store003,SKU002,8,21,69.57,144.82,5,SUP002,Clothing,,0,None,11.142857142857142,0.44687170121026343,C,10.484026374443221,21.111946516469903,66.19831208872893,0,True,45.198312088728926,Medium,4369,54.772602739726025,79.76615646258503
2023-01-20,Store003,SKU003,11,91,27.47,32.96,3,SUP003,Books,,0,None,13.285714285714286,0.49263346168064476,C,9.626516732683555,23.052734575936352,49.483659589826416,0,False,0.0,Low,3639,54.92602739726028,66.25274341580207
2023-01-21,Store001,SKU001,19,71,305.84,367.01,7,SUP001,Electronics,,0,None,17.714285714285715,0.4469480032434872,C,12.78266391216064,26.619005025947697,136.78266391216064,0,True,65.78266391216064,Medium,5326,55.054794520547944,96.73998507091316
2023-01-21,Store001,SKU002,5,31,69.57,144.82,5,SUP002,Clothing,,0,None,15.142857142857142,0.4888827050106926,C,11.603530548078444,24.611263391266316,87.31781626236415,0,True,56.31781626236415,Medium,4420,53.88219178082192,82.03081303706716
2023-01-21,Store001,SKU003,20,57,27.47,32.96,3,SUP003,Books,,0,None,13.571428571428571,0.5124098617067465,C,10.087258421679966,23.299294900428702,50.801544135965685,0,False,0.0,Low,3666,55.73424657534247,65.77643415425453
2023-01-21,Store002,SKU001,19,16,305.84,367.01,7,SUP001,Electronics,,0,None,18.0,0.48777608644303344,C,14.036779212620559,26.832815729997478,140.03677921262056,0,True,124.03677921262056,Medium,5359,54.868493150684934,97.6698956408848
2023-01-21,Store002,SKU002,33,39,69.57,144.82,5,SUP002,Clothing,,0,None,19.0,0.5114843407900957,C,12.823879339210837,27.568097504180443,107.82387933921083,0,True,68.82387933921083,Medium,4669,52.778082191780825,88.46475290697674
2023-01-21,Store002,SKU003,18,67,27.47,32.96,3,SUP003,Books,,0,None,12.142857142857142,0.5196382683114912,C,10.218394694715325,22.03892660077359,46.64696612328676,0,False,0.0,Low,3662,54.57260273972603,67.10326823635724
2023-01-21,Store003,SKU001,34,39,305.84,367.01,7,SUP001,Electronics,,0,None,22.714285714285715,0.47559981845990906,C,13.637857369667923,30.14251861692099,172.63785736966793,0,True,133.63785736966793,Medium,5340,54.12876712328767,98.65364174722883
2023-01-21,Store003,SKU002,9,37,69.57,144.82,5,SUP002,Clothing,,0,None,10.142857142857142,0.44687170121026343,C,10.484026374443221,20.14235055087379,61.198312088728926,0,True,24.198312088728926,Low,4369,54.772602739726025,79.76615646258503
2023-01-21,Store003,SKU003,5,85,27.47,32.96,3,SUP003,Books,,0,None,12.428571428571429,0.49263346168064476,C,9.626516732683555,22.296700588716195,46.91223101839784,0,False,0.0,Low,3639,54.92602739726028,66.25274341580207
2023-01-22,Store001,SKU001,20,27,305.84,367.01,7,SUP001,Electronics,,0,None,18.142857142857142,0.4469480032434872,C,12.78266391216064,26.939084723024383,139.78266391216064,0,True,112.78266391216064,Medium,5326,55.054794520547944,96.73998507091316
2023-01-22,Store001,SKU002,11,77,69.57,144.82,5,SUP002,Clothing,,0,None,12.285714285714286,0.4888827050106926,C,11.603530548078444,22.168188275738085,73.03210197664987,0,False,0.0,Low,4420,53.88219178082192,82.03081303706716
2023-01-22,Store001,SKU003,5,71,27.47,32.96,3,SUP003,Books,,0,None,11.142857142857142,0.5124098617067465,C,10.087258421679966,21.111946516469903,43.51582985025139,0,False,0.0,Low,3666,55.73424657534247,65.77643415425453
2023-01-22,Store002,SKU001,14,10,305.84,367.01,7,SUP001,Electronics,,0,None,18.285714285714285,0.48777608644303344,C,14.036779212620559,27.04493615131253,142.03677921262056,0,True,132.03677921262056,High,5359,54.868493150684934,97.6698956408848
2023-01-22,Store002,SKU002,26,36,69.57,144.82,5,SUP002,Clothing,,0,None,21.142857142857142,0.5114843407900957,C,12.823879339210837,29.081167199998795,118.53816505349654,0,True,82.53816505349654,Medium,4669,52.778082191780825,88.46475290697674
2023-01-22,Store002,SKU003,19,87,27.47,32.96,3,SUP003,Books,,0,None,14.285714285714286,0.5196382683114912,C,10.218394694715325,23.904572186687872,53.07553755185819,0,False,0.0,Low,3662,54.57260273972603,67.10326823635724
2023-01-22,Store003,SKU001,27,82,305.84,367.01,7,SUP001,Electronics,,0,None,22.714285714285715,0.47559981845990906,C,13.637857369667923,30.14251861692099,172.63785736966793,0,True,90.63785736966793,Medium,5340,54.12876712328767,98.65364174722883
2023-01-22,Store003,SKU002,9,47,69.57,144.82,5,SUP002,Clothing,,0,None,9.857142857142858,0.44687170121026343,C,10.484026374443221,19.85662897587892,59.76974066015751,0,True,12.76974066015751,Low,4369,54.772602739726025,79.76615646258503
2023-01-22,Store003,SKU003,18,67,27.47,32.96,3,SUP003,Books,,0,None,13.571428571428571,0.49263346168064476,C,9.626516732683555,23.299294900428702,50.34080244696927,0,False,0.0,Low,3639,54.92602739726028,66.25274341580207
2023-01-23,Store001,SKU001,16,15,305.84,367.01,7,SUP001,Electronics,,0,None,18.0,0.4469480032434872,C,12.78266391216064,26.832815729997478,138.78266391216064,0,True,123.78266391216064,Medium,5326,55.054794520547944,96.73998507091316
2023-01-23,Store001,SKU002,14,41,69.57,144.82,5,SUP002,Clothing,,0,None,12.428571428571429,0.4888827050106926,C,11.603530548078444,22.296700588716195,73.74638769093559,0,True,32.74638769093559,Low,4420,53.88219178082192,82.03081303706716
2023-01-23,Store001,SKU003,10,38,27.47,32.96,3,SUP003,Books,2023-01-14,27,Delivered,11.714285714285714,0.5124098617067465,C,10.087258421679966,21.64651077128664,45.2301155645371,0,True,7.230115564537101,Low,3666,55.73424657534247,65.77643415425453
2023-01-23,Store002,SKU001,14,69,305.84,367.01,7,SUP001,Electronics,,0,None,17.857142857142858,0.48777608644303344,C,14.036779212620559,26.72612419124244,139.03677921262056,0,True,70.03677921262056,Medium,5359,54.868493150684934,97.6698956408848
2023-01-23,Store002,SKU002,20,16,69.57,144.82,5,SUP002,Clothing,,0,None,22.142857142857142,0.5114843407900957,C,12.823879339210837,29.7609523657138,123.53816505349654,0,True,107.53816505349654,Medium,4669,52.778082191780825,88.46475290697674
2023-01-23,Store002,SKU003,15,23,27.47,32.96,3,SUP003,Books,,0,None,14.857142857142858,0.5196382683114912,C,10.218394694715325,24.377976008801763,54.7898232661439,0,True,31.789823266143898,Low,3662,54.57260273972603,67.10326823635724
2023-01-23,Store003,SKU001,9,15,305.84,367.01,7,SUP001,Electronics,,0,None,21.142857142857142,0.47559981845990906,C,13.637857369667923,29.081167199998795,161.63785736966793,0,True,146.63785736966793,Medium,5340,54.12876712328767,98.65364174722883
2023-01-23,Store003,SKU002,11,39,69.57,144.82,5,SUP002,Clothing,2023-01-06,23,Delivered,10.142857142857142,0.44687170121026343,C,10.484026374443221,20.14235055087379,61.198312088728926,0,True,22.198312088728926,Low,4369,54.772602739726025,79.76615646258503
2023-01-23,Store003,SKU003,20,47,27.47,32.96,3,SUP003,Books,,0,None,14.428571428571429,0.49263346168064476,C,9.626516732683555,24.023797725231894,52.91223101839784,0,True,5.91223101839784,Low,3639,54.92602739726028,66.25274341580207
2023-01-24,Store001,SKU001,22,26,305.84,367.01,7,SUP001,Electronics,2023-01-18,33,Pending,18.714285714285715,0.4469480032434872,C,12.78266391216064,27.360033416855117,110.78266391216064,33,True,51.78266391216064,Low,5326,55.054794520547944,96.73998507091316
2023-01-24,Store001,SKU002,12,31,69.57,144.82,5,SUP002,Clothing,,0,None,12.571428571428571,0.4888827050106926,C,11.603530548078444,22.424476423255523,74.4606734052213,0,True,43.4606734052213,Medium,4420,53.88219178082192,82.03081303706716
2023-01-24,Store001,SKU003,13,64,27.47,32.96,3,SUP003,Books,,0,None,12.428571428571429,0.5124098617067465,C,10.087258421679966,22.296700588716195,47.372972707394254,0,False,0.0,Low,3666,55.73424657534247,65.77643415425453
2023-01-24,Store002,SKU001,26,86,305.84,367.01,7,SUP001,Electronics,,0,None,20.571428571428573,0.48777608644303344,C,14.036779212620559,28.685486624025447,158.03677921262056,0,True,72.03677921262056,Medium,5359,54.868493150684934,97.6698956408848
2023-01-24,Store002,SKU002,21,35,69.57,144.82,5,SUP002,Clothing,,0,None,23.285714285714285,0.5114843407900957,C,12.823879339210837,30.519314727375047,129.25245076778225,0,True,94.25245076778225,Medium,4669,52.778082191780825,88.46475290697674
2023-01-24,Store002,SKU003,13,22,27.47,32.96,3,SUP003,Books,,0,None,14.142857142857142,0.5196382683114912,C,10.218394694715325,23.784749015162756,52.64696612328676,0,True,30.64696612328676,Low,3662,54.57260273972603,67.10326823635724
2023-01-24,Store003,SKU001,28,48,305.84,367.01,7,SUP001,Electronics,,0,None,22.714285714285715,0.47559981845990906,C,13.637857369667923,30.14251861692099,172.63785736966793,0,True,124.63785736966793,Medium,5340,54.12876712328767,98.65364174722883
2023-01-24,Store003,SKU002,13,31,69.57,144.82,5,SUP002,Clothing,,0,None,9.571428571428571,0.44687170121026343,C,10.484026374443221,19.566735620873065,58.34116923158608,0,True,27.34116923158608,Low,4369,54.772602739726025,79.76615646258503
2023-01-24,Store003,SKU003,8,53,27.47,32.96,3,SUP003,Books,2022-12-30,19,Delivered,13.0,0.49263346168064476,C,9.626516732683555,22.80350850198276,48.626516732683555,0,False,0.0,Low,3639,54.92602739726028,66.25274341580207
2023-01-25,Store001,SKU001,18,16,305.84,367.01,7,SUP001,Electronics,,0,None,19.0,0.4469480032434872,C,12.78266391216064,27.568097504180443,145.78266391216064,0,True,129.78266391216064,Medium,5326,55.054794520547944,96.73998507091316
2023-01-25,Store001,SKU002,26,90,69.57,144.82,5,SUP002,Clothing,,0,None,13.714285714285714,0.4888827050106926,C,11.603530548078444,23.421601750764797,80.17495911950701,0,False,0.0,Low,4420,53.88219178082192,82.03081303706716
2023-01-25,Store001,SKU003,4,95,27.47,32.96,3,SUP003,Books,2023-01-03,33,Delivered,11.857142857142858,0.5124098617067465,C,10.087258421679966,21.778101714468008,45.65868699310853,0,False,0.0,Low,3666,55.73424657534247,65.77643415425453
2023-01-25,Store002,SKU001,30,18,305.84,367.01,7,SUP001,Electronics,,0,None,22.285714285714285,0.48777608644303344,C,14.036779212620559,29.856801091687156,170.03677921262056,0,True,152.03677921262056,Medium,5359,54.868493150684934,97.6698956408848
2023-01-25,Store002,SKU002,14,14,69.57,144.82,5,SUP002,Clothing,,0,None,22.714285714285715,0.5114843407900957,C,12.823879339210837,30.14251861692099,126.39530791063942,0,True,112.39530791063942,Medium,4669,52.778082191780825,88.46475290697674
2023-01-25,Store002,SKU003,14,23,27.47,32.96,3,SUP003,Books,,0,None,14.714285714285714,0.5196382683114912,C,10.218394694715325,24.26049110326146,54.36125183757247,0,True,31.361251837572468,Low,3662,54.57260273972603,67.10326823635724
2023-01-25,Store003,SKU001,16,82,305.84,367.01,7,SUP001,Electronics,,0,None,21.428571428571427,0.47559981845990906,C,13.637857369667923,29.277002188455995,163.63785736966793,0,True,81.63785736966793,Medium,5340,54.12876712328767,98.65364174722883
2023-01-25,Store003,SKU002,11,21,69.57,144.82,5,SUP002,Clothing,,0,None,9.285714285714286,0.44687170121026343,C,10.484026374443221,19.27248223318863,56.91259780301465,0,True,35.91259780301465,Medium,4369,54.772602739726025,79.76615646258503
2023-01-25,Store003,SKU003,31,40,27.47,32.96,3,SUP003,Books,,0,None,14.428571428571429,0.49263346168064476,C,9.626516732683555,24.023797725231894,52.91223101839784,0,True,12.91223101839784,Low,3639,54.92602739726028,66.25274341580207
2023-01-26,Store001,SKU001,26,68,305.84,367.01,7,SUP001,Electronics,,0,None,20.285714285714285,0.4469480032434872,C,12.78266391216064,28.485585327118894,154.78266391216064,0,True,86.78266391216064,Medium,5326,55.054794520547944,96.73998507091316
2023-01-26,Store001,SKU002,23,97,69.57,144.82,5,SUP002,Clothing,,0,None,15.285714285714286,0.4888827050106926,C,11.603530548078444,24.727081741050064,88.03210197664987,0,False,0.0,Low,4420,53.88219178082192,82.03081303706716
2023-01-26,Store001,SKU003,13,57,27.47,32.96,3,SUP003,Books,,0,None,11.714285714285714,0.5124098617067465,C,10.087258421679966,21.64651077128664,45.2301155645371,0,False,0.0,Low,3666,55.73424657534247,65.77643415425453
2023-01-26,Store002,SKU001,28,60,305.84,367.01,7,SUP001,Electronics,,0,None,23.857142857142858,0.48777608644303344,C,14.036779212620559,30.89151524748688,181.03677921262056,0,True,121.03677921262056,Medium,5359,54.868493150684934,97.6698956408848
2023-01-26,Store002,SKU002,14,58,69.57,144.82,5,SUP002,Clothing,,0,None,21.428571428571427,0.5114843407900957,C,12.823879339210837,29.277002188455995,119.96673648206797,0,True,61.96673648206797,Low,4669,52.778082191780825,88.46475290697674
2023-01-26,Store002,SKU003,3,80,27.47,32.96,3,SUP003,Books,,0,None,12.857142857142858,0.5196382683114912,C,10.218394694715325,22.677868380553633,48.7898232661439,0,False,0.0,Low,3662,54.57260273972603,67.10326823635724
2023-01-26,Store003,SKU001,19,95,305.84,367.01,7,SUP001,Electronics,2023-01-24,24,Confirmed,21.285714285714285,0.47559981845990906,C,13.637857369667923,29.17924898671265,138.63785736966793,24,True,19.637857369667927,Low,5340,54.12876712328767,98.65364174722883
2023-01-26,Store003,SKU002,19,77,69.57,144.82,5,SUP002,Clothing,,0,None,11.428571428571429,0.44687170121026343,C,10.484026374443221,21.38089935299395,67.62688351730037,0,False,0.0,Low,4369,54.772602739726025,79.76615646258503
2023-01-26,Store003,SKU003,8,48,27.47,32.96,3,SUP003,Books,,0,None,14.428571428571429,0.49263346168064476,C,9.626516732683555,24.023797725231894,52.91223101839784,0,True,4.91223101839784,Low,3639,54.92602739726028,66.25274341580207
2023-01-27,Store001,SKU001,14,60,305.84,367.01,7,SUP001,Electronics,,0,None,19.285714285714285,0.4469480032434872,C,12.78266391216064,27.774602993176543,147.78266391216064,0,True,87.78266391216064,Medium,5326,55.054794520547944,96.73998507091316
2023-01-27,Store001,SKU002,15,81,69.57,144.82,5,SUP002,Clothing,2023-01-16,42,Delivered,15.142857142857142,0.4888827050106926,C,11.603530548078444,24.611263391266316,87.31781626236415,0,True,6.317816262364147,Low,4420,53.88219178082192,82.03081303706716
2023-01-27,Store001,SKU003,10,56,27.47,32.96,3,SUP003,Books,,0,None,10.714285714285714,0.5124098617067465,C,10.087258421679966,20.701966780270627,42.2301155645371,0,False,0.0,Low,3666,55.73424657534247,65.77643415425453
2023-01-27,Store002,SKU001,36,51,305.84,367.01,7,SUP001,Electronics,,0,None,23.857142857142858,0.48777608644303344,C,14.036779212620559,30.89151524748688,181.03677921262056,0,True,130.03677921262056,Medium,5359,54.868493150684934,97.6698956408848
2023-01-27,Store002,SKU002,23,80,69.57,144.82,5,SUP002,Clothing,2023-01-19,37,Delivered,21.571428571428573,0.5114843407900957,C,12.823879339210837,29.37443008565686,120.6810221963537,0,True,40.681022196353695,Low,4669,52.778082191780825,88.46475290697674
2023-01-27,Store002,SKU003,8,99,27.47,32.96,3,SUP003,Books,,0,None,12.857142857142858,0.5196382683114912,C,10.218394694715325,22.677868380553633,48.7898232661439,0,False,0.0,Low,3662,54.57260273972603,67.10326823635724
2023-01-27,Store003,SKU001,34,47,305.84,367.01,7,SUP001,Electronics,,0,None,23.857142857142858,0.47559981845990906,C,13.637857369667923,30.89151524748688,180.63785736966793,0,True,133.63785736966793,Medium,5340,54.12876712328767,98.65364174722883
2023-01-27,Store003,SKU002,25,27,69.57,144.82,5,SUP002,Clothing,,0,None,13.857142857142858,0.44687170121026343,C,10.484026374443221,23.543273227945903,79.76974066015751,0,True,52.76974066015751,Medium,4369,54.772602739726025,79.76615646258503
2023-01-27,Store003,SKU003,13,18,27.47,32.96,3,SUP003,Books,,0,None,14.714285714285714,0.49263346168064476,C,9.626516732683555,24.26049110326146,53.769373875540694,0,True,35.769373875540694,Low,3639,54.92602739726028,66.25274341580207
2023-01-28,Store001,SKU001,21,67,305.84,367.01,7,SUP001,Electronics,,0,None,19.571428571428573,0.4469480032434872,C,12.78266391216064,27.97958439393164,149.78266391216064,0,True,82.78266391216064,Medium,5326,55.054794520547944,96.73998507091316
2023-01-28,Store001,SKU002,18,90,69.57,144.82,5,SUP002,Clothing,,0,None,17.0,0.4888827050106926,C,11.603530548078444,26.076809620810597,96.60353054807844,0,True,6.603530548078439,Low,4420,53.88219178082192,82.03081303706716
2023-01-28,Store001,SKU003,11,57,27.47,32.96,3,SUP003,Books,,0,None,9.428571428571429,0.5124098617067465,C,10.087258421679966,19.42016624910449,38.372972707394254,0,False,0.0,Low,3666,55.73424657534247,65.77643415425453
2023-01-28,Store002,SKU001,24,76,305.84,367.01,7,SUP001,Electronics,,0,None,24.571428571428573,0.48777608644303344,C,14.036779212620559,31.350552512789037,186.03677921262056,0,True,110.03677921262056,Medium,5359,54.868493150684934,97.6698956408848
2023-01-28,Store002,SKU002,18,47,69.57,144.82,5,SUP002,Clothing,,0,None,19.428571428571427,0.5114843407900957,C,12.823879339210837,27.877282097486784,109.96673648206797,0,True,62.96673648206797,Medium,4669,52.778082191780825,88.46475290697674
2023-01-28,Store002,SKU003,24,56,27.47,32.96,3,SUP003,Books,,0,None,13.714285714285714,0.5196382683114912,C,10.218394694715325,23.421601750764797,51.36125183757247,0,False,0.0,Low,3662,54.57260273972603,67.10326823635724
2023-01-28,Store003,SKU001,52,61,305.84,367.01,7,SUP001,Electronics,,0,None,26.428571428571427,0.47559981845990906,C,13.637857369667923,32.513733362117264,198.63785736966793,0,True,137.63785736966793,Medium,5340,54.12876712328767,98.65364174722883
2023-01-28,Store003,SKU002,12,28,69.57,144.82,5,SUP002,Clothing,,0,None,14.285714285714286,0.44687170121026343,C,10.484026374443221,23.904572186687872,81.91259780301465,0,True,53.91259780301465,Medium,4369,54.772602739726025,79.76615646258503
2023-01-28,Store003,SKU003,18,38,27.47,32.96,3,SUP003,Books,2023-01-04,68,Delivered,16.571428571428573,0.49263346168064476,C,9.626516732683555,25.746012173871566,59.34080244696928,0,True,21.340802446969278,Low,3639,54.92602739726028,66.25274341580207
2023-01-29,Store001,SKU001,22,34,305.84,367.01,7,SUP001,Electronics,,0,None,19.857142857142858,0.4469480032434872,C,12.78266391216064,28.1830749615033,151.78266391216064,0,True,117.78266391216064,Medium,5326,55.054794520547944,96.73998507091316
2023-01-29,Store001,SKU002,28,22,69.57,144.82,5,SUP002,Clothing,,0,None,19.428571428571427,0.4888827050106926,C,11.603530548078444,27.877282097486784,108.74638769093558,0,True,86.74638769093558,Medium,4420,53.88219178082192,82.03081303706716
2023-01-29,Store001,SKU003,11,57,27.47,32.96,3,SUP003,Books,,0,None,10.285714285714286,0.5124098617067465,C,10.087258421679966,20.2837021134844,40.94440127882282,0,False,0.0,Low,3666,55.73424657534247,65.77643415425453
2023-01-29,Store002,SKU001,19,26,305.84,367.01,7,SUP001,Electronics,,0,None,25.285714285714285,0.48777608644303344,C,14.036779212620559,31.80296482135858,191.03677921262056,0,True,165.03677921262056,Medium,5359,54.868493150684934,97.6698956408848
2023-01-29,Store002,SKU002,29,76,69.57,144.82,5,SUP002,Clothing,,0,None,19.857142857142858,0.5114843407900957,C,12.823879339210837,28.1830749615033,112.10959362492513,0,True,36.109593624925125,Low,4669,52.778082191780825,88.46475290697674
2023-01-29,Store002,SKU003,9,14,27.47,32.96,3,SUP003,Books,,0,None,12.285714285714286,0.5196382683114912,C,10.218394694715325,22.168188275738085,47.07553755185819,0,True,33.07553755185819,Low,3662,54.57260273972603,67.10326823635724
2023-01-29,Store003,SKU001,30,12,305.84,367.01,7,SUP001,Electronics,,0,None,26.857142857142858,0.47559981845990906,C,13.637857369667923,32.77629805645711,201.63785736966793,0,True,189.63785736966793,High,5340,54.12876712328767,98.65364174722883
2023-01-29,Store003,SKU002,19,89,69.57,144.82,5,SUP002,Clothing,,0,None,15.714285714285714,0.44687170121026343,C,10.484026374443221,25.071326821120348,89.05545494587179,0,True,0.05545494587178723,Low,4369,54.772602739726025,79.76615646258503
2023-01-29,Store003,SKU003,7,99,27.47,32.96,3,SUP003,Books,,0,None,15.0,0.49263346168064476,C,9.626516732683555,24.49489742783178,54.626516732683555,0,False,0.0,Low,3639,54.92602739726028,66.25274341580207
2023-01-30,Store001,SKU001,17,32,305.84,367.01,7,SUP001,Electronics,,0,None,20.0,0.4469480032434872,C,12.78266391216064,28.284271247461902,152.78266391216064,0,True,120.78266391216064,Medium,5326,55.054794520547944,96.73998507091316
2023-01-30,Store001,SKU002,11,30,69.57,144.82,5,SUP002,Clothing,,0,None,19.0,0.4888827050106926,C,11.603530548078444,27.568097504180443,106.60353054807844,0,True,76.60353054807844,Medium,4420,53.88219178082192,82.03081303706716
2023-01-30,Store001,SKU003,8,58,27.47,32.96,3,SUP003,Books,,0,None,10.0,0.5124098617067465,C,10.087258421679966,20.0,40.08725842167996,0,False,0.0,Low,3666,55.73424657534247,65.77643415425453
2023-01-30,Store002,SKU001,11,84,305.84,367.01,7,SUP001,Electronics,,0,None,24.857142857142858,0.48777608644303344,C,14.036779212620559,31.532296368734617,188.03677921262056,0,True,104.03677921262056,Medium,5359,54.868493150684934,97.6698956408848
2023-01-30,Store002,SKU002,15,61,69.57,144.82,5,SUP002,Clothing,,0,None,19.142857142857142,0.5114843407900957,C,12.823879339210837,27.67154288640743,108.53816505349654,0,True,47.53816505349654,Low,4669,52.778082191780825,88.46475290697674
2023-01-30,Store002,SKU003,13,22,27.47,32.96,3,SUP003,Books,,0,None,12.0,0.5196382683114912,C,10.218394694715325,21.908902300206645,46.21839469471533,0,True,24.21839469471533,Low,3662,54.57260273972603,67.10326823635724
2023-01-30,Store003,SKU001,14,80,305.84,367.01,7,SUP001,Electronics,,0,None,27.571428571428573,0.47559981845990906,C,13.637857369667923,33.20929301953209,206.63785736966793,0,True,126.63785736966793,Medium,5340,54.12876712328767,98.65364174722883
2023-01-30,Store003,SKU002,20,92,69.57,144.82,5,SUP002,Clothing,,0,None,17.0,0.44687170121026343,C,10.484026374443221,26.076809620810597,95.48402637444322,0,True,3.484026374443218,Low,4369,54.772602739726025,79.76615646258503
2023-01-30,Store003,SKU003,9,59,27.47,32.96,3,SUP003,Books,,0,None,13.428571428571429,0.49263346168064476,C,9.626516732683555,23.176342617912283,49.91223101839784,0,False,0.0,Low,3639,54.92602739726028,66.25274341580207
2023-01-31,Store001,SKU001,15,58,305.84,367.01,7,SUP001,Electronics,,0,None,19.0,0.4469480032434872,C,12.78266391216064,27.568097504180443,145.78266391216064,0,True,87.78266391216064,Medium,5326,55.054794520547944,96.73998507091316
2023-01-31,Store001,SKU002,25,87,69.57,144.82,5,SUP002,Clothing,,0,None,20.857142857142858,0.4888827050106926,C,11.603530548078444,28.88400447108597,115.88924483379273,0,True,28.88924483379273,Low,4420,53.88219178082192,82.03081303706716
2023-01-31,Store001,SKU003,6,72,27.47,32.96,3,SUP003,Books,,0,None,9.0,0.5124098617067465,C,10.087258421679966,18.973665961010276,37.08725842167996,0,False,0.0,Low,3666,55.73424657534247,65.77643415425453
2023-01-31,Store002,SKU001,18,31,305.84,367.01,7,SUP001,Electronics,,0,None,23.714285714285715,0.48777608644303344,C,14.036779212620559,30.798886807341407,180.03677921262056,0,True,149.03677921262056,Medium,5359,54.868493150684934,97.6698956408848
2023-01-31,Store002,SKU002,14,16,69.57,144.82,5,SUP002,Clothing,,0,None,18.142857142857142,0.5114843407900957,C,12.823879339210837,26.939084723024383,103.53816505349654,0,True,87.53816505349654,Medium,4669,52.778082191780825,88.46475290697674
2023-01-31,Store002,SKU003,8,50,27.47,32.96,3,SUP003,Books,,0,None,11.285714285714286,0.5196382683114912,C,10.218394694715325,21.246848505803666,44.07553755185819,0,False,0.0,Low,3662,54.57260273972603,67.10326823635724
2023-01-31,Store003,SKU001,20,28,305.84,367.01,7,SUP001,Electronics,,0,None,26.428571428571427,0.47559981845990906,C,13.637857369667923,32.513733362117264,198.63785736966793,0,True,170.63785736966793,Medium,5340,54.12876712328767,98.65364174722883
2023-01-31,Store003,SKU002,23,81,69.57,144.82,5,SUP002,Clothing,,0,None,18.428571428571427,0.44687170121026343,C,10.484026374443221,27.15037489875337,102.62688351730036,0,True,21.626883517300357,Low,4369,54.772602739726025,79.76615646258503
2023-01-31,Store003,SKU003,6,57,27.47,32.96,3,SUP003,Books,,0,None,13.142857142857142,0.49263346168064476,C,9.626516732683555,22.92846016884443,49.055088161254986,0,False,0.0,Low,3639,54.92602739726028,66.25274341580207
2023-02-01,Store001,SKU001,7,32,305.84,367.01,7,SUP001,Electronics,,0,None,17.428571428571427,0.4469480032434872,C,12.78266391216064,26.403462976338105,134.78266391216061,0,True,102.78266391216061,Medium,5326,55.054794520547944,96.73998507091316
2023-02-01,Store001,SKU002,8,13,69.57,144.82,5,SUP002,Clothing,,0,None,18.285714285714285,0.4888827050106926,C,11.603530548078444,27.04493615131253,103.03210197664986,0,True,90.03210197664986,Medium,4420,53.88219178082192,82.03081303706716
2023-02-01,Store001,SKU003,6,56,27.47,32.96,3,SUP003,Books,,0,None,9.285714285714286,0.5124098617067465,C,10.087258421679966,19.27248223318863,37.94440127882282,0,False,0.0,Low,3666,55.73424657534247,65.77643415425453
2023-02-01,Store002,SKU001,7,81,305.84,367.01,7,SUP001,Electronics,,0,None,20.428571428571427,0.48777608644303344,C,14.036779212620559,28.585710716070313,157.03677921262056,0,True,76.03677921262056,Medium,5359,54.868493150684934,97.6698956408848
2023-02-01,Store002,SKU002,5,43,69.57,144.82,5,SUP002,Clothing,,0,None,16.857142857142858,0.5114843407900957,C,12.823879339210837,25.967012040004033,97.10959362492513,0,True,54.109593624925125,Medium,4669,52.778082191780825,88.46475290697674
2023-02-01,Store002,SKU003,10,12,27.47,32.96,3,SUP003,Books,,0,None,10.714285714285714,0.5196382683114912,C,10.218394694715325,20.701966780270627,42.36125183757247,0,True,30.361251837572468,Low,3662,54.57260273972603,67.10326823635724
2023-02-01,Store003,SKU001,11,26,305.84,367.01,7,SUP001,Electronics,,0,None,25.714285714285715,0.47559981845990906,C,13.637857369667923,32.071349029490925,193.63785736966793,0,True,167.63785736966793,Medium,5340,54.12876712328767,98.65364174722883
2023-02-01,Store003,SKU002,12,49,69.57,144.82,5,SUP002,Clothing,,0,None,18.571428571428573,0.44687170121026343,C,10.484026374443221,27.255405754769875,103.34116923158608,0,True,54.34116923158608,Low,4369,54.772602739726025,79.76615646258503
2023-02-01,Store003,SKU003,10,62,27.47,32.96,3,SUP003,Books,,0,None,10.142857142857142,0.49263346168064476,C,9.626516732683555,20.14235055087379,40.055088161254986,0,False,0.0,Low,3639,54.92602739726028,66.25274341580207
2023-02-02,Store001,SKU001,12,58,305.84,367.01,7,SUP001,Electronics,,0,None,15.428571428571429,0.4469480032434872,C,12.78266391216064,24.84236013632475,120.78266391216064,0,True,62.78266391216064,Medium,5326,55.054794520547944,96.73998507091316
2023-02-02,Store001,SKU002,16,80,69.57,144.82,5,SUP002,Clothing,,0,None,17.285714285714285,0.4888827050106926,C,11.603530548078444,26.295029405356658,98.03210197664986,0,True,18.032101976649855,Low,4420,53.88219178082192,82.03081303706716
2023-02-02,Store001,SKU003,7,62,27.47,32.96,3,SUP003,Books,,0,None,8.428571428571429,0.5124098617067465,C,10.087258421679966,18.361450300639575,35.372972707394254,0,False,0.0,Low,3666,55.73424657534247,65.77643415425453
2023-02-02,Store002,SKU001,18,12,305.84,367.01,7,SUP001,Electronics,,0,None,19.0,0.48777608644303344,C,14.036779212620559,27.568097504180443,147.03677921262056,0,True,135.03677921262056,High,5359,54.868493150684934,97.6698956408848
2023-02-02,Store002,SKU002,16,69,69.57,144.82,5,SUP002,Clothing,,0,None,17.142857142857142,0.5114843407900957,C,12.823879339210837,26.186146828319085,98.53816505349654,0,True,29.53816505349654,Low,4669,52.778082191780825,88.46475290697674
2023-02-02,Store002,SKU003,2,16,27.47,32.96,3,SUP003,Books,,0,None,10.571428571428571,0.5196382683114912,C,10.218394694715325,20.56349053193895,41.93268040900104,0,True,25.932680409001037,Low,3662,54.57260273972603,67.10326823635724
2023-02-02,Store003,SKU001,10,93,305.84,367.01,7,SUP001,Electronics,,0,None,24.428571428571427,0.47559981845990906,C,13.637857369667923,31.25928433510366,184.63785736966793,0,True,91.63785736966793,Medium,5340,54.12876712328767,98.65364174722883
2023-02-02,Store003,SKU002,10,15,69.57,144.82,5,SUP002,Clothing,,0,None,17.285714285714285,0.44687170121026343,C,10.484026374443221,26.295029405356658,96.91259780301463,0,True,81.91259780301463,Medium,4369,54.772602739726025,79.76615646258503
2023-02-02,Store003,SKU003,16,92,27.47,32.96,3,SUP003,Books,,0,None,11.285714285714286,0.49263346168064476,C,9.626516732683555,21.246848505803666,43.483659589826416,0,False,0.0,Low,3639,54.92602739726028,66.25274341580207
2023-02-03,Store001,SKU001,9,95,305.84,367.01,7,SUP001,Electronics,,0,None,14.714285714285714,0.4469480032434872,C,12.78266391216064,24.26049110326146,115.78266391216064,0,True,20.782663912160643,Low,5326,55.054794520547944,96.73998507091316
2023-02-03,Store001,SKU002,9,46,69.57,144.82,5,SUP002,Clothing,,0,None,16.428571428571427,0.4888827050106926,C,11.603530548078444,25.63479777846623,93.74638769093558,0,True,47.74638769093558,Low,4420,53.88219178082192,82.03081303706716
2023-02-03,Store001,SKU003,7,59,27.47,32.96,3,SUP003,Books,,0,None,8.0,0.5124098617067465,C,10.087258421679966,17.88854381999832,34.08725842167996,0,False,0.0,Low,3666,55.73424657534247,65.77643415425453
2023-02-03,Store002,SKU001,8,80,305.84,367.01,7,SUP001,Electronics,,0,None,15.0,0.48777608644303344,C,14.036779212620559,24.49489742783178,119.03677921262056,0,True,39.03677921262056,Low,5359,54.868493150684934,97.6698956408848
2023-02-03,Store002,SKU002,1,97,69.57,144.82,5,SUP002,Clothing,,0,None,14.0,0.5114843407900957,C,12.823879339210837,23.664319132398465,82.82387933921083,0,False,0.0,Low,4669,52.778082191780825,88.46475290697674
2023-02-03,Store002,SKU003,15,30,27.47,32.96,3,SUP003,Books,,0,None,11.571428571428571,0.5196382683114912,C,10.218394694715325,21.514114968019086,44.93268040900104,0,True,14.932680409001037,Low,3662,54.57260273972603,67.10326823635724
2023-02-03,Store003,SKU001,12,96,305.84,367.01,7,SUP001,Electronics,,0,None,21.285714285714285,0.47559981845990906,C,13.637857369667923,29.17924898671265,162.63785736966793,0,True,66.63785736966793,Medium,5340,54.12876712328767,98.65364174722883
2023-02-03,Store003,SKU002,5,44,69.57,144.82,5,SUP002,Clothing,,0,None,14.428571428571429,0.44687170121026343,C,10.484026374443221,24.023797725231894,82.62688351730036,0,True,38.62688351730036,Low,4369,54.772602739726025,79.76615646258503
2023-02-03,Store003,SKU003,15,48,27.47,32.96,3,SUP003,Books,,0,None,11.571428571428571,0.49263346168064476,C,9.626516732683555,21.514114968019086,44.34080244696927,0,False,0.0,Low,3639,54.92602739726028,66.25274341580207
2023-02-04,Store001,SKU001,23,77,305.84,367.01,7,SUP001,Electronics,,0,None,15.0,0.4469480032434872,C,12.78266391216064,24.49489742783178,117.78266391216064,0,True,40.78266391216064,Low,5326,55.054794520547944,96.73998507091316
2023-02-04,Store001,SKU002,8,43,69.57,144.82,5,SUP002,Clothing,,0,None,15.0,0.4888827050106926,C,11.603530548078444,24.49489742783178,86.60353054807844,0,True,43.60353054807844,Low,4420,53.88219178082192,82.03081303706716
2023-02-04,Store001,SKU003,8,96,27.47,32.96,3,SUP003,Books,,0,None,7.571428571428571,0.5124098617067465,C,10.087258421679966,17.40279123753264,32.801544135965685,0,False,0.0,Low,3666,55.73424657534247,65.77643415425453
2023-02-04,Store002,SKU001,6,71,305.84,367.01,7,SUP001,Electronics,,0,None,12.428571428571429,0.48777608644303344,C,14.036779212620559,22.296700588716195,101.03677921262056,0,True,30.03677921262056,Low,5359,54.868493150684934,97.6698956408848
2023-02-04,Store002,SKU002,18,88,69.57,144.82,5,SUP002,Clothing,,0,None,14.0,0.5114843407900957,C,12.823879339210837,23.664319132398465,82.82387933921083,0,False,0.0,Low,4669,52.778082191780825,88.46475290697674
2023-02-04,Store002,SKU003,15,14,27.47,32.96,3,SUP003,Books,,0,None,10.285714285714286,0.5196382683114912,C,10.218394694715325,20.2837021134844,41.07553755185819,0,True,27.07553755185819,Low,3662,54.57260273972603,67.10326823635724
2023-02-04,Store003,SKU001,13,77,305.84,367.01,7,SUP001,Electronics,,0,None,15.714285714285714,0.47559981845990906,C,13.637857369667923,25.071326821120348,123.63785736966793,0,True,46.63785736966793,Low,5340,54.12876712328767,98.65364174722883
2023-02-04,Store003,SKU002,10,29,69.57,144.82,5,SUP002,Clothing,,0,None,14.142857142857142,0.44687170121026343,C,10.484026374443221,23.784749015162756,81.19831208872893,0,True,52.198312088728926,Medium,4369,54.772602739726025,79.76615646258503
2023-02-04,Store003,SKU003,10,10,27.47,32.96,3,SUP003,Books,,0,None,10.428571428571429,0.49263346168064476,C,9.626516732683555,20.42407542932745,40.91223101839784,0,True,30.91223101839784,Low,3639,54.92602739726028,66.25274341580207
2023-02-05,Store001,SKU001,18,89,305.84,367.01,7,SUP001,Electronics,,0,None,14.428571428571429,0.4469480032434872,C,12.78266391216064,24.023797725231894,113.78266391216064,0,True,24.782663912160643,Low,5326,55.054794520547944,96.73998507091316
2023-02-05,Store001,SKU002,7,30,69.57,144.82,5,SUP002,Clothing,,0,None,12.0,0.4888827050106926,C,11.603530548078444,21.908902300206645,71.60353054807844,0,True,41.60353054807844,Medium,4420,53.88219178082192,82.03081303706716
2023-02-05,Store001,SKU003,12,19,27.47,32.96,3,SUP003,Books,,0,None,7.714285714285714,0.5124098617067465,C,10.087258421679966,17.566201313073595,33.23011556453711,0,True,14.230115564537108,Low,3666,55.73424657534247,65.77643415425453
2023-02-05,Store002,SKU001,13,72,305.84,367.01,7,SUP001,Electronics,,0,None,11.571428571428571,0.48777608644303344,C,14.036779212620559,21.514114968019086,95.03677921262056,0,True,23.03677921262056,Low,5359,54.868493150684934,97.6698956408848
2023-02-05,Store002,SKU002,5,10,69.57,144.82,5,SUP002,Clothing,,0,None,10.571428571428571,0.5114843407900957,C,12.823879339210837,20.56349053193895,65.6810221963537,0,True,55.681022196353695,Medium,4669,52.778082191780825,88.46475290697674
2023-02-05,Store002,SKU003,6,51,27.47,32.96,3,SUP003,Books,,0,None,9.857142857142858,0.5196382683114912,C,10.218394694715325,19.85662897587892,39.7898232661439,0,False,0.0,Low,3662,54.57260273972603,67.10326823635724
2023-02-05,Store003,SKU001,12,39,305.84,367.01,7,SUP001,Electronics,,0,None,13.142857142857142,0.47559981845990906,C,13.637857369667923,22.92846016884443,105.63785736966793,0,True,66.63785736966793,Medium,5340,54.12876712328767,98.65364174722883
2023-02-05,Store003,SKU002,6,72,69.57,144.82,5,SUP002,Clothing,,0,None,12.285714285714286,0.44687170121026343,C,10.484026374443221,22.168188275738085,71.91259780301465,0,False,0.0,Low,4369,54.772602739726025,79.76615646258503
2023-02-05,Store003,SKU003,10,21,27.47,32.96,3,SUP003,Books,,0,None,10.857142857142858,0.49263346168064476,C,9.626516732683555,20.83952289006911,42.197945304112125,0,True,21.197945304112125,Low,3639,54.92602739726028,66.25274341580207
2023-02-06,Store001,SKU001,11,33,305.84,367.01,7,SUP001,Electronics,,0,None,13.571428571428571,0.4469480032434872,C,12.78266391216064,23.299294900428702,107.78266391216064,0,True,74.78266391216064,Medium,5326,55.054794520547944,96.73998507091316
2023-02-06,Store001,SKU002,14,34,69.57,144.82,5,SUP002,Clothing,,0,None,12.428571428571429,0.4888827050106926,C,11.603530548078444,22.296700588716195,73.74638769093559,0,True,39.74638769093559,Medium,4420,53.88219178082192,82.03081303706716
2023-02-06,Store001,SKU003,10,62,27.47,32.96,3,SUP003,Books,,0,None,8.0,0.5124098617067465,C,10.087258421679966,17.88854381999832,34.08725842167996,0,False,0.0,Low,3666,55.73424657534247,65.77643415425453
2023-02-06,Store002,SKU001,15,74,305.84,367.01,7,SUP001,Electronics,,0,None,12.142857142857142,0.48777608644303344,C,14.036779212620559,22.03892660077359,99.03677921262056,0,True,25.03677921262056,Low,5359,54.868493150684934,97.6698956408848
2023-02-06,Store002,SKU002,21,48,69.57,144.82,5,SUP002,Clothing,,0,None,11.428571428571429,0.5114843407900957,C,12.823879339210837,21.38089935299395,69.96673648206799,0,True,21.966736482067986,Low,4669,52.778082191780825,88.46475290697674
2023-02-06,Store002,SKU003,10,85,27.47,32.96,3,SUP003,Books,,0,None,9.428571428571429,0.5196382683114912,C,10.218394694715325,19.42016624910449,38.504108980429606,0,False,0.0,Low,3662,54.57260273972603,67.10326823635724
2023-02-06,Store003,SKU001,21,50,305.84,367.01,7,SUP001,Electronics,,0,None,14.142857142857142,0.47559981845990906,C,13.637857369667923,23.784749015162756,112.63785736966793,0,True,62.63785736966793,Medium,5340,54.12876712328767,98.65364174722883
2023-02-06,Store003,SKU002,10,44,69.57,144.82,5,SUP002,Clothing,,0,None,10.857142857142858,0.44687170121026343,C,10.484026374443221,20.83952289006911,64.76974066015751,0,True,20.76974066015751,Low,4369,54.772602739726025,79.76615646258503
2023-02-06,Store003,SKU003,5,53,27.47,32.96,3,SUP003,Books,,0,None,10.285714285714286,0.49263346168064476,C,9.626516732683555,20.2837021134844,40.483659589826416,0,False,0.0,Low,3639,54.92602739726028,66.25274341580207
2023-02-07,Store001,SKU001,6,50,305.84,367.01,7,SUP001,Electronics,,0,None,12.285714285714286,0.4469480032434872,C,12.78266391216064,22.168188275738085,98.78266391216064,0,True,48.78266391216064,Medium,5326,55.054794520547944,96.73998507091316
2023-02-07,Store001,SKU002,14,14,69.57,144.82,5,SUP002,Clothing,,0,None,10.857142857142858,0.4888827050106926,C,11.603530548078444,20.83952289006911,65.88924483379273,0,True,51.88924483379273,Medium,4420,53.88219178082192,82.03081303706716
2023-02-07,Store001,SKU003,9,66,27.47,32.96,3,SUP003,Books,,0,None,8.428571428571429,0.5124098617067465,C,10.087258421679966,18.361450300639575,35.372972707394254,0,False,0.0,Low,3666,55.73424657534247,65.77643415425453
2023-02-07,Store002,SKU001,9,49,305.84,367.01,7,SUP001,Electronics,,0,None,10.857142857142858,0.48777608644303344,C,14.036779212620559,20.83952289006911,90.03677921262056,0,True,41.03677921262056,Medium,5359,54.868493150684934,97.6698956408848
2023-02-07,Store002,SKU002,5,51,69.57,144.82,5,SUP002,Clothing,,0,None,10.142857142857142,0.5114843407900957,C,12.823879339210837,20.14235055087379,63.53816505349654,0,True,12.538165053496542,Low,4669,52.778082191780825,88.46475290697674
2023-02-07,Store002,SKU003,6,88,27.47,32.96,3,SUP003,Books,,0,None,9.142857142857142,0.5196382683114912,C,10.218394694715325,19.123657749350297,37.64696612328675,0,False,0.0,Low,3662,54.57260273972603,67.10326823635724
2023-02-07,Store003,SKU001,14,10,305.84,367.01,7,SUP001,Electronics,,0,None,13.285714285714286,0.47559981845990906,C,13.637857369667923,23.052734575936352,106.63785736966793,0,True,96.63785736966793,High,5340,54.12876712328767,98.65364174722883
2023-02-07,Store003,SKU002,10,17,69.57,144.82,5,SUP002,Clothing,,0,None,9.0,0.44687170121026343,C,10.484026374443221,18.973665961010276,55.48402637444322,0,True,38.48402637444322,Medium,4369,54.772602739726025,79.76615646258503
2023-02-07,Store003,SKU003,7,90,27.47,32.96,3,SUP003,Books,2023-01-13,97,Delivered,10.428571428571429,0.49263346168064476,C,9.626516732683555,20.42407542932745,40.91223101839784,0,False,0.0,Low,3639,54.92602739726028,66.25274341580207
2023-02-08,Store001,SKU001,15,30,305.84,367.01,7,SUP001,Electronics,,0,None,13.428571428571429,0.4469480032434872,C,12.78266391216064,23.176342617912283,106.78266391216064,0,True,76.78266391216064,Medium,5326,55.054794520547944,96.73998507091316
2023-02-08,Store001,SKU002,10,44,69.57,144.82,5,SUP002,Clothing,,0,None,11.142857142857142,0.4888827050106926,C,11.603530548078444,21.111946516469903,67.31781626236415,0,True,23.317816262364147,Low,4420,53.88219178082192,82.03081303706716
2023-02-08,Store001,SKU003,17,44,27.47,32.96,3,SUP003,Books,,0,None,10.0,0.5124098617067465,C,10.087258421679966,20.0,40.08725842167996,0,False,0.0,Low,3666,55.73424657534247,65.77643415425453
2023-02-08,Store002,SKU001,11,78,305.84,367.01,7,SUP001,Electronics,,0,None,11.428571428571429,0.48777608644303344,C,14.036779212620559,21.38089935299395,94.03677921262056,0,True,16.03677921262056,Low,5359,54.868493150684934,97.6698956408848
2023-02-08,Store002,SKU002,9,74,69.57,144.82,5,SUP002,Clothing,,0,None,10.714285714285714,0.5114843407900957,C,12.823879339210837,20.701966780270627,66.3953079106394,0,False,0.0,Low,4669,52.778082191780825,88.46475290697674
2023-02-08,Store002,SKU003,11,85,27.47,32.96,3,SUP003,Books,,0,None,9.285714285714286,0.5196382683114912,C,10.218394694715325,19.27248223318863,38.07553755185819,0,False,0.0,Low,3662,54.57260273972603,67.10326823635724
2023-02-08,Store003,SKU001,9,40,305.84,367.01,7,SUP001,Electronics,,0,None,13.0,0.47559981845990906,C,13.637857369667923,22.80350850198276,104.63785736966793,0,True,64.63785736966793,Medium,5340,54.12876712328767,98.65364174722883
2023-02-08,Store003,SKU002,8,96,69.57,144.82,5,SUP002,Clothing,,0,None,8.428571428571429,0.44687170121026343,C,10.484026374443221,18.361450300639575,52.62688351730037,0,False,0.0,Low,4369,54.772602739726025,79.76615646258503
2023-02-08,Store003,SKU003,4,75,27.47,32.96,3,SUP003,Books,,0,None,9.571428571428571,0.49263346168064476,C,9.626516732683555,19.566735620873065,38.34080244696927,0,False,0.0,Low,3639,54.92602739726028,66.25274341580207
2023-02-09,Store001,SKU001,8,35,305.84,367.01,7,SUP001,Electronics,,0,None,12.857142857142858,0.4469480032434872,C,12.78266391216064,22.677868380553633,102.78266391216064,0,True,67.78266391216064,Medium,5326,55.054794520547944,96.73998507091316
2023-02-09,Store001,SKU002,10,40,69.57,144.82,5,SUP002,Clothing,2023-01-12,81,Delivered,10.285714285714286,0.4888827050106926,C,11.603530548078444,20.2837021134844,63.03210197664988,0,True,23.032101976649876,Low,4420,53.88219178082192,82.03081303706716
2023-02-09,Store001,SKU003,19,63,27.47,32.96,3,SUP003,Books,,0,None,11.714285714285714,0.5124098617067465,C,10.087258421679966,21.64651077128664,45.2301155645371,0,False,0.0,Low,3666,55.73424657534247,65.77643415425453
2023-02-09,Store002,SKU001,13,91,305.84,367.01,7,SUP001,Electronics,,0,None,10.714285714285714,0.48777608644303344,C,14.036779212620559,20.701966780270627,89.03677921262056,0,False,0.0,Low,5359,54.868493150684934,97.6698956408848
2023-02-09,Store002,SKU002,8,75,69.57,144.82,5,SUP002,Clothing,,0,None,9.571428571428571,0.5114843407900957,C,12.823879339210837,19.566735620873065,60.681022196353695,0,False,0.0,Low,4669,52.778082191780825,88.46475290697674
2023-02-09,Store002,SKU003,6,71,27.47,32.96,3,SUP003,Books,,0,None,9.857142857142858,0.5196382683114912,C,10.218394694715325,19.85662897587892,39.7898232661439,0,False,0.0,Low,3662,54.57260273972603,67.10326823635724
2023-02-09,Store003,SKU001,16,85,305.84,367.01,7,SUP001,Electronics,,0,None,13.857142857142858,0.47559981845990906,C,13.637857369667923,23.543273227945903,110.63785736966793,0,True,25.637857369667927,Low,5340,54.12876712328767,98.65364174722883
2023-02-09,Store003,SKU002,11,98,69.57,144.82,5,SUP002,Clothing,,0,None,8.571428571428571,0.44687170121026343,C,10.484026374443221,18.51640199545103,53.34116923158608,0,False,0.0,Low,4369,54.772602739726025,79.76615646258503
2023-02-09,Store003,SKU003,6,43,27.47,32.96,3,SUP003,Books,,0,None,8.142857142857142,0.49263346168064476,C,9.626516732683555,18.04755622554715,34.055088161254986,0,False,0.0,Low,3639,54.92602739726028,66.25274341580207
2023-02-10,Store001,SKU001,8,68,305.84,367.01,7,SUP001,Electronics,,0,None,12.714285714285714,0.4469480032434872,C,12.78266391216064,22.551528297909847,101.78266391216064,0,True,33.78266391216064,Low,5326,55.054794520547944,96.73998507091316
2023-02-10,Store001,SKU002,5,30,69.57,144.82,5,SUP002,Clothing,,0,None,9.714285714285714,0.4888827050106926,C,11.603530548078444,19.712215212183246,60.174959119507015,0,True,30.174959119507015,Medium,4420,53.88219178082192,82.03081303706716
2023-02-10,Store001,SKU003,7,94,27.47,32.96,3,SUP003,Books,2023-02-02,33,Delivered,11.714285714285714,0.5124098617067465,C,10.087258421679966,21.64651077128664,45.2301155645371,0,False,0.0,Low,3666,55.73424657534247,65.77643415425453
2023-02-10,Store002,SKU001,11,93,305.84,367.01,7,SUP001,Electronics,,0,None,11.142857142857142,0.48777608644303344,C,14.036779212620559,21.111946516469903,92.03677921262056,0,False,0.0,Low,5359,54.868493150684934,97.6698956408848
2023-02-10,Store002,SKU002,5,51,69.57,144.82,5,SUP002,Clothing,,0,None,10.142857142857142,0.5114843407900957,C,12.823879339210837,20.14235055087379,63.53816505349654,0,True,12.538165053496542,Low,4669,52.778082191780825,88.46475290697674
2023-02-10,Store002,SKU003,11,72,27.47,32.96,3,SUP003,Books,,0,None,9.285714285714286,0.5196382683114912,C,10.218394694715325,19.27248223318863,38.07553755185819,0,False,0.0,Low,3662,54.57260273972603,67.10326823635724
2023-02-10,Store003,SKU001,8,34,305.84,367.01,7,SUP001,Electronics,,0,None,13.285714285714286,0.47559981845990906,C,13.637857369667923,23.052734575936352,106.63785736966793,0,True,72.63785736966793,Medium,5340,54.12876712328767,98.65364174722883
2023-02-10,Store003,SKU002,11,26,69.57,144.82,5,SUP002,Clothing,,0,None,9.428571428571429,0.44687170121026343,C,10.484026374443221,19.42016624910449,57.62688351730037,0,True,31.62688351730037,Medium,4369,54.772602739726025,79.76615646258503
2023-02-10,Store003,SKU003,13,51,27.47,32.96,3,SUP003,Books,2023-01-27,62,Delivered,7.857142857142857,0.49263346168064476,C,9.626516732683555,17.728105208558365,33.197945304112125,0,False,0.0,Low,3639,54.92602739726028,66.25274341580207
2023-02-11,Store001,SKU001,16,94,305.84,367.01,7,SUP001,Electronics,,0,None,11.714285714285714,0.4469480032434872,C,12.78266391216064,21.64651077128664,94.78266391216064,0,True,0.7826639121606433,Low,5326,55.054794520547944,96.73998507091316
2023-02-11,Store001,SKU002,13,36,69.57,144.82,5,SUP002,Clothing,,0,None,10.428571428571429,0.4888827050106926,C,11.603530548078444,20.42407542932745,63.74638769093559,0,True,27.74638769093559,Low,4420,53.88219178082192,82.03081303706716
2023-02-11,Store001,SKU003,11,72,27.47,32.96,3,SUP003,Books,,0,None,12.142857142857142,0.5124098617067465,C,10.087258421679966,22.03892660077359,46.51582985025139,0,False,0.0,Low,3666,55.73424657534247,65.77643415425453
2023-02-11,Store002,SKU001,24,48,305.84,367.01,7,SUP001,Electronics,,0,None,13.714285714285714,0.48777608644303344,C,14.036779212620559,23.421601750764797,110.03677921262056,0,True,62.03677921262056,Medium,5359,54.868493150684934,97.6698956408848
2023-02-11,Store002,SKU002,11,49,69.57,144.82,5,SUP002,Clothing,,0,None,9.142857142857142,0.5114843407900957,C,12.823879339210837,19.123657749350297,58.53816505349654,0,True,9.538165053496542,Low,4669,52.778082191780825,88.46475290697674
2023-02-11,Store002,SKU003,7,59,27.47,32.96,3,SUP003,Books,,0,None,8.142857142857142,0.5196382683114912,C,10.218394694715325,18.04755622554715,34.64696612328675,0,False,0.0,Low,3662,54.57260273972603,67.10326823635724
2023-02-11,Store003,SKU001,9,69,305.84,367.01,7,SUP001,Electronics,,0,None,12.714285714285714,0.47559981845990906,C,13.637857369667923,22.551528297909847,102.63785736966793,0,True,33.63785736966793,Low,5340,54.12876712328767,98.65364174722883
2023-02-11,Store003,SKU002,15,88,69.57,144.82,5,SUP002,Clothing,,0,None,10.142857142857142,0.44687170121026343,C,10.484026374443221,20.14235055087379,61.198312088728926,0,False,0.0,Low,4369,54.772602739726025,79.76615646258503
2023-02-11,Store003,SKU003,7,15,27.47,32.96,3,SUP003,Books,,0,None,7.428571428571429,0.49263346168064476,C,9.626516732683555,17.237832147426694,31.91223101839784,0,True,16.91223101839784,Low,3639,54.92602739726028,66.25274341580207
2023-02-12,Store001,SKU001,17,37,305.84,367.01,7,SUP001,Electronics,,0,None,11.571428571428571,0.4469480032434872,C,12.78266391216064,21.514114968019086,93.78266391216064,0,True,56.78266391216064,Medium,5326,55.054794520547944,96.73998507091316
2023-02-12,Store001,SKU002,6,27,69.57,144.82,5,SUP002,Clothing,,0,None,10.285714285714286,0.4888827050106926,C,11.603530548078444,20.2837021134844,63.03210197664988,0,True,36.03210197664988,Medium,4420,53.88219178082192,82.03081303706716
2023-02-12,Store001,SKU003,10,93,27.47,32.96,3,SUP003,Books,,0,None,11.857142857142858,0.5124098617067465,C,10.087258421679966,21.778101714468008,45.65868699310853,0,False,0.0,Low,3666,55.73424657534247,65.77643415425453
2023-02-12,Store002,SKU001,7,54,305.84,367.01,7,SUP001,Electronics,,0,None,12.857142857142858,0.48777608644303344,C,14.036779212620559,22.677868380553633,104.03677921262056,0,True,50.03677921262056,Medium,5359,54.868493150684934,97.6698956408848
2023-02-12,Store002,SKU002,11,39,69.57,144.82,5,SUP002,Clothing,,0,None,10.0,0.5114843407900957,C,12.823879339210837,20.0,62.82387933921083,0,True,23.823879339210833,Low,4669,52.778082191780825,88.46475290697674
2023-02-12,Store002,SKU003,6,86,27.47,32.96,3,SUP003,Books,,0,None,8.142857142857142,0.5196382683114912,C,10.218394694715325,18.04755622554715,34.64696612328675,0,False,0.0,Low,3662,54.57260273972603,67.10326823635724
2023-02-12,Store003,SKU001,7,14,305.84,367.01,7,SUP001,Electronics,,0,None,12.0,0.47559981845990906,C,13.637857369667923,21.908902300206645,97.63785736966793,0,True,83.63785736966793,Medium,5340,54.12876712328767,98.65364174722883
2023-02-12,Store003,SKU002,1,55,69.57,144.82,5,SUP002,Clothing,,0,None,9.428571428571429,0.44687170121026343,C,10.484026374443221,19.42016624910449,57.62688351730037,0,True,2.626883517300371,Low,4369,54.772602739726025,79.76615646258503
2023-02-12,Store003,SKU003,9,65,27.47,32.96,3,SUP003,Books,,0,None,7.285714285714286,0.49263346168064476,C,9.626516732683555,17.07127913861675,31.483659589826413,0,False,0.0,Low,3639,54.92602739726028,66.25274341580207
2023-02-13,Store001,SKU001,7,56,305.84,367.01,7,SUP001,Electronics,,0,None,11.0,0.4469480032434872,C,12.78266391216064,20.97617696340303,89.78266391216064,0,True,33.78266391216064,Medium,5326,55.054794520547944,96.73998507091316
2023-02-13,Store001,SKU002,11,37,69.57,144.82,5,SUP002,Clothing,,0,None,9.857142857142858,0.4888827050106926,C,11.603530548078444,19.85662897587892,60.88924483379274,0,True,23.889244833792738,Low,4420,53.88219178082192,82.03081303706716
2023-02-13,Store001,SKU003,8,56,27.47,32.96,3,SUP003,Books,,0,None,11.571428571428571,0.5124098617067465,C,10.087258421679966,21.514114968019086,44.801544135965685,0,False,0.0,Low,3666,55.73424657534247,65.77643415425453
2023-02-13,Store002,SKU001,3,44,305.84,367.01,7,SUP001,Electronics,,0,None,11.142857142857142,0.48777608644303344,C,14.036779212620559,21.111946516469903,92.03677921262056,0,True,48.03677921262056,Medium,5359,54.868493150684934,97.6698956408848
2023-02-13,Store002,SKU002,12,26,69.57,144.82,5,SUP002,Clothing,2023-01-21,57,Delivered,8.714285714285714,0.5114843407900957,C,12.823879339210837,18.670067717376618,56.3953079106394,0,True,30.395307910639403,Medium,4669,52.778082191780825,88.46475290697674
2023-02-13,Store002,SKU003,6,28,27.47,32.96,3,SUP003,Books,,0,None,7.571428571428571,0.5196382683114912,C,10.218394694715325,17.40279123753264,32.93268040900104,0,True,4.932680409001037,Low,3662,54.57260273972603,67.10326823635724
2023-02-13,Store003,SKU001,10,68,305.84,367.01,7,SUP001,Electronics,,0,None,10.428571428571429,0.47559981845990906,C,13.637857369667923,20.42407542932745,86.63785736966793,0,True,18.637857369667927,Low,5340,54.12876712328767,98.65364174722883
2023-02-13,Store003,SKU002,12,23,69.57,144.82,5,SUP002,Clothing,,0,None,9.714285714285714,0.44687170121026343,C,10.484026374443221,19.712215212183246,59.05545494587179,0,True,36.05545494587179,Medium,4369,54.772602739726025,79.76615646258503
2023-02-13,Store003,SKU003,3,85,27.47,32.96,3,SUP003,Books,,0,None,7.0,0.49263346168064476,C,9.626516732683555,16.73320053068151,30.626516732683555,0,False,0.0,Low,3639,54.92602739726028,66.25274341580207
2023-02-14,Store001,SKU001,17,67,305.84,367.01,7,SUP001,Electronics,,0,None,12.571428571428571,0.4469480032434872,C,12.78266391216064,22.424476423255523,100.78266391216064,0,True,33.78266391216064,Low,5326,55.054794520547944,96.73998507091316
2023-02-14,Store001,SKU002,15,78,69.57,144.82,5,SUP002,Clothing,,0,None,10.0,0.4888827050106926,C,11.603530548078444,20.0,61.603530548078446,0,False,0.0,Low,4420,53.88219178082192,82.03081303706716
2023-02-14,Store001,SKU003,9,18,27.47,32.96,3,SUP003,Books,,0,None,11.571428571428571,0.5124098617067465,C,10.087258421679966,21.514114968019086,44.801544135965685,0,True,26.801544135965685,Low,3666,55.73424657534247,65.77643415425453
2023-02-14,Store002,SKU001,8,85,305.84,367.01,7,SUP001,Electronics,,0,None,11.0,0.48777608644303344,C,14.036779212620559,20.97617696340303,91.03677921262056,0,True,6.036779212620559,Low,5359,54.868493150684934,97.6698956408848
2023-02-14,Store002,SKU002,10,20,69.57,144.82,5,SUP002,Clothing,,0,None,9.428571428571429,0.5114843407900957,C,12.823879339210837,19.42016624910449,59.96673648206799,0,True,39.96673648206799,Medium,4669,52.778082191780825,88.46475290697674
2023-02-14,Store002,SKU003,9,61,27.47,32.96,3,SUP003,Books,,0,None,8.0,0.5196382683114912,C,10.218394694715325,17.88854381999832,34.21839469471533,0,False,0.0,Low,3662,54.57260273972603,67.10326823635724
2023-02-14,Store003,SKU001,9,35,305.84,367.01,7,SUP001,Electronics,,0,None,9.714285714285714,0.47559981845990906,C,13.637857369667923,19.712215212183246,81.63785736966793,0,True,46.63785736966793,Medium,5340,54.12876712328767,98.65364174722883
2023-02-14,Store003,SKU002,10,72,69.57,144.82,5,SUP002,Clothing,,0,None,9.714285714285714,0.44687170121026343,C,10.484026374443221,19.712215212183246,59.05545494587179,0,False,0.0,Low,4369,54.772602739726025,79.76615646258503
2023-02-14,Store003,SKU003,5,86,27.47,32.96,3,SUP003,Books,,0,None,6.714285714285714,0.49263346168064476,C,9.626516732683555,16.388149028228554,29.769373875540698,0,False,0.0,Low,3639,54.92602739726028,66.25274341580207
2023-02-15,Store001,SKU001,15,79,305.84,367.01,7,SUP001,Electronics,,0,None,12.571428571428571,0.4469480032434872,C,12.78266391216064,22.424476423255523,100.78266391216064,0,True,21.782663912160643,Low,5326,55.054794520547944,96.73998507091316
2023-02-15,Store001,SKU002,19,88,69.57,144.82,5,SUP002,Clothing,,0,None,11.285714285714286,0.4888827050106926,C,11.603530548078444,21.246848505803666,68.03210197664987,0,False,0.0,Low,4420,53.88219178082192,82.03081303706716
2023-02-15,Store001,SKU003,12,71,27.47,32.96,3,SUP003,Books,,0,None,10.857142857142858,0.5124098617067465,C,10.087258421679966,20.83952289006911,42.65868699310853,0,False,0.0,Low,3666,55.73424657534247,65.77643415425453
2023-02-15,Store002,SKU001,14,96,305.84,367.01,7,SUP001,Electronics,,0,None,11.428571428571429,0.48777608644303344,C,14.036779212620559,21.38089935299395,94.03677921262056,0,False,0.0,Low,5359,54.868493150684934,97.6698956408848
2023-02-15,Store002,SKU002,7,42,69.57,144.82,5,SUP002,Clothing,,0,None,9.142857142857142,0.5114843407900957,C,12.823879339210837,19.123657749350297,58.53816505349654,0,True,16.53816505349654,Low,4669,52.778082191780825,88.46475290697674
2023-02-15,Store002,SKU003,5,55,27.47,32.96,3,SUP003,Books,,0,None,7.142857142857143,0.5196382683114912,C,10.218394694715325,16.903085094570333,31.646966123286756,0,False,0.0,Low,3662,54.57260273972603,67.10326823635724
2023-02-15,Store003,SKU001,9,85,305.84,367.01,7,SUP001,Electronics,,0,None,9.714285714285714,0.47559981845990906,C,13.637857369667923,19.712215212183246,81.63785736966793,0,False,0.0,Low,5340,54.12876712328767,98.65364174722883
2023-02-15,Store003,SKU002,7,42,69.57,144.82,5,SUP002,Clothing,2023-01-23,35,Delivered,9.571428571428571,0.44687170121026343,C,10.484026374443221,19.566735620873065,58.34116923158608,0,True,16.34116923158608,Low,4369,54.772602739726025,79.76615646258503
2023-02-15,Store003,SKU003,9,29,27.47,32.96,3,SUP003,Books,,0,None,7.428571428571429,0.49263346168064476,C,9.626516732683555,17.237832147426694,31.91223101839784,0,True,2.91223101839784,Low,3639,54.92602739726028,66.25274341580207
2023-02-16,Store001,SKU001,14,66,305.84,367.01,7,SUP001,Electronics,,0,None,13.428571428571429,0.4469480032434872,C,12.78266391216064,23.176342617912283,106.78266391216064,0,True,40.78266391216064,Medium,5326,55.054794520547944,96.73998507091316
2023-02-16,Store001,SKU002,6,65,69.57,144.82,5,SUP002,Clothing,,0,None,10.714285714285714,0.4888827050106926,C,11.603530548078444,20.701966780270627,65.17495911950701,0,True,0.17495911950700815,Low,4420,53.88219178082192,82.03081303706716
2023-02-16,Store001,SKU003,1,23,27.47,32.96,3,SUP003,Books,,0,None,8.285714285714286,0.5124098617067465,C,10.087258421679966,18.20517979665599,34.94440127882282,0,True,11.944401278822824,Low,3666,55.73424657534247,65.77643415425453
2023-02-16,Store002,SKU001,9,19,305.84,367.01,7,SUP001,Electronics,,0,None,10.857142857142858,0.48777608644303344,C,14.036779212620559,20.83952289006911,90.03677921262056,0,True,71.03677921262056,Medium,5359,54.868493150684934,97.6698956408848
2023-02-16,Store002,SKU002,8,31,69.57,144.82,5,SUP002,Clothing,,0,None,9.142857142857142,0.5114843407900957,C,12.823879339210837,19.123657749350297,58.53816505349654,0,True,27.53816505349654,Medium,4669,52.778082191780825,88.46475290697674
2023-02-16,Store002,SKU003,20,21,27.47,32.96,3,SUP003,Books,,0,None,9.142857142857142,0.5196382683114912,C,10.218394694715325,19.123657749350297,37.64696612328675,0,True,16.646966123286752,Low,3662,54.57260273972603,67.10326823635724
2023-02-16,Store003,SKU001,8,30,305.84,367.01,7,SUP001,Electronics,,0,None,8.571428571428571,0.47559981845990906,C,13.637857369667923,18.51640199545103,73.63785736966793,0,True,43.63785736966793,Medium,5340,54.12876712328767,98.65364174722883
2023-02-16,Store003,SKU002,13,75,69.57,144.82,5,SUP002,Clothing,,0,None,9.857142857142858,0.44687170121026343,C,10.484026374443221,19.85662897587892,59.76974066015751,0,False,0.0,Low,4369,54.772602739726025,79.76615646258503
2023-02-16,Store003,SKU003,11,54,27.47,32.96,3,SUP003,Books,,0,None,8.142857142857142,0.49263346168064476,C,9.626516732683555,18.04755622554715,34.055088161254986,0,False,0.0,Low,3639,54.92602739726028,66.25274341580207
2023-02-17,Store001,SKU001,5,90,305.84,367.01,7,SUP001,Electronics,,0,None,13.0,0.4469480032434872,C,12.78266391216064,22.80350850198276,103.78266391216064,0,True,13.782663912160643,Low,5326,55.054794520547944,96.73998507091316
2023-02-17,Store001,SKU002,3,77,69.57,144.82,5,SUP002,Clothing,,0,None,10.428571428571429,0.4888827050106926,C,11.603530548078444,20.42407542932745,63.74638769093559,0,False,0.0,Low,4420,53.88219178082192,82.03081303706716
2023-02-17,Store001,SKU003,10,62,27.47,32.96,3,SUP003,Books,,0,None,8.714285714285714,0.5124098617067465,C,10.087258421679966,18.670067717376618,36.2301155645371,0,False,0.0,Low,3666,55.73424657534247,65.77643415425453
2023-02-17,Store002,SKU001,15,52,305.84,367.01,7,SUP001,Electronics,,0,None,11.428571428571429,0.48777608644303344,C,14.036779212620559,21.38089935299395,94.03677921262056,0,True,42.03677921262056,Medium,5359,54.868493150684934,97.6698956408848
2023-02-17,Store002,SKU002,9,45,69.57,144.82,5,SUP002,Clothing,2023-02-03,28,Delivered,9.714285714285714,0.5114843407900957,C,12.823879339210837,19.712215212183246,61.3953079106394,0,True,16.395307910639403,Low,4669,52.778082191780825,88.46475290697674
2023-02-17,Store002,SKU003,8,22,27.47,32.96,3,SUP003,Books,,0,None,8.714285714285714,0.5196382683114912,C,10.218394694715325,18.670067717376618,36.36125183757247,0,True,14.361251837572468,Low,3662,54.57260273972603,67.10326823635724
2023-02-17,Store003,SKU001,10,10,305.84,367.01,7,SUP001,Electronics,2023-02-06,14,Delivered,8.857142857142858,0.47559981845990906,C,13.637857369667923,18.822478962286407,75.63785736966793,0,True,65.63785736966793,High,5340,54.12876712328767,98.65364174722883
2023-02-17,Store003,SKU002,8,89,69.57,144.82,5,SUP002,Clothing,,0,None,9.428571428571429,0.44687170121026343,C,10.484026374443221,19.42016624910449,57.62688351730037,0,False,0.0,Low,4369,54.772602739726025,79.76615646258503
2023-02-17,Store003,SKU003,11,56,27.47,32.96,3,SUP003,Books,,0,None,7.857142857142857,0.49263346168064476,C,9.626516732683555,17.728105208558365,33.197945304112125,0,False,0.0,Low,3639,54.92602739726028,66.25274341580207
2023-02-18,Store001,SKU001,19,91,305.84,367.01,7,SUP001,Electronics,,0,None,13.428571428571429,0.4469480032434872,C,12.78266391216064,23.176342617912283,106.78266391216064,0,True,15.782663912160643,Low,5326,55.054794520547944,96.73998507091316
2023-02-18,Store001,SKU002,4,89,69.57,144.82,5,SUP002,Clothing,,0,None,9.142857142857142,0.4888827050106926,C,11.603530548078444,19.123657749350297,57.317816262364154,0,False,0.0,Low,4420,53.88219178082192,82.03081303706716
2023-02-18,Store001,SKU003,11,26,27.47,32.96,3,SUP003,Books,,0,None,8.714285714285714,0.5124098617067465,C,10.087258421679966,18.670067717376618,36.2301155645371,0,True,10.230115564537101,Low,3666,55.73424657534247,65.77643415425453
2023-02-18,Store002,SKU001,8,74,305.84,367.01,7,SUP001,Electronics,,0,None,9.142857142857142,0.48777608644303344,C,14.036779212620559,19.123657749350297,78.03677921262056,0,True,4.036779212620559,Low,5359,54.868493150684934,97.6698956408848
2023-02-18,Store002,SKU002,4,99,69.57,144.82,5,SUP002,Clothing,,0,None,8.714285714285714,0.5114843407900957,C,12.823879339210837,18.670067717376618,56.3953079106394,0,False,0.0,Low,4669,52.778082191780825,88.46475290697674
2023-02-18,Store002,SKU003,7,70,27.47,32.96,3,SUP003,Books,,0,None,8.714285714285714,0.5196382683114912,C,10.218394694715325,18.670067717376618,36.36125183757247,0,False,0.0,Low,3662,54.57260273972603,67.10326823635724
2023-02-18,Store003,SKU001,12,26,305.84,367.01,7,SUP001,Electronics,,0,None,9.285714285714286,0.47559981845990906,C,13.637857369667923,19.27248223318863,78.63785736966793,0,True,52.63785736966793,Medium,5340,54.12876712328767,98.65364174722883
2023-02-18,Store003,SKU002,22,85,69.57,144.82,5,SUP002,Clothing,,0,None,10.428571428571429,0.44687170121026343,C,10.484026374443221,20.42407542932745,62.62688351730037,0,False,0.0,Low,4369,54.772602739726025,79.76615646258503
2023-02-18,Store003,SKU003,11,75,27.47,32.96,3,SUP003,Books,,0,None,8.428571428571429,0.49263346168064476,C,9.626516732683555,18.361450300639575,34.91223101839784,0,False,0.0,Low,3639,54.92602739726028,66.25274341580207
2023-02-19,Store001,SKU001,4,48,305.84,367.01,7,SUP001,Electronics,,0,None,11.571428571428571,0.4469480032434872,C,12.78266391216064,21.514114968019086,93.78266391216064,0,True,45.78266391216064,Medium,5326,55.054794520547944,96.73998507091316
2023-02-19,Store001,SKU002,18,13,69.57,144.82,5,SUP002,Clothing,,0,None,10.857142857142858,0.4888827050106926,C,11.603530548078444,20.83952289006911,65.88924483379273,0,True,52.88924483379273,Medium,4420,53.88219178082192,82.03081303706716
2023-02-19,Store001,SKU003,12,62,27.47,32.96,3,SUP003,Books,,0,None,9.0,0.5124098617067465,C,10.087258421679966,18.973665961010276,37.08725842167996,0,False,0.0,Low,3666,55.73424657534247,65.77643415425453
2023-02-19,Store002,SKU001,16,50,305.84,367.01,7,SUP001,Electronics,,0,None,10.428571428571429,0.48777608644303344,C,14.036779212620559,20.42407542932745,87.03677921262056,0,True,37.03677921262056,Medium,5359,54.868493150684934,97.6698956408848
2023-02-19,Store002,SKU002,13,13,69.57,144.82,5,SUP002,Clothing,,0,None,9.0,0.5114843407900957,C,12.823879339210837,18.973665961010276,57.82387933921083,0,True,44.82387933921083,Medium,4669,52.778082191780825,88.46475290697674
2023-02-19,Store002,SKU003,17,46,27.47,32.96,3,SUP003,Books,,0,None,10.285714285714286,0.5196382683114912,C,10.218394694715325,20.2837021134844,41.07553755185819,0,False,0.0,Low,3662,54.57260273972603,67.10326823635724
2023-02-19,Store003,SKU001,13,79,305.84,367.01,7,SUP001,Electronics,,0,None,10.142857142857142,0.47559981845990906,C,13.637857369667923,20.14235055087379,84.63785736966793,0,True,5.637857369667927,Low,5340,54.12876712328767,98.65364174722883
2023-02-19,Store003,SKU002,4,46,69.57,144.82,5,SUP002,Clothing,,0,None,10.857142857142858,0.44687170121026343,C,10.484026374443221,20.83952289006911,64.76974066015751,0,True,18.76974066015751,Low,4369,54.772602739726025,79.76615646258503
2023-02-19,Store003,SKU003,8,99,27.47,32.96,3,SUP003,Books,,0,None,8.285714285714286,0.49263346168064476,C,9.626516732683555,18.20517979665599,34.483659589826416,0,False,0.0,Low,3639,54.92602739726028,66.25274341580207
2023-02-20,Store001,SKU001,15,97,305.84,367.01,7,SUP001,Electronics,,0,None,12.714285714285714,0.4469480032434872,C,12.78266391216064,22.551528297909847,101.78266391216064,0,True,4.782663912160643,Low,5326,55.054794520547944,96.73998507091316
2023-02-20,Store001,SKU002,9,54,69.57,144.82,5,SUP002,Clothing,,0,None,10.571428571428571,0.4888827050106926,C,11.603530548078444,20.56349053193895,64.4606734052213,0,True,10.4606734052213,Low,4420,53.88219178082192,82.03081303706716
2023-02-20,Store001,SKU003,10,66,27.47,32.96,3,SUP003,Books,,0,None,9.285714285714286,0.5124098617067465,C,10.087258421679966,19.27248223318863,37.94440127882282,0,False,0.0,Low,3666,55.73424657534247,65.77643415425453
2023-02-20,Store002,SKU001,14,37,305.84,367.01,7,SUP001,Electronics,,0,None,12.0,0.48777608644303344,C,14.036779212620559,21.908902300206645,98.03677921262056,0,True,61.03677921262056,Medium,5359,54.868493150684934,97.6698956408848
2023-02-20,Store002,SKU002,6,49,69.57,144.82,5,SUP002,Clothing,,0,None,8.142857142857142,0.5114843407900957,C,12.823879339210837,18.04755622554715,53.53816505349654,0,True,4.538165053496542,Low,4669,52.778082191780825,88.46475290697674
2023-02-20,Store002,SKU003,6,92,27.47,32.96,3,SUP003,Books,,0,None,10.285714285714286,0.5196382683114912,C,10.218394694715325,20.2837021134844,41.07553755185819,0,False,0.0,Low,3662,54.57260273972603,67.10326823635724
2023-02-20,Store003,SKU001,17,46,305.84,367.01,7,SUP001,Electronics,,0,None,11.142857142857142,0.47559981845990906,C,13.637857369667923,21.111946516469903,91.63785736966793,0,True,45.63785736966793,Medium,5340,54.12876712328767,98.65364174722883
2023-02-20,Store003,SKU002,11,69,69.57,144.82,5,SUP002,Clothing,,0,None,10.714285714285714,0.44687170121026343,C,10.484026374443221,20.701966780270627,64.05545494587179,0,False,0.0,Low,4369,54.772602739726025,79.76615646258503
2023-02-20,Store003,SKU003,8,57,27.47,32.96,3,SUP003,Books,,0,None,9.0,0.49263346168064476,C,9.626516732683555,18.973665961010276,36.626516732683555,0,False,0.0,Low,3639,54.92602739726028,66.25274341580207
2023-02-21,Store001,SKU001,21,59,305.84,367.01,7,SUP001,Electronics,,0,None,13.285714285714286,0.4469480032434872,C,12.78266391216064,23.052734575936352,105.78266391216064,0,True,46.78266391216064,Medium,5326,55.054794520547944,96.73998507091316
2023-02-21,Store001,SKU002,3,46,69.57,144.82,5,SUP002,Clothing,,0,None,8.857142857142858,0.4888827050106926,C,11.603530548078444,18.822478962286407,55.88924483379274,0,True,9.889244833792738,Low,4420,53.88219178082192,82.03081303706716
2023-02-21,Store001,SKU003,4,62,27.47,32.96,3,SUP003,Books,,0,None,8.571428571428571,0.5124098617067465,C,10.087258421679966,18.51640199545103,35.801544135965685,0,False,0.0,Low,3666,55.73424657534247,65.77643415425453
2023-02-21,Store002,SKU001,12,38,305.84,367.01,7,SUP001,Electronics,,0,None,12.571428571428571,0.48777608644303344,C,14.036779212620559,22.424476423255523,102.03677921262056,0,True,64.03677921262056,Medium,5359,54.868493150684934,97.6698956408848
2023-02-21,Store002,SKU002,8,17,69.57,144.82,5,SUP002,Clothing,,0,None,7.857142857142857,0.5114843407900957,C,12.823879339210837,17.728105208558365,52.109593624925125,0,True,35.109593624925125,Medium,4669,52.778082191780825,88.46475290697674
2023-02-21,Store002,SKU003,10,41,27.47,32.96,3,SUP003,Books,,0,None,10.428571428571429,0.5196382683114912,C,10.218394694715325,20.42407542932745,41.504108980429606,0,True,0.5041089804296064,Low,3662,54.57260273972603,67.10326823635724
2023-02-21,Store003,SKU001,9,50,305.84,367.01,7,SUP001,Electronics,,0,None,11.142857142857142,0.47559981845990906,C,13.637857369667923,21.111946516469903,91.63785736966793,0,True,41.63785736966793,Medium,5340,54.12876712328767,98.65364174722883
2023-02-21,Store003,SKU002,11,76,69.57,144.82,5,SUP002,Clothing,,0,None,10.857142857142858,0.44687170121026343,C,10.484026374443221,20.83952289006911,64.76974066015751,0,False,0.0,Low,4369,54.772602739726025,79.76615646258503
2023-02-21,Store003,SKU003,11,47,27.47,32.96,3,SUP003,Books,,0,None,9.857142857142858,0.49263346168064476,C,9.626516732683555,19.85662897587892,39.197945304112125,0,False,0.0,Low,3639,54.92602739726028,66.25274341580207
2023-02-22,Store001,SKU001,12,28,305.84,367.01,7,SUP001,Electronics,,0,None,12.857142857142858,0.4469480032434872,C,12.78266391216064,22.677868380553633,102.78266391216064,0,True,74.78266391216064,Medium,5326,55.054794520547944,96.73998507091316
2023-02-22,Store001,SKU002,10,22,69.57,144.82,5,SUP002,Clothing,,0,None,7.571428571428571,0.4888827050106926,C,11.603530548078444,17.40279123753264,49.4606734052213,0,True,27.4606734052213,Medium,4420,53.88219178082192,82.03081303706716
2023-02-22,Store001,SKU003,9,42,27.47,32.96,3,SUP003,Books,,0,None,8.142857142857142,0.5124098617067465,C,10.087258421679966,18.04755622554715,34.51582985025139,0,False,0.0,Low,3666,55.73424657534247,65.77643415425453
2023-02-22,Store002,SKU001,3,74,305.84,367.01,7,SUP001,Electronics,,0,None,11.0,0.48777608644303344,C,14.036779212620559,20.97617696340303,91.03677921262056,0,True,17.03677921262056,Low,5359,54.868493150684934,97.6698956408848
2023-02-22,Store002,SKU002,5,48,69.57,144.82,5,SUP002,Clothing,,0,None,7.571428571428571,0.5114843407900957,C,12.823879339210837,17.40279123753264,50.681022196353695,0,True,2.6810221963536947,Low,4669,52.778082191780825,88.46475290697674
2023-02-22,Store002,SKU003,11,83,27.47,32.96,3,SUP003,Books,,0,None,11.285714285714286,0.5196382683114912,C,10.218394694715325,21.246848505803666,44.07553755185819,0,False,0.0,Low,3662,54.57260273972603,67.10326823635724
2023-02-22,Store003,SKU001,10,75,305.84,367.01,7,SUP001,Electronics,,0,None,11.285714285714286,0.47559981845990906,C,13.637857369667923,21.246848505803666,92.63785736966793,0,True,17.637857369667927,Low,5340,54.12876712328767,98.65364174722883
2023-02-22,Store003,SKU002,12,86,69.57,144.82,5,SUP002,Clothing,,0,None,11.571428571428571,0.44687170121026343,C,10.484026374443221,21.514114968019086,68.34116923158608,0,False,0.0,Low,4369,54.772602739726025,79.76615646258503
2023-02-22,Store003,SKU003,11,69,27.47,32.96,3,SUP003,Books,,0,None,10.142857142857142,0.49263346168064476,C,9.626516732683555,20.14235055087379,40.055088161254986,0,False,0.0,Low,3639,54.92602739726028,66.25274341580207
2023-02-23,Store001,SKU001,8,97,305.84,367.01,7,SUP001,Electronics,,0,None,12.0,0.4469480032434872,C,12.78266391216064,21.908902300206645,96.78266391216064,0,False,0.0,Low,5326,55.054794520547944,96.73998507091316
2023-02-23,Store001,SKU002,7,71,69.57,144.82,5,SUP002,Clothing,,0,None,7.714285714285714,0.4888827050106926,C,11.603530548078444,17.566201313073595,50.174959119507015,0,False,0.0,Low,4420,53.88219178082192,82.03081303706716
2023-02-23,Store001,SKU003,4,50,27.47,32.96,3,SUP003,Books,,0,None,8.571428571428571,0.5124098617067465,C,10.087258421679966,18.51640199545103,35.801544135965685,0,False,0.0,Low,3666,55.73424657534247,65.77643415425453
2023-02-23,Store002,SKU001,18,10,305.84,367.01,7,SUP001,Electronics,2023-02-07,62,Delivered,12.285714285714286,0.48777608644303344,C,14.036779212620559,22.168188275738085,100.03677921262056,0,True,90.03677921262056,High,5359,54.868493150684934,97.6698956408848
2023-02-23,Store002,SKU002,9,32,69.57,144.82,5,SUP002,Clothing,,0,None,7.714285714285714,0.5114843407900957,C,12.823879339210837,17.566201313073595,51.3953079106394,0,True,19.395307910639403,Low,4669,52.778082191780825,88.46475290697674
2023-02-23,Store002,SKU003,8,28,27.47,32.96,3,SUP003,Books,,0,None,9.571428571428571,0.5196382683114912,C,10.218394694715325,19.566735620873065,38.93268040900104,0,True,10.932680409001037,Low,3662,54.57260273972603,67.10326823635724
2023-02-23,Store003,SKU001,7,76,305.84,367.01,7,SUP001,Electronics,,0,None,11.142857142857142,0.47559981845990906,C,13.637857369667923,21.111946516469903,91.63785736966793,0,True,15.637857369667927,Low,5340,54.12876712328767,98.65364174722883
2023-02-23,Store003,SKU002,18,79,69.57,144.82,5,SUP002,Clothing,,0,None,12.285714285714286,0.44687170121026343,C,10.484026374443221,22.168188275738085,71.91259780301465,0,False,0.0,Low,4369,54.772602739726025,79.76615646258503
2023-02-23,Store003,SKU003,8,42,27.47,32.96,3,SUP003,Books,,0,None,9.714285714285714,0.49263346168064476,C,9.626516732683555,19.712215212183246,38.769373875540694,0,False,0.0,Low,3639,54.92602739726028,66.25274341580207
2023-02-24,Store001,SKU001,7,44,305.84,367.01,7,SUP001,Electronics,,0,None,12.285714285714286,0.4469480032434872,C,12.78266391216064,22.168188275738085,98.78266391216064,0,True,54.78266391216064,Medium,5326,55.054794520547944,96.73998507091316
2023-02-24,Store001,SKU002,4,91,69.57,144.82,5,SUP002,Clothing,,0,None,7.857142857142857,0.4888827050106926,C,11.603530548078444,17.728105208558365,50.88924483379273,0,False,0.0,Low,4420,53.88219178082192,82.03081303706716
2023-02-24,Store001,SKU003,9,23,27.47,32.96,3,SUP003,Books,,0,None,8.428571428571429,0.5124098617067465,C,10.087258421679966,18.361450300639575,35.372972707394254,0,True,12.372972707394254,Low,3666,55.73424657534247,65.77643415425453
2023-02-24,Store002,SKU001,7,36,305.84,367.01,7,SUP001,Electronics,2023-02-09,75,Delivered,11.142857142857142,0.48777608644303344,C,14.036779212620559,21.111946516469903,92.03677921262056,0,True,56.03677921262056,Medium,5359,54.868493150684934,97.6698956408848
2023-02-24,Store002,SKU002,16,32,69.57,144.82,5,SUP002,Clothing,,0,None,8.714285714285714,0.5114843407900957,C,12.823879339210837,18.670067717376618,56.3953079106394,0,True,24.395307910639403,Low,4669,52.778082191780825,88.46475290697674
2023-02-24,Store002,SKU003,5,81,27.47,32.96,3,SUP003,Books,,0,None,9.142857142857142,0.5196382683114912,C,10.218394694715325,19.123657749350297,37.64696612328675,0,False,0.0,Low,3662,54.57260273972603,67.10326823635724
2023-02-24,Store003,SKU001,11,87,305.84,367.01,7,SUP001,Electronics,,0,None,11.285714285714286,0.47559981845990906,C,13.637857369667923,21.246848505803666,92.63785736966793,0,True,5.637857369667927,Low,5340,54.12876712328767,98.65364174722883
2023-02-24,Store003,SKU002,9,92,69.57,144.82,5,SUP002,Clothing,,0,None,12.428571428571429,0.44687170121026343,C,10.484026374443221,22.296700588716195,72.62688351730037,0,False,0.0,Low,4369,54.772602739726025,79.76615646258503
2023-02-24,Store003,SKU003,4,28,27.47,32.96,3,SUP003,Books,,0,None,8.714285714285714,0.49263346168064476,C,9.626516732683555,18.670067717376618,35.769373875540694,0,True,7.769373875540694,Low,3639,54.92602739726028,66.25274341580207
2023-02-25,Store001,SKU001,16,51,305.84,367.01,7,SUP001,Electronics,,0,None,11.857142857142858,0.4469480032434872,C,12.78266391216064,21.778101714468008,95.78266391216064,0,True,44.78266391216064,Medium,5326,55.054794520547944,96.73998507091316
2023-02-25,Store001,SKU002,12,40,69.57,144.82,5,SUP002,Clothing,,0,None,9.0,0.4888827050106926,C,11.603530548078444,18.973665961010276,56.603530548078446,0,True,16.603530548078446,Low,4420,53.88219178082192,82.03081303706716
2023-02-25,Store001,SKU003,12,68,27.47,32.96,3,SUP003,Books,,0,None,8.571428571428571,0.5124098617067465,C,10.087258421679966,18.51640199545103,35.801544135965685,0,False,0.0,Low,3666,55.73424657534247,65.77643415425453
2023-02-25,Store002,SKU001,14,90,305.84,367.01,7,SUP001,Electronics,,0,None,12.0,0.48777608644303344,C,14.036779212620559,21.908902300206645,98.03677921262056,0,True,8.036779212620559,Low,5359,54.868493150684934,97.6698956408848
2023-02-25,Store002,SKU002,15,82,69.57,144.82,5,SUP002,Clothing,2023-01-30,32,Delivered,10.285714285714286,0.5114843407900957,C,12.823879339210837,20.2837021134844,64.25245076778226,0,False,0.0,Low,4669,52.778082191780825,88.46475290697674
2023-02-25,Store002,SKU003,5,40,27.47,32.96,3,SUP003,Books,,0,None,8.857142857142858,0.5196382683114912,C,10.218394694715325,18.822478962286407,36.7898232661439,0,False,0.0,Low,3662,54.57260273972603,67.10326823635724
2023-02-25,Store003,SKU001,12,43,305.84,367.01,7,SUP001,Electronics,,0,None,11.285714285714286,0.47559981845990906,C,13.637857369667923,21.246848505803666,92.63785736966793,0,True,49.63785736966793,Medium,5340,54.12876712328767,98.65364174722883
2023-02-25,Store003,SKU002,16,36,69.57,144.82,5,SUP002,Clothing,,0,None,11.571428571428571,0.44687170121026343,C,10.484026374443221,21.514114968019086,68.34116923158608,0,True,32.34116923158608,Low,4369,54.772602739726025,79.76615646258503
2023-02-25,Store003,SKU003,4,16,27.47,32.96,3,SUP003,Books,,0,None,7.714285714285714,0.49263346168064476,C,9.626516732683555,17.566201313073595,32.769373875540694,0,True,16.769373875540694,Low,3639,54.92602739726028,66.25274341580207
2023-02-26,Store001,SKU001,14,73,305.84,367.01,7,SUP001,Electronics,,0,None,13.285714285714286,0.4469480032434872,C,12.78266391216064,23.052734575936352,105.78266391216064,0,True,32.78266391216064,Low,5326,55.054794520547944,96.73998507091316
2023-02-26,Store001,SKU002,6,81,69.57,144.82,5,SUP002,Clothing,,0,None,7.285714285714286,0.4888827050106926,C,11.603530548078444,17.07127913861675,48.03210197664988,0,False,0.0,Low,4420,53.88219178082192,82.03081303706716
2023-02-26,Store001,SKU003,4,61,27.47,32.96,3,SUP003,Books,,0,None,7.428571428571429,0.5124098617067465,C,10.087258421679966,17.237832147426694,32.372972707394254,0,False,0.0,Low,3666,55.73424657534247,65.77643415425453
2023-02-26,Store002,SKU001,10,54,305.84,367.01,7,SUP001,Electronics,,0,None,11.142857142857142,0.48777608644303344,C,14.036779212620559,21.111946516469903,92.03677921262056,0,True,38.03677921262056,Medium,5359,54.868493150684934,97.6698956408848
2023-02-26,Store002,SKU002,13,40,69.57,144.82,5,SUP002,Clothing,,0,None,10.285714285714286,0.5114843407900957,C,12.823879339210837,20.2837021134844,64.25245076778226,0,True,24.252450767782264,Low,4669,52.778082191780825,88.46475290697674
2023-02-26,Store002,SKU003,7,65,27.47,32.96,3,SUP003,Books,,0,None,7.428571428571429,0.5196382683114912,C,10.218394694715325,17.237832147426694,32.504108980429606,0,False,0.0,Low,3662,54.57260273972603,67.10326823635724
2023-02-26,Store003,SKU001,10,23,305.84,367.01,7,SUP001,Electronics,,0,None,10.857142857142858,0.47559981845990906,C,13.637857369667923,20.83952289006911,89.63785736966793,0,True,66.63785736966793,Medium,5340,54.12876712328767,98.65364174722883
2023-02-26,Store003,SKU002,16,83,69.57,144.82,5,SUP002,Clothing,,0,None,13.285714285714286,0.44687170121026343,C,10.484026374443221,23.052734575936352,76.91259780301465,0,False,0.0,Low,4369,54.772602739726025,79.76615646258503
2023-02-26,Store003,SKU003,9,50,27.47,32.96,3,SUP003,Books,,0,None,7.857142857142857,0.49263346168064476,C,9.626516732683555,17.728105208558365,33.197945304112125,0,False,0.0,Low,3639,54.92602739726028,66.25274341580207
2023-02-27,Store001,SKU001,10,69,305.84,367.01,7,SUP001,Electronics,,0,None,12.571428571428571,0.4469480032434872,C,12.78266391216064,22.424476423255523,100.78266391216064,0,True,31.782663912160643,Low,5326,55.054794520547944,96.73998507091316
2023-02-27,Store001,SKU002,13,97,69.57,144.82,5,SUP002,Clothing,,0,None,7.857142857142857,0.4888827050106926,C,11.603530548078444,17.728105208558365,50.88924483379273,0,False,0.0,Low,4420,53.88219178082192,82.03081303706716
2023-02-27,Store001,SKU003,12,97,27.47,32.96,3,SUP003,Books,,0,None,7.714285714285714,0.5124098617067465,C,10.087258421679966,17.566201313073595,33.23011556453711,0,False,0.0,Low,3666,55.73424657534247,65.77643415425453
2023-02-27,Store002,SKU001,19,79,305.84,367.01,7,SUP001,Electronics,,0,None,11.857142857142858,0.48777608644303344,C,14.036779212620559,21.778101714468008,97.03677921262056,0,True,18.03677921262056,Low,5359,54.868493150684934,97.6698956408848
2023-02-27,Store002,SKU002,4,91,69.57,144.82,5,SUP002,Clothing,,0,None,10.0,0.5114843407900957,C,12.823879339210837,20.0,62.82387933921083,0,False,0.0,Low,4669,52.778082191780825,88.46475290697674
2023-02-27,Store002,SKU003,10,51,27.47,32.96,3,SUP003,Books,,0,None,8.0,0.5196382683114912,C,10.218394694715325,17.88854381999832,34.21839469471533,0,False,0.0,Low,3662,54.57260273972603,67.10326823635724
2023-02-27,Store003,SKU001,13,32,305.84,367.01,7,SUP001,Electronics,,0,None,10.285714285714286,0.47559981845990906,C,13.637857369667923,20.2837021134844,85.63785736966793,0,True,53.63785736966793,Medium,5340,54.12876712328767,98.65364174722883
2023-02-27,Store003,SKU002,10,93,69.57,144.82,5,SUP002,Clothing,,0,None,13.142857142857142,0.44687170121026343,C,10.484026374443221,22.92846016884443,76.19831208872893,0,False,0.0,Low,4369,54.772602739726025,79.76615646258503
2023-02-27,Store003,SKU003,6,34,27.47,32.96,3,SUP003,Books,,0,None,7.571428571428571,0.49263346168064476,C,9.626516732683555,17.40279123753264,32.34080244696927,0,False,0.0,Low,3639,54.92602739726028,66.25274341580207
2023-02-28,Store001,SKU001,20,39,305.84,367.01,7,SUP001,Electronics,,0,None,12.428571428571429,0.4469480032434872,C,12.78266391216064,22.296700588716195,99.78266391216064,0,True,60.78266391216064,Medium,5326,55.054794520547944,96.73998507091316
2023-02-28,Store001,SKU002,11,81,69.57,144.82,5,SUP002,Clothing,2023-02-27,17,Confirmed,9.0,0.4888827050106926,C,11.603530548078444,18.973665961010276,39.603530548078446,17,False,0.0,Low,4420,53.88219178082192,82.03081303706716
2023-02-28,Store001,SKU003,3,54,27.47,32.96,3,SUP003,Books,,0,None,7.571428571428571,0.5124098617067465,C,10.087258421679966,17.40279123753264,32.801544135965685,0,False,0.0,Low,3666,55.73424657534247,65.77643415425453
2023-02-28,Store002,SKU001,7,10,305.84,367.01,7,SUP001,Electronics,,0,None,11.142857142857142,0.48777608644303344,C,14.036779212620559,21.111946516469903,92.03677921262056,0,True,82.03677921262056,High,5359,54.868493150684934,97.6698956408848
2023-02-28,Store002,SKU002,7,87,69.57,144.82,5,SUP002,Clothing,,0,None,9.857142857142858,0.5114843407900957,C,12.823879339210837,19.85662897587892,62.109593624925125,0,False,0.0,Low,4669,52.778082191780825,88.46475290697674
2023-02-28,Store002,SKU003,10,25,27.47,32.96,3,SUP003,Books,,0,None,8.0,0.5196382683114912,C,10.218394694715325,17.88854381999832,34.21839469471533,0,True,9.218394694715329,Low,3662,54.57260273972603,67.10326823635724
2023-02-28,Store003,SKU001,20,60,305.84,367.01,7,SUP001,Electronics,,0,None,11.857142857142858,0.47559981845990906,C,13.637857369667923,21.778101714468008,96.63785736966793,0,True,36.63785736966793,Medium,5340,54.12876712328767,98.65364174722883
2023-02-28,Store003,SKU002,9,85,69.57,144.82,5,SUP002,Clothing,,0,None,12.857142857142858,0.44687170121026343,C,10.484026374443221,22.677868380553633,74.76974066015751,0,False,0.0,Low,4369,54.772602739726025,79.76615646258503
2023-02-28,Store003,SKU003,7,42,27.47,32.96,3,SUP003,Books,,0,None,7.0,0.49263346168064476,C,9.626516732683555,16.73320053068151,30.626516732683555,0,False,0.0,Low,3639,54.92602739726028,66.25274341580207
2023-03-01,Store001,SKU001,17,73,305.84,367.01,7,SUP001,Electronics,,0,None,13.142857142857142,0.4469480032434872,C,12.78266391216064,22.92846016884443,104.78266391216064,0,True,31.782663912160643,Low,5326,55.054794520547944,96.73998507091316
2023-03-01,Store001,SKU002,8,20,69.57,144.82,5,SUP002,Clothing,,0,None,8.714285714285714,0.4888827050106926,C,11.603530548078444,18.670067717376618,55.174959119507015,0,True,35.174959119507015,Medium,4420,53.88219178082192,82.03081303706716
2023-03-01,Store001,SKU003,9,37,27.47,32.96,3,SUP003,Books,,0,None,7.571428571428571,0.5124098617067465,C,10.087258421679966,17.40279123753264,32.801544135965685,0,False,0.0,Low,3666,55.73424657534247,65.77643415425453
2023-03-01,Store002,SKU001,20,30,305.84,367.01,7,SUP001,Electronics,,0,None,13.571428571428571,0.48777608644303344,C,14.036779212620559,23.299294900428702,109.03677921262056,0,True,79.03677921262056,Medium,5359,54.868493150684934,97.6698956408848
2023-03-01,Store002,SKU002,7,41,69.57,144.82,5,SUP002,Clothing,,0,None,10.142857142857142,0.5114843407900957,C,12.823879339210837,20.14235055087379,63.53816505349654,0,True,22.53816505349654,Low,4669,52.778082191780825,88.46475290697674
2023-03-01,Store002,SKU003,4,14,27.47,32.96,3,SUP003,Books,,0,None,7.0,0.5196382683114912,C,10.218394694715325,16.73320053068151,31.218394694715325,0,True,17.218394694715325,Low,3662,54.57260273972603,67.10326823635724
2023-03-01,Store003,SKU001,10,52,305.84,367.01,7,SUP001,Electronics,,0,None,11.857142857142858,0.47559981845990906,C,13.637857369667923,21.778101714468008,96.63785736966793,0,True,44.63785736966793,Medium,5340,54.12876712328767,98.65364174722883
2023-03-01,Store003,SKU002,10,95,69.57,144.82,5,SUP002,Clothing,,0,None,12.571428571428571,0.44687170121026343,C,10.484026374443221,22.424476423255523,73.34116923158608,0,False,0.0,Low,4369,54.772602739726025,79.76615646258503
2023-03-01,Store003,SKU003,7,23,27.47,32.96,3,SUP003,Books,,0,None,6.428571428571429,0.49263346168064476,C,9.626516732683555,16.035674514745462,28.91223101839784,0,True,5.91223101839784,Low,3639,54.92602739726028,66.25274341580207
2023-03-02,Store001,SKU001,16,41,305.84,367.01,7,SUP001,Electronics,,0,None,14.285714285714286,0.4469480032434872,C,12.78266391216064,23.904572186687872,112.78266391216064,0,True,71.78266391216064,Medium,5326,55.054794520547944,96.73998507091316
2023-03-02,Store001,SKU002,8,77,69.57,144.82,5,SUP002,Clothing,,0,None,8.857142857142858,0.4888827050106926,C,11.603530548078444,18.822478962286407,55.88924483379274,0,False,0.0,Low,4420,53.88219178082192,82.03081303706716
2023-03-02,Store001,SKU003,8,34,27.47,32.96,3,SUP003,Books,,0,None,8.142857142857142,0.5124098617067465,C,10.087258421679966,18.04755622554715,34.51582985025139,0,True,0.5158298502513929,Low,3666,55.73424657534247,65.77643415425453
2023-03-02,Store002,SKU001,7,57,305.84,367.01,7,SUP001,Electronics,,0,None,12.0,0.48777608644303344,C,14.036779212620559,21.908902300206645,98.03677921262056,0,True,41.03677921262056,Medium,5359,54.868493150684934,97.6698956408848
2023-03-02,Store002,SKU002,17,40,69.57,144.82,5,SUP002,Clothing,,0,None,11.285714285714286,0.5114843407900957,C,12.823879339210837,21.246848505803666,69.25245076778226,0,True,29.252450767782264,Low,4669,52.778082191780825,88.46475290697674
2023-03-02,Store002,SKU003,10,46,27.47,32.96,3,SUP003,Books,,0,None,7.285714285714286,0.5196382683114912,C,10.218394694715325,17.07127913861675,32.07553755185818,0,False,0.0,Low,3662,54.57260273972603,67.10326823635724
2023-03-02,Store003,SKU001,11,66,305.84,367.01,7,SUP001,Electronics,,0,None,12.428571428571429,0.47559981845990906,C,13.637857369667923,22.296700588716195,100.63785736966793,0,True,34.63785736966793,Low,5340,54.12876712328767,98.65364174722883
2023-03-02,Store003,SKU002,5,15,69.57,144.82,5,SUP002,Clothing,,0,None,10.714285714285714,0.44687170121026343,C,10.484026374443221,20.701966780270627,64.05545494587179,0,True,49.05545494587179,Medium,4369,54.772602739726025,79.76615646258503
2023-03-02,Store003,SKU003,13,43,27.47,32.96,3,SUP003,Books,2023-02-15,66,Delivered,7.142857142857143,0.49263346168064476,C,9.626516732683555,16.903085094570333,31.055088161254986,0,False,0.0,Low,3639,54.92602739726028,66.25274341580207
2023-03-03,Store001,SKU001,13,58,305.84,367.01,7,SUP001,Electronics,,0,None,15.142857142857142,0.4469480032434872,C,12.78266391216064,24.611263391266316,118.78266391216064,0,True,60.78266391216064,Medium,5326,55.054794520547944,96.73998507091316
2023-03-03,Store001,SKU002,3,49,69.57,144.82,5,SUP002,Clothing,,0,None,8.714285714285714,0.4888827050106926,C,11.603530548078444,18.670067717376618,55.174959119507015,0,True,6.174959119507015,Low,4420,53.88219178082192,82.03081303706716
2023-03-03,Store001,SKU003,8,51,27.47,32.96,3,SUP003,Books,,0,None,8.0,0.5124098617067465,C,10.087258421679966,17.88854381999832,34.08725842167996,0,False,0.0,Low,3666,55.73424657534247,65.77643415425453
2023-03-03,Store002,SKU001,17,66,305.84,367.01,7,SUP001,Electronics,,0,None,13.428571428571429,0.48777608644303344,C,14.036779212620559,23.176342617912283,108.03677921262056,0,True,42.03677921262056,Medium,5359,54.868493150684934,97.6698956408848
2023-03-03,Store002,SKU002,12,73,69.57,144.82,5,SUP002,Clothing,,0,None,10.714285714285714,0.5114843407900957,C,12.823879339210837,20.701966780270627,66.3953079106394,0,False,0.0,Low,4669,52.778082191780825,88.46475290697674
2023-03-03,Store002,SKU003,6,61,27.47,32.96,3,SUP003,Books,,0,None,7.428571428571429,0.5196382683114912,C,10.218394694715325,17.237832147426694,32.504108980429606,0,False,0.0,Low,3662,54.57260273972603,67.10326823635724
2023-03-03,Store003,SKU001,9,43,305.84,367.01,7,SUP001,Electronics,,0,None,12.142857142857142,0.47559981845990906,C,13.637857369667923,22.03892660077359,98.63785736966793,0,True,55.63785736966793,Medium,5340,54.12876712328767,98.65364174722883
2023-03-03,Store003,SKU002,9,59,69.57,144.82,5,SUP002,Clothing,,0,None,10.714285714285714,0.44687170121026343,C,10.484026374443221,20.701966780270627,64.05545494587179,0,True,5.055454945871787,Low,4369,54.772602739726025,79.76615646258503
2023-03-03,Store003,SKU003,7,66,27.47,32.96,3,SUP003,Books,,0,None,7.571428571428571,0.49263346168064476,C,9.626516732683555,17.40279123753264,32.34080244696927,0,False,0.0,Low,3639,54.92602739726028,66.25274341580207
2023-03-04,Store001,SKU001,24,44,305.84,367.01,7,SUP001,Electronics,,0,None,16.285714285714285,0.4469480032434872,C,12.78266391216064,25.523098781859762,126.78266391216064,0,True,82.78266391216064,Medium,5326,55.054794520547944,96.73998507091316
2023-03-04,Store001,SKU002,17,33,69.57,144.82,5,SUP002,Clothing,2023-02-12,16,Delivered,9.428571428571429,0.4888827050106926,C,11.603530548078444,19.42016624910449,58.74638769093559,0,True,25.74638769093559,Low,4420,53.88219178082192,82.03081303706716
2023-03-04,Store001,SKU003,5,52,27.47,32.96,3,SUP003,Books,,0,None,7.0,0.5124098617067465,C,10.087258421679966,16.73320053068151,31.087258421679966,0,False,0.0,Low,3666,55.73424657534247,65.77643415425453
2023-03-04,Store002,SKU001,17,91,305.84,367.01,7,SUP001,Electronics,,0,None,13.857142857142858,0.48777608644303344,C,14.036779212620559,23.543273227945903,111.03677921262056,0,True,20.03677921262056,Low,5359,54.868493150684934,97.6698956408848
2023-03-04,Store002,SKU002,11,66,69.57,144.82,5,SUP002,Clothing,,0,None,10.142857142857142,0.5114843407900957,C,12.823879339210837,20.14235055087379,63.53816505349654,0,False,0.0,Low,4669,52.778082191780825,88.46475290697674
2023-03-04,Store002,SKU003,4,25,27.47,32.96,3,SUP003,Books,,0,None,7.285714285714286,0.5196382683114912,C,10.218394694715325,17.07127913861675,32.07553755185818,0,True,7.075537551858183,Low,3662,54.57260273972603,67.10326823635724
2023-03-04,Store003,SKU001,20,89,305.84,367.01,7,SUP001,Electronics,,0,None,13.285714285714286,0.47559981845990906,C,13.637857369667923,23.052734575936352,106.63785736966793,0,True,17.637857369667927,Low,5340,54.12876712328767,98.65364174722883
2023-03-04,Store003,SKU002,12,88,69.57,144.82,5,SUP002,Clothing,,0,None,10.142857142857142,0.44687170121026343,C,10.484026374443221,20.14235055087379,61.198312088728926,0,False,0.0,Low,4369,54.772602739726025,79.76615646258503
2023-03-04,Store003,SKU003,2,90,27.47,32.96,3,SUP003,Books,,0,None,7.285714285714286,0.49263346168064476,C,9.626516732683555,17.07127913861675,31.483659589826413,0,False,0.0,Low,3639,54.92602739726028,66.25274341580207
2023-03-05,Store001,SKU001,7,37,305.84,367.01,7,SUP001,Electronics,,0,None,15.285714285714286,0.4469480032434872,C,12.78266391216064,24.727081741050064,119.78266391216064,0,True,82.78266391216064,Medium,5326,55.054794520547944,96.73998507091316
2023-03-05,Store001,SKU002,11,67,69.57,144.82,5,SUP002,Clothing,,0,None,10.142857142857142,0.4888827050106926,C,11.603530548078444,20.14235055087379,62.317816262364154,0,False,0.0,Low,4420,53.88219178082192,82.03081303706716
2023-03-05,Store001,SKU003,6,79,27.47,32.96,3,SUP003,Books,,0,None,7.285714285714286,0.5124098617067465,C,10.087258421679966,17.07127913861675,31.944401278822824,0,False,0.0,Low,3666,55.73424657534247,65.77643415425453
2023-03-05,Store002,SKU001,18,70,305.84,367.01,7,SUP001,Electronics,,0,None,15.0,0.48777608644303344,C,14.036779212620559,24.49489742783178,119.03677921262056,0,True,49.03677921262056,Medium,5359,54.868493150684934,97.6698956408848
2023-03-05,Store002,SKU002,21,71,69.57,144.82,5,SUP002,Clothing,,0,None,11.285714285714286,0.5114843407900957,C,12.823879339210837,21.246848505803666,69.25245076778226,0,False,0.0,Low,4669,52.778082191780825,88.46475290697674
2023-03-05,Store002,SKU003,4,13,27.47,32.96,3,SUP003,Books,,0,None,6.857142857142857,0.5196382683114912,C,10.218394694715325,16.5615734242165,30.789823266143895,0,True,17.789823266143895,Low,3662,54.57260273972603,67.10326823635724
2023-03-05,Store003,SKU001,14,59,305.84,367.01,7,SUP001,Electronics,,0,None,13.857142857142858,0.47559981845990906,C,13.637857369667923,23.543273227945903,110.63785736966793,0,True,51.63785736966793,Medium,5340,54.12876712328767,98.65364174722883
2023-03-05,Store003,SKU002,5,68,69.57,144.82,5,SUP002,Clothing,,0,None,8.571428571428571,0.44687170121026343,C,10.484026374443221,18.51640199545103,53.34116923158608,0,False,0.0,Low,4369,54.772602739726025,79.76615646258503
2023-03-05,Store003,SKU003,20,93,27.47,32.96,3,SUP003,Books,,0,None,8.857142857142858,0.49263346168064476,C,9.626516732683555,18.822478962286407,36.197945304112125,0,False,0.0,Low,3639,54.92602739726028,66.25274341580207
2023-03-06,Store001,SKU001,10,18,305.84,367.01,7,SUP001,Electronics,,0,None,15.285714285714286,0.4469480032434872,C,12.78266391216064,24.727081741050064,119.78266391216064,0,True,101.78266391216064,Medium,5326,55.054794520547944,96.73998507091316
2023-03-06,Store001,SKU002,13,54,69.57,144.82,5,SUP002,Clothing,,0,None,10.142857142857142,0.4888827050106926,C,11.603530548078444,20.14235055087379,62.317816262364154,0,True,8.317816262364154,Low,4420,53.88219178082192,82.03081303706716
2023-03-06,Store001,SKU003,4,53,27.47,32.96,3,SUP003,Books,2023-02-21,46,Delivered,6.142857142857143,0.5124098617067465,C,10.087258421679966,15.675276256394518,28.515829850251396,0,False,0.0,Low,3666,55.73424657534247,65.77643415425453
2023-03-06,Store002,SKU001,25,12,305.84,367.01,7,SUP001,Electronics,,0,None,15.857142857142858,0.48777608644303344,C,14.036779212620559,25.18502956690173,125.03677921262056,0,True,113.03677921262056,High,5359,54.868493150684934,97.6698956408848
2023-03-06,Store002,SKU002,12,29,69.57,144.82,5,SUP002,Clothing,2023-02-28,20,Shipped,12.428571428571429,0.5114843407900957,C,12.823879339210837,22.296700588716195,54.96673648206799,20,True,5.9667364820679865,Low,4669,52.778082191780825,88.46475290697674
2023-03-06,Store002,SKU003,6,68,27.47,32.96,3,SUP003,Books,,0,None,6.285714285714286,0.5196382683114912,C,10.218394694715325,15.856499343441838,29.075537551858183,0,False,0.0,Low,3662,54.57260273972603,67.10326823635724
2023-03-06,Store003,SKU001,13,42,305.84,367.01,7,SUP001,Electronics,,0,None,13.857142857142858,0.47559981845990906,C,13.637857369667923,23.543273227945903,110.63785736966793,0,True,68.63785736966793,Medium,5340,54.12876712328767,98.65364174722883
2023-03-06,Store003,SKU002,18,86,69.57,144.82,5,SUP002,Clothing,,0,None,9.714285714285714,0.44687170121026343,C,10.484026374443221,19.712215212183246,59.05545494587179,0,False,0.0,Low,4369,54.772602739726025,79.76615646258503
2023-03-06,Store003,SKU003,2,59,27.47,32.96,3,SUP003,Books,,0,None,8.285714285714286,0.49263346168064476,C,9.626516732683555,18.20517979665599,34.483659589826416,0,False,0.0,Low,3639,54.92602739726028,66.25274341580207
2023-03-07,Store001,SKU001,18,60,305.84,367.01,7,SUP001,Electronics,,0,None,15.0,0.4469480032434872,C,12.78266391216064,24.49489742783178,117.78266391216064,0,True,57.78266391216064,Medium,5326,55.054794520547944,96.73998507091316
2023-03-07,Store001,SKU002,7,16,69.57,144.82,5,SUP002,Clothing,,0,None,9.571428571428571,0.4888827050106926,C,11.603530548078444,19.566735620873065,59.4606734052213,0,True,43.4606734052213,Medium,4420,53.88219178082192,82.03081303706716
2023-03-07,Store001,SKU003,9,83,27.47,32.96,3,SUP003,Books,,0,None,7.0,0.5124098617067465,C,10.087258421679966,16.73320053068151,31.087258421679966,0,False,0.0,Low,3666,55.73424657534247,65.77643415425453
2023-03-07,Store002,SKU001,7,84,305.84,367.01,7,SUP001,Electronics,,0,None,15.857142857142858,0.48777608644303344,C,14.036779212620559,25.18502956690173,125.03677921262056,0,True,41.03677921262056,Low,5359,54.868493150684934,97.6698956408848
2023-03-07,Store002,SKU002,9,50,69.57,144.82,5,SUP002,Clothing,,0,None,12.714285714285714,0.5114843407900957,C,12.823879339210837,22.551528297909847,76.3953079106394,0,True,26.395307910639403,Low,4669,52.778082191780825,88.46475290697674
2023-03-07,Store002,SKU003,7,40,27.47,32.96,3,SUP003,Books,,0,None,5.857142857142857,0.5196382683114912,C,10.218394694715325,15.306394555404427,27.789823266143895,0,False,0.0,Low,3662,54.57260273972603,67.10326823635724
2023-03-07,Store003,SKU001,16,26,305.84,367.01,7,SUP001,Electronics,,0,None,13.285714285714286,0.47559981845990906,C,13.637857369667923,23.052734575936352,106.63785736966793,0,True,80.63785736966793,Medium,5340,54.12876712328767,98.65364174722883
2023-03-07,Store003,SKU002,4,19,69.57,144.82,5,SUP002,Clothing,,0,None,9.0,0.44687170121026343,C,10.484026374443221,18.973665961010276,55.48402637444322,0,True,36.48402637444322,Medium,4369,54.772602739726025,79.76615646258503
2023-03-07,Store003,SKU003,6,30,27.47,32.96,3,SUP003,Books,,0,None,8.142857142857142,0.49263346168064476,C,9.626516732683555,18.04755622554715,34.055088161254986,0,True,4.055088161254986,Low,3639,54.92602739726028,66.25274341580207
2023-03-08,Store001,SKU001,13,86,305.84,367.01,7,SUP001,Electronics,,0,None,14.428571428571429,0.4469480032434872,C,12.78266391216064,24.023797725231894,113.78266391216064,0,True,27.782663912160643,Low,5326,55.054794520547944,96.73998507091316
2023-03-08,Store001,SKU002,10,27,69.57,144.82,5,SUP002,Clothing,,0,None,9.857142857142858,0.4888827050106926,C,11.603530548078444,19.85662897587892,60.88924483379274,0,True,33.88924483379274,Medium,4420,53.88219178082192,82.03081303706716
2023-03-08,Store001,SKU003,6,89,27.47,32.96,3,SUP003,Books,,0,None,6.571428571428571,0.5124098617067465,C,10.087258421679966,16.21286966755555,29.80154413596568,0,False,0.0,Low,3666,55.73424657534247,65.77643415425453
2023-03-08,Store002,SKU001,15,56,305.84,367.01,7,SUP001,Electronics,,0,None,15.142857142857142,0.48777608644303344,C,14.036779212620559,24.611263391266316,120.03677921262056,0,True,64.03677921262056,Medium,5359,54.868493150684934,97.6698956408848
2023-03-08,Store002,SKU002,15,11,69.57,144.82,5,SUP002,Clothing,,0,None,13.857142857142858,0.5114843407900957,C,12.823879339210837,23.543273227945903,82.10959362492513,0,True,71.10959362492513,Medium,4669,52.778082191780825,88.46475290697674
2023-03-08,Store002,SKU003,13,55,27.47,32.96,3,SUP003,Books,,0,None,7.142857142857143,0.5196382683114912,C,10.218394694715325,16.903085094570333,31.646966123286756,0,False,0.0,Low,3662,54.57260273972603,67.10326823635724
2023-03-08,Store003,SKU001,24,69,305.84,367.01,7,SUP001,Electronics,,0,None,15.285714285714286,0.47559981845990906,C,13.637857369667923,24.727081741050064,120.63785736966793,0,True,51.63785736966793,Medium,5340,54.12876712328767,98.65364174722883
2023-03-08,Store003,SKU002,15,93,69.57,144.82,5,SUP002,Clothing,,0,None,9.714285714285714,0.44687170121026343,C,10.484026374443221,19.712215212183246,59.05545494587179,0,False,0.0,Low,4369,54.772602739726025,79.76615646258503
2023-03-08,Store003,SKU003,10,57,27.47,32.96,3,SUP003,Books,,0,None,8.571428571428571,0.49263346168064476,C,9.626516732683555,18.51640199545103,35.34080244696927,0,False,0.0,Low,3639,54.92602739726028,66.25274341580207
2023-03-09,Store001,SKU001,15,45,305.84,367.01,7,SUP001,Electronics,,0,None,14.285714285714286,0.4469480032434872,C,12.78266391216064,23.904572186687872,112.78266391216064,0,True,67.78266391216064,Medium,5326,55.054794520547944,96.73998507091316
2023-03-09,Store001,SKU002,17,25,69.57,144.82,5,SUP002,Clothing,,0,None,11.142857142857142,0.4888827050106926,C,11.603530548078444,21.111946516469903,67.31781626236415,0,True,42.31781626236415,Medium,4420,53.88219178082192,82.03081303706716
2023-03-09,Store001,SKU003,8,14,27.47,32.96,3,SUP003,Books,2023-02-09,94,Delivered,6.571428571428571,0.5124098617067465,C,10.087258421679966,16.21286966755555,29.80154413596568,0,True,15.801544135965681,Low,3666,55.73424657534247,65.77643415425453
2023-03-09,Store002,SKU001,15,13,305.84,367.01,7,SUP001,Electronics,2023-02-24,85,Delivered,16.285714285714285,0.48777608644303344,C,14.036779212620559,25.523098781859762,128.03677921262056,0,True,115.03677921262056,High,5359,54.868493150684934,97.6698956408848
2023-03-09,Store002,SKU002,10,53,69.57,144.82,5,SUP002,Clothing,,0,None,12.857142857142858,0.5114843407900957,C,12.823879339210837,22.677868380553633,77.10959362492513,0,True,24.109593624925125,Low,4669,52.778082191780825,88.46475290697674
2023-03-09,Store002,SKU003,2,82,27.47,32.96,3,SUP003,Books,,0,None,6.0,0.5196382683114912,C,10.218394694715325,15.491933384829668,28.218394694715325,0,False,0.0,Low,3662,54.57260273972603,67.10326823635724
2023-03-09,Store003,SKU001,10,66,305.84,367.01,7,SUP001,Electronics,2023-03-05,65,Confirmed,15.142857142857142,0.47559981845990906,C,13.637857369667923,24.611263391266316,54.63785736966793,65,False,0.0,Low,5340,54.12876712328767,98.65364174722883
2023-03-09,Store003,SKU002,12,29,69.57,144.82,5,SUP002,Clothing,,0,None,10.714285714285714,0.44687170121026343,C,10.484026374443221,20.701966780270627,64.05545494587179,0,True,35.05545494587179,Medium,4369,54.772602739726025,79.76615646258503
2023-03-09,Store003,SKU003,7,99,27.47,32.96,3,SUP003,Books,,0,None,7.714285714285714,0.49263346168064476,C,9.626516732683555,17.566201313073595,32.769373875540694,0,False,0.0,Low,3639,54.92602739726028,66.25274341580207
2023-03-10,Store001,SKU001,13,13,305.84,367.01,7,SUP001,Electronics,,0,None,14.285714285714286,0.4469480032434872,C,12.78266391216064,23.904572186687872,112.78266391216064,0,True,99.78266391216064,Medium,5326,55.054794520547944,96.73998507091316
2023-03-10,Store001,SKU002,17,44,69.57,144.82,5,SUP002,Clothing,,0,None,13.142857142857142,0.4888827050106926,C,11.603530548078444,22.92846016884443,77.31781626236415,0,True,33.31781626236415,Low,4420,53.88219178082192,82.03081303706716
2023-03-10,Store001,SKU003,4,84,27.47,32.96,3,SUP003,Books,,0,None,6.0,0.5124098617067465,C,10.087258421679966,15.491933384829668,28.087258421679966,0,False,0.0,Low,3666,55.73424657534247,65.77643415425453
2023-03-10,Store002,SKU001,4,45,305.84,367.01,7,SUP001,Electronics,,0,None,14.428571428571429,0.48777608644303344,C,14.036779212620559,24.023797725231894,115.03677921262056,0,True,70.03677921262056,Medium,5359,54.868493150684934,97.6698956408848
2023-03-10,Store002,SKU002,8,67,69.57,144.82,5,SUP002,Clothing,,0,None,12.285714285714286,0.5114843407900957,C,12.823879339210837,22.168188275738085,74.25245076778226,0,True,7.252450767782264,Low,4669,52.778082191780825,88.46475290697674
2023-03-10,Store002,SKU003,4,58,27.47,32.96,3,SUP003,Books,,0,None,5.714285714285714,0.5196382683114912,C,10.218394694715325,15.118578920369089,27.361251837572468,0,False,0.0,Low,3662,54.57260273972603,67.10326823635724
2023-03-10,Store003,SKU001,18,30,305.84,367.01,7,SUP001,Electronics,,0,None,16.428571428571427,0.47559981845990906,C,13.637857369667923,25.63479777846623,128.6378573696679,0,True,98.6378573696679,Medium,5340,54.12876712328767,98.65364174722883
2023-03-10,Store003,SKU002,10,51,69.57,144.82,5,SUP002,Clothing,,0,None,10.857142857142858,0.44687170121026343,C,10.484026374443221,20.83952289006911,64.76974066015751,0,True,13.76974066015751,Low,4369,54.772602739726025,79.76615646258503
2023-03-10,Store003,SKU003,8,24,27.47,32.96,3,SUP003,Books,,0,None,7.857142857142857,0.49263346168064476,C,9.626516732683555,17.728105208558365,33.197945304112125,0,True,9.197945304112125,Low,3639,54.92602739726028,66.25274341580207
2023-03-11,Store001,SKU001,11,64,305.84,367.01,7,SUP001,Electronics,,0,None,12.428571428571429,0.4469480032434872,C,12.78266391216064,22.296700588716195,99.78266391216064,0,True,35.78266391216064,Low,5326,55.054794520547944,96.73998507091316
2023-03-11,Store001,SKU002,13,68,69.57,144.82,5,SUP002,Clothing,,0,None,12.571428571428571,0.4888827050106926,C,11.603530548078444,22.424476423255523,74.4606734052213,0,True,6.4606734052213,Low,4420,53.88219178082192,82.03081303706716
2023-03-11,Store001,SKU003,7,73,27.47,32.96,3,SUP003,Books,,0,None,6.285714285714286,0.5124098617067465,C,10.087258421679966,15.856499343441838,28.944401278822824,0,False,0.0,Low,3666,55.73424657534247,65.77643415425453
2023-03-11,Store002,SKU001,11,66,305.84,367.01,7,SUP001,Electronics,,0,None,13.571428571428571,0.48777608644303344,C,14.036779212620559,23.299294900428702,109.03677921262056,0,True,43.03677921262056,Medium,5359,54.868493150684934,97.6698956408848
2023-03-11,Store002,SKU002,4,14,69.57,144.82,5,SUP002,Clothing,,0,None,11.285714285714286,0.5114843407900957,C,12.823879339210837,21.246848505803666,69.25245076778226,0,True,55.252450767782264,Medium,4669,52.778082191780825,88.46475290697674
2023-03-11,Store002,SKU003,6,30,27.47,32.96,3,SUP003,Books,,0,None,6.0,0.5196382683114912,C,10.218394694715325,15.491933384829668,28.218394694715325,0,False,0.0,Low,3662,54.57260273972603,67.10326823635724
2023-03-11,Store003,SKU001,13,84,305.84,367.01,7,SUP001,Electronics,,0,None,15.428571428571429,0.47559981845990906,C,13.637857369667923,24.84236013632475,121.63785736966793,0,True,37.63785736966793,Low,5340,54.12876712328767,98.65364174722883
2023-03-11,Store003,SKU002,4,44,69.57,144.82,5,SUP002,Clothing,,0,None,9.714285714285714,0.44687170121026343,C,10.484026374443221,19.712215212183246,59.05545494587179,0,True,15.055454945871787,Low,4369,54.772602739726025,79.76615646258503
2023-03-11,Store003,SKU003,7,28,27.47,32.96,3,SUP003,Books,,0,None,8.571428571428571,0.49263346168064476,C,9.626516732683555,18.51640199545103,35.34080244696927,0,True,7.3408024469692705,Low,3639,54.92602739726028,66.25274341580207
2023-03-12,Store001,SKU001,6,43,305.84,367.01,7,SUP001,Electronics,,0,None,12.285714285714286,0.4469480032434872,C,12.78266391216064,22.168188275738085,98.78266391216064,0,True,55.78266391216064,Medium,5326,55.054794520547944,96.73998507091316
2023-03-12,Store001,SKU002,31,88,69.57,144.82,5,SUP002,Clothing,2023-02-24,26,Delivered,15.428571428571429,0.4888827050106926,C,11.603530548078444,24.84236013632475,88.74638769093558,0,True,0.7463876909355776,Low,4420,53.88219178082192,82.03081303706716
2023-03-12,Store001,SKU003,10,29,27.47,32.96,3,SUP003,Books,,0,None,6.857142857142857,0.5124098617067465,C,10.087258421679966,16.5615734242165,30.658686993108535,0,True,1.6586869931085353,Low,3666,55.73424657534247,65.77643415425453
2023-03-12,Store002,SKU001,16,94,305.84,367.01,7,SUP001,Electronics,,0,None,13.285714285714286,0.48777608644303344,C,14.036779212620559,23.052734575936352,107.03677921262056,0,True,13.036779212620559,Low,5359,54.868493150684934,97.6698956408848
2023-03-12,Store002,SKU002,9,58,69.57,144.82,5,SUP002,Clothing,,0,None,9.571428571428571,0.5114843407900957,C,12.823879339210837,19.566735620873065,60.681022196353695,0,True,2.6810221963536947,Low,4669,52.778082191780825,88.46475290697674
2023-03-12,Store002,SKU003,11,89,27.47,32.96,3,SUP003,Books,,0,None,7.0,0.5196382683114912,C,10.218394694715325,16.73320053068151,31.218394694715325,0,False,0.0,Low,3662,54.57260273972603,67.10326823635724
2023-03-12,Store003,SKU001,9,19,305.84,367.01,7,SUP001,Electronics,,0,None,14.714285714285714,0.47559981845990906,C,13.637857369667923,24.26049110326146,116.63785736966793,0,True,97.63785736966793,Medium,5340,54.12876712328767,98.65364174722883
2023-03-12,Store003,SKU002,12,55,69.57,144.82,5,SUP002,Clothing,,0,None,10.714285714285714,0.44687170121026343,C,10.484026374443221,20.701966780270627,64.05545494587179,0,True,9.055454945871787,Low,4369,54.772602739726025,79.76615646258503
2023-03-12,Store003,SKU003,9,86,27.47,32.96,3,SUP003,Books,,0,None,7.0,0.49263346168064476,C,9.626516732683555,16.73320053068151,30.626516732683555,0,False,0.0,Low,3639,54.92602739726028,66.25274341580207
2023-03-13,Store001,SKU001,14,24,305.84,367.01,7,SUP001,Electronics,,0,None,12.857142857142858,0.4469480032434872,C,12.78266391216064,22.677868380553633,102.78266391216064,0,True,78.78266391216064,Medium,5326,55.054794520547944,96.73998507091316
2023-03-13,Store001,SKU002,3,60,69.57,144.82,5,SUP002,Clothing,,0,None,14.0,0.4888827050106926,C,11.603530548078444,23.664319132398465,81.60353054807844,0,True,21.60353054807844,Low,4420,53.88219178082192,82.03081303706716
2023-03-13,Store001,SKU003,3,38,27.47,32.96,3,SUP003,Books,,0,None,6.714285714285714,0.5124098617067465,C,10.087258421679966,16.388149028228554,30.23011556453711,0,False,0.0,Low,3666,55.73424657534247,65.77643415425453
2023-03-13,Store002,SKU001,18,87,305.84,367.01,7,SUP001,Electronics,,0,None,12.285714285714286,0.48777608644303344,C,14.036779212620559,22.168188275738085,100.03677921262056,0,True,13.036779212620559,Low,5359,54.868493150684934,97.6698956408848
2023-03-13,Store002,SKU002,7,14,69.57,144.82,5,SUP002,Clothing,2023-02-12,57,Delivered,8.857142857142858,0.5114843407900957,C,12.823879339210837,18.822478962286407,57.109593624925125,0,True,43.109593624925125,Medium,4669,52.778082191780825,88.46475290697674
2023-03-13,Store002,SKU003,4,72,27.47,32.96,3,SUP003,Books,,0,None,6.714285714285714,0.5196382683114912,C,10.218394694715325,16.388149028228554,30.361251837572468,0,False,0.0,Low,3662,54.57260273972603,67.10326823635724
2023-03-13,Store003,SKU001,12,14,305.84,367.01,7,SUP001,Electronics,,0,None,14.571428571428571,0.47559981845990906,C,13.637857369667923,24.142434484888696,115.63785736966793,0,True,101.63785736966793,Medium,5340,54.12876712328767,98.65364174722883
2023-03-13,Store003,SKU002,2,88,69.57,144.82,5,SUP002,Clothing,2023-02-17,34,Delivered,8.428571428571429,0.44687170121026343,C,10.484026374443221,18.361450300639575,52.62688351730037,0,False,0.0,Low,4369,54.772602739726025,79.76615646258503
2023-03-13,Store003,SKU003,5,20,27.47,32.96,3,SUP003,Books,,0,None,7.428571428571429,0.49263346168064476,C,9.626516732683555,17.237832147426694,31.91223101839784,0,True,11.91223101839784,Low,3639,54.92602739726028,66.25274341580207
2023-03-14,Store001,SKU001,17,63,305.84,367.01,7,SUP001,Electronics,2023-02-26,71,Delivered,12.714285714285714,0.4469480032434872,C,12.78266391216064,22.551528297909847,101.78266391216064,0,True,38.78266391216064,Medium,5326,55.054794520547944,96.73998507091316
2023-03-14,Store001,SKU002,11,21,69.57,144.82,5,SUP002,Clothing,,0,None,14.571428571428571,0.4888827050106926,C,11.603530548078444,24.142434484888696,84.4606734052213,0,True,63.4606734052213,Medium,4420,53.88219178082192,82.03081303706716
2023-03-14,Store001,SKU003,8,21,27.47,32.96,3,SUP003,Books,,0,None,6.571428571428571,0.5124098617067465,C,10.087258421679966,16.21286966755555,29.80154413596568,0,True,8.801544135965681,Low,3666,55.73424657534247,65.77643415425453
2023-03-14,Store002,SKU001,21,37,305.84,367.01,7,SUP001,Electronics,,0,None,14.285714285714286,0.48777608644303344,C,14.036779212620559,23.904572186687872,114.03677921262056,0,True,77.03677921262056,Medium,5359,54.868493150684934,97.6698956408848
2023-03-14,Store002,SKU002,10,83,69.57,144.82,5,SUP002,Clothing,,0,None,9.0,0.5114843407900957,C,12.823879339210837,18.973665961010276,57.82387933921083,0,False,0.0,Low,4669,52.778082191780825,88.46475290697674
2023-03-14,Store002,SKU003,7,41,27.47,32.96,3,SUP003,Books,,0,None,6.714285714285714,0.5196382683114912,C,10.218394694715325,16.388149028228554,30.361251837572468,0,False,0.0,Low,3662,54.57260273972603,67.10326823635724
2023-03-14,Store003,SKU001,8,23,305.84,367.01,7,SUP001,Electronics,,0,None,13.428571428571429,0.47559981845990906,C,13.637857369667923,23.176342617912283,107.63785736966793,0,True,84.63785736966793,Medium,5340,54.12876712328767,98.65364174722883
2023-03-14,Store003,SKU002,12,98,69.57,144.82,5,SUP002,Clothing,,0,None,9.571428571428571,0.44687170121026343,C,10.484026374443221,19.566735620873065,58.34116923158608,0,False,0.0,Low,4369,54.772602739726025,79.76615646258503
2023-03-14,Store003,SKU003,11,12,27.47,32.96,3,SUP003,Books,,0,None,8.142857142857142,0.49263346168064476,C,9.626516732683555,18.04755622554715,34.055088161254986,0,True,22.055088161254986,Low,3639,54.92602739726028,66.25274341580207
2023-03-15,Store001,SKU001,10,19,305.84,367.01,7,SUP001,Electronics,2023-03-03,37,Delivered,12.285714285714286,0.4469480032434872,C,12.78266391216064,22.168188275738085,98.78266391216064,0,True,79.78266391216064,Medium,5326,55.054794520547944,96.73998507091316
2023-03-15,Store001,SKU002,2,21,69.57,144.82,5,SUP002,Clothing,,0,None,13.428571428571429,0.4888827050106926,C,11.603530548078444,23.176342617912283,78.74638769093558,0,True,57.74638769093558,Medium,4420,53.88219178082192,82.03081303706716
2023-03-15,Store001,SKU003,12,77,27.47,32.96,3,SUP003,Books,,0,None,7.428571428571429,0.5124098617067465,C,10.087258421679966,17.237832147426694,32.372972707394254,0,False,0.0,Low,3666,55.73424657534247,65.77643415425453
2023-03-15,Store002,SKU001,4,76,305.84,367.01,7,SUP001,Electronics,,0,None,12.714285714285714,0.48777608644303344,C,14.036779212620559,22.551528297909847,103.03677921262056,0,True,27.03677921262056,Low,5359,54.868493150684934,97.6698956408848
2023-03-15,Store002,SKU002,18,63,69.57,144.82,5,SUP002,Clothing,,0,None,9.428571428571429,0.5114843407900957,C,12.823879339210837,19.42016624910449,59.96673648206799,0,False,0.0,Low,4669,52.778082191780825,88.46475290697674
2023-03-15,Store002,SKU003,5,79,27.47,32.96,3,SUP003,Books,,0,None,5.571428571428571,0.5196382683114912,C,10.218394694715325,14.928400545843578,26.93268040900104,0,False,0.0,Low,3662,54.57260273972603,67.10326823635724
2023-03-15,Store003,SKU001,9,29,305.84,367.01,7,SUP001,Electronics,,0,None,11.285714285714286,0.47559981845990906,C,13.637857369667923,21.246848505803666,92.63785736966793,0,True,63.63785736966793,Medium,5340,54.12876712328767,98.65364174722883
2023-03-15,Store003,SKU002,15,65,69.57,144.82,5,SUP002,Clothing,,0,None,9.571428571428571,0.44687170121026343,C,10.484026374443221,19.566735620873065,58.34116923158608,0,False,0.0,Low,4369,54.772602739726025,79.76615646258503
2023-03-15,Store003,SKU003,10,41,27.47,32.96,3,SUP003,Books,,0,None,8.142857142857142,0.49263346168064476,C,9.626516732683555,18.04755622554715,34.055088161254986,0,False,0.0,Low,3639,54.92602739726028,66.25274341580207
2023-03-16,Store001,SKU001,15,82,305.84,367.01,7,SUP001,Electronics,,0,None,12.285714285714286,0.4469480032434872,C,12.78266391216064,22.168188275738085,98.78266391216064,0,True,16.782663912160643,Low,5326,55.054794520547944,96.73998507091316
2023-03-16,Store001,SKU002,11,21,69.57,144.82,5,SUP002,Clothing,,0,None,12.571428571428571,0.4888827050106926,C,11.603530548078444,22.424476423255523,74.4606734052213,0,True,53.4606734052213,Medium,4420,53.88219178082192,82.03081303706716
2023-03-16,Store001,SKU003,6,96,27.47,32.96,3,SUP003,Books,,0,None,7.142857142857143,0.5124098617067465,C,10.087258421679966,16.903085094570333,31.515829850251396,0,False,0.0,Low,3666,55.73424657534247,65.77643415425453
2023-03-16,Store002,SKU001,8,12,305.84,367.01,7,SUP001,Electronics,,0,None,11.714285714285714,0.48777608644303344,C,14.036779212620559,21.64651077128664,96.03677921262056,0,True,84.03677921262056,High,5359,54.868493150684934,97.6698956408848
2023-03-16,Store002,SKU002,14,23,69.57,144.82,5,SUP002,Clothing,,0,None,10.0,0.5114843407900957,C,12.823879339210837,20.0,62.82387933921083,0,True,39.82387933921083,Medium,4669,52.778082191780825,88.46475290697674
2023-03-16,Store002,SKU003,9,54,27.47,32.96,3,SUP003,Books,,0,None,6.571428571428571,0.5196382683114912,C,10.218394694715325,16.21286966755555,29.93268040900104,0,False,0.0,Low,3662,54.57260273972603,67.10326823635724
2023-03-16,Store003,SKU001,7,37,305.84,367.01,7,SUP001,Electronics,,0,None,10.857142857142858,0.47559981845990906,C,13.637857369667923,20.83952289006911,89.63785736966793,0,True,52.63785736966793,Medium,5340,54.12876712328767,98.65364174722883
2023-03-16,Store003,SKU002,14,33,69.57,144.82,5,SUP002,Clothing,,0,None,9.857142857142858,0.44687170121026343,C,10.484026374443221,19.85662897587892,59.76974066015751,0,True,26.76974066015751,Low,4369,54.772602739726025,79.76615646258503
2023-03-16,Store003,SKU003,16,20,27.47,32.96,3,SUP003,Books,,0,None,9.428571428571429,0.49263346168064476,C,9.626516732683555,19.42016624910449,37.91223101839784,0,True,17.91223101839784,Low,3639,54.92602739726028,66.25274341580207
2023-03-17,Store001,SKU001,13,89,305.84,367.01,7,SUP001,Electronics,,0,None,12.285714285714286,0.4469480032434872,C,12.78266391216064,22.168188275738085,98.78266391216064,0,True,9.782663912160643,Low,5326,55.054794520547944,96.73998507091316
2023-03-17,Store001,SKU002,6,89,69.57,144.82,5,SUP002,Clothing,,0,None,11.0,0.4888827050106926,C,11.603530548078444,20.97617696340303,66.60353054807844,0,False,0.0,Low,4420,53.88219178082192,82.03081303706716
2023-03-17,Store001,SKU003,0,39,27.47,32.96,3,SUP003,Books,,0,None,6.571428571428571,0.5124098617067465,C,10.087258421679966,16.21286966755555,29.80154413596568,0,False,0.0,Low,3666,55.73424657534247,65.77643415425453
2023-03-17,Store002,SKU001,11,38,305.84,367.01,7,SUP001,Electronics,,0,None,12.714285714285714,0.48777608644303344,C,14.036779212620559,22.551528297909847,103.03677921262056,0,True,65.03677921262056,Medium,5359,54.868493150684934,97.6698956408848
2023-03-17,Store002,SKU002,16,37,69.57,144.82,5,SUP002,Clothing,,0,None,11.142857142857142,0.5114843407900957,C,12.823879339210837,21.111946516469903,68.53816505349654,0,True,31.53816505349654,Low,4669,52.778082191780825,88.46475290697674
2023-03-17,Store002,SKU003,6,68,27.47,32.96,3,SUP003,Books,,0,None,6.857142857142857,0.5196382683114912,C,10.218394694715325,16.5615734242165,30.789823266143895,0,False,0.0,Low,3662,54.57260273972603,67.10326823635724
2023-03-17,Store003,SKU001,19,19,305.84,367.01,7,SUP001,Electronics,,0,None,11.0,0.47559981845990906,C,13.637857369667923,20.97617696340303,90.63785736966793,0,True,71.63785736966793,Medium,5340,54.12876712328767,98.65364174722883
2023-03-17,Store003,SKU002,13,39,69.57,144.82,5,SUP002,Clothing,,0,None,10.285714285714286,0.44687170121026343,C,10.484026374443221,20.2837021134844,61.91259780301465,0,True,22.91259780301465,Low,4369,54.772602739726025,79.76615646258503
2023-03-17,Store003,SKU003,3,51,27.47,32.96,3,SUP003,Books,,0,None,8.714285714285714,0.49263346168064476,C,9.626516732683555,18.670067717376618,35.769373875540694,0,False,0.0,Low,3639,54.92602739726028,66.25274341580207
2023-03-18,Store001,SKU001,14,68,305.84,367.01,7,SUP001,Electronics,,0,None,12.714285714285714,0.4469480032434872,C,12.78266391216064,22.551528297909847,101.78266391216064,0,True,33.78266391216064,Low,5326,55.054794520547944,96.73998507091316
2023-03-18,Store001,SKU002,16,78,69.57,144.82,5,SUP002,Clothing,,0,None,11.428571428571429,0.4888827050106926,C,11.603530548078444,21.38089935299395,68.74638769093559,0,False,0.0,Low,4420,53.88219178082192,82.03081303706716
2023-03-18,Store001,SKU003,20,67,27.47,32.96,3,SUP003,Books,,0,None,8.428571428571429,0.5124098617067465,C,10.087258421679966,18.361450300639575,35.372972707394254,0,False,0.0,Low,3666,55.73424657534247,65.77643415425453
2023-03-18,Store002,SKU001,11,58,305.84,367.01,7,SUP001,Electronics,,0,None,12.714285714285714,0.48777608644303344,C,14.036779212620559,22.551528297909847,103.03677921262056,0,True,45.03677921262056,Medium,5359,54.868493150684934,97.6698956408848
2023-03-18,Store002,SKU002,12,23,69.57,144.82,5,SUP002,Clothing,,0,None,12.285714285714286,0.5114843407900957,C,12.823879339210837,22.168188275738085,74.25245076778226,0,True,51.252450767782264,Medium,4669,52.778082191780825,88.46475290697674
2023-03-18,Store002,SKU003,9,24,27.47,32.96,3,SUP003,Books,,0,None,7.285714285714286,0.5196382683114912,C,10.218394694715325,17.07127913861675,32.07553755185818,0,True,8.075537551858183,Low,3662,54.57260273972603,67.10326823635724
2023-03-18,Store003,SKU001,16,81,305.84,367.01,7,SUP001,Electronics,,0,None,11.428571428571429,0.47559981845990906,C,13.637857369667923,21.38089935299395,93.63785736966793,0,True,12.637857369667927,Low,5340,54.12876712328767,98.65364174722883
2023-03-18,Store003,SKU002,16,65,69.57,144.82,5,SUP002,Clothing,,0,None,12.0,0.44687170121026343,C,10.484026374443221,21.908902300206645,70.48402637444322,0,True,5.484026374443218,Low,4369,54.772602739726025,79.76615646258503
2023-03-18,Store003,SKU003,9,23,27.47,32.96,3,SUP003,Books,2023-03-10,49,Delivered,9.0,0.49263346168064476,C,9.626516732683555,18.973665961010276,36.626516732683555,0,True,13.626516732683555,Low,3639,54.92602739726028,66.25274341580207
2023-03-19,Store001,SKU001,20,92,305.84,367.01,7,SUP001,Electronics,,0,None,14.714285714285714,0.4469480032434872,C,12.78266391216064,24.26049110326146,115.78266391216064,0,True,23.782663912160643,Low,5326,55.054794520547944,96.73998507091316
2023-03-19,Store001,SKU002,13,49,69.57,144.82,5,SUP002,Clothing,2023-03-16,75,Confirmed,8.857142857142858,0.4888827050106926,C,11.603530548078444,18.822478962286407,0.0,75,False,0.0,Low,4420,53.88219178082192,82.03081303706716
2023-03-19,Store001,SKU003,13,13,27.47,32.96,3,SUP003,Books,,0,None,8.857142857142858,0.5124098617067465,C,10.087258421679966,18.822478962286407,36.65868699310854,0,True,23.65868699310854,Low,3666,55.73424657534247,65.77643415425453
2023-03-19,Store002,SKU001,15,61,305.84,367.01,7,SUP001,Electronics,,0,None,12.571428571428571,0.48777608644303344,C,14.036779212620559,22.424476423255523,102.03677921262056,0,True,41.03677921262056,Medium,5359,54.868493150684934,97.6698956408848
2023-03-19,Store002,SKU002,7,63,69.57,144.82,5,SUP002,Clothing,,0,None,12.0,0.5114843407900957,C,12.823879339210837,21.908902300206645,72.82387933921083,0,True,9.823879339210833,Low,4669,52.778082191780825,88.46475290697674
2023-03-19,Store002,SKU003,17,40,27.47,32.96,3,SUP003,Books,,0,None,8.142857142857142,0.5196382683114912,C,10.218394694715325,18.04755622554715,34.64696612328675,0,False,0.0,Low,3662,54.57260273972603,67.10326823635724
2023-03-19,Store003,SKU001,19,76,305.84,367.01,7,SUP001,Electronics,,0,None,12.857142857142858,0.47559981845990906,C,13.637857369667923,22.677868380553633,103.63785736966793,0,True,27.637857369667927,Low,5340,54.12876712328767,98.65364174722883
2023-03-19,Store003,SKU002,12,88,69.57,144.82,5,SUP002,Clothing,,0,None,12.0,0.44687170121026343,C,10.484026374443221,21.908902300206645,70.48402637444322,0,False,0.0,Low,4369,54.772602739726025,79.76615646258503
2023-03-19,Store003,SKU003,4,78,27.47,32.96,3,SUP003,Books,,0,None,8.285714285714286,0.49263346168064476,C,9.626516732683555,18.20517979665599,34.483659589826416,0,False,0.0,Low,3639,54.92602739726028,66.25274341580207
2023-03-20,Store001,SKU001,10,48,305.84,367.01,7,SUP001,Electronics,,0,None,14.142857142857142,0.4469480032434872,C,12.78266391216064,23.784749015162756,111.78266391216064,0,True,63.78266391216064,Medium,5326,55.054794520547944,96.73998507091316
2023-03-20,Store001,SKU002,13,48,69.57,144.82,5,SUP002,Clothing,,0,None,10.285714285714286,0.4888827050106926,C,11.603530548078444,20.2837021134844,63.03210197664988,0,True,15.032101976649876,Low,4420,53.88219178082192,82.03081303706716
2023-03-20,Store001,SKU003,7,92,27.47,32.96,3,SUP003,Books,,0,None,9.428571428571429,0.5124098617067465,C,10.087258421679966,19.42016624910449,38.372972707394254,0,False,0.0,Low,3666,55.73424657534247,65.77643415425453
2023-03-20,Store002,SKU001,18,11,305.84,367.01,7,SUP001,Electronics,,0,None,12.571428571428571,0.48777608644303344,C,14.036779212620559,22.424476423255523,102.03677921262056,0,True,91.03677921262056,High,5359,54.868493150684934,97.6698956408848
2023-03-20,Store002,SKU002,8,88,69.57,144.82,5,SUP002,Clothing,,0,None,12.142857142857142,0.5114843407900957,C,12.823879339210837,22.03892660077359,73.53816505349654,0,False,0.0,Low,4669,52.778082191780825,88.46475290697674
2023-03-20,Store002,SKU003,6,83,27.47,32.96,3,SUP003,Books,,0,None,8.428571428571429,0.5196382683114912,C,10.218394694715325,18.361450300639575,35.504108980429606,0,False,0.0,Low,3662,54.57260273972603,67.10326823635724
2023-03-20,Store003,SKU001,12,98,305.84,367.01,7,SUP001,Electronics,,0,None,12.857142857142858,0.47559981845990906,C,13.637857369667923,22.677868380553633,103.63785736966793,0,True,5.637857369667927,Low,5340,54.12876712328767,98.65364174722883
2023-03-20,Store003,SKU002,6,10,69.57,144.82,5,SUP002,Clothing,,0,None,12.571428571428571,0.44687170121026343,C,10.484026374443221,22.424476423255523,73.34116923158608,0,True,63.34116923158608,Medium,4369,54.772602739726025,79.76615646258503
2023-03-20,Store003,SKU003,16,42,27.47,32.96,3,SUP003,Books,,0,None,9.857142857142858,0.49263346168064476,C,9.626516732683555,19.85662897587892,39.197945304112125,0,False,0.0,Low,3639,54.92602739726028,66.25274341580207
2023-03-21,Store001,SKU001,16,83,305.84,367.01,7,SUP001,Electronics,,0,None,14.0,0.4469480032434872,C,12.78266391216064,23.664319132398465,110.78266391216064,0,True,27.782663912160643,Low,5326,55.054794520547944,96.73998507091316
2023-03-21,Store001,SKU002,6,74,69.57,144.82,5,SUP002,Clothing,,0,None,9.571428571428571,0.4888827050106926,C,11.603530548078444,19.566735620873065,59.4606734052213,0,False,0.0,Low,4420,53.88219178082192,82.03081303706716
2023-03-21,Store001,SKU003,3,16,27.47,32.96,3,SUP003,Books,2023-02-20,26,Delivered,8.714285714285714,0.5124098617067465,C,10.087258421679966,18.670067717376618,36.2301155645371,0,True,20.2301155645371,Low,3666,55.73424657534247,65.77643415425453
2023-03-21,Store002,SKU001,16,49,305.84,367.01,7,SUP001,Electronics,,0,None,11.857142857142858,0.48777608644303344,C,14.036779212620559,21.778101714468008,97.03677921262056,0,True,48.03677921262056,Medium,5359,54.868493150684934,97.6698956408848
2023-03-21,Store002,SKU002,18,20,69.57,144.82,5,SUP002,Clothing,,0,None,13.285714285714286,0.5114843407900957,C,12.823879339210837,23.052734575936352,79.25245076778226,0,True,59.252450767782264,Medium,4669,52.778082191780825,88.46475290697674
2023-03-21,Store002,SKU003,8,82,27.47,32.96,3,SUP003,Books,,0,None,8.571428571428571,0.5196382683114912,C,10.218394694715325,18.51640199545103,35.93268040900104,0,False,0.0,Low,3662,54.57260273972603,67.10326823635724
2023-03-21,Store003,SKU001,11,17,305.84,367.01,7,SUP001,Electronics,,0,None,13.285714285714286,0.47559981845990906,C,13.637857369667923,23.052734575936352,106.63785736966793,0,True,89.63785736966793,Medium,5340,54.12876712328767,98.65364174722883
2023-03-21,Store003,SKU002,5,29,69.57,144.82,5,SUP002,Clothing,,0,None,11.571428571428571,0.44687170121026343,C,10.484026374443221,21.514114968019086,68.34116923158608,0,True,39.34116923158608,Medium,4369,54.772602739726025,79.76615646258503
2023-03-21,Store003,SKU003,9,41,27.47,32.96,3,SUP003,Books,,0,None,9.571428571428571,0.49263346168064476,C,9.626516732683555,19.566735620873065,38.34080244696927,0,False,0.0,Low,3639,54.92602739726028,66.25274341580207
2023-03-22,Store001,SKU001,8,57,305.84,367.01,7,SUP001,Electronics,,0,None,13.714285714285714,0.4469480032434872,C,12.78266391216064,23.421601750764797,108.78266391216064,0,True,51.78266391216064,Medium,5326,55.054794520547944,96.73998507091316
2023-03-22,Store001,SKU002,11,82,69.57,144.82,5,SUP002,Clothing,,0,None,10.857142857142858,0.4888827050106926,C,11.603530548078444,20.83952289006911,65.88924483379273,0,False,0.0,Low,4420,53.88219178082192,82.03081303706716
2023-03-22,Store001,SKU003,12,13,27.47,32.96,3,SUP003,Books,,0,None,8.714285714285714,0.5124098617067465,C,10.087258421679966,18.670067717376618,36.2301155645371,0,True,23.2301155645371,Low,3666,55.73424657534247,65.77643415425453
2023-03-22,Store002,SKU001,15,47,305.84,367.01,7,SUP001,Electronics,,0,None,13.428571428571429,0.48777608644303344,C,14.036779212620559,23.176342617912283,108.03677921262056,0,True,61.03677921262056,Medium,5359,54.868493150684934,97.6698956408848
2023-03-22,Store002,SKU002,2,64,69.57,144.82,5,SUP002,Clothing,,0,None,11.0,0.5114843407900957,C,12.823879339210837,20.97617696340303,67.82387933921083,0,True,3.8238793392108335,Low,4669,52.778082191780825,88.46475290697674
2023-03-22,Store002,SKU003,9,32,27.47,32.96,3,SUP003,Books,,0,None,9.142857142857142,0.5196382683114912,C,10.218394694715325,19.123657749350297,37.64696612328675,0,True,5.646966123286752,Low,3662,54.57260273972603,67.10326823635724
2023-03-22,Store003,SKU001,16,50,305.84,367.01,7,SUP001,Electronics,,0,None,14.285714285714286,0.47559981845990906,C,13.637857369667923,23.904572186687872,113.63785736966793,0,True,63.63785736966793,Medium,5340,54.12876712328767,98.65364174722883
2023-03-22,Store003,SKU002,5,28,69.57,144.82,5,SUP002,Clothing,,0,None,10.142857142857142,0.44687170121026343,C,10.484026374443221,20.14235055087379,61.198312088728926,0,True,33.198312088728926,Medium,4369,54.772602739726025,79.76615646258503
2023-03-22,Store003,SKU003,8,64,27.47,32.96,3,SUP003,Books,,0,None,9.285714285714286,0.49263346168064476,C,9.626516732683555,19.27248223318863,37.483659589826416,0,False,0.0,Low,3639,54.92602739726028,66.25274341580207
2023-03-23,Store001,SKU001,11,91,305.84,367.01,7,SUP001,Electronics,,0,None,13.142857142857142,0.4469480032434872,C,12.78266391216064,22.92846016884443,104.78266391216064,0,True,13.782663912160643,Low,5326,55.054794520547944,96.73998507091316
2023-03-23,Store001,SKU002,6,38,69.57,144.82,5,SUP002,Clothing,,0,None,10.142857142857142,0.4888827050106926,C,11.603530548078444,20.14235055087379,62.317816262364154,0,True,24.317816262364154,Low,4420,53.88219178082192,82.03081303706716
2023-03-23,Store001,SKU003,5,99,27.47,32.96,3,SUP003,Books,,0,None,8.571428571428571,0.5124098617067465,C,10.087258421679966,18.51640199545103,35.801544135965685,0,False,0.0,Low,3666,55.73424657534247,65.77643415425453
2023-03-23,Store002,SKU001,11,32,305.84,367.01,7,SUP001,Electronics,,0,None,13.857142857142858,0.48777608644303344,C,14.036779212620559,23.543273227945903,111.03677921262056,0,True,79.03677921262056,Medium,5359,54.868493150684934,97.6698956408848
2023-03-23,Store002,SKU002,13,78,69.57,144.82,5,SUP002,Clothing,,0,None,10.857142857142858,0.5114843407900957,C,12.823879339210837,20.83952289006911,67.10959362492513,0,False,0.0,Low,4669,52.778082191780825,88.46475290697674
2023-03-23,Store002,SKU003,7,81,27.47,32.96,3,SUP003,Books,,0,None,8.857142857142858,0.5196382683114912,C,10.218394694715325,18.822478962286407,36.7898232661439,0,False,0.0,Low,3662,54.57260273972603,67.10326823635724
2023-03-23,Store003,SKU001,13,27,305.84,367.01,7,SUP001,Electronics,,0,None,15.142857142857142,0.47559981845990906,C,13.637857369667923,24.611263391266316,119.63785736966793,0,True,92.63785736966793,Medium,5340,54.12876712328767,98.65364174722883
2023-03-23,Store003,SKU002,10,83,69.57,144.82,5,SUP002,Clothing,,0,None,9.571428571428571,0.44687170121026343,C,10.484026374443221,19.566735620873065,58.34116923158608,0,False,0.0,Low,4369,54.772602739726025,79.76615646258503
2023-03-23,Store003,SKU003,9,36,27.47,32.96,3,SUP003,Books,,0,None,8.285714285714286,0.49263346168064476,C,9.626516732683555,18.20517979665599,34.483659589826416,0,False,0.0,Low,3639,54.92602739726028,66.25274341580207
2023-03-24,Store001,SKU001,4,64,305.84,367.01,7,SUP001,Electronics,,0,None,11.857142857142858,0.4469480032434872,C,12.78266391216064,21.778101714468008,95.78266391216064,0,True,31.782663912160643,Low,5326,55.054794520547944,96.73998507091316
2023-03-24,Store001,SKU002,5,79,69.57,144.82,5,SUP002,Clothing,,0,None,10.0,0.4888827050106926,C,11.603530548078444,20.0,61.603530548078446,0,False,0.0,Low,4420,53.88219178082192,82.03081303706716
2023-03-24,Store001,SKU003,7,66,27.47,32.96,3,SUP003,Books,,0,None,9.571428571428571,0.5124098617067465,C,10.087258421679966,19.566735620873065,38.801544135965685,0,False,0.0,Low,3666,55.73424657534247,65.77643415425453
2023-03-24,Store002,SKU001,10,61,305.84,367.01,7,SUP001,Electronics,,0,None,13.714285714285714,0.48777608644303344,C,14.036779212620559,23.421601750764797,110.03677921262056,0,True,49.03677921262056,Medium,5359,54.868493150684934,97.6698956408848
2023-03-24,Store002,SKU002,9,92,69.57,144.82,5,SUP002,Clothing,,0,None,9.857142857142858,0.5114843407900957,C,12.823879339210837,19.85662897587892,62.109593624925125,0,False,0.0,Low,4669,52.778082191780825,88.46475290697674
2023-03-24,Store002,SKU003,6,41,27.47,32.96,3,SUP003,Books,,0,None,8.857142857142858,0.5196382683114912,C,10.218394694715325,18.822478962286407,36.7898232661439,0,False,0.0,Low,3662,54.57260273972603,67.10326823635724
2023-03-24,Store003,SKU001,16,95,305.84,367.01,7,SUP001,Electronics,,0,None,14.714285714285714,0.47559981845990906,C,13.637857369667923,24.26049110326146,116.63785736966793,0,True,21.637857369667927,Low,5340,54.12876712328767,98.65364174722883
2023-03-24,Store003,SKU002,8,44,69.57,144.82,5,SUP002,Clothing,,0,None,8.857142857142858,0.44687170121026343,C,10.484026374443221,18.822478962286407,54.76974066015751,0,True,10.76974066015751,Low,4369,54.772602739726025,79.76615646258503
2023-03-24,Store003,SKU003,8,73,27.47,32.96,3,SUP003,Books,,0,None,9.0,0.49263346168064476,C,9.626516732683555,18.973665961010276,36.626516732683555,0,False,0.0,Low,3639,54.92602739726028,66.25274341580207
2023-03-25,Store001,SKU001,3,42,305.84,367.01,7,SUP001,Electronics,,0,None,10.285714285714286,0.4469480032434872,C,12.78266391216064,20.2837021134844,84.78266391216064,0,True,42.78266391216064,Medium,5326,55.054794520547944,96.73998507091316
2023-03-25,Store001,SKU002,11,92,69.57,144.82,5,SUP002,Clothing,2023-03-05,66,Delivered,9.285714285714286,0.4888827050106926,C,11.603530548078444,19.27248223318863,58.03210197664988,0,False,0.0,Low,4420,53.88219178082192,82.03081303706716
2023-03-25,Store001,SKU003,1,67,27.47,32.96,3,SUP003,Books,,0,None,6.857142857142857,0.5124098617067465,C,10.087258421679966,16.5615734242165,30.658686993108535,0,False,0.0,Low,3666,55.73424657534247,65.77643415425453
2023-03-25,Store002,SKU001,16,95,305.84,367.01,7,SUP001,Electronics,,0,None,14.428571428571429,0.48777608644303344,C,14.036779212620559,24.023797725231894,115.03677921262056,0,True,20.03677921262056,Low,5359,54.868493150684934,97.6698956408848
2023-03-25,Store002,SKU002,16,86,69.57,144.82,5,SUP002,Clothing,2023-03-15,85,Delivered,10.428571428571429,0.5114843407900957,C,12.823879339210837,20.42407542932745,64.96673648206799,0,False,0.0,Low,4669,52.778082191780825,88.46475290697674
2023-03-25,Store002,SKU003,12,39,27.47,32.96,3,SUP003,Books,,0,None,9.285714285714286,0.5196382683114912,C,10.218394694715325,19.27248223318863,38.07553755185819,0,False,0.0,Low,3662,54.57260273972603,67.10326823635724
2023-03-25,Store003,SKU001,13,51,305.84,367.01,7,SUP001,Electronics,,0,None,14.285714285714286,0.47559981845990906,C,13.637857369667923,23.904572186687872,113.63785736966793,0,True,62.63785736966793,Medium,5340,54.12876712328767,98.65364174722883
2023-03-25,Store003,SKU002,12,21,69.57,144.82,5,SUP002,Clothing,,0,None,8.285714285714286,0.44687170121026343,C,10.484026374443221,18.20517979665599,51.91259780301465,0,True,30.91259780301465,Medium,4369,54.772602739726025,79.76615646258503
2023-03-25,Store003,SKU003,12,52,27.47,32.96,3,SUP003,Books,,0,None,9.428571428571429,0.49263346168064476,C,9.626516732683555,19.42016624910449,37.91223101839784,0,False,0.0,Low,3639,54.92602739726028,66.25274341580207
2023-03-26,Store001,SKU001,21,36,305.84,367.01,7,SUP001,Electronics,,0,None,10.428571428571429,0.4469480032434872,C,12.78266391216064,20.42407542932745,85.78266391216064,0,True,49.78266391216064,Medium,5326,55.054794520547944,96.73998507091316
2023-03-26,Store001,SKU002,13,18,69.57,144.82,5,SUP002,Clothing,2023-03-14,98,Delivered,9.285714285714286,0.4888827050106926,C,11.603530548078444,19.27248223318863,58.03210197664988,0,True,40.03210197664988,Medium,4420,53.88219178082192,82.03081303706716
2023-03-26,Store001,SKU003,9,43,27.47,32.96,3,SUP003,Books,,0,None,6.285714285714286,0.5124098617067465,C,10.087258421679966,15.856499343441838,28.944401278822824,0,False,0.0,Low,3666,55.73424657534247,65.77643415425453
2023-03-26,Store002,SKU001,10,54,305.84,367.01,7,SUP001,Electronics,,0,None,13.714285714285714,0.48777608644303344,C,14.036779212620559,23.421601750764797,110.03677921262056,0,True,56.03677921262056,Medium,5359,54.868493150684934,97.6698956408848
2023-03-26,Store002,SKU002,14,69,69.57,144.82,5,SUP002,Clothing,2023-02-28,45,Delivered,11.428571428571429,0.5114843407900957,C,12.823879339210837,21.38089935299395,69.96673648206799,0,True,0.9667364820679865,Low,4669,52.778082191780825,88.46475290697674
2023-03-26,Store002,SKU003,12,23,27.47,32.96,3,SUP003,Books,,0,None,8.571428571428571,0.5196382683114912,C,10.218394694715325,18.51640199545103,35.93268040900104,0,True,12.932680409001037,Low,3662,54.57260273972603,67.10326823635724
2023-03-26,Store003,SKU001,12,57,305.84,367.01,7,SUP001,Electronics,,0,None,13.285714285714286,0.47559981845990906,C,13.637857369667923,23.052734575936352,106.63785736966793,0,True,49.63785736966793,Medium,5340,54.12876712328767,98.65364174722883
2023-03-26,Store003,SKU002,11,25,69.57,144.82,5,SUP002,Clothing,,0,None,8.142857142857142,0.44687170121026343,C,10.484026374443221,18.04755622554715,51.198312088728926,0,True,26.198312088728926,Medium,4369,54.772602739726025,79.76615646258503
2023-03-26,Store003,SKU003,3,77,27.47,32.96,3,SUP003,Books,,0,None,9.285714285714286,0.49263346168064476,C,9.626516732683555,19.27248223318863,37.483659589826416,0,False,0.0,Low,3639,54.92602739726028,66.25274341580207
2023-03-27,Store001,SKU001,19,16,305.84,367.01,7,SUP001,Electronics,,0,None,11.714285714285714,0.4469480032434872,C,12.78266391216064,21.64651077128664,94.78266391216064,0,True,78.78266391216064,Medium,5326,55.054794520547944,96.73998507091316
2023-03-27,Store001,SKU002,12,65,69.57,144.82,5,SUP002,Clothing,,0,None,9.142857142857142,0.4888827050106926,C,11.603530548078444,19.123657749350297,57.317816262364154,0,False,0.0,Low,4420,53.88219178082192,82.03081303706716
2023-03-27,Store001,SKU003,3,75,27.47,32.96,3,SUP003,Books,,0,None,5.714285714285714,0.5124098617067465,C,10.087258421679966,15.118578920369089,27.23011556453711,0,False,0.0,Low,3666,55.73424657534247,65.77643415425453
2023-03-27,Store002,SKU001,15,31,305.84,367.01,7,SUP001,Electronics,,0,None,13.285714285714286,0.48777608644303344,C,14.036779212620559,23.052734575936352,107.03677921262056,0,True,76.03677921262056,Medium,5359,54.868493150684934,97.6698956408848
2023-03-27,Store002,SKU002,21,74,69.57,144.82,5,SUP002,Clothing,,0,None,13.285714285714286,0.5114843407900957,C,12.823879339210837,23.052734575936352,79.25245076778226,0,True,5.252450767782264,Low,4669,52.778082191780825,88.46475290697674
2023-03-27,Store002,SKU003,18,80,27.47,32.96,3,SUP003,Books,,0,None,10.285714285714286,0.5196382683114912,C,10.218394694715325,20.2837021134844,41.07553755185819,0,False,0.0,Low,3662,54.57260273972603,67.10326823635724
2023-03-27,Store003,SKU001,0,91,305.84,367.01,7,SUP001,Electronics,,0,None,11.571428571428571,0.47559981845990906,C,13.637857369667923,21.514114968019086,94.63785736966793,0,True,3.637857369667927,Low,5340,54.12876712328767,98.65364174722883
2023-03-27,Store003,SKU002,8,73,69.57,144.82,5,SUP002,Clothing,,0,None,8.428571428571429,0.44687170121026343,C,10.484026374443221,18.361450300639575,52.62688351730037,0,False,0.0,Low,4369,54.772602739726025,79.76615646258503
2023-03-27,Store003,SKU003,5,82,27.47,32.96,3,SUP003,Books,,0,None,7.714285714285714,0.49263346168064476,C,9.626516732683555,17.566201313073595,32.769373875540694,0,False,0.0,Low,3639,54.92602739726028,66.25274341580207
2023-03-28,Store001,SKU001,8,62,305.84,367.01,7,SUP001,Electronics,,0,None,10.571428571428571,0.4469480032434872,C,12.78266391216064,20.56349053193895,86.78266391216064,0,True,24.782663912160643,Low,5326,55.054794520547944,96.73998507091316
2023-03-28,Store001,SKU002,5,39,69.57,144.82,5,SUP002,Clothing,2023-03-23,43,In Transit,9.0,0.4888827050106926,C,11.603530548078444,18.973665961010276,13.603530548078446,43,False,0.0,Low,4420,53.88219178082192,82.03081303706716
2023-03-28,Store001,SKU003,5,71,27.47,32.96,3,SUP003,Books,,0,None,6.0,0.5124098617067465,C,10.087258421679966,15.491933384829668,28.087258421679966,0,False,0.0,Low,3666,55.73424657534247,65.77643415425453
2023-03-28,Store002,SKU001,10,80,305.84,367.01,7,SUP001,Electronics,,0,None,12.428571428571429,0.48777608644303344,C,14.036779212620559,22.296700588716195,101.03677921262056,0,True,21.03677921262056,Low,5359,54.868493150684934,97.6698956408848
2023-03-28,Store002,SKU002,10,47,69.57,144.82,5,SUP002,Clothing,,0,None,12.142857142857142,0.5114843407900957,C,12.823879339210837,22.03892660077359,73.53816505349654,0,True,26.53816505349654,Low,4669,52.778082191780825,88.46475290697674
2023-03-28,Store002,SKU003,3,13,27.47,32.96,3,SUP003,Books,,0,None,9.571428571428571,0.5196382683114912,C,10.218394694715325,19.566735620873065,38.93268040900104,0,True,25.932680409001037,Low,3662,54.57260273972603,67.10326823635724
2023-03-28,Store003,SKU001,10,64,305.84,367.01,7,SUP001,Electronics,,0,None,11.428571428571429,0.47559981845990906,C,13.637857369667923,21.38089935299395,93.63785736966793,0,True,29.637857369667927,Low,5340,54.12876712328767,98.65364174722883
2023-03-28,Store003,SKU002,4,25,69.57,144.82,5,SUP002,Clothing,,0,None,8.285714285714286,0.44687170121026343,C,10.484026374443221,18.20517979665599,51.91259780301465,0,True,26.91259780301465,Medium,4369,54.772602739726025,79.76615646258503
2023-03-28,Store003,SKU003,14,43,27.47,32.96,3,SUP003,Books,,0,None,8.428571428571429,0.49263346168064476,C,9.626516732683555,18.361450300639575,34.91223101839784,0,False,0.0,Low,3639,54.92602739726028,66.25274341580207
2023-03-29,Store001,SKU001,13,19,305.84,367.01,7,SUP001,Electronics,,0,None,11.285714285714286,0.4469480032434872,C,12.78266391216064,21.246848505803666,91.78266391216064,0,True,72.78266391216064,Medium,5326,55.054794520547944,96.73998507091316
2023-03-29,Store001,SKU002,3,43,69.57,144.82,5,SUP002,Clothing,,0,None,7.857142857142857,0.4888827050106926,C,11.603530548078444,17.728105208558365,50.88924483379273,0,True,7.889244833792731,Low,4420,53.88219178082192,82.03081303706716
2023-03-29,Store001,SKU003,10,29,27.47,32.96,3,SUP003,Books,,0,None,5.714285714285714,0.5124098617067465,C,10.087258421679966,15.118578920369089,27.23011556453711,0,False,0.0,Low,3666,55.73424657534247,65.77643415425453
2023-03-29,Store002,SKU001,14,56,305.84,367.01,7,SUP001,Electronics,,0,None,12.285714285714286,0.48777608644303344,C,14.036779212620559,22.168188275738085,100.03677921262056,0,True,44.03677921262056,Medium,5359,54.868493150684934,97.6698956408848
2023-03-29,Store002,SKU002,10,74,69.57,144.82,5,SUP002,Clothing,,0,None,13.285714285714286,0.5114843407900957,C,12.823879339210837,23.052734575936352,79.25245076778226,0,True,5.252450767782264,Low,4669,52.778082191780825,88.46475290697674
2023-03-29,Store002,SKU003,4,79,27.47,32.96,3,SUP003,Books,,0,None,8.857142857142858,0.5196382683114912,C,10.218394694715325,18.822478962286407,36.7898232661439,0,False,0.0,Low,3662,54.57260273972603,67.10326823635724
2023-03-29,Store003,SKU001,13,80,305.84,367.01,7,SUP001,Electronics,,0,None,11.0,0.47559981845990906,C,13.637857369667923,20.97617696340303,90.63785736966793,0,True,10.637857369667927,Low,5340,54.12876712328767,98.65364174722883
2023-03-29,Store003,SKU002,11,11,69.57,144.82,5,SUP002,Clothing,,0,None,9.142857142857142,0.44687170121026343,C,10.484026374443221,19.123657749350297,56.198312088728926,0,True,45.198312088728926,Medium,4369,54.772602739726025,79.76615646258503
2023-03-29,Store003,SKU003,6,75,27.47,32.96,3,SUP003,Books,,0,None,8.142857142857142,0.49263346168064476,C,9.626516732683555,18.04755622554715,34.055088161254986,0,False,0.0,Low,3639,54.92602739726028,66.25274341580207
2023-03-30,Store001,SKU001,17,96,305.84,367.01,7,SUP001,Electronics,,0,None,12.142857142857142,0.4469480032434872,C,12.78266391216064,22.03892660077359,97.78266391216064,0,True,1.7826639121606433,Low,5326,55.054794520547944,96.73998507091316
2023-03-30,Store001,SKU002,8,90,69.57,144.82,5,SUP002,Clothing,,0,None,8.142857142857142,0.4888827050106926,C,11.603530548078444,18.04755622554715,52.317816262364154,0,False,0.0,Low,4420,53.88219178082192,82.03081303706716
2023-03-30,Store001,SKU003,14,19,27.47,32.96,3,SUP003,Books,,0,None,7.0,0.5124098617067465,C,10.087258421679966,16.73320053068151,31.087258421679966,0,True,12.087258421679966,Low,3666,55.73424657534247,65.77643415425453
2023-03-30,Store002,SKU001,13,18,305.84,367.01,7,SUP001,Electronics,,0,None,12.571428571428571,0.48777608644303344,C,14.036779212620559,22.424476423255523,102.03677921262056,0,True,84.03677921262056,Medium,5359,54.868493150684934,97.6698956408848
2023-03-30,Store002,SKU002,10,40,69.57,144.82,5,SUP002,Clothing,,0,None,12.857142857142858,0.5114843407900957,C,12.823879339210837,22.677868380553633,77.10959362492513,0,True,37.109593624925125,Low,4669,52.778082191780825,88.46475290697674
2023-03-30,Store002,SKU003,9,33,27.47,32.96,3,SUP003,Books,,0,None,9.142857142857142,0.5196382683114912,C,10.218394694715325,19.123657749350297,37.64696612328675,0,True,4.646966123286752,Low,3662,54.57260273972603,67.10326823635724
2023-03-30,Store003,SKU001,18,63,305.84,367.01,7,SUP001,Electronics,,0,None,11.714285714285714,0.47559981845990906,C,13.637857369667923,21.64651077128664,95.63785736966793,0,True,32.63785736966793,Low,5340,54.12876712328767,98.65364174722883
2023-03-30,Store003,SKU002,11,94,69.57,144.82,5,SUP002,Clothing,,0,None,9.285714285714286,0.44687170121026343,C,10.484026374443221,19.27248223318863,56.91259780301465,0,False,0.0,Low,4369,54.772602739726025,79.76615646258503
2023-03-30,Store003,SKU003,7,98,27.47,32.96,3,SUP003,Books,,0,None,7.857142857142857,0.49263346168064476,C,9.626516732683555,17.728105208558365,33.197945304112125,0,False,0.0,Low,3639,54.92602739726028,66.25274341580207
2023-03-31,Store001,SKU001,7,37,305.84,367.01,7,SUP001,Electronics,,0,None,12.571428571428571,0.4469480032434872,C,12.78266391216064,22.424476423255523,100.78266391216064,0,True,63.78266391216064,Medium,5326,55.054794520547944,96.73998507091316
2023-03-31,Store001,SKU002,12,45,69.57,144.82,5,SUP002,Clothing,,0,None,9.142857142857142,0.4888827050106926,C,11.603530548078444,19.123657749350297,57.317816262364154,0,True,12.317816262364154,Low,4420,53.88219178082192,82.03081303706716
2023-03-31,Store001,SKU003,8,18,27.47,32.96,3,SUP003,Books,,0,None,7.142857142857143,0.5124098617067465,C,10.087258421679966,16.903085094570333,31.515829850251396,0,True,13.515829850251396,Low,3666,55.73424657534247,65.77643415425453
2023-03-31,Store002,SKU001,7,89,305.84,367.01,7,SUP001,Electronics,,0,None,12.142857142857142,0.48777608644303344,C,14.036779212620559,22.03892660077359,99.03677921262056,0,True,10.036779212620559,Low,5359,54.868493150684934,97.6698956408848
2023-03-31,Store002,SKU002,4,80,69.57,144.82,5,SUP002,Clothing,,0,None,12.142857142857142,0.5114843407900957,C,12.823879339210837,22.03892660077359,73.53816505349654,0,False,0.0,Low,4669,52.778082191780825,88.46475290697674
2023-03-31,Store002,SKU003,7,38,27.47,32.96,3,SUP003,Books,,0,None,9.285714285714286,0.5196382683114912,C,10.218394694715325,19.27248223318863,38.07553755185819,0,True,0.07553755185819,Low,3662,54.57260273972603,67.10326823635724
2023-03-31,Store003,SKU001,6,41,305.84,367.01,7,SUP001,Electronics,2023-03-21,38,Delivered,10.285714285714286,0.47559981845990906,C,13.637857369667923,20.2837021134844,85.63785736966793,0,True,44.63785736966793,Medium,5340,54.12876712328767,98.65364174722883
2023-03-31,Store003,SKU002,7,33,69.57,144.82,5,SUP002,Clothing,,0,None,9.142857142857142,0.44687170121026343,C,10.484026374443221,19.123657749350297,56.198312088728926,0,True,23.198312088728926,Low,4369,54.772602739726025,79.76615646258503
2023-03-31,Store003,SKU003,8,23,27.47,32.96,3,SUP003,Books,,0,None,7.857142857142857,0.49263346168064476,C,9.626516732683555,17.728105208558365,33.197945304112125,0,True,10.197945304112125,Low,3639,54.92602739726028,66.25274341580207
2023-04-01,Store001,SKU001,15,16,305.84,367.01,7,SUP001,Electronics,,0,None,14.285714285714286,0.4469480032434872,C,12.78266391216064,23.904572186687872,112.78266391216064,0,True,96.78266391216064,Medium,5326,55.054794520547944,96.73998507091316
2023-04-01,Store001,SKU002,9,32,69.57,144.82,5,SUP002,Clothing,,0,None,8.857142857142858,0.4888827050106926,C,11.603530548078444,18.822478962286407,55.88924483379274,0,True,23.889244833792738,Low,4420,53.88219178082192,82.03081303706716
2023-04-01,Store001,SKU003,15,53,27.47,32.96,3,SUP003,Books,,0,None,9.142857142857142,0.5124098617067465,C,10.087258421679966,19.123657749350297,37.51582985025139,0,False,0.0,Low,3666,55.73424657534247,65.77643415425453
2023-04-01,Store002,SKU001,11,56,305.84,367.01,7,SUP001,Electronics,,0,None,11.428571428571429,0.48777608644303344,C,14.036779212620559,21.38089935299395,94.03677921262056,0,True,38.03677921262056,Medium,5359,54.868493150684934,97.6698956408848
2023-04-01,Store002,SKU002,12,60,69.57,144.82,5,SUP002,Clothing,,0,None,11.571428571428571,0.5114843407900957,C,12.823879339210837,21.514114968019086,70.6810221963537,0,True,10.681022196353695,Low,4669,52.778082191780825,88.46475290697674
2023-04-01,Store002,SKU003,5,29,27.47,32.96,3,SUP003,Books,,0,None,8.285714285714286,0.5196382683114912,C,10.218394694715325,18.20517979665599,35.07553755185819,0,True,6.07553755185819,Low,3662,54.57260273972603,67.10326823635724
2023-04-01,Store003,SKU001,17,30,305.84,367.01,7,SUP001,Electronics,,0,None,10.857142857142858,0.47559981845990906,C,13.637857369667923,20.83952289006911,89.63785736966793,0,True,59.63785736966793,Medium,5340,54.12876712328767,98.65364174722883
2023-04-01,Store003,SKU002,14,60,69.57,144.82,5,SUP002,Clothing,,0,None,9.428571428571429,0.44687170121026343,C,10.484026374443221,19.42016624910449,57.62688351730037,0,False,0.0,Low,4369,54.772602739726025,79.76615646258503
2023-04-01,Store003,SKU003,12,81,27.47,32.96,3,SUP003,Books,,0,None,7.857142857142857,0.49263346168064476,C,9.626516732683555,17.728105208558365,33.197945304112125,0,False,0.0,Low,3639,54.92602739726028,66.25274341580207
2023-04-02,Store001,SKU001,12,91,305.84,367.01,7,SUP001,Electronics,,0,None,13.0,0.4469480032434872,C,12.78266391216064,22.80350850198276,103.78266391216064,0,True,12.782663912160643,Low,5326,55.054794520547944,96.73998507091316
2023-04-02,Store001,SKU002,17,34,69.57,144.82,5,SUP002,Clothing,,0,None,9.428571428571429,0.4888827050106926,C,11.603530548078444,19.42016624910449,58.74638769093559,0,True,24.74638769093559,Low,4420,53.88219178082192,82.03081303706716
2023-04-02,Store001,SKU003,14,96,27.47,32.96,3,SUP003,Books,,0,None,9.857142857142858,0.5124098617067465,C,10.087258421679966,19.85662897587892,39.65868699310854,0,False,0.0,Low,3666,55.73424657534247,65.77643415425453
2023-04-02,Store002,SKU001,12,10,305.84,367.01,7,SUP001,Electronics,,0,None,11.714285714285714,0.48777608644303344,C,14.036779212620559,21.64651077128664,96.03677921262056,0,True,86.03677921262056,High,5359,54.868493150684934,97.6698956408848
2023-04-02,Store002,SKU002,16,21,69.57,144.82,5,SUP002,Clothing,,0,None,11.857142857142858,0.5114843407900957,C,12.823879339210837,21.778101714468008,72.10959362492513,0,True,51.109593624925125,Medium,4669,52.778082191780825,88.46475290697674
2023-04-02,Store002,SKU003,9,45,27.47,32.96,3,SUP003,Books,,0,None,7.857142857142857,0.5196382683114912,C,10.218394694715325,17.728105208558365,33.7898232661439,0,False,0.0,Low,3662,54.57260273972603,67.10326823635724
2023-04-02,Store003,SKU001,15,56,305.84,367.01,7,SUP001,Electronics,,0,None,11.285714285714286,0.47559981845990906,C,13.637857369667923,21.246848505803666,92.63785736966793,0,True,36.63785736966793,Medium,5340,54.12876712328767,98.65364174722883
2023-04-02,Store003,SKU002,4,49,69.57,144.82,5,SUP002,Clothing,,0,None,8.428571428571429,0.44687170121026343,C,10.484026374443221,18.361450300639575,52.62688351730037,0,True,3.626883517300371,Low,4369,54.772602739726025,79.76615646258503
2023-04-02,Store003,SKU003,8,88,27.47,32.96,3,SUP003,Books,,0,None,8.571428571428571,0.49263346168064476,C,9.626516732683555,18.51640199545103,35.34080244696927,0,False,0.0,Low,3639,54.92602739726028,66.25274341580207
2023-04-03,Store001,SKU001,5,56,305.84,367.01,7,SUP001,Electronics,,0,None,11.0,0.4469480032434872,C,12.78266391216064,20.97617696340303,89.78266391216064,0,True,33.78266391216064,Medium,5326,55.054794520547944,96.73998507091316
2023-04-03,Store001,SKU002,11,16,69.57,144.82,5,SUP002,Clothing,,0,None,9.285714285714286,0.4888827050106926,C,11.603530548078444,19.27248223318863,58.03210197664988,0,True,42.03210197664988,Medium,4420,53.88219178082192,82.03081303706716
2023-04-03,Store001,SKU003,6,19,27.47,32.96,3,SUP003,Books,,0,None,10.285714285714286,0.5124098617067465,C,10.087258421679966,20.2837021134844,40.94440127882282,0,True,21.944401278822824,Low,3666,55.73424657534247,65.77643415425453
2023-04-03,Store002,SKU001,6,19,305.84,367.01,7,SUP001,Electronics,,0,None,10.428571428571429,0.48777608644303344,C,14.036779212620559,20.42407542932745,87.03677921262056,0,True,68.03677921262056,Medium,5359,54.868493150684934,97.6698956408848
2023-04-03,Store002,SKU002,17,93,69.57,144.82,5,SUP002,Clothing,2023-03-27,16,Shipped,11.285714285714286,0.5114843407900957,C,12.823879339210837,21.246848505803666,53.252450767782264,16,False,0.0,Low,4669,52.778082191780825,88.46475290697674
2023-04-03,Store002,SKU003,8,71,27.47,32.96,3,SUP003,Books,,0,None,6.428571428571429,0.5196382683114912,C,10.218394694715325,16.035674514745462,29.50410898042961,0,False,0.0,Low,3662,54.57260273972603,67.10326823635724
2023-04-03,Store003,SKU001,12,88,305.84,367.01,7,SUP001,Electronics,,0,None,13.0,0.47559981845990906,C,13.637857369667923,22.80350850198276,104.63785736966793,0,True,16.637857369667927,Low,5340,54.12876712328767,98.65364174722883
2023-04-03,Store003,SKU002,10,40,69.57,144.82,5,SUP002,Clothing,,0,None,8.714285714285714,0.44687170121026343,C,10.484026374443221,18.670067717376618,54.05545494587179,0,True,14.055454945871787,Low,4369,54.772602739726025,79.76615646258503
2023-04-03,Store003,SKU003,8,48,27.47,32.96,3,SUP003,Books,,0,None,9.0,0.49263346168064476,C,9.626516732683555,18.973665961010276,36.626516732683555,0,False,0.0,Low,3639,54.92602739726028,66.25274341580207
2023-04-04,Store001,SKU001,16,45,305.84,367.01,7,SUP001,Electronics,2023-03-16,42,Delivered,12.142857142857142,0.4469480032434872,C,12.78266391216064,22.03892660077359,97.78266391216064,0,True,52.78266391216064,Medium,5326,55.054794520547944,96.73998507091316
2023-04-04,Store001,SKU002,2,23,69.57,144.82,5,SUP002,Clothing,,0,None,8.857142857142858,0.4888827050106926,C,11.603530548078444,18.822478962286407,55.88924483379274,0,True,32.88924483379274,Medium,4420,53.88219178082192,82.03081303706716
2023-04-04,Store001,SKU003,8,89,27.47,32.96,3,SUP003,Books,,0,None,10.714285714285714,0.5124098617067465,C,10.087258421679966,20.701966780270627,42.2301155645371,0,False,0.0,Low,3666,55.73424657534247,65.77643415425453
2023-04-04,Store002,SKU001,6,81,305.84,367.01,7,SUP001,Electronics,,0,None,9.857142857142858,0.48777608644303344,C,14.036779212620559,19.85662897587892,83.03677921262056,0,True,2.0367792126205586,Low,5359,54.868493150684934,97.6698956408848
2023-04-04,Store002,SKU002,11,87,69.57,144.82,5,SUP002,Clothing,,0,None,11.428571428571429,0.5114843407900957,C,12.823879339210837,21.38089935299395,69.96673648206799,0,False,0.0,Low,4669,52.778082191780825,88.46475290697674
2023-04-04,Store002,SKU003,5,44,27.47,32.96,3,SUP003,Books,,0,None,6.714285714285714,0.5196382683114912,C,10.218394694715325,16.388149028228554,30.361251837572468,0,False,0.0,Low,3662,54.57260273972603,67.10326823635724
2023-04-04,Store003,SKU001,18,59,305.84,367.01,7,SUP001,Electronics,2023-03-31,20,Confirmed,14.142857142857142,0.47559981845990906,C,13.637857369667923,23.784749015162756,92.63785736966793,20,True,13.637857369667927,Low,5340,54.12876712328767,98.65364174722883
2023-04-04,Store003,SKU002,10,81,69.57,144.82,5,SUP002,Clothing,,0,None,9.571428571428571,0.44687170121026343,C,10.484026374443221,19.566735620873065,58.34116923158608,0,False,0.0,Low,4369,54.772602739726025,79.76615646258503
2023-04-04,Store003,SKU003,9,65,27.47,32.96,3,SUP003,Books,,0,None,8.285714285714286,0.49263346168064476,C,9.626516732683555,18.20517979665599,34.483659589826416,0,False,0.0,Low,3639,54.92602739726028,66.25274341580207
2023-04-05,Store001,SKU001,15,38,305.84,367.01,7,SUP001,Electronics,,0,None,12.428571428571429,0.4469480032434872,C,12.78266391216064,22.296700588716195,99.78266391216064,0,True,61.78266391216064,Medium,5326,55.054794520547944,96.73998507091316
2023-04-05,Store001,SKU002,1,28,69.57,144.82,5,SUP002,Clothing,2023-03-07,19,Delivered,8.571428571428571,0.4888827050106926,C,11.603530548078444,18.51640199545103,54.4606734052213,0,True,26.4606734052213,Medium,4420,53.88219178082192,82.03081303706716
2023-04-05,Store001,SKU003,3,52,27.47,32.96,3,SUP003,Books,,0,None,9.714285714285714,0.5124098617067465,C,10.087258421679966,19.712215212183246,39.2301155645371,0,False,0.0,Low,3666,55.73424657534247,65.77643415425453
2023-04-05,Store002,SKU001,14,16,305.84,367.01,7,SUP001,Electronics,,0,None,9.857142857142858,0.48777608644303344,C,14.036779212620559,19.85662897587892,83.03677921262056,0,True,67.03677921262056,Medium,5359,54.868493150684934,97.6698956408848
2023-04-05,Store002,SKU002,12,59,69.57,144.82,5,SUP002,Clothing,,0,None,11.714285714285714,0.5114843407900957,C,12.823879339210837,21.64651077128664,71.3953079106394,0,True,12.395307910639403,Low,4669,52.778082191780825,88.46475290697674
2023-04-05,Store002,SKU003,5,84,27.47,32.96,3,SUP003,Books,,0,None,6.857142857142857,0.5196382683114912,C,10.218394694715325,16.5615734242165,30.789823266143895,0,False,0.0,Low,3662,54.57260273972603,67.10326823635724
2023-04-05,Store003,SKU001,12,98,305.84,367.01,7,SUP001,Electronics,,0,None,14.0,0.47559981845990906,C,13.637857369667923,23.664319132398465,111.63785736966793,0,True,13.637857369667927,Low,5340,54.12876712328767,98.65364174722883
2023-04-05,Store003,SKU002,3,57,69.57,144.82,5,SUP002,Clothing,,0,None,8.428571428571429,0.44687170121026343,C,10.484026374443221,18.361450300639575,52.62688351730037,0,False,0.0,Low,4369,54.772602739726025,79.76615646258503
2023-04-05,Store003,SKU003,8,46,27.47,32.96,3,SUP003,Books,,0,None,8.571428571428571,0.49263346168064476,C,9.626516732683555,18.51640199545103,35.34080244696927,0,False,0.0,Low,3639,54.92602739726028,66.25274341580207
2023-04-06,Store001,SKU001,7,20,305.84,367.01,7,SUP001,Electronics,,0,None,11.0,0.4469480032434872,C,12.78266391216064,20.97617696340303,89.78266391216064,0,True,69.78266391216064,Medium,5326,55.054794520547944,96.73998507091316
2023-04-06,Store001,SKU002,11,89,69.57,144.82,5,SUP002,Clothing,,0,None,9.0,0.4888827050106926,C,11.603530548078444,18.973665961010276,56.603530548078446,0,False,0.0,Low,4420,53.88219178082192,82.03081303706716
2023-04-06,Store001,SKU003,12,27,27.47,32.96,3,SUP003,Books,2023-03-30,89,Delivered,9.428571428571429,0.5124098617067465,C,10.087258421679966,19.42016624910449,38.372972707394254,0,True,11.372972707394254,Low,3666,55.73424657534247,65.77643415425453
2023-04-06,Store002,SKU001,15,86,305.84,367.01,7,SUP001,Electronics,,0,None,10.142857142857142,0.48777608644303344,C,14.036779212620559,20.14235055087379,85.03677921262056,0,False,0.0,Low,5359,54.868493150684934,97.6698956408848
2023-04-06,Store002,SKU002,14,68,69.57,144.82,5,SUP002,Clothing,,0,None,12.285714285714286,0.5114843407900957,C,12.823879339210837,22.168188275738085,74.25245076778226,0,True,6.252450767782264,Low,4669,52.778082191780825,88.46475290697674
2023-04-06,Store002,SKU003,9,43,27.47,32.96,3,SUP003,Books,,0,None,6.857142857142857,0.5196382683114912,C,10.218394694715325,16.5615734242165,30.789823266143895,0,False,0.0,Low,3662,54.57260273972603,67.10326823635724
2023-04-06,Store003,SKU001,7,71,305.84,367.01,7,SUP001,Electronics,2023-03-09,38,Delivered,12.428571428571429,0.47559981845990906,C,13.637857369667923,22.296700588716195,100.63785736966793,0,True,29.637857369667927,Low,5340,54.12876712328767,98.65364174722883
2023-04-06,Store003,SKU002,17,77,69.57,144.82,5,SUP002,Clothing,,0,None,9.285714285714286,0.44687170121026343,C,10.484026374443221,19.27248223318863,56.91259780301465,0,False,0.0,Low,4369,54.772602739726025,79.76615646258503
2023-04-06,Store003,SKU003,8,98,27.47,32.96,3,SUP003,Books,,0,None,8.714285714285714,0.49263346168064476,C,9.626516732683555,18.670067717376618,35.769373875540694,0,False,0.0,Low,3639,54.92602739726028,66.25274341580207
2023-04-07,Store001,SKU001,15,11,305.84,367.01,7,SUP001,Electronics,,0,None,12.142857142857142,0.4469480032434872,C,12.78266391216064,22.03892660077359,97.78266391216064,0,True,86.78266391216064,High,5326,55.054794520547944,96.73998507091316
2023-04-07,Store001,SKU002,11,48,69.57,144.82,5,SUP002,Clothing,,0,None,8.857142857142858,0.4888827050106926,C,11.603530548078444,18.822478962286407,55.88924483379274,0,True,7.889244833792738,Low,4420,53.88219178082192,82.03081303706716
2023-04-07,Store001,SKU003,10,90,27.47,32.96,3,SUP003,Books,,0,None,9.714285714285714,0.5124098617067465,C,10.087258421679966,19.712215212183246,39.2301155645371,0,False,0.0,Low,3666,55.73424657534247,65.77643415425453
2023-04-07,Store002,SKU001,6,86,305.84,367.01,7,SUP001,Electronics,,0,None,10.0,0.48777608644303344,C,14.036779212620559,20.0,84.03677921262056,0,False,0.0,Low,5359,54.868493150684934,97.6698956408848
2023-04-07,Store002,SKU002,11,28,69.57,144.82,5,SUP002,Clothing,,0,None,13.285714285714286,0.5114843407900957,C,12.823879339210837,23.052734575936352,79.25245076778226,0,True,51.252450767782264,Medium,4669,52.778082191780825,88.46475290697674
2023-04-07,Store002,SKU003,8,95,27.47,32.96,3,SUP003,Books,,0,None,7.0,0.5196382683114912,C,10.218394694715325,16.73320053068151,31.218394694715325,0,False,0.0,Low,3662,54.57260273972603,67.10326823635724
2023-04-07,Store003,SKU001,15,36,305.84,367.01,7,SUP001,Electronics,,0,None,13.714285714285714,0.47559981845990906,C,13.637857369667923,23.421601750764797,109.63785736966793,0,True,73.63785736966793,Medium,5340,54.12876712328767,98.65364174722883
2023-04-07,Store003,SKU002,16,28,69.57,144.82,5,SUP002,Clothing,2023-03-24,54,Delivered,10.571428571428571,0.44687170121026343,C,10.484026374443221,20.56349053193895,63.34116923158608,0,True,35.34116923158608,Medium,4369,54.772602739726025,79.76615646258503
2023-04-07,Store003,SKU003,6,84,27.47,32.96,3,SUP003,Books,,0,None,8.428571428571429,0.49263346168064476,C,9.626516732683555,18.361450300639575,34.91223101839784,0,False,0.0,Low,3639,54.92602739726028,66.25274341580207
2023-04-08,Store001,SKU001,17,46,305.84,367.01,7,SUP001,Electronics,,0,None,12.428571428571429,0.4469480032434872,C,12.78266391216064,22.296700588716195,99.78266391216064,0,True,53.78266391216064,Medium,5326,55.054794520547944,96.73998507091316
2023-04-08,Store001,SKU002,13,46,69.57,144.82,5,SUP002,Clothing,2023-03-11,69,Delivered,9.428571428571429,0.4888827050106926,C,11.603530548078444,19.42016624910449,58.74638769093559,0,True,12.746387690935592,Low,4420,53.88219178082192,82.03081303706716
2023-04-08,Store001,SKU003,12,71,27.47,32.96,3,SUP003,Books,,0,None,9.285714285714286,0.5124098617067465,C,10.087258421679966,19.27248223318863,37.94440127882282,0,False,0.0,Low,3666,55.73424657534247,65.77643415425453
2023-04-08,Store002,SKU001,23,69,305.84,367.01,7,SUP001,Electronics,,0,None,11.714285714285714,0.48777608644303344,C,14.036779212620559,21.64651077128664,96.03677921262056,0,True,27.03677921262056,Low,5359,54.868493150684934,97.6698956408848
2023-04-08,Store002,SKU002,24,77,69.57,144.82,5,SUP002,Clothing,,0,None,15.0,0.5114843407900957,C,12.823879339210837,24.49489742783178,87.82387933921083,0,True,10.823879339210833,Low,4669,52.778082191780825,88.46475290697674
2023-04-08,Store002,SKU003,8,31,27.47,32.96,3,SUP003,Books,,0,None,7.428571428571429,0.5196382683114912,C,10.218394694715325,17.237832147426694,32.504108980429606,0,True,1.5041089804296064,Low,3662,54.57260273972603,67.10326823635724
2023-04-08,Store003,SKU001,9,71,305.84,367.01,7,SUP001,Electronics,,0,None,12.571428571428571,0.47559981845990906,C,13.637857369667923,22.424476423255523,101.63785736966793,0,True,30.637857369667927,Low,5340,54.12876712328767,98.65364174722883
2023-04-08,Store003,SKU002,10,60,69.57,144.82,5,SUP002,Clothing,,0,None,10.0,0.44687170121026343,C,10.484026374443221,20.0,60.48402637444322,0,True,0.48402637444321783,Low,4369,54.772602739726025,79.76615646258503
2023-04-08,Store003,SKU003,7,48,27.47,32.96,3,SUP003,Books,,0,None,7.714285714285714,0.49263346168064476,C,9.626516732683555,17.566201313073595,32.769373875540694,0,False,0.0,Low,3639,54.92602739726028,66.25274341580207
2023-04-09,Store001,SKU001,18,64,305.84,367.01,7,SUP001,Electronics,2023-03-16,72,Delivered,13.285714285714286,0.4469480032434872,C,12.78266391216064,23.052734575936352,105.78266391216064,0,True,41.78266391216064,Medium,5326,55.054794520547944,96.73998507091316
2023-04-09,Store001,SKU002,12,16,69.57,144.82,5,SUP002,Clothing,,0,None,8.714285714285714,0.4888827050106926,C,11.603530548078444,18.670067717376618,55.174959119507015,0,True,39.174959119507015,Medium,4420,53.88219178082192,82.03081303706716
2023-04-09,Store001,SKU003,5,56,27.47,32.96,3,SUP003,Books,,0,None,8.0,0.5124098617067465,C,10.087258421679966,17.88854381999832,34.08725842167996,0,False,0.0,Low,3666,55.73424657534247,65.77643415425453
2023-04-09,Store002,SKU001,10,17,305.84,367.01,7,SUP001,Electronics,,0,None,11.428571428571429,0.48777608644303344,C,14.036779212620559,21.38089935299395,94.03677921262056,0,True,77.03677921262056,Medium,5359,54.868493150684934,97.6698956408848
2023-04-09,Store002,SKU002,2,94,69.57,144.82,5,SUP002,Clothing,,0,None,13.0,0.5114843407900957,C,12.823879339210837,22.80350850198276,77.82387933921083,0,False,0.0,Low,4669,52.778082191780825,88.46475290697674
2023-04-09,Store002,SKU003,16,89,27.47,32.96,3,SUP003,Books,,0,None,8.428571428571429,0.5196382683114912,C,10.218394694715325,18.361450300639575,35.504108980429606,0,False,0.0,Low,3662,54.57260273972603,67.10326823635724
2023-04-09,Store003,SKU001,14,23,305.84,367.01,7,SUP001,Electronics,,0,None,12.428571428571429,0.47559981845990906,C,13.637857369667923,22.296700588716195,100.63785736966793,0,True,77.63785736966793,Medium,5340,54.12876712328767,98.65364174722883
2023-04-09,Store003,SKU002,4,98,69.57,144.82,5,SUP002,Clothing,,0,None,10.0,0.44687170121026343,C,10.484026374443221,20.0,60.48402637444322,0,False,0.0,Low,4369,54.772602739726025,79.76615646258503
2023-04-09,Store003,SKU003,15,85,27.47,32.96,3,SUP003,Books,,0,None,8.714285714285714,0.49263346168064476,C,9.626516732683555,18.670067717376618,35.769373875540694,0,False,0.0,Low,3639,54.92602739726028,66.25274341580207
2023-04-10,Store001,SKU001,11,63,305.84,367.01,7,SUP001,Electronics,,0,None,14.142857142857142,0.4469480032434872,C,12.78266391216064,23.784749015162756,111.78266391216064,0,True,48.78266391216064,Medium,5326,55.054794520547944,96.73998507091316
2023-04-10,Store001,SKU002,12,21,69.57,144.82,5,SUP002,Clothing,,0,None,8.857142857142858,0.4888827050106926,C,11.603530548078444,18.822478962286407,55.88924483379274,0,True,34.88924483379274,Medium,4420,53.88219178082192,82.03081303706716
2023-04-10,Store001,SKU003,8,22,27.47,32.96,3,SUP003,Books,,0,None,8.285714285714286,0.5124098617067465,C,10.087258421679966,18.20517979665599,34.94440127882282,0,True,12.944401278822824,Low,3666,55.73424657534247,65.77643415425453
2023-04-10,Store002,SKU001,11,14,305.84,367.01,7,SUP001,Electronics,,0,None,12.142857142857142,0.48777608644303344,C,14.036779212620559,22.03892660077359,99.03677921262056,0,True,85.03677921262056,High,5359,54.868493150684934,97.6698956408848
2023-04-10,Store002,SKU002,6,15,69.57,144.82,5,SUP002,Clothing,,0,None,11.428571428571429,0.5114843407900957,C,12.823879339210837,21.38089935299395,69.96673648206799,0,True,54.96673648206799,Medium,4669,52.778082191780825,88.46475290697674
2023-04-10,Store002,SKU003,11,50,27.47,32.96,3,SUP003,Books,,0,None,8.857142857142858,0.5196382683114912,C,10.218394694715325,18.822478962286407,36.7898232661439,0,False,0.0,Low,3662,54.57260273972603,67.10326823635724
2023-04-10,Store003,SKU001,16,43,305.84,367.01,7,SUP001,Electronics,,0,None,13.0,0.47559981845990906,C,13.637857369667923,22.80350850198276,104.63785736966793,0,True,61.63785736966793,Medium,5340,54.12876712328767,98.65364174722883
2023-04-10,Store003,SKU002,14,26,69.57,144.82,5,SUP002,Clothing,2023-03-23,50,Delivered,10.571428571428571,0.44687170121026343,C,10.484026374443221,20.56349053193895,63.34116923158608,0,True,37.34116923158608,Medium,4369,54.772602739726025,79.76615646258503
2023-04-10,Store003,SKU003,12,41,27.47,32.96,3,SUP003,Books,,0,None,9.285714285714286,0.49263346168064476,C,9.626516732683555,19.27248223318863,37.483659589826416,0,False,0.0,Low,3639,54.92602739726028,66.25274341580207
2023-04-11,Store001,SKU001,8,50,305.84,367.01,7,SUP001,Electronics,,0,None,13.0,0.4469480032434872,C,12.78266391216064,22.80350850198276,103.78266391216064,0,True,53.78266391216064,Medium,5326,55.054794520547944,96.73998507091316
2023-04-11,Store001,SKU002,5,31,69.57,144.82,5,SUP002,Clothing,,0,None,9.285714285714286,0.4888827050106926,C,11.603530548078444,19.27248223318863,58.03210197664988,0,True,27.032101976649876,Low,4420,53.88219178082192,82.03081303706716
2023-04-11,Store001,SKU003,6,88,27.47,32.96,3,SUP003,Books,,0,None,8.0,0.5124098617067465,C,10.087258421679966,17.88854381999832,34.08725842167996,0,False,0.0,Low,3666,55.73424657534247,65.77643415425453
2023-04-11,Store002,SKU001,11,51,305.84,367.01,7,SUP001,Electronics,2023-03-17,63,Delivered,12.857142857142858,0.48777608644303344,C,14.036779212620559,22.677868380553633,104.03677921262056,0,True,53.03677921262056,Medium,5359,54.868493150684934,97.6698956408848
2023-04-11,Store002,SKU002,13,13,69.57,144.82,5,SUP002,Clothing,,0,None,11.714285714285714,0.5114843407900957,C,12.823879339210837,21.64651077128664,71.3953079106394,0,True,58.3953079106394,Medium,4669,52.778082191780825,88.46475290697674
2023-04-11,Store002,SKU003,11,38,27.47,32.96,3,SUP003,Books,,0,None,9.714285714285714,0.5196382683114912,C,10.218394694715325,19.712215212183246,39.36125183757247,0,True,1.3612518375724676,Low,3662,54.57260273972603,67.10326823635724
2023-04-11,Store003,SKU001,14,79,305.84,367.01,7,SUP001,Electronics,,0,None,12.428571428571429,0.47559981845990906,C,13.637857369667923,22.296700588716195,100.63785736966793,0,True,21.637857369667927,Low,5340,54.12876712328767,98.65364174722883
2023-04-11,Store003,SKU002,1,14,69.57,144.82,5,SUP002,Clothing,,0,None,9.285714285714286,0.44687170121026343,C,10.484026374443221,19.27248223318863,56.91259780301465,0,True,42.91259780301465,Medium,4369,54.772602739726025,79.76615646258503
2023-04-11,Store003,SKU003,12,52,27.47,32.96,3,SUP003,Books,,0,None,9.714285714285714,0.49263346168064476,C,9.626516732683555,19.712215212183246,38.769373875540694,0,False,0.0,Low,3639,54.92602739726028,66.25274341580207
2023-04-12,Store001,SKU001,10,12,305.84,367.01,7,SUP001,Electronics,,0,None,12.285714285714286,0.4469480032434872,C,12.78266391216064,22.168188275738085,98.78266391216064,0,True,86.78266391216064,High,5326,55.054794520547944,96.73998507091316
2023-04-12,Store001,SKU002,10,66,69.57,144.82,5,SUP002,Clothing,,0,None,10.571428571428571,0.4888827050106926,C,11.603530548078444,20.56349053193895,64.4606734052213,0,False,0.0,Low,4420,53.88219178082192,82.03081303706716
2023-04-12,Store001,SKU003,11,70,27.47,32.96,3,SUP003,Books,,0,None,9.142857142857142,0.5124098617067465,C,10.087258421679966,19.123657749350297,37.51582985025139,0,False,0.0,Low,3666,55.73424657534247,65.77643415425453
2023-04-12,Store002,SKU001,7,49,305.84,367.01,7,SUP001,Electronics,,0,None,11.857142857142858,0.48777608644303344,C,14.036779212620559,21.778101714468008,97.03677921262056,0,True,48.03677921262056,Medium,5359,54.868493150684934,97.6698956408848
2023-04-12,Store002,SKU002,10,95,69.57,144.82,5,SUP002,Clothing,,0,None,11.428571428571429,0.5114843407900957,C,12.823879339210837,21.38089935299395,69.96673648206799,0,False,0.0,Low,4669,52.778082191780825,88.46475290697674
2023-04-12,Store002,SKU003,5,20,27.47,32.96,3,SUP003,Books,,0,None,9.714285714285714,0.5196382683114912,C,10.218394694715325,19.712215212183246,39.36125183757247,0,True,19.361251837572468,Low,3662,54.57260273972603,67.10326823635724
2023-04-12,Store003,SKU001,25,56,305.84,367.01,7,SUP001,Electronics,,0,None,14.285714285714286,0.47559981845990906,C,13.637857369667923,23.904572186687872,113.63785736966793,0,True,57.63785736966793,Medium,5340,54.12876712328767,98.65364174722883
2023-04-12,Store003,SKU002,10,88,69.57,144.82,5,SUP002,Clothing,,0,None,10.285714285714286,0.44687170121026343,C,10.484026374443221,20.2837021134844,61.91259780301465,0,False,0.0,Low,4369,54.772602739726025,79.76615646258503
2023-04-12,Store003,SKU003,15,12,27.47,32.96,3,SUP003,Books,,0,None,10.714285714285714,0.49263346168064476,C,9.626516732683555,20.701966780270627,41.769373875540694,0,True,29.769373875540694,Low,3639,54.92602739726028,66.25274341580207
2023-04-13,Store001,SKU001,16,78,305.84,367.01,7,SUP001,Electronics,,0,None,13.571428571428571,0.4469480032434872,C,12.78266391216064,23.299294900428702,107.78266391216064,0,True,29.782663912160643,Low,5326,55.054794520547944,96.73998507091316
2023-04-13,Store001,SKU002,5,61,69.57,144.82,5,SUP002,Clothing,,0,None,9.714285714285714,0.4888827050106926,C,11.603530548078444,19.712215212183246,60.174959119507015,0,False,0.0,Low,4420,53.88219178082192,82.03081303706716
2023-04-13,Store001,SKU003,13,95,27.47,32.96,3,SUP003,Books,,0,None,9.285714285714286,0.5124098617067465,C,10.087258421679966,19.27248223318863,37.94440127882282,0,False,0.0,Low,3666,55.73424657534247,65.77643415425453
2023-04-13,Store002,SKU001,17,36,305.84,367.01,7,SUP001,Electronics,,0,None,12.142857142857142,0.48777608644303344,C,14.036779212620559,22.03892660077359,99.03677921262056,0,True,63.03677921262056,Medium,5359,54.868493150684934,97.6698956408848
2023-04-13,Store002,SKU002,19,31,69.57,144.82,5,SUP002,Clothing,,0,None,12.142857142857142,0.5114843407900957,C,12.823879339210837,22.03892660077359,73.53816505349654,0,True,42.53816505349654,Medium,4669,52.778082191780825,88.46475290697674
2023-04-13,Store002,SKU003,19,85,27.47,32.96,3,SUP003,Books,,0,None,11.142857142857142,0.5196382683114912,C,10.218394694715325,21.111946516469903,43.64696612328676,0,False,0.0,Low,3662,54.57260273972603,67.10326823635724
2023-04-13,Store003,SKU001,8,35,305.84,367.01,7,SUP001,Electronics,,0,None,14.428571428571429,0.47559981845990906,C,13.637857369667923,24.023797725231894,114.63785736966793,0,True,79.63785736966793,Medium,5340,54.12876712328767,98.65364174722883
2023-04-13,Store003,SKU002,12,45,69.57,144.82,5,SUP002,Clothing,,0,None,9.571428571428571,0.44687170121026343,C,10.484026374443221,19.566735620873065,58.34116923158608,0,True,13.341169231586079,Low,4369,54.772602739726025,79.76615646258503
2023-04-13,Store003,SKU003,2,16,27.47,32.96,3,SUP003,Books,,0,None,9.857142857142858,0.49263346168064476,C,9.626516732683555,19.85662897587892,39.197945304112125,0,True,23.197945304112125,Low,3639,54.92602739726028,66.25274341580207
2023-04-14,Store001,SKU001,10,20,305.84,367.01,7,SUP001,Electronics,,0,None,12.857142857142858,0.4469480032434872,C,12.78266391216064,22.677868380553633,102.78266391216064,0,True,82.78266391216064,Medium,5326,55.054794520547944,96.73998507091316
2023-04-14,Store001,SKU002,4,99,69.57,144.82,5,SUP002,Clothing,,0,None,8.714285714285714,0.4888827050106926,C,11.603530548078444,18.670067717376618,55.174959119507015,0,False,0.0,Low,4420,53.88219178082192,82.03081303706716
2023-04-14,Store001,SKU003,9,14,27.47,32.96,3,SUP003,Books,2023-04-01,60,Delivered,9.142857142857142,0.5124098617067465,C,10.087258421679966,19.123657749350297,37.51582985025139,0,True,23.515829850251393,Low,3666,55.73424657534247,65.77643415425453
2023-04-14,Store002,SKU001,10,62,305.84,367.01,7,SUP001,Electronics,,0,None,12.714285714285714,0.48777608644303344,C,14.036779212620559,22.551528297909847,103.03677921262056,0,True,41.03677921262056,Medium,5359,54.868493150684934,97.6698956408848
2023-04-14,Store002,SKU002,7,72,69.57,144.82,5,SUP002,Clothing,,0,None,11.571428571428571,0.5114843407900957,C,12.823879339210837,21.514114968019086,70.6810221963537,0,False,0.0,Low,4669,52.778082191780825,88.46475290697674
2023-04-14,Store002,SKU003,6,86,27.47,32.96,3,SUP003,Books,,0,None,10.857142857142858,0.5196382683114912,C,10.218394694715325,20.83952289006911,42.7898232661439,0,False,0.0,Low,3662,54.57260273972603,67.10326823635724
2023-04-14,Store003,SKU001,19,54,305.84,367.01,7,SUP001,Electronics,,0,None,15.0,0.47559981845990906,C,13.637857369667923,24.49489742783178,118.63785736966793,0,True,64.63785736966793,Medium,5340,54.12876712328767,98.65364174722883
2023-04-14,Store003,SKU002,21,92,69.57,144.82,5,SUP002,Clothing,,0,None,10.285714285714286,0.44687170121026343,C,10.484026374443221,20.2837021134844,61.91259780301465,0,False,0.0,Low,4369,54.772602739726025,79.76615646258503
2023-04-14,Store003,SKU003,3,63,27.47,32.96,3,SUP003,Books,,0,None,9.428571428571429,0.49263346168064476,C,9.626516732683555,19.42016624910449,37.91223101839784,0,False,0.0,Low,3639,54.92602739726028,66.25274341580207
2023-04-15,Store001,SKU001,11,23,305.84,367.01,7,SUP001,Electronics,,0,None,12.0,0.4469480032434872,C,12.78266391216064,21.908902300206645,96.78266391216064,0,True,73.78266391216064,Medium,5326,55.054794520547944,96.73998507091316
2023-04-15,Store001,SKU002,9,31,69.57,144.82,5,SUP002,Clothing,,0,None,8.142857142857142,0.4888827050106926,C,11.603530548078444,18.04755622554715,52.317816262364154,0,True,21.317816262364154,Low,4420,53.88219178082192,82.03081303706716
2023-04-15,Store001,SKU003,15,14,27.47,32.96,3,SUP003,Books,,0,None,9.571428571428571,0.5124098617067465,C,10.087258421679966,19.566735620873065,38.801544135965685,0,True,24.801544135965685,Low,3666,55.73424657534247,65.77643415425453
2023-04-15,Store002,SKU001,11,11,305.84,367.01,7,SUP001,Electronics,,0,None,11.0,0.48777608644303344,C,14.036779212620559,20.97617696340303,91.03677921262056,0,True,80.03677921262056,High,5359,54.868493150684934,97.6698956408848
2023-04-15,Store002,SKU002,15,37,69.57,144.82,5,SUP002,Clothing,,0,None,10.285714285714286,0.5114843407900957,C,12.823879339210837,20.2837021134844,64.25245076778226,0,True,27.252450767782264,Low,4669,52.778082191780825,88.46475290697674
2023-04-15,Store002,SKU003,6,12,27.47,32.96,3,SUP003,Books,,0,None,10.571428571428571,0.5196382683114912,C,10.218394694715325,20.56349053193895,41.93268040900104,0,True,29.932680409001037,Low,3662,54.57260273972603,67.10326823635724
2023-04-15,Store003,SKU001,12,50,305.84,367.01,7,SUP001,Electronics,,0,None,15.428571428571429,0.47559981845990906,C,13.637857369667923,24.84236013632475,121.63785736966793,0,True,71.63785736966793,Medium,5340,54.12876712328767,98.65364174722883
2023-04-15,Store003,SKU002,6,49,69.57,144.82,5,SUP002,Clothing,,0,None,9.714285714285714,0.44687170121026343,C,10.484026374443221,19.712215212183246,59.05545494587179,0,True,10.055454945871787,Low,4369,54.772602739726025,79.76615646258503
2023-04-15,Store003,SKU003,1,91,27.47,32.96,3,SUP003,Books,,0,None,8.571428571428571,0.49263346168064476,C,9.626516732683555,18.51640199545103,35.34080244696927,0,False,0.0,Low,3639,54.92602739726028,66.25274341580207
2023-04-16,Store001,SKU001,6,91,305.84,367.01,7,SUP001,Electronics,,0,None,10.285714285714286,0.4469480032434872,C,12.78266391216064,20.2837021134844,84.78266391216064,0,False,0.0,Low,5326,55.054794520547944,96.73998507091316
2023-04-16,Store001,SKU002,7,62,69.57,144.82,5,SUP002,Clothing,,0,None,7.428571428571429,0.4888827050106926,C,11.603530548078444,17.237832147426694,48.74638769093559,0,False,0.0,Low,4420,53.88219178082192,82.03081303706716
2023-04-16,Store001,SKU003,11,45,27.47,32.96,3,SUP003,Books,,0,None,10.428571428571429,0.5124098617067465,C,10.087258421679966,20.42407542932745,41.372972707394254,0,False,0.0,Low,3666,55.73424657534247,65.77643415425453
2023-04-16,Store002,SKU001,11,84,305.84,367.01,7,SUP001,Electronics,,0,None,11.142857142857142,0.48777608644303344,C,14.036779212620559,21.111946516469903,92.03677921262056,0,True,8.036779212620559,Low,5359,54.868493150684934,97.6698956408848
2023-04-16,Store002,SKU002,7,86,69.57,144.82,5,SUP002,Clothing,,0,None,11.0,0.5114843407900957,C,12.823879339210837,20.97617696340303,67.82387933921083,0,False,0.0,Low,4669,52.778082191780825,88.46475290697674
2023-04-16,Store002,SKU003,11,10,27.47,32.96,3,SUP003,Books,,0,None,9.857142857142858,0.5196382683114912,C,10.218394694715325,19.85662897587892,39.7898232661439,0,True,29.789823266143898,Medium,3662,54.57260273972603,67.10326823635724
2023-04-16,Store003,SKU001,25,17,305.84,367.01,7,SUP001,Electronics,,0,None,17.0,0.47559981845990906,C,13.637857369667923,26.076809620810597,132.63785736966793,0,True,115.63785736966793,Medium,5340,54.12876712328767,98.65364174722883
2023-04-16,Store003,SKU002,21,55,69.57,144.82,5,SUP002,Clothing,,0,None,12.142857142857142,0.44687170121026343,C,10.484026374443221,22.03892660077359,71.19831208872893,0,True,16.198312088728926,Low,4369,54.772602739726025,79.76615646258503
2023-04-16,Store003,SKU003,10,10,27.47,32.96,3,SUP003,Books,,0,None,7.857142857142857,0.49263346168064476,C,9.626516732683555,17.728105208558365,33.197945304112125,0,True,23.197945304112125,Low,3639,54.92602739726028,66.25274341580207
2023-04-17,Store001,SKU001,16,94,305.84,367.01,7,SUP001,Electronics,,0,None,11.0,0.4469480032434872,C,12.78266391216064,20.97617696340303,89.78266391216064,0,False,0.0,Low,5326,55.054794520547944,96.73998507091316
2023-04-17,Store001,SKU002,13,61,69.57,144.82,5,SUP002,Clothing,,0,None,7.571428571428571,0.4888827050106926,C,11.603530548078444,17.40279123753264,49.4606734052213,0,False,0.0,Low,4420,53.88219178082192,82.03081303706716
2023-04-17,Store001,SKU003,3,65,27.47,32.96,3,SUP003,Books,,0,None,9.714285714285714,0.5124098617067465,C,10.087258421679966,19.712215212183246,39.2301155645371,0,False,0.0,Low,3666,55.73424657534247,65.77643415425453
2023-04-17,Store002,SKU001,15,57,305.84,367.01,7,SUP001,Electronics,,0,None,11.714285714285714,0.48777608644303344,C,14.036779212620559,21.64651077128664,96.03677921262056,0,True,39.03677921262056,Medium,5359,54.868493150684934,97.6698956408848
2023-04-17,Store002,SKU002,8,24,69.57,144.82,5,SUP002,Clothing,,0,None,11.285714285714286,0.5114843407900957,C,12.823879339210837,21.246848505803666,69.25245076778226,0,True,45.252450767782264,Medium,4669,52.778082191780825,88.46475290697674
2023-04-17,Store002,SKU003,12,24,27.47,32.96,3,SUP003,Books,,0,None,10.0,0.5196382683114912,C,10.218394694715325,20.0,40.21839469471533,0,True,16.21839469471533,Low,3662,54.57260273972603,67.10326823635724
2023-04-17,Store003,SKU001,7,42,305.84,367.01,7,SUP001,Electronics,,0,None,15.714285714285714,0.47559981845990906,C,13.637857369667923,25.071326821120348,123.63785736966793,0,True,81.63785736966793,Medium,5340,54.12876712328767,98.65364174722883
2023-04-17,Store003,SKU002,12,69,69.57,144.82,5,SUP002,Clothing,,0,None,11.857142857142858,0.44687170121026343,C,10.484026374443221,21.778101714468008,69.76974066015751,0,True,0.7697406601575096,Low,4369,54.772602739726025,79.76615646258503
2023-04-17,Store003,SKU003,3,11,27.47,32.96,3,SUP003,Books,2023-04-07,26,Delivered,6.571428571428571,0.49263346168064476,C,9.626516732683555,16.21286966755555,29.34080244696927,0,True,18.34080244696927,Low,3639,54.92602739726028,66.25274341580207
2023-04-18,Store001,SKU001,20,46,305.84,367.01,7,SUP001,Electronics,,0,None,12.714285714285714,0.4469480032434872,C,12.78266391216064,22.551528297909847,101.78266391216064,0,True,55.78266391216064,Medium,5326,55.054794520547944,96.73998507091316
2023-04-18,Store001,SKU002,16,59,69.57,144.82,5,SUP002,Clothing,,0,None,9.142857142857142,0.4888827050106926,C,11.603530548078444,19.123657749350297,57.317816262364154,0,False,0.0,Low,4420,53.88219178082192,82.03081303706716
2023-04-18,Store001,SKU003,3,63,27.47,32.96,3,SUP003,Books,,0,None,9.285714285714286,0.5124098617067465,C,10.087258421679966,19.27248223318863,37.94440127882282,0,False,0.0,Low,3666,55.73424657534247,65.77643415425453
2023-04-18,Store002,SKU001,9,64,305.84,367.01,7,SUP001,Electronics,2023-04-17,69,Pending,11.428571428571429,0.48777608644303344,C,14.036779212620559,21.38089935299395,25.03677921262056,69,False,0.0,Low,5359,54.868493150684934,97.6698956408848
2023-04-18,Store002,SKU002,17,82,69.57,144.82,5,SUP002,Clothing,,0,None,11.857142857142858,0.5114843407900957,C,12.823879339210837,21.778101714468008,72.10959362492513,0,False,0.0,Low,4669,52.778082191780825,88.46475290697674
2023-04-18,Store002,SKU003,5,47,27.47,32.96,3,SUP003,Books,,0,None,9.142857142857142,0.5196382683114912,C,10.218394694715325,19.123657749350297,37.64696612328675,0,False,0.0,Low,3662,54.57260273972603,67.10326823635724
2023-04-18,Store003,SKU001,1,76,305.84,367.01,7,SUP001,Electronics,,0,None,13.857142857142858,0.47559981845990906,C,13.637857369667923,23.543273227945903,110.63785736966793,0,True,34.63785736966793,Low,5340,54.12876712328767,98.65364174722883
2023-04-18,Store003,SKU002,4,26,69.57,144.82,5,SUP002,Clothing,,0,None,12.285714285714286,0.44687170121026343,C,10.484026374443221,22.168188275738085,71.91259780301465,0,True,45.91259780301465,Medium,4369,54.772602739726025,79.76615646258503
2023-04-18,Store003,SKU003,7,84,27.47,32.96,3,SUP003,Books,,0,None,5.857142857142857,0.49263346168064476,C,9.626516732683555,15.306394555404427,27.197945304112125,0,False,0.0,Low,3639,54.92602739726028,66.25274341580207
2023-04-19,Store001,SKU001,11,68,305.84,367.01,7,SUP001,Electronics,,0,None,12.857142857142858,0.4469480032434872,C,12.78266391216064,22.677868380553633,102.78266391216064,0,True,34.78266391216064,Low,5326,55.054794520547944,96.73998507091316
2023-04-19,Store001,SKU002,16,15,69.57,144.82,5,SUP002,Clothing,,0,None,10.0,0.4888827050106926,C,11.603530548078444,20.0,61.603530548078446,0,True,46.603530548078446,Medium,4420,53.88219178082192,82.03081303706716
2023-04-19,Store001,SKU003,8,30,27.47,32.96,3,SUP003,Books,2023-04-13,99,Delivered,8.857142857142858,0.5124098617067465,C,10.087258421679966,18.822478962286407,36.65868699310854,0,True,6.658686993108539,Low,3666,55.73424657534247,65.77643415425453
2023-04-19,Store002,SKU001,17,52,305.84,367.01,7,SUP001,Electronics,,0,None,12.857142857142858,0.48777608644303344,C,14.036779212620559,22.677868380553633,104.03677921262056,0,True,52.03677921262056,Medium,5359,54.868493150684934,97.6698956408848
2023-04-19,Store002,SKU002,5,24,69.57,144.82,5,SUP002,Clothing,,0,None,11.142857142857142,0.5114843407900957,C,12.823879339210837,21.111946516469903,68.53816505349654,0,True,44.53816505349654,Medium,4669,52.778082191780825,88.46475290697674
2023-04-19,Store002,SKU003,2,68,27.47,32.96,3,SUP003,Books,,0,None,8.714285714285714,0.5196382683114912,C,10.218394694715325,18.670067717376618,36.36125183757247,0,False,0.0,Low,3662,54.57260273972603,67.10326823635724
2023-04-19,Store003,SKU001,1,48,305.84,367.01,7,SUP001,Electronics,,0,None,10.428571428571429,0.47559981845990906,C,13.637857369667923,20.42407542932745,86.63785736966793,0,True,38.63785736966793,Medium,5340,54.12876712328767,98.65364174722883
2023-04-19,Store003,SKU002,11,22,69.57,144.82,5,SUP002,Clothing,,0,None,12.428571428571429,0.44687170121026343,C,10.484026374443221,22.296700588716195,72.62688351730037,0,True,50.62688351730037,Medium,4369,54.772602739726025,79.76615646258503
2023-04-19,Store003,SKU003,10,33,27.47,32.96,3,SUP003,Books,,0,None,5.142857142857143,0.49263346168064476,C,9.626516732683555,14.342743312012724,25.055088161254986,0,False,0.0,Low,3639,54.92602739726028,66.25274341580207
2023-04-20,Store001,SKU001,18,62,305.84,367.01,7,SUP001,Electronics,,0,None,13.142857142857142,0.4469480032434872,C,12.78266391216064,22.92846016884443,104.78266391216064,0,True,42.78266391216064,Medium,5326,55.054794520547944,96.73998507091316
2023-04-20,Store001,SKU002,12,53,69.57,144.82,5,SUP002,Clothing,,0,None,11.0,0.4888827050106926,C,11.603530548078444,20.97617696340303,66.60353054807844,0,True,13.603530548078439,Low,4420,53.88219178082192,82.03081303706716
2023-04-20,Store001,SKU003,7,34,27.47,32.96,3,SUP003,Books,,0,None,8.0,0.5124098617067465,C,10.087258421679966,17.88854381999832,34.08725842167996,0,True,0.08725842167996234,Low,3666,55.73424657534247,65.77643415425453
2023-04-20,Store002,SKU001,6,70,305.84,367.01,7,SUP001,Electronics,,0,None,11.285714285714286,0.48777608644303344,C,14.036779212620559,21.246848505803666,93.03677921262056,0,True,23.03677921262056,Low,5359,54.868493150684934,97.6698956408848
2023-04-20,Store002,SKU002,11,54,69.57,144.82,5,SUP002,Clothing,,0,None,10.0,0.5114843407900957,C,12.823879339210837,20.0,62.82387933921083,0,True,8.823879339210833,Low,4669,52.778082191780825,88.46475290697674
2023-04-20,Store002,SKU003,6,73,27.47,32.96,3,SUP003,Books,,0,None,6.857142857142857,0.5196382683114912,C,10.218394694715325,16.5615734242165,30.789823266143895,0,False,0.0,Low,3662,54.57260273972603,67.10326823635724
2023-04-20,Store003,SKU001,8,82,305.84,367.01,7,SUP001,Electronics,2023-04-15,24,Pending,10.428571428571429,0.47559981845990906,C,13.637857369667923,20.42407542932745,62.63785736966793,24,False,0.0,Low,5340,54.12876712328767,98.65364174722883
2023-04-20,Store003,SKU002,4,77,69.57,144.82,5,SUP002,Clothing,,0,None,11.285714285714286,0.44687170121026343,C,10.484026374443221,21.246848505803666,66.91259780301465,0,False,0.0,Low,4369,54.772602739726025,79.76615646258503
2023-04-20,Store003,SKU003,18,47,27.47,32.96,3,SUP003,Books,,0,None,7.428571428571429,0.49263346168064476,C,9.626516732683555,17.237832147426694,31.91223101839784,0,False,0.0,Low,3639,54.92602739726028,66.25274341580207
2023-04-21,Store001,SKU001,5,74,305.84,367.01,7,SUP001,Electronics,,0,None,12.428571428571429,0.4469480032434872,C,12.78266391216064,22.296700588716195,99.78266391216064,0,True,25.782663912160643,Low,5326,55.054794520547944,96.73998507091316
2023-04-21,Store001,SKU002,10,32,69.57,144.82,5,SUP002,Clothing,,0,None,11.857142857142858,0.4888827050106926,C,11.603530548078444,21.778101714468008,70.88924483379273,0,True,38.88924483379273,Medium,4420,53.88219178082192,82.03081303706716
2023-04-21,Store001,SKU003,11,69,27.47,32.96,3,SUP003,Books,,0,None,8.285714285714286,0.5124098617067465,C,10.087258421679966,18.20517979665599,34.94440127882282,0,False,0.0,Low,3666,55.73424657534247,65.77643415425453
2023-04-21,Store002,SKU001,20,97,305.84,367.01,7,SUP001,Electronics,,0,None,12.714285714285714,0.48777608644303344,C,14.036779212620559,22.551528297909847,103.03677921262056,0,True,6.036779212620559,Low,5359,54.868493150684934,97.6698956408848
2023-04-21,Store002,SKU002,17,60,69.57,144.82,5,SUP002,Clothing,,0,None,11.428571428571429,0.5114843407900957,C,12.823879339210837,21.38089935299395,69.96673648206799,0,True,9.966736482067986,Low,4669,52.778082191780825,88.46475290697674
2023-04-21,Store002,SKU003,9,24,27.47,32.96,3,SUP003,Books,,0,None,7.285714285714286,0.5196382683114912,C,10.218394694715325,17.07127913861675,32.07553755185818,0,True,8.075537551858183,Low,3662,54.57260273972603,67.10326823635724
2023-04-21,Store003,SKU001,14,99,305.84,367.01,7,SUP001,Electronics,2023-03-27,89,Delivered,9.714285714285714,0.47559981845990906,C,13.637857369667923,19.712215212183246,81.63785736966793,0,False,0.0,Low,5340,54.12876712328767,98.65364174722883
2023-04-21,Store003,SKU002,22,28,69.57,144.82,5,SUP002,Clothing,2023-03-28,55,Delivered,11.428571428571429,0.44687170121026343,C,10.484026374443221,21.38089935299395,67.62688351730037,0,True,39.62688351730037,Medium,4369,54.772602739726025,79.76615646258503
2023-04-21,Store003,SKU003,9,16,27.47,32.96,3,SUP003,Books,,0,None,8.285714285714286,0.49263346168064476,C,9.626516732683555,18.20517979665599,34.483659589826416,0,True,18.483659589826416,Low,3639,54.92602739726028,66.25274341580207
2023-04-22,Store001,SKU001,15,60,305.84,367.01,7,SUP001,Electronics,,0,None,13.0,0.4469480032434872,C,12.78266391216064,22.80350850198276,103.78266391216064,0,True,43.78266391216064,Medium,5326,55.054794520547944,96.73998507091316
2023-04-22,Store001,SKU002,19,99,69.57,144.82,5,SUP002,Clothing,,0,None,13.285714285714286,0.4888827050106926,C,11.603530548078444,23.052734575936352,78.03210197664987,0,False,0.0,Low,4420,53.88219178082192,82.03081303706716
2023-04-22,Store001,SKU003,6,59,27.47,32.96,3,SUP003,Books,,0,None,7.0,0.5124098617067465,C,10.087258421679966,16.73320053068151,31.087258421679966,0,False,0.0,Low,3666,55.73424657534247,65.77643415425453
2023-04-22,Store002,SKU001,9,74,305.84,367.01,7,SUP001,Electronics,,0,None,12.428571428571429,0.48777608644303344,C,14.036779212620559,22.296700588716195,101.03677921262056,0,True,27.03677921262056,Low,5359,54.868493150684934,97.6698956408848
2023-04-22,Store002,SKU002,14,12,69.57,144.82,5,SUP002,Clothing,,0,None,11.285714285714286,0.5114843407900957,C,12.823879339210837,21.246848505803666,69.25245076778226,0,True,57.252450767782264,Medium,4669,52.778082191780825,88.46475290697674
2023-04-22,Store002,SKU003,8,85,27.47,32.96,3,SUP003,Books,,0,None,7.571428571428571,0.5196382683114912,C,10.218394694715325,17.40279123753264,32.93268040900104,0,False,0.0,Low,3662,54.57260273972603,67.10326823635724
2023-04-22,Store003,SKU001,24,18,305.84,367.01,7,SUP001,Electronics,,0,None,11.428571428571429,0.47559981845990906,C,13.637857369667923,21.38089935299395,93.63785736966793,0,True,75.63785736966793,Medium,5340,54.12876712328767,98.65364174722883
2023-04-22,Store003,SKU002,7,49,69.57,144.82,5,SUP002,Clothing,,0,None,11.571428571428571,0.44687170121026343,C,10.484026374443221,21.514114968019086,68.34116923158608,0,True,19.34116923158608,Low,4369,54.772602739726025,79.76615646258503
2023-04-22,Store003,SKU003,7,54,27.47,32.96,3,SUP003,Books,2023-04-15,22,Delivered,9.142857142857142,0.49263346168064476,C,9.626516732683555,19.123657749350297,37.055088161254986,0,False,0.0,Low,3639,54.92602739726028,66.25274341580207
2023-04-23,Store001,SKU001,21,22,305.84,367.01,7,SUP001,Electronics,,0,None,15.142857142857142,0.4469480032434872,C,12.78266391216064,24.611263391266316,118.78266391216064,0,True,96.78266391216064,Medium,5326,55.054794520547944,96.73998507091316
2023-04-23,Store001,SKU002,20,53,69.57,144.82,5,SUP002,Clothing,2023-04-16,64,Shipped,15.142857142857142,0.4888827050106926,C,11.603530548078444,24.611263391266316,23.317816262364147,64,False,0.0,Low,4420,53.88219178082192,82.03081303706716
2023-04-23,Store001,SKU003,13,58,27.47,32.96,3,SUP003,Books,,0,None,7.285714285714286,0.5124098617067465,C,10.087258421679966,17.07127913861675,31.944401278822824,0,False,0.0,Low,3666,55.73424657534247,65.77643415425453
2023-04-23,Store002,SKU001,13,47,305.84,367.01,7,SUP001,Electronics,,0,None,12.714285714285714,0.48777608644303344,C,14.036779212620559,22.551528297909847,103.03677921262056,0,True,56.03677921262056,Medium,5359,54.868493150684934,97.6698956408848
2023-04-23,Store002,SKU002,9,26,69.57,144.82,5,SUP002,Clothing,,0,None,11.571428571428571,0.5114843407900957,C,12.823879339210837,21.514114968019086,70.6810221963537,0,True,44.681022196353695,Medium,4669,52.778082191780825,88.46475290697674
2023-04-23,Store002,SKU003,3,88,27.47,32.96,3,SUP003,Books,,0,None,6.428571428571429,0.5196382683114912,C,10.218394694715325,16.035674514745462,29.50410898042961,0,False,0.0,Low,3662,54.57260273972603,67.10326823635724
2023-04-23,Store003,SKU001,12,49,305.84,367.01,7,SUP001,Electronics,,0,None,9.571428571428571,0.47559981845990906,C,13.637857369667923,19.566735620873065,80.63785736966793,0,True,31.637857369667927,Medium,5340,54.12876712328767,98.65364174722883
2023-04-23,Store003,SKU002,17,50,69.57,144.82,5,SUP002,Clothing,,0,None,11.0,0.44687170121026343,C,10.484026374443221,20.97617696340303,65.48402637444322,0,True,15.484026374443218,Low,4369,54.772602739726025,79.76615646258503
2023-04-23,Store003,SKU003,6,21,27.47,32.96,3,SUP003,Books,,0,None,8.571428571428571,0.49263346168064476,C,9.626516732683555,18.51640199545103,35.34080244696927,0,True,14.34080244696927,Low,3639,54.92602739726028,66.25274341580207
2023-04-24,Store001,SKU001,6,53,305.84,367.01,7,SUP001,Electronics,,0,None,13.714285714285714,0.4469480032434872,C,12.78266391216064,23.421601750764797,108.78266391216064,0,True,55.78266391216064,Medium,5326,55.054794520547944,96.73998507091316
2023-04-24,Store001,SKU002,12,96,69.57,144.82,5,SUP002,Clothing,,0,None,15.0,0.4888827050106926,C,11.603530548078444,24.49489742783178,86.60353054807844,0,False,0.0,Low,4420,53.88219178082192,82.03081303706716
2023-04-24,Store001,SKU003,12,98,27.47,32.96,3,SUP003,Books,,0,None,8.571428571428571,0.5124098617067465,C,10.087258421679966,18.51640199545103,35.801544135965685,0,False,0.0,Low,3666,55.73424657534247,65.77643415425453
2023-04-24,Store002,SKU001,10,51,305.84,367.01,7,SUP001,Electronics,2023-04-11,19,Delivered,12.0,0.48777608644303344,C,14.036779212620559,21.908902300206645,98.03677921262056,0,True,47.03677921262056,Medium,5359,54.868493150684934,97.6698956408848
2023-04-24,Store002,SKU002,10,45,69.57,144.82,5,SUP002,Clothing,,0,None,11.857142857142858,0.5114843407900957,C,12.823879339210837,21.778101714468008,72.10959362492513,0,True,27.109593624925125,Low,4669,52.778082191780825,88.46475290697674
2023-04-24,Store002,SKU003,9,11,27.47,32.96,3,SUP003,Books,,0,None,6.0,0.5196382683114912,C,10.218394694715325,15.491933384829668,28.218394694715325,0,True,17.218394694715325,Low,3662,54.57260273972603,67.10326823635724
2023-04-24,Store003,SKU001,6,47,305.84,367.01,7,SUP001,Electronics,,0,None,9.428571428571429,0.47559981845990906,C,13.637857369667923,19.42016624910449,79.63785736966793,0,True,32.63785736966793,Medium,5340,54.12876712328767,98.65364174722883
2023-04-24,Store003,SKU002,13,78,69.57,144.82,5,SUP002,Clothing,,0,None,11.142857142857142,0.44687170121026343,C,10.484026374443221,21.111946516469903,66.19831208872893,0,False,0.0,Low,4369,54.772602739726025,79.76615646258503
2023-04-24,Store003,SKU003,1,89,27.47,32.96,3,SUP003,Books,,0,None,8.285714285714286,0.49263346168064476,C,9.626516732683555,18.20517979665599,34.483659589826416,0,False,0.0,Low,3639,54.92602739726028,66.25274341580207
2023-04-25,Store001,SKU001,15,30,305.84,367.01,7,SUP001,Electronics,,0,None,13.0,0.4469480032434872,C,12.78266391216064,22.80350850198276,103.78266391216064,0,True,73.78266391216064,Medium,5326,55.054794520547944,96.73998507091316
2023-04-25,Store001,SKU002,3,31,69.57,144.82,5,SUP002,Clothing,,0,None,13.142857142857142,0.4888827050106926,C,11.603530548078444,22.92846016884443,77.31781626236415,0,True,46.31781626236415,Medium,4420,53.88219178082192,82.03081303706716
2023-04-25,Store001,SKU003,15,26,27.47,32.96,3,SUP003,Books,2023-04-17,95,Delivered,10.285714285714286,0.5124098617067465,C,10.087258421679966,20.2837021134844,40.94440127882282,0,True,14.944401278822824,Low,3666,55.73424657534247,65.77643415425453
2023-04-25,Store002,SKU001,12,55,305.84,367.01,7,SUP001,Electronics,,0,None,12.428571428571429,0.48777608644303344,C,14.036779212620559,22.296700588716195,101.03677921262056,0,True,46.03677921262056,Medium,5359,54.868493150684934,97.6698956408848
2023-04-25,Store002,SKU002,13,52,69.57,144.82,5,SUP002,Clothing,,0,None,11.285714285714286,0.5114843407900957,C,12.823879339210837,21.246848505803666,69.25245076778226,0,True,17.252450767782264,Low,4669,52.778082191780825,88.46475290697674
2023-04-25,Store002,SKU003,13,60,27.47,32.96,3,SUP003,Books,,0,None,7.142857142857143,0.5196382683114912,C,10.218394694715325,16.903085094570333,31.646966123286756,0,False,0.0,Low,3662,54.57260273972603,67.10326823635724
2023-04-25,Store003,SKU001,4,13,305.84,367.01,7,SUP001,Electronics,,0,None,9.857142857142858,0.47559981845990906,C,13.637857369667923,19.85662897587892,82.63785736966793,0,True,69.63785736966793,High,5340,54.12876712328767,98.65364174722883
2023-04-25,Store003,SKU002,13,73,69.57,144.82,5,SUP002,Clothing,,0,None,12.428571428571429,0.44687170121026343,C,10.484026374443221,22.296700588716195,72.62688351730037,0,False,0.0,Low,4369,54.772602739726025,79.76615646258503
2023-04-25,Store003,SKU003,10,44,27.47,32.96,3,SUP003,Books,,0,None,8.714285714285714,0.49263346168064476,C,9.626516732683555,18.670067717376618,35.769373875540694,0,False,0.0,Low,3639,54.92602739726028,66.25274341580207
2023-04-26,Store001,SKU001,13,42,305.84,367.01,7,SUP001,Electronics,,0,None,13.285714285714286,0.4469480032434872,C,12.78266391216064,23.052734575936352,105.78266391216064,0,True,63.78266391216064,Medium,5326,55.054794520547944,96.73998507091316
2023-04-26,Store001,SKU002,17,44,69.57,144.82,5,SUP002,Clothing,,0,None,13.285714285714286,0.4888827050106926,C,11.603530548078444,23.052734575936352,78.03210197664987,0,True,34.03210197664987,Low,4420,53.88219178082192,82.03081303706716
2023-04-26,Store001,SKU003,10,19,27.47,32.96,3,SUP003,Books,2023-04-08,78,Delivered,10.571428571428571,0.5124098617067465,C,10.087258421679966,20.56349053193895,41.801544135965685,0,True,22.801544135965685,Low,3666,55.73424657534247,65.77643415425453
2023-04-26,Store002,SKU001,10,51,305.84,367.01,7,SUP001,Electronics,,0,None,11.428571428571429,0.48777608644303344,C,14.036779212620559,21.38089935299395,94.03677921262056,0,True,43.03677921262056,Medium,5359,54.868493150684934,97.6698956408848
2023-04-26,Store002,SKU002,2,26,69.57,144.82,5,SUP002,Clothing,,0,None,10.857142857142858,0.5114843407900957,C,12.823879339210837,20.83952289006911,67.10959362492513,0,True,41.109593624925125,Medium,4669,52.778082191780825,88.46475290697674
2023-04-26,Store002,SKU003,12,30,27.47,32.96,3,SUP003,Books,,0,None,8.571428571428571,0.5196382683114912,C,10.218394694715325,18.51640199545103,35.93268040900104,0,True,5.932680409001037,Low,3662,54.57260273972603,67.10326823635724
2023-04-26,Store003,SKU001,6,41,305.84,367.01,7,SUP001,Electronics,,0,None,10.571428571428571,0.47559981845990906,C,13.637857369667923,20.56349053193895,87.63785736966793,0,True,46.63785736966793,Medium,5340,54.12876712328767,98.65364174722883
2023-04-26,Store003,SKU002,10,97,69.57,144.82,5,SUP002,Clothing,,0,None,12.285714285714286,0.44687170121026343,C,10.484026374443221,22.168188275738085,71.91259780301465,0,False,0.0,Low,4369,54.772602739726025,79.76615646258503
2023-04-26,Store003,SKU003,0,37,27.47,32.96,3,SUP003,Books,,0,None,7.285714285714286,0.49263346168064476,C,9.626516732683555,17.07127913861675,31.483659589826413,0,False,0.0,Low,3639,54.92602739726028,66.25274341580207
2023-04-27,Store001,SKU001,13,92,305.84,367.01,7,SUP001,Electronics,,0,None,12.571428571428571,0.4469480032434872,C,12.78266391216064,22.424476423255523,100.78266391216064,0,True,8.782663912160643,Low,5326,55.054794520547944,96.73998507091316
2023-04-27,Store001,SKU002,10,24,69.57,144.82,5,SUP002,Clothing,,0,None,13.0,0.4888827050106926,C,11.603530548078444,22.80350850198276,76.60353054807844,0,True,52.60353054807844,Medium,4420,53.88219178082192,82.03081303706716
2023-04-27,Store001,SKU003,5,47,27.47,32.96,3,SUP003,Books,,0,None,10.285714285714286,0.5124098617067465,C,10.087258421679966,20.2837021134844,40.94440127882282,0,False,0.0,Low,3666,55.73424657534247,65.77643415425453
2023-04-27,Store002,SKU001,20,82,305.84,367.01,7,SUP001,Electronics,,0,None,13.428571428571429,0.48777608644303344,C,14.036779212620559,23.176342617912283,108.03677921262056,0,True,26.03677921262056,Low,5359,54.868493150684934,97.6698956408848
2023-04-27,Store002,SKU002,13,59,69.57,144.82,5,SUP002,Clothing,,0,None,11.142857142857142,0.5114843407900957,C,12.823879339210837,21.111946516469903,68.53816505349654,0,True,9.538165053496542,Low,4669,52.778082191780825,88.46475290697674
2023-04-27,Store002,SKU003,7,30,27.47,32.96,3,SUP003,Books,,0,None,8.714285714285714,0.5196382683114912,C,10.218394694715325,18.670067717376618,36.36125183757247,0,True,6.361251837572468,Low,3662,54.57260273972603,67.10326823635724
2023-04-27,Store003,SKU001,12,85,305.84,367.01,7,SUP001,Electronics,,0,None,11.142857142857142,0.47559981845990906,C,13.637857369667923,21.111946516469903,91.63785736966793,0,True,6.637857369667927,Low,5340,54.12876712328767,98.65364174722883
2023-04-27,Store003,SKU002,6,29,69.57,144.82,5,SUP002,Clothing,,0,None,12.571428571428571,0.44687170121026343,C,10.484026374443221,22.424476423255523,73.34116923158608,0,True,44.34116923158608,Medium,4369,54.772602739726025,79.76615646258503
2023-04-27,Store003,SKU003,8,17,27.47,32.96,3,SUP003,Books,2023-03-31,27,Delivered,5.857142857142857,0.49263346168064476,C,9.626516732683555,15.306394555404427,27.197945304112125,0,True,10.197945304112125,Low,3639,54.92602739726028,66.25274341580207
2023-04-28,Store001,SKU001,12,59,305.84,367.01,7,SUP001,Electronics,,0,None,13.571428571428571,0.4469480032434872,C,12.78266391216064,23.299294900428702,107.78266391216064,0,True,48.78266391216064,Medium,5326,55.054794520547944,96.73998507091316
2023-04-28,Store001,SKU002,11,30,69.57,144.82,5,SUP002,Clothing,,0,None,13.142857142857142,0.4888827050106926,C,11.603530548078444,22.92846016884443,77.31781626236415,0,True,47.31781626236415,Medium,4420,53.88219178082192,82.03081303706716
2023-04-28,Store001,SKU003,3,20,27.47,32.96,3,SUP003,Books,,0,None,9.142857142857142,0.5124098617067465,C,10.087258421679966,19.123657749350297,37.51582985025139,0,True,17.515829850251393,Low,3666,55.73424657534247,65.77643415425453
2023-04-28,Store002,SKU001,21,10,305.84,367.01,7,SUP001,Electronics,,0,None,13.571428571428571,0.48777608644303344,C,14.036779212620559,23.299294900428702,109.03677921262056,0,True,99.03677921262056,High,5359,54.868493150684934,97.6698956408848
2023-04-28,Store002,SKU002,13,97,69.57,144.82,5,SUP002,Clothing,,0,None,10.571428571428571,0.5114843407900957,C,12.823879339210837,20.56349053193895,65.6810221963537,0,False,0.0,Low,4669,52.778082191780825,88.46475290697674
2023-04-28,Store002,SKU003,8,64,27.47,32.96,3,SUP003,Books,,0,None,8.571428571428571,0.5196382683114912,C,10.218394694715325,18.51640199545103,35.93268040900104,0,False,0.0,Low,3662,54.57260273972603,67.10326823635724
2023-04-28,Store003,SKU001,12,99,305.84,367.01,7,SUP001,Electronics,,0,None,10.857142857142858,0.47559981845990906,C,13.637857369667923,20.83952289006911,89.63785736966793,0,False,0.0,Low,5340,54.12876712328767,98.65364174722883
2023-04-28,Store003,SKU002,6,91,69.57,144.82,5,SUP002,Clothing,,0,None,10.285714285714286,0.44687170121026343,C,10.484026374443221,20.2837021134844,61.91259780301465,0,False,0.0,Low,4369,54.772602739726025,79.76615646258503
2023-04-28,Store003,SKU003,3,10,27.47,32.96,3,SUP003,Books,,0,None,5.0,0.49263346168064476,C,9.626516732683555,14.142135623730951,24.626516732683555,0,True,14.626516732683555,Low,3639,54.92602739726028,66.25274341580207
2023-04-29,Store001,SKU001,26,86,305.84,367.01,7,SUP001,Electronics,,0,None,15.142857142857142,0.4469480032434872,C,12.78266391216064,24.611263391266316,118.78266391216064,0,True,32.78266391216064,Low,5326,55.054794520547944,96.73998507091316
2023-04-29,Store001,SKU002,7,40,69.57,144.82,5,SUP002,Clothing,,0,None,11.428571428571429,0.4888827050106926,C,11.603530548078444,21.38089935299395,68.74638769093559,0,True,28.74638769093559,Low,4420,53.88219178082192,82.03081303706716
2023-04-29,Store001,SKU003,4,52,27.47,32.96,3,SUP003,Books,2023-04-23,90,Delivered,8.857142857142858,0.5124098617067465,C,10.087258421679966,18.822478962286407,36.65868699310854,0,False,0.0,Low,3666,55.73424657534247,65.77643415425453
2023-04-29,Store002,SKU001,23,55,305.84,367.01,7,SUP001,Electronics,,0,None,15.571428571428571,0.48777608644303344,C,14.036779212620559,24.95710605933995,123.03677921262056,0,True,68.03677921262056,Medium,5359,54.868493150684934,97.6698956408848
2023-04-29,Store002,SKU002,12,52,69.57,144.82,5,SUP002,Clothing,,0,None,10.285714285714286,0.5114843407900957,C,12.823879339210837,20.2837021134844,64.25245076778226,0,True,12.252450767782264,Low,4669,52.778082191780825,88.46475290697674
2023-04-29,Store002,SKU003,23,20,27.47,32.96,3,SUP003,Books,,0,None,10.714285714285714,0.5196382683114912,C,10.218394694715325,20.701966780270627,42.36125183757247,0,True,22.361251837572468,Low,3662,54.57260273972603,67.10326823635724
2023-04-29,Store003,SKU001,8,90,305.84,367.01,7,SUP001,Electronics,,0,None,8.571428571428571,0.47559981845990906,C,13.637857369667923,18.51640199545103,73.63785736966793,0,False,0.0,Low,5340,54.12876712328767,98.65364174722883
2023-04-29,Store003,SKU002,14,48,69.57,144.82,5,SUP002,Clothing,,0,None,11.285714285714286,0.44687170121026343,C,10.484026374443221,21.246848505803666,66.91259780301465,0,True,18.91259780301465,Low,4369,54.772602739726025,79.76615646258503
2023-04-29,Store003,SKU003,6,76,27.47,32.96,3,SUP003,Books,,0,None,4.857142857142857,0.49263346168064476,C,9.626516732683555,13.938641048743392,24.197945304112125,0,False,0.0,Low,3639,54.92602739726028,66.25274341580207
2023-04-30,Store001,SKU001,7,74,305.84,367.01,7,SUP001,Electronics,2023-04-04,40,Delivered,13.142857142857142,0.4469480032434872,C,12.78266391216064,22.92846016884443,104.78266391216064,0,True,30.782663912160643,Low,5326,55.054794520547944,96.73998507091316
2023-04-30,Store001,SKU002,13,32,69.57,144.82,5,SUP002,Clothing,,0,None,10.428571428571429,0.4888827050106926,C,11.603530548078444,20.42407542932745,63.74638769093559,0,True,31.74638769093559,Medium,4420,53.88219178082192,82.03081303706716
2023-04-30,Store001,SKU003,17,25,27.47,32.96,3,SUP003,Books,,0,None,9.428571428571429,0.5124098617067465,C,10.087258421679966,19.42016624910449,38.372972707394254,0,True,13.372972707394254,Low,3666,55.73424657534247,65.77643415425453
2023-04-30,Store002,SKU001,14,63,305.84,367.01,7,SUP001,Electronics,,0,None,15.714285714285714,0.48777608644303344,C,14.036779212620559,25.071326821120348,124.03677921262056,0,True,61.03677921262056,Medium,5359,54.868493150684934,97.6698956408848
2023-04-30,Store002,SKU002,24,34,69.57,144.82,5,SUP002,Clothing,,0,None,12.428571428571429,0.5114843407900957,C,12.823879339210837,22.296700588716195,74.96673648206799,0,True,40.96673648206799,Medium,4669,52.778082191780825,88.46475290697674
2023-04-30,Store002,SKU003,13,71,27.47,32.96,3,SUP003,Books,,0,None,12.142857142857142,0.5196382683114912,C,10.218394694715325,22.03892660077359,46.64696612328676,0,False,0.0,Low,3662,54.57260273972603,67.10326823635724
2023-04-30,Store003,SKU001,13,72,305.84,367.01,7,SUP001,Electronics,,0,None,8.714285714285714,0.47559981845990906,C,13.637857369667923,18.670067717376618,74.63785736966791,0,True,2.6378573696679126,Low,5340,54.12876712328767,98.65364174722883
2023-04-30,Store003,SKU002,3,61,69.57,144.82,5,SUP002,Clothing,,0,None,9.285714285714286,0.44687170121026343,C,10.484026374443221,19.27248223318863,56.91259780301465,0,False,0.0,Low,4369,54.772602739726025,79.76615646258503
2023-04-30,Store003,SKU003,9,22,27.47,32.96,3,SUP003,Books,,0,None,5.285714285714286,0.49263346168064476,C,9.626516732683555,14.540583599999398,25.483659589826413,0,True,3.483659589826413,Low,3639,54.92602739726028,66.25274341580207
2023-05-01,Store001,SKU001,8,63,305.84,367.01,7,SUP001,Electronics,,0,None,13.428571428571429,0.4469480032434872,C,12.78266391216064,23.176342617912283,106.78266391216064,0,True,43.78266391216064,Medium,5326,55.054794520547944,96.73998507091316
2023-05-01,Store001,SKU002,10,32,69.57,144.82,5,SUP002,Clothing,,0,None,10.142857142857142,0.4888827050106926,C,11.603530548078444,20.14235055087379,62.317816262364154,0,True,30.317816262364154,Low,4420,53.88219178082192,82.03081303706716
2023-05-01,Store001,SKU003,9,75,27.47,32.96,3,SUP003,Books,,0,None,9.0,0.5124098617067465,C,10.087258421679966,18.973665961010276,37.08725842167996,0,False,0.0,Low,3666,55.73424657534247,65.77643415425453
2023-05-01,Store002,SKU001,7,56,305.84,367.01,7,SUP001,Electronics,2023-04-23,96,In Transit,15.285714285714286,0.48777608644303344,C,14.036779212620559,24.727081741050064,25.03677921262056,96,False,0.0,Low,5359,54.868493150684934,97.6698956408848
2023-05-01,Store002,SKU002,7,33,69.57,144.82,5,SUP002,Clothing,,0,None,12.0,0.5114843407900957,C,12.823879339210837,21.908902300206645,72.82387933921083,0,True,39.82387933921083,Medium,4669,52.778082191780825,88.46475290697674
2023-05-01,Store002,SKU003,9,95,27.47,32.96,3,SUP003,Books,2023-04-18,99,Delivered,12.142857142857142,0.5196382683114912,C,10.218394694715325,22.03892660077359,46.64696612328676,0,False,0.0,Low,3662,54.57260273972603,67.10326823635724
2023-05-01,Store003,SKU001,10,41,305.84,367.01,7,SUP001,Electronics,,0,None,9.285714285714286,0.47559981845990906,C,13.637857369667923,19.27248223318863,78.63785736966793,0,True,37.63785736966793,Medium,5340,54.12876712328767,98.65364174722883
2023-05-01,Store003,SKU002,20,97,69.57,144.82,5,SUP002,Clothing,,0,None,10.285714285714286,0.44687170121026343,C,10.484026374443221,20.2837021134844,61.91259780301465,0,False,0.0,Low,4369,54.772602739726025,79.76615646258503
2023-05-01,Store003,SKU003,9,17,27.47,32.96,3,SUP003,Books,,0,None,6.428571428571429,0.49263346168064476,C,9.626516732683555,16.035674514745462,28.91223101839784,0,True,11.91223101839784,Low,3639,54.92602739726028,66.25274341580207
2023-05-02,Store001,SKU001,15,10,305.84,367.01,7,SUP001,Electronics,,0,None,13.428571428571429,0.4469480032434872,C,12.78266391216064,23.176342617912283,106.78266391216064,0,True,96.78266391216064,High,5326,55.054794520547944,96.73998507091316
2023-05-02,Store001,SKU002,14,68,69.57,144.82,5,SUP002,Clothing,,0,None,11.714285714285714,0.4888827050106926,C,11.603530548078444,21.64651077128664,70.17495911950701,0,True,2.174959119507008,Low,4420,53.88219178082192,82.03081303706716
2023-05-02,Store001,SKU003,3,69,27.47,32.96,3,SUP003,Books,,0,None,7.285714285714286,0.5124098617067465,C,10.087258421679966,17.07127913861675,31.944401278822824,0,False,0.0,Low,3666,55.73424657534247,65.77643415425453
2023-05-02,Store002,SKU001,13,34,305.84,367.01,7,SUP001,Electronics,,0,None,15.428571428571429,0.48777608644303344,C,14.036779212620559,24.84236013632475,122.03677921262056,0,True,88.03677921262056,Medium,5359,54.868493150684934,97.6698956408848
2023-05-02,Store002,SKU002,3,89,69.57,144.82,5,SUP002,Clothing,,0,None,10.571428571428571,0.5114843407900957,C,12.823879339210837,20.56349053193895,65.6810221963537,0,False,0.0,Low,4669,52.778082191780825,88.46475290697674
2023-05-02,Store002,SKU003,2,94,27.47,32.96,3,SUP003,Books,,0,None,10.571428571428571,0.5196382683114912,C,10.218394694715325,20.56349053193895,41.93268040900104,0,False,0.0,Low,3662,54.57260273972603,67.10326823635724
2023-05-02,Store003,SKU001,17,91,305.84,367.01,7,SUP001,Electronics,,0,None,11.142857142857142,0.47559981845990906,C,13.637857369667923,21.111946516469903,91.63785736966793,0,True,0.6378573696679268,Low,5340,54.12876712328767,98.65364174722883
2023-05-02,Store003,SKU002,10,78,69.57,144.82,5,SUP002,Clothing,,0,None,9.857142857142858,0.44687170121026343,C,10.484026374443221,19.85662897587892,59.76974066015751,0,False,0.0,Low,4369,54.772602739726025,79.76615646258503
2023-05-02,Store003,SKU003,9,68,27.47,32.96,3,SUP003,Books,,0,None,6.285714285714286,0.49263346168064476,C,9.626516732683555,15.856499343441838,28.483659589826413,0,False,0.0,Low,3639,54.92602739726028,66.25274341580207
2023-05-03,Store001,SKU001,12,38,305.84,367.01,7,SUP001,Electronics,,0,None,13.285714285714286,0.4469480032434872,C,12.78266391216064,23.052734575936352,105.78266391216064,0,True,67.78266391216064,Medium,5326,55.054794520547944,96.73998507091316
2023-05-03,Store001,SKU002,4,71,69.57,144.82,5,SUP002,Clothing,,0,None,9.857142857142858,0.4888827050106926,C,11.603530548078444,19.85662897587892,60.88924483379274,0,False,0.0,Low,4420,53.88219178082192,82.03081303706716
2023-05-03,Store001,SKU003,4,68,27.47,32.96,3,SUP003,Books,,0,None,6.428571428571429,0.5124098617067465,C,10.087258421679966,16.035674514745462,29.37297270739425,0,False,0.0,Low,3666,55.73424657534247,65.77643415425453
2023-05-03,Store002,SKU001,7,25,305.84,367.01,7,SUP001,Electronics,,0,None,15.0,0.48777608644303344,C,14.036779212620559,24.49489742783178,119.03677921262056,0,True,94.03677921262056,Medium,5359,54.868493150684934,97.6698956408848
2023-05-03,Store002,SKU002,7,32,69.57,144.82,5,SUP002,Clothing,,0,None,11.285714285714286,0.5114843407900957,C,12.823879339210837,21.246848505803666,69.25245076778226,0,True,37.252450767782264,Medium,4669,52.778082191780825,88.46475290697674
2023-05-03,Store002,SKU003,7,95,27.47,32.96,3,SUP003,Books,,0,None,9.857142857142858,0.5196382683114912,C,10.218394694715325,19.85662897587892,39.7898232661439,0,False,0.0,Low,3662,54.57260273972603,67.10326823635724
2023-05-03,Store003,SKU001,8,75,305.84,367.01,7,SUP001,Electronics,,0,None,11.428571428571429,0.47559981845990906,C,13.637857369667923,21.38089935299395,93.63785736966793,0,True,18.637857369667927,Low,5340,54.12876712328767,98.65364174722883
2023-05-03,Store003,SKU002,12,74,69.57,144.82,5,SUP002,Clothing,,0,None,10.142857142857142,0.44687170121026343,C,10.484026374443221,20.14235055087379,61.198312088728926,0,False,0.0,Low,4369,54.772602739726025,79.76615646258503
2023-05-03,Store003,SKU003,9,61,27.47,32.96,3,SUP003,Books,,0,None,7.571428571428571,0.49263346168064476,C,9.626516732683555,17.40279123753264,32.34080244696927,0,False,0.0,Low,3639,54.92602739726028,66.25274341580207
2023-05-04,Store001,SKU001,10,37,305.84,367.01,7,SUP001,Electronics,,0,None,12.857142857142858,0.4469480032434872,C,12.78266391216064,22.677868380553633,102.78266391216064,0,True,65.78266391216064,Medium,5326,55.054794520547944,96.73998507091316
2023-05-04,Store001,SKU002,7,58,69.57,144.82,5,SUP002,Clothing,2023-04-09,94,Delivered,9.428571428571429,0.4888827050106926,C,11.603530548078444,19.42016624910449,58.74638769093559,0,True,0.7463876909355918,Low,4420,53.88219178082192,82.03081303706716
2023-05-04,Store001,SKU003,8,71,27.47,32.96,3,SUP003,Books,,0,None,6.857142857142857,0.5124098617067465,C,10.087258421679966,16.5615734242165,30.658686993108535,0,False,0.0,Low,3666,55.73424657534247,65.77643415425453
2023-05-04,Store002,SKU001,3,29,305.84,367.01,7,SUP001,Electronics,,0,None,12.571428571428571,0.48777608644303344,C,14.036779212620559,22.424476423255523,102.03677921262056,0,True,73.03677921262056,Medium,5359,54.868493150684934,97.6698956408848
2023-05-04,Store002,SKU002,11,86,69.57,144.82,5,SUP002,Clothing,2023-04-19,41,Delivered,11.0,0.5114843407900957,C,12.823879339210837,20.97617696340303,67.82387933921083,0,False,0.0,Low,4669,52.778082191780825,88.46475290697674
2023-05-04,Store002,SKU003,0,10,27.47,32.96,3,SUP003,Books,,0,None,8.857142857142858,0.5196382683114912,C,10.218394694715325,18.822478962286407,36.7898232661439,0,True,26.789823266143898,Medium,3662,54.57260273972603,67.10326823635724
2023-05-04,Store003,SKU001,6,67,305.84,367.01,7,SUP001,Electronics,,0,None,10.571428571428571,0.47559981845990906,C,13.637857369667923,20.56349053193895,87.63785736966793,0,True,20.637857369667927,Low,5340,54.12876712328767,98.65364174722883
2023-05-04,Store003,SKU002,13,31,69.57,144.82,5,SUP002,Clothing,,0,None,11.142857142857142,0.44687170121026343,C,10.484026374443221,21.111946516469903,66.19831208872893,0,True,35.198312088728926,Medium,4369,54.772602739726025,79.76615646258503
2023-05-04,Store003,SKU003,5,75,27.47,32.96,3,SUP003,Books,,0,None,7.142857142857143,0.49263346168064476,C,9.626516732683555,16.903085094570333,31.055088161254986,0,False,0.0,Low,3639,54.92602739726028,66.25274341580207
2023-05-05,Store001,SKU001,9,50,305.84,367.01,7,SUP001,Electronics,,0,None,12.428571428571429,0.4469480032434872,C,12.78266391216064,22.296700588716195,99.78266391216064,0,True,49.78266391216064,Medium,5326,55.054794520547944,96.73998507091316
2023-05-05,Store001,SKU002,10,67,69.57,144.82,5,SUP002,Clothing,,0,None,9.285714285714286,0.4888827050106926,C,11.603530548078444,19.27248223318863,58.03210197664988,0,False,0.0,Low,4420,53.88219178082192,82.03081303706716
2023-05-05,Store001,SKU003,3,97,27.47,32.96,3,SUP003,Books,,0,None,6.857142857142857,0.5124098617067465,C,10.087258421679966,16.5615734242165,30.658686993108535,0,False,0.0,Low,3666,55.73424657534247,65.77643415425453
2023-05-05,Store002,SKU001,7,72,305.84,367.01,7,SUP001,Electronics,2023-04-14,91,Delivered,10.571428571428571,0.48777608644303344,C,14.036779212620559,20.56349053193895,88.03677921262056,0,True,16.03677921262056,Low,5359,54.868493150684934,97.6698956408848
2023-05-05,Store002,SKU002,18,99,69.57,144.82,5,SUP002,Clothing,,0,None,11.714285714285714,0.5114843407900957,C,12.823879339210837,21.64651077128664,71.3953079106394,0,False,0.0,Low,4669,52.778082191780825,88.46475290697674
2023-05-05,Store002,SKU003,7,42,27.47,32.96,3,SUP003,Books,2023-05-04,69,Confirmed,8.714285714285714,0.5196382683114912,C,10.218394694715325,18.670067717376618,0.0,69,False,0.0,Low,3662,54.57260273972603,67.10326823635724
2023-05-05,Store003,SKU001,23,30,305.84,367.01,7,SUP001,Electronics,,0,None,12.142857142857142,0.47559981845990906,C,13.637857369667923,22.03892660077359,98.63785736966793,0,True,68.63785736966793,Medium,5340,54.12876712328767,98.65364174722883
2023-05-05,Store003,SKU002,3,66,69.57,144.82,5,SUP002,Clothing,,0,None,10.714285714285714,0.44687170121026343,C,10.484026374443221,20.701966780270627,64.05545494587179,0,False,0.0,Low,4369,54.772602739726025,79.76615646258503
2023-05-05,Store003,SKU003,4,43,27.47,32.96,3,SUP003,Books,,0,None,7.285714285714286,0.49263346168064476,C,9.626516732683555,17.07127913861675,31.483659589826413,0,False,0.0,Low,3639,54.92602739726028,66.25274341580207
2023-05-06,Store001,SKU001,10,25,305.84,367.01,7,SUP001,Electronics,,0,None,10.142857142857142,0.4469480032434872,C,12.78266391216064,20.14235055087379,83.78266391216064,0,True,58.78266391216064,Medium,5326,55.054794520547944,96.73998507091316
2023-05-06,Store001,SKU002,22,45,69.57,144.82,5,SUP002,Clothing,,0,None,11.428571428571429,0.4888827050106926,C,11.603530548078444,21.38089935299395,68.74638769093559,0,True,23.74638769093559,Low,4420,53.88219178082192,82.03081303706716
2023-05-06,Store001,SKU003,14,78,27.47,32.96,3,SUP003,Books,,0,None,8.285714285714286,0.5124098617067465,C,10.087258421679966,18.20517979665599,34.94440127882282,0,False,0.0,Low,3666,55.73424657534247,65.77643415425453
2023-05-06,Store002,SKU001,19,25,305.84,367.01,7,SUP001,Electronics,,0,None,10.0,0.48777608644303344,C,14.036779212620559,20.0,84.03677921262056,0,True,59.03677921262056,Medium,5359,54.868493150684934,97.6698956408848
2023-05-06,Store002,SKU002,8,35,69.57,144.82,5,SUP002,Clothing,,0,None,11.142857142857142,0.5114843407900957,C,12.823879339210837,21.111946516469903,68.53816505349654,0,True,33.53816505349654,Medium,4669,52.778082191780825,88.46475290697674
2023-05-06,Store002,SKU003,9,64,27.47,32.96,3,SUP003,Books,,0,None,6.714285714285714,0.5196382683114912,C,10.218394694715325,16.388149028228554,30.361251837572468,0,False,0.0,Low,3662,54.57260273972603,67.10326823635724
2023-05-06,Store003,SKU001,20,86,305.84,367.01,7,SUP001,Electronics,,0,None,13.857142857142858,0.47559981845990906,C,13.637857369667923,23.543273227945903,110.63785736966793,0,True,24.637857369667927,Low,5340,54.12876712328767,98.65364174722883
2023-05-06,Store003,SKU002,12,21,69.57,144.82,5,SUP002,Clothing,,0,None,10.428571428571429,0.44687170121026343,C,10.484026374443221,20.42407542932745,62.62688351730037,0,True,41.62688351730037,Medium,4369,54.772602739726025,79.76615646258503
2023-05-06,Store003,SKU003,21,80,27.47,32.96,3,SUP003,Books,,0,None,9.428571428571429,0.49263346168064476,C,9.626516732683555,19.42016624910449,37.91223101839784,0,False,0.0,Low,3639,54.92602739726028,66.25274341580207
2023-05-07,Store001,SKU001,15,34,305.84,367.01,7,SUP001,Electronics,,0,None,11.285714285714286,0.4469480032434872,C,12.78266391216064,21.246848505803666,91.78266391216064,0,True,57.78266391216064,Medium,5326,55.054794520547944,96.73998507091316
2023-05-07,Store001,SKU002,13,34,69.57,144.82,5,SUP002,Clothing,,0,None,11.428571428571429,0.4888827050106926,C,11.603530548078444,21.38089935299395,68.74638769093559,0,True,34.74638769093559,Medium,4420,53.88219178082192,82.03081303706716
2023-05-07,Store001,SKU003,9,71,27.47,32.96,3,SUP003,Books,,0,None,7.142857142857143,0.5124098617067465,C,10.087258421679966,16.903085094570333,31.515829850251396,0,False,0.0,Low,3666,55.73424657534247,65.77643415425453
2023-05-07,Store002,SKU001,22,26,305.84,367.01,7,SUP001,Electronics,,0,None,11.142857142857142,0.48777608644303344,C,14.036779212620559,21.111946516469903,92.03677921262056,0,True,66.03677921262056,Medium,5359,54.868493150684934,97.6698956408848
2023-05-07,Store002,SKU002,11,53,69.57,144.82,5,SUP002,Clothing,,0,None,9.285714285714286,0.5114843407900957,C,12.823879339210837,19.27248223318863,59.252450767782264,0,True,6.252450767782264,Low,4669,52.778082191780825,88.46475290697674
2023-05-07,Store002,SKU003,9,64,27.47,32.96,3,SUP003,Books,,0,None,6.142857142857143,0.5196382683114912,C,10.218394694715325,15.675276256394518,28.646966123286756,0,False,0.0,Low,3662,54.57260273972603,67.10326823635724
2023-05-07,Store003,SKU001,17,54,305.84,367.01,7,SUP001,Electronics,,0,None,14.428571428571429,0.47559981845990906,C,13.637857369667923,24.023797725231894,114.63785736966793,0,True,60.63785736966793,Medium,5340,54.12876712328767,98.65364174722883
2023-05-07,Store003,SKU002,15,78,69.57,144.82,5,SUP002,Clothing,,0,None,12.142857142857142,0.44687170121026343,C,10.484026374443221,22.03892660077359,71.19831208872893,0,False,0.0,Low,4369,54.772602739726025,79.76615646258503
2023-05-07,Store003,SKU003,19,68,27.47,32.96,3,SUP003,Books,,0,None,10.857142857142858,0.49263346168064476,C,9.626516732683555,20.83952289006911,42.197945304112125,0,False,0.0,Low,3639,54.92602739726028,66.25274341580207
2023-05-08,Store001,SKU001,5,87,305.84,367.01,7,SUP001,Electronics,,0,None,10.857142857142858,0.4469480032434872,C,12.78266391216064,20.83952289006911,88.78266391216064,0,True,1.7826639121606433,Low,5326,55.054794520547944,96.73998507091316
2023-05-08,Store001,SKU002,9,43,69.57,144.82,5,SUP002,Clothing,,0,None,11.285714285714286,0.4888827050106926,C,11.603530548078444,21.246848505803666,68.03210197664987,0,True,25.03210197664987,Low,4420,53.88219178082192,82.03081303706716
2023-05-08,Store001,SKU003,3,77,27.47,32.96,3,SUP003,Books,,0,None,6.285714285714286,0.5124098617067465,C,10.087258421679966,15.856499343441838,28.944401278822824,0,False,0.0,Low,3666,55.73424657534247,65.77643415425453
2023-05-08,Store002,SKU001,16,67,305.84,367.01,7,SUP001,Electronics,,0,None,12.428571428571429,0.48777608644303344,C,14.036779212620559,22.296700588716195,101.03677921262056,0,True,34.03677921262056,Low,5359,54.868493150684934,97.6698956408848
2023-05-08,Store002,SKU002,6,32,69.57,144.82,5,SUP002,Clothing,,0,None,9.142857142857142,0.5114843407900957,C,12.823879339210837,19.123657749350297,58.53816505349654,0,True,26.53816505349654,Low,4669,52.778082191780825,88.46475290697674
2023-05-08,Store002,SKU003,8,24,27.47,32.96,3,SUP003,Books,,0,None,6.0,0.5196382683114912,C,10.218394694715325,15.491933384829668,28.218394694715325,0,True,4.218394694715325,Low,3662,54.57260273972603,67.10326823635724
2023-05-08,Store003,SKU001,10,34,305.84,367.01,7,SUP001,Electronics,,0,None,14.428571428571429,0.47559981845990906,C,13.637857369667923,24.023797725231894,114.63785736966793,0,True,80.63785736966793,Medium,5340,54.12876712328767,98.65364174722883
2023-05-08,Store003,SKU002,13,13,69.57,144.82,5,SUP002,Clothing,,0,None,11.142857142857142,0.44687170121026343,C,10.484026374443221,21.111946516469903,66.19831208872893,0,True,53.198312088728926,Medium,4369,54.772602739726025,79.76615646258503
2023-05-08,Store003,SKU003,11,72,27.47,32.96,3,SUP003,Books,,0,None,11.142857142857142,0.49263346168064476,C,9.626516732683555,21.111946516469903,43.055088161254986,0,False,0.0,Low,3639,54.92602739726028,66.25274341580207
2023-05-09,Store001,SKU001,14,67,305.84,367.01,7,SUP001,Electronics,,0,None,10.714285714285714,0.4469480032434872,C,12.78266391216064,20.701966780270627,87.78266391216064,0,True,20.782663912160643,Low,5326,55.054794520547944,96.73998507091316
2023-05-09,Store001,SKU002,6,40,69.57,144.82,5,SUP002,Clothing,,0,None,10.142857142857142,0.4888827050106926,C,11.603530548078444,20.14235055087379,62.317816262364154,0,True,22.317816262364154,Low,4420,53.88219178082192,82.03081303706716
2023-05-09,Store001,SKU003,6,48,27.47,32.96,3,SUP003,Books,,0,None,6.714285714285714,0.5124098617067465,C,10.087258421679966,16.388149028228554,30.23011556453711,0,False,0.0,Low,3666,55.73424657534247,65.77643415425453
2023-05-09,Store002,SKU001,13,14,305.84,367.01,7,SUP001,Electronics,,0,None,12.428571428571429,0.48777608644303344,C,14.036779212620559,22.296700588716195,101.03677921262056,0,True,87.03677921262056,High,5359,54.868493150684934,97.6698956408848
2023-05-09,Store002,SKU002,18,93,69.57,144.82,5,SUP002,Clothing,,0,None,11.285714285714286,0.5114843407900957,C,12.823879339210837,21.246848505803666,69.25245076778226,0,False,0.0,Low,4669,52.778082191780825,88.46475290697674
2023-05-09,Store002,SKU003,7,93,27.47,32.96,3,SUP003,Books,2023-04-19,42,Delivered,6.714285714285714,0.5196382683114912,C,10.218394694715325,16.388149028228554,30.361251837572468,0,False,0.0,Low,3662,54.57260273972603,67.10326823635724
2023-05-09,Store003,SKU001,10,22,305.84,367.01,7,SUP001,Electronics,,0,None,13.428571428571429,0.47559981845990906,C,13.637857369667923,23.176342617912283,107.63785736966793,0,True,85.63785736966793,Medium,5340,54.12876712328767,98.65364174722883
2023-05-09,Store003,SKU002,13,40,69.57,144.82,5,SUP002,Clothing,,0,None,11.571428571428571,0.44687170121026343,C,10.484026374443221,21.514114968019086,68.34116923158608,0,True,28.34116923158608,Low,4369,54.772602739726025,79.76615646258503
2023-05-09,Store003,SKU003,6,24,27.47,32.96,3,SUP003,Books,,0,None,10.714285714285714,0.49263346168064476,C,9.626516732683555,20.701966780270627,41.769373875540694,0,True,17.769373875540694,Low,3639,54.92602739726028,66.25274341580207
2023-05-10,Store001,SKU001,13,65,305.84,367.01,7,SUP001,Electronics,,0,None,10.857142857142858,0.4469480032434872,C,12.78266391216064,20.83952289006911,88.78266391216064,0,True,23.782663912160643,Low,5326,55.054794520547944,96.73998507091316
2023-05-10,Store001,SKU002,1,30,69.57,144.82,5,SUP002,Clothing,,0,None,9.714285714285714,0.4888827050106926,C,11.603530548078444,19.712215212183246,60.174959119507015,0,True,30.174959119507015,Medium,4420,53.88219178082192,82.03081303706716
2023-05-10,Store001,SKU003,7,62,27.47,32.96,3,SUP003,Books,,0,None,7.142857142857143,0.5124098617067465,C,10.087258421679966,16.903085094570333,31.515829850251396,0,False,0.0,Low,3666,55.73424657534247,65.77643415425453
2023-05-10,Store002,SKU001,16,74,305.84,367.01,7,SUP001,Electronics,,0,None,13.714285714285714,0.48777608644303344,C,14.036779212620559,23.421601750764797,110.03677921262056,0,True,36.03677921262056,Low,5359,54.868493150684934,97.6698956408848
2023-05-10,Store002,SKU002,12,51,69.57,144.82,5,SUP002,Clothing,,0,None,12.0,0.5114843407900957,C,12.823879339210837,21.908902300206645,72.82387933921083,0,True,21.823879339210833,Low,4669,52.778082191780825,88.46475290697674
2023-05-10,Store002,SKU003,6,59,27.47,32.96,3,SUP003,Books,,0,None,6.571428571428571,0.5196382683114912,C,10.218394694715325,16.21286966755555,29.93268040900104,0,False,0.0,Low,3662,54.57260273972603,67.10326823635724
2023-05-10,Store003,SKU001,9,19,305.84,367.01,7,SUP001,Electronics,,0,None,13.571428571428571,0.47559981845990906,C,13.637857369667923,23.299294900428702,108.63785736966793,0,True,89.63785736966793,Medium,5340,54.12876712328767,98.65364174722883
2023-05-10,Store003,SKU002,11,97,69.57,144.82,5,SUP002,Clothing,,0,None,11.428571428571429,0.44687170121026343,C,10.484026374443221,21.38089935299395,67.62688351730037,0,False,0.0,Low,4369,54.772602739726025,79.76615646258503
2023-05-10,Store003,SKU003,19,24,27.47,32.96,3,SUP003,Books,,0,None,12.142857142857142,0.49263346168064476,C,9.626516732683555,22.03892660077359,46.055088161254986,0,True,22.055088161254986,Low,3639,54.92602739726028,66.25274341580207
2023-05-11,Store001,SKU001,13,72,305.84,367.01,7,SUP001,Electronics,,0,None,11.285714285714286,0.4469480032434872,C,12.78266391216064,21.246848505803666,91.78266391216064,0,True,19.782663912160643,Low,5326,55.054794520547944,96.73998507091316
2023-05-11,Store001,SKU002,10,95,69.57,144.82,5,SUP002,Clothing,,0,None,10.142857142857142,0.4888827050106926,C,11.603530548078444,20.14235055087379,62.317816262364154,0,False,0.0,Low,4420,53.88219178082192,82.03081303706716
2023-05-11,Store001,SKU003,3,66,27.47,32.96,3,SUP003,Books,,0,None,6.428571428571429,0.5124098617067465,C,10.087258421679966,16.035674514745462,29.37297270739425,0,False,0.0,Low,3666,55.73424657534247,65.77643415425453
2023-05-11,Store002,SKU001,7,61,305.84,367.01,7,SUP001,Electronics,,0,None,14.285714285714286,0.48777608644303344,C,14.036779212620559,23.904572186687872,114.03677921262056,0,True,53.03677921262056,Medium,5359,54.868493150684934,97.6698956408848
2023-05-11,Store002,SKU002,11,18,69.57,144.82,5,SUP002,Clothing,,0,None,12.0,0.5114843407900957,C,12.823879339210837,21.908902300206645,72.82387933921083,0,True,54.82387933921083,Medium,4669,52.778082191780825,88.46475290697674
2023-05-11,Store002,SKU003,8,28,27.47,32.96,3,SUP003,Books,,0,None,7.714285714285714,0.5196382683114912,C,10.218394694715325,17.566201313073595,33.36125183757247,0,True,5.361251837572468,Low,3662,54.57260273972603,67.10326823635724
2023-05-11,Store003,SKU001,9,49,305.84,367.01,7,SUP001,Electronics,,0,None,14.0,0.47559981845990906,C,13.637857369667923,23.664319132398465,111.63785736966793,0,True,62.63785736966793,Medium,5340,54.12876712328767,98.65364174722883
2023-05-11,Store003,SKU002,5,86,69.57,144.82,5,SUP002,Clothing,,0,None,10.285714285714286,0.44687170121026343,C,10.484026374443221,20.2837021134844,61.91259780301465,0,False,0.0,Low,4369,54.772602739726025,79.76615646258503
2023-05-11,Store003,SKU003,6,29,27.47,32.96,3,SUP003,Books,,0,None,12.285714285714286,0.49263346168064476,C,9.626516732683555,22.168188275738085,46.483659589826416,0,True,17.483659589826416,Low,3639,54.92602739726028,66.25274341580207
2023-05-12,Store001,SKU001,8,58,305.84,367.01,7,SUP001,Electronics,,0,None,11.142857142857142,0.4469480032434872,C,12.78266391216064,21.111946516469903,90.78266391216064,0,True,32.78266391216064,Low,5326,55.054794520547944,96.73998507091316
2023-05-12,Store001,SKU002,8,67,69.57,144.82,5,SUP002,Clothing,2023-04-28,29,Delivered,9.857142857142858,0.4888827050106926,C,11.603530548078444,19.85662897587892,60.88924483379274,0,False,0.0,Low,4420,53.88219178082192,82.03081303706716
2023-05-12,Store001,SKU003,5,54,27.47,32.96,3,SUP003,Books,,0,None,6.714285714285714,0.5124098617067465,C,10.087258421679966,16.388149028228554,30.23011556453711,0,False,0.0,Low,3666,55.73424657534247,65.77643415425453
2023-05-12,Store002,SKU001,9,85,305.84,367.01,7,SUP001,Electronics,,0,None,14.571428571428571,0.48777608644303344,C,14.036779212620559,24.142434484888696,116.03677921262056,0,True,31.03677921262056,Low,5359,54.868493150684934,97.6698956408848
2023-05-12,Store002,SKU002,9,21,69.57,144.82,5,SUP002,Clothing,,0,None,10.714285714285714,0.5114843407900957,C,12.823879339210837,20.701966780270627,66.3953079106394,0,True,45.3953079106394,Medium,4669,52.778082191780825,88.46475290697674
2023-05-12,Store002,SKU003,5,91,27.47,32.96,3,SUP003,Books,,0,None,7.428571428571429,0.5196382683114912,C,10.218394694715325,17.237832147426694,32.504108980429606,0,False,0.0,Low,3662,54.57260273972603,67.10326823635724
2023-05-12,Store003,SKU001,15,21,305.84,367.01,7,SUP001,Electronics,,0,None,12.857142857142858,0.47559981845990906,C,13.637857369667923,22.677868380553633,103.63785736966793,0,True,82.63785736966793,Medium,5340,54.12876712328767,98.65364174722883
2023-05-12,Store003,SKU002,13,58,69.57,144.82,5,SUP002,Clothing,,0,None,11.714285714285714,0.44687170121026343,C,10.484026374443221,21.64651077128664,69.05545494587179,0,True,11.055454945871787,Low,4369,54.772602739726025,79.76615646258503
2023-05-12,Store003,SKU003,6,18,27.47,32.96,3,SUP003,Books,,0,None,12.571428571428571,0.49263346168064476,C,9.626516732683555,22.424476423255523,47.34080244696927,0,True,29.34080244696927,Low,3639,54.92602739726028,66.25274341580207
2023-05-13,Store001,SKU001,14,96,305.84,367.01,7,SUP001,Electronics,2023-04-24,10,Delivered,11.714285714285714,0.4469480032434872,C,12.78266391216064,21.64651077128664,94.78266391216064,0,False,0.0,Low,5326,55.054794520547944,96.73998507091316
2023-05-13,Store001,SKU002,14,68,69.57,144.82,5,SUP002,Clothing,,0,None,8.714285714285714,0.4888827050106926,C,11.603530548078444,18.670067717376618,55.174959119507015,0,False,0.0,Low,4420,53.88219178082192,82.03081303706716
2023-05-13,Store001,SKU003,11,96,27.47,32.96,3,SUP003,Books,2023-05-12,42,Pending,6.285714285714286,0.5124098617067465,C,10.087258421679966,15.856499343441838,0.0,42,False,0.0,Low,3666,55.73424657534247,65.77643415425453
2023-05-13,Store002,SKU001,15,10,305.84,367.01,7,SUP001,Electronics,2023-05-11,17,Confirmed,14.0,0.48777608644303344,C,14.036779212620559,23.664319132398465,95.03677921262056,17,True,68.03677921262056,Medium,5359,54.868493150684934,97.6698956408848
2023-05-13,Store002,SKU002,9,32,69.57,144.82,5,SUP002,Clothing,,0,None,10.857142857142858,0.5114843407900957,C,12.823879339210837,20.83952289006911,67.10959362492513,0,True,35.109593624925125,Medium,4669,52.778082191780825,88.46475290697674
2023-05-13,Store002,SKU003,11,51,27.47,32.96,3,SUP003,Books,,0,None,7.714285714285714,0.5196382683114912,C,10.218394694715325,17.566201313073595,33.36125183757247,0,False,0.0,Low,3662,54.57260273972603,67.10326823635724
2023-05-13,Store003,SKU001,12,58,305.84,367.01,7,SUP001,Electronics,,0,None,11.714285714285714,0.47559981845990906,C,13.637857369667923,21.64651077128664,95.63785736966793,0,True,37.63785736966793,Medium,5340,54.12876712328767,98.65364174722883
2023-05-13,Store003,SKU002,15,38,69.57,144.82,5,SUP002,Clothing,,0,None,12.142857142857142,0.44687170121026343,C,10.484026374443221,22.03892660077359,71.19831208872893,0,True,33.198312088728926,Low,4369,54.772602739726025,79.76615646258503
2023-05-13,Store003,SKU003,13,98,27.47,32.96,3,SUP003,Books,,0,None,11.428571428571429,0.49263346168064476,C,9.626516732683555,21.38089935299395,43.91223101839784,0,False,0.0,Low,3639,54.92602739726028,66.25274341580207
2023-05-14,Store001,SKU001,8,11,305.84,367.01,7,SUP001,Electronics,2023-05-10,41,Confirmed,10.714285714285714,0.4469480032434872,C,12.78266391216064,20.701966780270627,46.78266391216064,41,True,0.0,Low,5326,55.054794520547944,96.73998507091316
2023-05-14,Store001,SKU002,11,49,69.57,144.82,5,SUP002,Clothing,,0,None,8.428571428571429,0.4888827050106926,C,11.603530548078444,18.361450300639575,53.74638769093559,0,True,4.746387690935592,Low,4420,53.88219178082192,82.03081303706716
2023-05-14,Store001,SKU003,16,87,27.47,32.96,3,SUP003,Books,,0,None,7.285714285714286,0.5124098617067465,C,10.087258421679966,17.07127913861675,31.944401278822824,0,False,0.0,Low,3666,55.73424657534247,65.77643415425453
2023-05-14,Store002,SKU001,8,51,305.84,367.01,7,SUP001,Electronics,,0,None,12.0,0.48777608644303344,C,14.036779212620559,21.908902300206645,98.03677921262056,0,True,47.03677921262056,Medium,5359,54.868493150684934,97.6698956408848
2023-05-14,Store002,SKU002,14,17,69.57,144.82,5,SUP002,Clothing,,0,None,11.285714285714286,0.5114843407900957,C,12.823879339210837,21.246848505803666,69.25245076778226,0,True,52.252450767782264,Medium,4669,52.778082191780825,88.46475290697674
2023-05-14,Store002,SKU003,5,38,27.47,32.96,3,SUP003,Books,2023-05-07,81,Delivered,7.142857142857143,0.5196382683114912,C,10.218394694715325,16.903085094570333,31.646966123286756,0,False,0.0,Low,3662,54.57260273972603,67.10326823635724
2023-05-14,Store003,SKU001,13,66,305.84,367.01,7,SUP001,Electronics,,0,None,11.142857142857142,0.47559981845990906,C,13.637857369667923,21.111946516469903,91.63785736966793,0,True,25.637857369667927,Low,5340,54.12876712328767,98.65364174722883
2023-05-14,Store003,SKU002,6,60,69.57,144.82,5,SUP002,Clothing,,0,None,10.857142857142858,0.44687170121026343,C,10.484026374443221,20.83952289006911,64.76974066015751,0,True,4.76974066015751,Low,4369,54.772602739726025,79.76615646258503
2023-05-14,Store003,SKU003,11,51,27.47,32.96,3,SUP003,Books,,0,None,10.285714285714286,0.49263346168064476,C,9.626516732683555,20.2837021134844,40.483659589826416,0,False,0.0,Low,3639,54.92602739726028,66.25274341580207
2023-05-15,Store001,SKU001,10,82,305.84,367.01,7,SUP001,Electronics,2023-04-16,62,Delivered,11.428571428571429,0.4469480032434872,C,12.78266391216064,21.38089935299395,92.78266391216064,0,True,10.782663912160643,Low,5326,55.054794520547944,96.73998507091316
2023-05-15,Store001,SKU002,5,66,69.57,144.82,5,SUP002,Clothing,,0,None,7.857142857142857,0.4888827050106926,C,11.603530548078444,17.728105208558365,50.88924483379273,0,False,0.0,Low,4420,53.88219178082192,82.03081303706716
2023-05-15,Store001,SKU003,6,34,27.47,32.96,3,SUP003,Books,,0,None,7.714285714285714,0.5124098617067465,C,10.087258421679966,17.566201313073595,33.23011556453711,0,False,0.0,Low,3666,55.73424657534247,65.77643415425453
2023-05-15,Store002,SKU001,7,34,305.84,367.01,7,SUP001,Electronics,,0,None,10.714285714285714,0.48777608644303344,C,14.036779212620559,20.701966780270627,89.03677921262056,0,True,55.03677921262056,Medium,5359,54.868493150684934,97.6698956408848
2023-05-15,Store002,SKU002,16,78,69.57,144.82,5,SUP002,Clothing,,0,None,12.714285714285714,0.5114843407900957,C,12.823879339210837,22.551528297909847,76.3953079106394,0,False,0.0,Low,4669,52.778082191780825,88.46475290697674
2023-05-15,Store002,SKU003,12,87,27.47,32.96,3,SUP003,Books,,0,None,7.714285714285714,0.5196382683114912,C,10.218394694715325,17.566201313073595,33.36125183757247,0,False,0.0,Low,3662,54.57260273972603,67.10326823635724
2023-05-15,Store003,SKU001,6,49,305.84,367.01,7,SUP001,Electronics,,0,None,10.571428571428571,0.47559981845990906,C,13.637857369667923,20.56349053193895,87.63785736966793,0,True,38.63785736966793,Medium,5340,54.12876712328767,98.65364174722883
2023-05-15,Store003,SKU002,8,38,69.57,144.82,5,SUP002,Clothing,,0,None,10.142857142857142,0.44687170121026343,C,10.484026374443221,20.14235055087379,61.198312088728926,0,True,23.198312088728926,Low,4369,54.772602739726025,79.76615646258503
2023-05-15,Store003,SKU003,11,23,27.47,32.96,3,SUP003,Books,,0,None,10.285714285714286,0.49263346168064476,C,9.626516732683555,20.2837021134844,40.483659589826416,0,True,17.483659589826416,Low,3639,54.92602739726028,66.25274341580207
2023-05-16,Store001,SKU001,14,56,305.84,367.01,7,SUP001,Electronics,,0,None,11.428571428571429,0.4469480032434872,C,12.78266391216064,21.38089935299395,92.78266391216064,0,True,36.78266391216064,Medium,5326,55.054794520547944,96.73998507091316
2023-05-16,Store001,SKU002,9,58,69.57,144.82,5,SUP002,Clothing,,0,None,8.285714285714286,0.4888827050106926,C,11.603530548078444,18.20517979665599,53.03210197664988,0,False,0.0,Low,4420,53.88219178082192,82.03081303706716
2023-05-16,Store001,SKU003,9,41,27.47,32.96,3,SUP003,Books,,0,None,8.142857142857142,0.5124098617067465,C,10.087258421679966,18.04755622554715,34.51582985025139,0,False,0.0,Low,3666,55.73424657534247,65.77643415425453
2023-05-16,Store002,SKU001,9,21,305.84,367.01,7,SUP001,Electronics,,0,None,10.142857142857142,0.48777608644303344,C,14.036779212620559,20.14235055087379,85.03677921262056,0,True,64.03677921262056,Medium,5359,54.868493150684934,97.6698956408848
2023-05-16,Store002,SKU002,8,21,69.57,144.82,5,SUP002,Clothing,,0,None,11.285714285714286,0.5114843407900957,C,12.823879339210837,21.246848505803666,69.25245076778226,0,True,48.252450767782264,Medium,4669,52.778082191780825,88.46475290697674
2023-05-16,Store002,SKU003,5,42,27.47,32.96,3,SUP003,Books,2023-04-30,54,Delivered,7.428571428571429,0.5196382683114912,C,10.218394694715325,17.237832147426694,32.504108980429606,0,False,0.0,Low,3662,54.57260273972603,67.10326823635724
2023-05-16,Store003,SKU001,15,94,305.84,367.01,7,SUP001,Electronics,,0,None,11.285714285714286,0.47559981845990906,C,13.637857369667923,21.246848505803666,92.63785736966793,0,False,0.0,Low,5340,54.12876712328767,98.65364174722883
2023-05-16,Store003,SKU002,15,25,69.57,144.82,5,SUP002,Clothing,,0,None,10.428571428571429,0.44687170121026343,C,10.484026374443221,20.42407542932745,62.62688351730037,0,True,37.62688351730037,Medium,4369,54.772602739726025,79.76615646258503
2023-05-16,Store003,SKU003,11,66,27.47,32.96,3,SUP003,Books,,0,None,11.0,0.49263346168064476,C,9.626516732683555,20.97617696340303,42.626516732683555,0,False,0.0,Low,3639,54.92602739726028,66.25274341580207
2023-05-17,Store001,SKU001,16,91,305.84,367.01,7,SUP001,Electronics,,0,None,11.857142857142858,0.4469480032434872,C,12.78266391216064,21.778101714468008,95.78266391216064,0,True,4.782663912160643,Low,5326,55.054794520547944,96.73998507091316
2023-05-17,Store001,SKU002,19,58,69.57,144.82,5,SUP002,Clothing,,0,None,10.857142857142858,0.4888827050106926,C,11.603530548078444,20.83952289006911,65.88924483379273,0,True,7.889244833792731,Low,4420,53.88219178082192,82.03081303706716
2023-05-17,Store001,SKU003,5,96,27.47,32.96,3,SUP003,Books,,0,None,7.857142857142857,0.5124098617067465,C,10.087258421679966,17.728105208558365,33.65868699310853,0,False,0.0,Low,3666,55.73424657534247,65.77643415425453
2023-05-17,Store002,SKU001,19,99,305.84,367.01,7,SUP001,Electronics,2023-04-27,45,Delivered,10.571428571428571,0.48777608644303344,C,14.036779212620559,20.56349053193895,88.03677921262056,0,False,0.0,Low,5359,54.868493150684934,97.6698956408848
2023-05-17,Store002,SKU002,17,45,69.57,144.82,5,SUP002,Clothing,,0,None,12.0,0.5114843407900957,C,12.823879339210837,21.908902300206645,72.82387933921083,0,True,27.823879339210833,Low,4669,52.778082191780825,88.46475290697674
2023-05-17,Store002,SKU003,6,49,27.47,32.96,3,SUP003,Books,,0,None,7.428571428571429,0.5196382683114912,C,10.218394694715325,17.237832147426694,32.504108980429606,0,False,0.0,Low,3662,54.57260273972603,67.10326823635724
2023-05-17,Store003,SKU001,15,14,305.84,367.01,7,SUP001,Electronics,,0,None,12.142857142857142,0.47559981845990906,C,13.637857369667923,22.03892660077359,98.63785736966793,0,True,84.63785736966793,Medium,5340,54.12876712328767,98.65364174722883
2023-05-17,Store003,SKU002,8,28,69.57,144.82,5,SUP002,Clothing,,0,None,10.0,0.44687170121026343,C,10.484026374443221,20.0,60.48402637444322,0,True,32.48402637444322,Medium,4369,54.772602739726025,79.76615646258503
2023-05-17,Store003,SKU003,3,55,27.47,32.96,3,SUP003,Books,,0,None,8.714285714285714,0.49263346168064476,C,9.626516732683555,18.670067717376618,35.769373875540694,0,False,0.0,Low,3639,54.92602739726028,66.25274341580207
2023-05-18,Store001,SKU001,1,23,305.84,367.01,7,SUP001,Electronics,,0,None,10.142857142857142,0.4469480032434872,C,12.78266391216064,20.14235055087379,83.78266391216064,0,True,60.78266391216064,Medium,5326,55.054794520547944,96.73998507091316
2023-05-18,Store001,SKU002,5,14,69.57,144.82,5,SUP002,Clothing,,0,None,10.142857142857142,0.4888827050106926,C,11.603530548078444,20.14235055087379,62.317816262364154,0,True,48.317816262364154,Medium,4420,53.88219178082192,82.03081303706716
2023-05-18,Store001,SKU003,4,82,27.47,32.96,3,SUP003,Books,,0,None,8.0,0.5124098617067465,C,10.087258421679966,17.88854381999832,34.08725842167996,0,False,0.0,Low,3666,55.73424657534247,65.77643415425453
2023-05-18,Store002,SKU001,11,32,305.84,367.01,7,SUP001,Electronics,,0,None,11.142857142857142,0.48777608644303344,C,14.036779212620559,21.111946516469903,92.03677921262056,0,True,60.03677921262056,Medium,5359,54.868493150684934,97.6698956408848
2023-05-18,Store002,SKU002,13,76,69.57,144.82,5,SUP002,Clothing,,0,None,12.285714285714286,0.5114843407900957,C,12.823879339210837,22.168188275738085,74.25245076778226,0,False,0.0,Low,4669,52.778082191780825,88.46475290697674
2023-05-18,Store002,SKU003,4,58,27.47,32.96,3,SUP003,Books,,0,None,6.857142857142857,0.5196382683114912,C,10.218394694715325,16.5615734242165,30.789823266143895,0,False,0.0,Low,3662,54.57260273972603,67.10326823635724
2023-05-18,Store003,SKU001,17,69,305.84,367.01,7,SUP001,Electronics,,0,None,13.285714285714286,0.47559981845990906,C,13.637857369667923,23.052734575936352,106.63785736966793,0,True,37.63785736966793,Low,5340,54.12876712328767,98.65364174722883
2023-05-18,Store003,SKU002,3,58,69.57,144.82,5,SUP002,Clothing,,0,None,9.714285714285714,0.44687170121026343,C,10.484026374443221,19.712215212183246,59.05545494587179,0,True,1.0554549458717872,Low,4369,54.772602739726025,79.76615646258503
2023-05-18,Store003,SKU003,5,85,27.47,32.96,3,SUP003,Books,,0,None,8.571428571428571,0.49263346168064476,C,9.626516732683555,18.51640199545103,35.34080244696927,0,False,0.0,Low,3639,54.92602739726028,66.25274341580207
2023-05-19,Store001,SKU001,1,24,305.84,367.01,7,SUP001,Electronics,,0,None,9.142857142857142,0.4469480032434872,C,12.78266391216064,19.123657749350297,76.78266391216064,0,True,52.78266391216064,Medium,5326,55.054794520547944,96.73998507091316
2023-05-19,Store001,SKU002,21,69,69.57,144.82,5,SUP002,Clothing,,0,None,12.0,0.4888827050106926,C,11.603530548078444,21.908902300206645,71.60353054807844,0,True,2.6035305480784388,Low,4420,53.88219178082192,82.03081303706716
2023-05-19,Store001,SKU003,6,26,27.47,32.96,3,SUP003,Books,,0,None,8.142857142857142,0.5124098617067465,C,10.087258421679966,18.04755622554715,34.51582985025139,0,True,8.515829850251393,Low,3666,55.73424657534247,65.77643415425453
2023-05-19,Store002,SKU001,12,53,305.84,367.01,7,SUP001,Electronics,,0,None,11.571428571428571,0.48777608644303344,C,14.036779212620559,21.514114968019086,95.03677921262056,0,True,42.03677921262056,Medium,5359,54.868493150684934,97.6698956408848
2023-05-19,Store002,SKU002,14,75,69.57,144.82,5,SUP002,Clothing,,0,None,13.0,0.5114843407900957,C,12.823879339210837,22.80350850198276,77.82387933921083,0,True,2.8238793392108335,Low,4669,52.778082191780825,88.46475290697674
2023-05-19,Store002,SKU003,10,44,27.47,32.96,3,SUP003,Books,,0,None,7.571428571428571,0.5196382683114912,C,10.218394694715325,17.40279123753264,32.93268040900104,0,False,0.0,Low,3662,54.57260273972603,67.10326823635724
2023-05-19,Store003,SKU001,11,79,305.84,367.01,7,SUP001,Electronics,,0,None,12.714285714285714,0.47559981845990906,C,13.637857369667923,22.551528297909847,102.63785736966793,0,True,23.637857369667927,Low,5340,54.12876712328767,98.65364174722883
2023-05-19,Store003,SKU002,10,20,69.57,144.82,5,SUP002,Clothing,,0,None,9.285714285714286,0.44687170121026343,C,10.484026374443221,19.27248223318863,56.91259780301465,0,True,36.91259780301465,Medium,4369,54.772602739726025,79.76615646258503
2023-05-19,Store003,SKU003,7,49,27.47,32.96,3,SUP003,Books,,0,None,8.714285714285714,0.49263346168064476,C,9.626516732683555,18.670067717376618,35.769373875540694,0,False,0.0,Low,3639,54.92602739726028,66.25274341580207
2023-05-20,Store001,SKU001,13,15,305.84,367.01,7,SUP001,Electronics,,0,None,9.0,0.4469480032434872,C,12.78266391216064,18.973665961010276,75.78266391216064,0,True,60.78266391216064,Medium,5326,55.054794520547944,96.73998507091316
2023-05-20,Store001,SKU002,6,55,69.57,144.82,5,SUP002,Clothing,,0,None,10.857142857142858,0.4888827050106926,C,11.603530548078444,20.83952289006911,65.88924483379273,0,True,10.88924483379273,Low,4420,53.88219178082192,82.03081303706716
2023-05-20,Store001,SKU003,6,10,27.47,32.96,3,SUP003,Books,,0,None,7.428571428571429,0.5124098617067465,C,10.087258421679966,17.237832147426694,32.372972707394254,0,True,22.372972707394254,Medium,3666,55.73424657534247,65.77643415425453
2023-05-20,Store002,SKU001,9,50,305.84,367.01,7,SUP001,Electronics,2023-04-29,33,Delivered,10.714285714285714,0.48777608644303344,C,14.036779212620559,20.701966780270627,89.03677921262056,0,True,39.03677921262056,Medium,5359,54.868493150684934,97.6698956408848
2023-05-20,Store002,SKU002,5,33,69.57,144.82,5,SUP002,Clothing,,0,None,12.428571428571429,0.5114843407900957,C,12.823879339210837,22.296700588716195,74.96673648206799,0,True,41.96673648206799,Medium,4669,52.778082191780825,88.46475290697674
2023-05-20,Store002,SKU003,4,74,27.47,32.96,3,SUP003,Books,,0,None,6.571428571428571,0.5196382683114912,C,10.218394694715325,16.21286966755555,29.93268040900104,0,False,0.0,Low,3662,54.57260273972603,67.10326823635724
2023-05-20,Store003,SKU001,11,57,305.84,367.01,7,SUP001,Electronics,,0,None,12.571428571428571,0.47559981845990906,C,13.637857369667923,22.424476423255523,101.63785736966793,0,True,44.63785736966793,Medium,5340,54.12876712328767,98.65364174722883
2023-05-20,Store003,SKU002,5,99,69.57,144.82,5,SUP002,Clothing,,0,None,7.857142857142857,0.44687170121026343,C,10.484026374443221,17.728105208558365,49.76974066015751,0,False,0.0,Low,4369,54.772602739726025,79.76615646258503
2023-05-20,Store003,SKU003,12,82,27.47,32.96,3,SUP003,Books,,0,None,8.571428571428571,0.49263346168064476,C,9.626516732683555,18.51640199545103,35.34080244696927,0,False,0.0,Low,3639,54.92602739726028,66.25274341580207
2023-05-21,Store001,SKU001,17,57,305.84,367.01,7,SUP001,Electronics,,0,None,10.285714285714286,0.4469480032434872,C,12.78266391216064,20.2837021134844,84.78266391216064,0,True,27.782663912160643,Low,5326,55.054794520547944,96.73998507091316
2023-05-21,Store001,SKU002,20,53,69.57,144.82,5,SUP002,Clothing,,0,None,12.142857142857142,0.4888827050106926,C,11.603530548078444,22.03892660077359,72.31781626236415,0,True,19.317816262364147,Low,4420,53.88219178082192,82.03081303706716
2023-05-21,Store001,SKU003,7,41,27.47,32.96,3,SUP003,Books,,0,None,6.142857142857143,0.5124098617067465,C,10.087258421679966,15.675276256394518,28.515829850251396,0,False,0.0,Low,3666,55.73424657534247,65.77643415425453
2023-05-21,Store002,SKU001,18,58,305.84,367.01,7,SUP001,Electronics,,0,None,12.142857142857142,0.48777608644303344,C,14.036779212620559,22.03892660077359,99.03677921262056,0,True,41.03677921262056,Medium,5359,54.868493150684934,97.6698956408848
2023-05-21,Store002,SKU002,9,27,69.57,144.82,5,SUP002,Clothing,,0,None,11.714285714285714,0.5114843407900957,C,12.823879339210837,21.64651077128664,71.3953079106394,0,True,44.3953079106394,Medium,4669,52.778082191780825,88.46475290697674
2023-05-21,Store002,SKU003,4,98,27.47,32.96,3,SUP003,Books,,0,None,6.428571428571429,0.5196382683114912,C,10.218394694715325,16.035674514745462,29.50410898042961,0,False,0.0,Low,3662,54.57260273972603,67.10326823635724
2023-05-21,Store003,SKU001,15,14,305.84,367.01,7,SUP001,Electronics,2023-05-16,75,Confirmed,12.857142857142858,0.47559981845990906,C,13.637857369667923,22.677868380553633,28.637857369667927,75,True,0.0,Low,5340,54.12876712328767,98.65364174722883
2023-05-21,Store003,SKU002,9,97,69.57,144.82,5,SUP002,Clothing,,0,None,8.285714285714286,0.44687170121026343,C,10.484026374443221,18.20517979665599,51.91259780301465,0,False,0.0,Low,4369,54.772602739726025,79.76615646258503
2023-05-21,Store003,SKU003,3,68,27.47,32.96,3,SUP003,Books,,0,None,7.428571428571429,0.49263346168064476,C,9.626516732683555,17.237832147426694,31.91223101839784,0,False,0.0,Low,3639,54.92602739726028,66.25274341580207
2023-05-22,Store001,SKU001,16,81,305.84,367.01,7,SUP001,Electronics,,0,None,11.142857142857142,0.4469480032434872,C,12.78266391216064,21.111946516469903,90.78266391216064,0,True,9.782663912160643,Low,5326,55.054794520547944,96.73998507091316
2023-05-22,Store001,SKU002,18,13,69.57,144.82,5,SUP002,Clothing,,0,None,14.0,0.4888827050106926,C,11.603530548078444,23.664319132398465,81.60353054807844,0,True,68.60353054807844,Medium,4420,53.88219178082192,82.03081303706716
2023-05-22,Store001,SKU003,9,75,27.47,32.96,3,SUP003,Books,2023-05-20,56,Confirmed,6.571428571428571,0.5124098617067465,C,10.087258421679966,16.21286966755555,0.0,56,False,0.0,Low,3666,55.73424657534247,65.77643415425453
2023-05-22,Store002,SKU001,7,69,305.84,367.01,7,SUP001,Electronics,,0,None,12.142857142857142,0.48777608644303344,C,14.036779212620559,22.03892660077359,99.03677921262056,0,True,30.03677921262056,Low,5359,54.868493150684934,97.6698956408848
2023-05-22,Store002,SKU002,4,45,69.57,144.82,5,SUP002,Clothing,,0,None,10.0,0.5114843407900957,C,12.823879339210837,20.0,62.82387933921083,0,True,17.823879339210833,Low,4669,52.778082191780825,88.46475290697674
2023-05-22,Store002,SKU003,5,58,27.47,32.96,3,SUP003,Books,,0,None,5.428571428571429,0.5196382683114912,C,10.218394694715325,14.735767952260145,26.50410898042961,0,False,0.0,Low,3662,54.57260273972603,67.10326823635724
2023-05-22,Store003,SKU001,12,76,305.84,367.01,7,SUP001,Electronics,,0,None,13.714285714285714,0.47559981845990906,C,13.637857369667923,23.421601750764797,109.63785736966793,0,True,33.63785736966793,Low,5340,54.12876712328767,98.65364174722883
2023-05-22,Store003,SKU002,7,30,69.57,144.82,5,SUP002,Clothing,,0,None,8.142857142857142,0.44687170121026343,C,10.484026374443221,18.04755622554715,51.198312088728926,0,True,21.198312088728926,Low,4369,54.772602739726025,79.76615646258503
2023-05-22,Store003,SKU003,7,86,27.47,32.96,3,SUP003,Books,,0,None,6.857142857142857,0.49263346168064476,C,9.626516732683555,16.5615734242165,30.197945304112125,0,False,0.0,Low,3639,54.92602739726028,66.25274341580207
2023-05-23,Store001,SKU001,13,95,305.84,367.01,7,SUP001,Electronics,,0,None,11.0,0.4469480032434872,C,12.78266391216064,20.97617696340303,89.78266391216064,0,False,0.0,Low,5326,55.054794520547944,96.73998507091316
2023-05-23,Store001,SKU002,8,69,69.57,144.82,5,SUP002,Clothing,,0,None,13.857142857142858,0.4888827050106926,C,11.603530548078444,23.543273227945903,80.88924483379273,0,True,11.88924483379273,Low,4420,53.88219178082192,82.03081303706716
2023-05-23,Store001,SKU003,12,82,27.47,32.96,3,SUP003,Books,,0,None,7.0,0.5124098617067465,C,10.087258421679966,16.73320053068151,31.087258421679966,0,False,0.0,Low,3666,55.73424657534247,65.77643415425453
2023-05-23,Store002,SKU001,11,87,305.84,367.01,7,SUP001,Electronics,,0,None,12.428571428571429,0.48777608644303344,C,14.036779212620559,22.296700588716195,101.03677921262056,0,True,14.036779212620559,Low,5359,54.868493150684934,97.6698956408848
2023-05-23,Store002,SKU002,5,70,69.57,144.82,5,SUP002,Clothing,2023-05-09,44,Delivered,9.571428571428571,0.5114843407900957,C,12.823879339210837,19.566735620873065,60.681022196353695,0,False,0.0,Low,4669,52.778082191780825,88.46475290697674
2023-05-23,Store002,SKU003,15,84,27.47,32.96,3,SUP003,Books,,0,None,6.857142857142857,0.5196382683114912,C,10.218394694715325,16.5615734242165,30.789823266143895,0,False,0.0,Low,3662,54.57260273972603,67.10326823635724
2023-05-23,Store003,SKU001,10,29,305.84,367.01,7,SUP001,Electronics,,0,None,13.0,0.47559981845990906,C,13.637857369667923,22.80350850198276,104.63785736966793,0,True,75.63785736966793,Medium,5340,54.12876712328767,98.65364174722883
2023-05-23,Store003,SKU002,9,50,69.57,144.82,5,SUP002,Clothing,2023-05-03,27,Delivered,7.285714285714286,0.44687170121026343,C,10.484026374443221,17.07127913861675,46.91259780301465,0,False,0.0,Low,4369,54.772602739726025,79.76615646258503
2023-05-23,Store003,SKU003,9,70,27.47,32.96,3,SUP003,Books,,0,None,6.571428571428571,0.49263346168064476,C,9.626516732683555,16.21286966755555,29.34080244696927,0,False,0.0,Low,3639,54.92602739726028,66.25274341580207
2023-05-24,Store001,SKU001,21,11,305.84,367.01,7,SUP001,Electronics,2023-05-23,25,Confirmed,11.714285714285714,0.4469480032434872,C,12.78266391216064,21.64651077128664,69.78266391216064,25,True,33.78266391216064,Low,5326,55.054794520547944,96.73998507091316
2023-05-24,Store001,SKU002,15,85,69.57,144.82,5,SUP002,Clothing,,0,None,13.285714285714286,0.4888827050106926,C,11.603530548078444,23.052734575936352,78.03210197664987,0,False,0.0,Low,4420,53.88219178082192,82.03081303706716
2023-05-24,Store001,SKU003,7,67,27.47,32.96,3,SUP003,Books,,0,None,7.285714285714286,0.5124098617067465,C,10.087258421679966,17.07127913861675,31.944401278822824,0,False,0.0,Low,3666,55.73424657534247,65.77643415425453
2023-05-24,Store002,SKU001,12,37,305.84,367.01,7,SUP001,Electronics,2023-05-08,95,Delivered,11.428571428571429,0.48777608644303344,C,14.036779212620559,21.38089935299395,94.03677921262056,0,True,57.03677921262056,Medium,5359,54.868493150684934,97.6698956408848
2023-05-24,Store002,SKU002,10,96,69.57,144.82,5,SUP002,Clothing,,0,None,8.571428571428571,0.5114843407900957,C,12.823879339210837,18.51640199545103,55.681022196353695,0,False,0.0,Low,4669,52.778082191780825,88.46475290697674
2023-05-24,Store002,SKU003,7,57,27.47,32.96,3,SUP003,Books,,0,None,7.0,0.5196382683114912,C,10.218394694715325,16.73320053068151,31.218394694715325,0,False,0.0,Low,3662,54.57260273972603,67.10326823635724
2023-05-24,Store003,SKU001,4,23,305.84,367.01,7,SUP001,Electronics,,0,None,11.428571428571429,0.47559981845990906,C,13.637857369667923,21.38089935299395,93.63785736966793,0,True,70.63785736966793,Medium,5340,54.12876712328767,98.65364174722883
2023-05-24,Store003,SKU002,11,90,69.57,144.82,5,SUP002,Clothing,,0,None,7.714285714285714,0.44687170121026343,C,10.484026374443221,17.566201313073595,49.05545494587179,0,False,0.0,Low,4369,54.772602739726025,79.76615646258503
2023-05-24,Store003,SKU003,6,23,27.47,32.96,3,SUP003,Books,,0,None,7.0,0.49263346168064476,C,9.626516732683555,16.73320053068151,30.626516732683555,0,True,7.626516732683555,Low,3639,54.92602739726028,66.25274341580207
2023-05-25,Store001,SKU001,19,17,305.84,367.01,7,SUP001,Electronics,,0,None,14.285714285714286,0.4469480032434872,C,12.78266391216064,23.904572186687872,112.78266391216064,0,True,95.78266391216064,Medium,5326,55.054794520547944,96.73998507091316
2023-05-25,Store001,SKU002,17,82,69.57,144.82,5,SUP002,Clothing,,0,None,15.0,0.4888827050106926,C,11.603530548078444,24.49489742783178,86.60353054807844,0,True,4.603530548078439,Low,4420,53.88219178082192,82.03081303706716
2023-05-25,Store001,SKU003,6,69,27.47,32.96,3,SUP003,Books,,0,None,7.571428571428571,0.5124098617067465,C,10.087258421679966,17.40279123753264,32.801544135965685,0,False,0.0,Low,3666,55.73424657534247,65.77643415425453
2023-05-25,Store002,SKU001,8,75,305.84,367.01,7,SUP001,Electronics,,0,None,11.0,0.48777608644303344,C,14.036779212620559,20.97617696340303,91.03677921262056,0,True,16.03677921262056,Low,5359,54.868493150684934,97.6698956408848
2023-05-25,Store002,SKU002,7,39,69.57,144.82,5,SUP002,Clothing,,0,None,7.714285714285714,0.5114843407900957,C,12.823879339210837,17.566201313073595,51.3953079106394,0,True,12.395307910639403,Low,4669,52.778082191780825,88.46475290697674
2023-05-25,Store002,SKU003,6,93,27.47,32.96,3,SUP003,Books,2023-05-02,85,Delivered,7.285714285714286,0.5196382683114912,C,10.218394694715325,17.07127913861675,32.07553755185818,0,False,0.0,Low,3662,54.57260273972603,67.10326823635724
2023-05-25,Store003,SKU001,8,67,305.84,367.01,7,SUP001,Electronics,,0,None,10.142857142857142,0.47559981845990906,C,13.637857369667923,20.14235055087379,84.63785736966793,0,True,17.637857369667927,Low,5340,54.12876712328767,98.65364174722883
2023-05-25,Store003,SKU002,5,14,69.57,144.82,5,SUP002,Clothing,,0,None,8.0,0.44687170121026343,C,10.484026374443221,17.88854381999832,50.48402637444322,0,True,36.48402637444322,Medium,4369,54.772602739726025,79.76615646258503
2023-05-25,Store003,SKU003,5,52,27.47,32.96,3,SUP003,Books,,0,None,7.0,0.49263346168064476,C,9.626516732683555,16.73320053068151,30.626516732683555,0,False,0.0,Low,3639,54.92602739726028,66.25274341580207
2023-05-26,Store001,SKU001,7,41,305.84,367.01,7,SUP001,Electronics,,0,None,15.142857142857142,0.4469480032434872,C,12.78266391216064,24.611263391266316,118.78266391216064,0,True,77.78266391216064,Medium,5326,55.054794520547944,96.73998507091316
2023-05-26,Store001,SKU002,5,20,69.57,144.82,5,SUP002,Clothing,,0,None,12.714285714285714,0.4888827050106926,C,11.603530548078444,22.551528297909847,75.17495911950701,0,True,55.17495911950701,Medium,4420,53.88219178082192,82.03081303706716
2023-05-26,Store001,SKU003,13,38,27.47,32.96,3,SUP003,Books,,0,None,8.571428571428571,0.5124098617067465,C,10.087258421679966,18.51640199545103,35.801544135965685,0,False,0.0,Low,3666,55.73424657534247,65.77643415425453
2023-05-26,Store002,SKU001,18,20,305.84,367.01,7,SUP001,Electronics,,0,None,11.857142857142858,0.48777608644303344,C,14.036779212620559,21.778101714468008,97.03677921262056,0,True,77.03677921262056,Medium,5359,54.868493150684934,97.6698956408848
2023-05-26,Store002,SKU002,5,55,69.57,144.82,5,SUP002,Clothing,,0,None,6.428571428571429,0.5114843407900957,C,12.823879339210837,16.035674514745462,44.96673648206799,0,False,0.0,Low,4669,52.778082191780825,88.46475290697674
2023-05-26,Store002,SKU003,2,65,27.47,32.96,3,SUP003,Books,,0,None,6.142857142857143,0.5196382683114912,C,10.218394694715325,15.675276256394518,28.646966123286756,0,False,0.0,Low,3662,54.57260273972603,67.10326823635724
2023-05-26,Store003,SKU001,19,75,305.84,367.01,7,SUP001,Electronics,,0,None,11.285714285714286,0.47559981845990906,C,13.637857369667923,21.246848505803666,92.63785736966793,0,True,17.637857369667927,Low,5340,54.12876712328767,98.65364174722883
2023-05-26,Store003,SKU002,9,73,69.57,144.82,5,SUP002,Clothing,,0,None,7.857142857142857,0.44687170121026343,C,10.484026374443221,17.728105208558365,49.76974066015751,0,False,0.0,Low,4369,54.772602739726025,79.76615646258503
2023-05-26,Store003,SKU003,9,47,27.47,32.96,3,SUP003,Books,,0,None,7.285714285714286,0.49263346168064476,C,9.626516732683555,17.07127913861675,31.483659589826413,0,False,0.0,Low,3639,54.92602739726028,66.25274341580207
2023-05-27,Store001,SKU001,14,66,305.84,367.01,7,SUP001,Electronics,,0,None,15.285714285714286,0.4469480032434872,C,12.78266391216064,24.727081741050064,119.78266391216064,0,True,53.78266391216064,Medium,5326,55.054794520547944,96.73998507091316
2023-05-27,Store001,SKU002,13,20,69.57,144.82,5,SUP002,Clothing,,0,None,13.714285714285714,0.4888827050106926,C,11.603530548078444,23.421601750764797,80.17495911950701,0,True,60.17495911950701,Medium,4420,53.88219178082192,82.03081303706716
2023-05-27,Store001,SKU003,6,69,27.47,32.96,3,SUP003,Books,,0,None,8.571428571428571,0.5124098617067465,C,10.087258421679966,18.51640199545103,35.801544135965685,0,False,0.0,Low,3666,55.73424657534247,65.77643415425453
2023-05-27,Store002,SKU001,8,99,305.84,367.01,7,SUP001,Electronics,,0,None,11.714285714285714,0.48777608644303344,C,14.036779212620559,21.64651077128664,96.03677921262056,0,False,0.0,Low,5359,54.868493150684934,97.6698956408848
2023-05-27,Store002,SKU002,8,35,69.57,144.82,5,SUP002,Clothing,,0,None,6.857142857142857,0.5114843407900957,C,12.823879339210837,16.5615734242165,47.109593624925125,0,True,12.109593624925125,Low,4669,52.778082191780825,88.46475290697674
2023-05-27,Store002,SKU003,7,60,27.47,32.96,3,SUP003,Books,,0,None,6.571428571428571,0.5196382683114912,C,10.218394694715325,16.21286966755555,29.93268040900104,0,False,0.0,Low,3662,54.57260273972603,67.10326823635724
2023-05-27,Store003,SKU001,12,33,305.84,367.01,7,SUP001,Electronics,,0,None,11.428571428571429,0.47559981845990906,C,13.637857369667923,21.38089935299395,93.63785736966793,0,True,60.63785736966793,Medium,5340,54.12876712328767,98.65364174722883
2023-05-27,Store003,SKU002,18,16,69.57,144.82,5,SUP002,Clothing,,0,None,9.714285714285714,0.44687170121026343,C,10.484026374443221,19.712215212183246,59.05545494587179,0,True,43.05545494587179,Medium,4369,54.772602739726025,79.76615646258503
2023-05-27,Store003,SKU003,2,79,27.47,32.96,3,SUP003,Books,,0,None,5.857142857142857,0.49263346168064476,C,9.626516732683555,15.306394555404427,27.197945304112125,0,False,0.0,Low,3639,54.92602739726028,66.25274341580207
2023-05-28,Store001,SKU001,16,73,305.84,367.01,7,SUP001,Electronics,,0,None,15.142857142857142,0.4469480032434872,C,12.78266391216064,24.611263391266316,118.78266391216064,0,True,45.78266391216064,Medium,5326,55.054794520547944,96.73998507091316
2023-05-28,Store001,SKU002,7,24,69.57,144.82,5,SUP002,Clothing,,0,None,11.857142857142858,0.4888827050106926,C,11.603530548078444,21.778101714468008,70.88924483379273,0,True,46.88924483379273,Medium,4420,53.88219178082192,82.03081303706716
2023-05-28,Store001,SKU003,8,32,27.47,32.96,3,SUP003,Books,,0,None,8.714285714285714,0.5124098617067465,C,10.087258421679966,18.670067717376618,36.2301155645371,0,True,4.230115564537101,Low,3666,55.73424657534247,65.77643415425453
2023-05-28,Store002,SKU001,9,56,305.84,367.01,7,SUP001,Electronics,,0,None,10.428571428571429,0.48777608644303344,C,14.036779212620559,20.42407542932745,87.03677921262056,0,True,31.03677921262056,Low,5359,54.868493150684934,97.6698956408848
2023-05-28,Store002,SKU002,12,70,69.57,144.82,5,SUP002,Clothing,,0,None,7.285714285714286,0.5114843407900957,C,12.823879339210837,17.07127913861675,49.252450767782264,0,False,0.0,Low,4669,52.778082191780825,88.46475290697674
2023-05-28,Store002,SKU003,7,32,27.47,32.96,3,SUP003,Books,,0,None,7.0,0.5196382683114912,C,10.218394694715325,16.73320053068151,31.218394694715325,0,False,0.0,Low,3662,54.57260273972603,67.10326823635724
2023-05-28,Store003,SKU001,18,45,305.84,367.01,7,SUP001,Electronics,,0,None,11.857142857142858,0.47559981845990906,C,13.637857369667923,21.778101714468008,96.63785736966793,0,True,51.63785736966793,Medium,5340,54.12876712328767,98.65364174722883
2023-05-28,Store003,SKU002,10,94,69.57,144.82,5,SUP002,Clothing,,0,None,9.857142857142858,0.44687170121026343,C,10.484026374443221,19.85662897587892,59.76974066015751,0,False,0.0,Low,4369,54.772602739726025,79.76615646258503
2023-05-28,Store003,SKU003,14,14,27.47,32.96,3,SUP003,Books,,0,None,7.428571428571429,0.49263346168064476,C,9.626516732683555,17.237832147426694,31.91223101839784,0,True,17.91223101839784,Low,3639,54.92602739726028,66.25274341580207
2023-05-29,Store001,SKU001,13,15,305.84,367.01,7,SUP001,Electronics,,0,None,14.714285714285714,0.4469480032434872,C,12.78266391216064,24.26049110326146,115.78266391216064,0,True,100.78266391216064,Medium,5326,55.054794520547944,96.73998507091316
2023-05-29,Store001,SKU002,12,14,69.57,144.82,5,SUP002,Clothing,,0,None,11.0,0.4888827050106926,C,11.603530548078444,20.97617696340303,66.60353054807844,0,True,52.60353054807844,Medium,4420,53.88219178082192,82.03081303706716
2023-05-29,Store001,SKU003,8,73,27.47,32.96,3,SUP003,Books,,0,None,8.571428571428571,0.5124098617067465,C,10.087258421679966,18.51640199545103,35.801544135965685,0,False,0.0,Low,3666,55.73424657534247,65.77643415425453
2023-05-29,Store002,SKU001,13,14,305.84,367.01,7,SUP001,Electronics,,0,None,11.285714285714286,0.48777608644303344,C,14.036779212620559,21.246848505803666,93.03677921262056,0,True,79.03677921262056,High,5359,54.868493150684934,97.6698956408848
2023-05-29,Store002,SKU002,12,61,69.57,144.82,5,SUP002,Clothing,2023-05-18,43,Delivered,8.428571428571429,0.5114843407900957,C,12.823879339210837,18.361450300639575,54.96673648206799,0,False,0.0,Low,4669,52.778082191780825,88.46475290697674
2023-05-29,Store002,SKU003,5,56,27.47,32.96,3,SUP003,Books,,0,None,7.0,0.5196382683114912,C,10.218394694715325,16.73320053068151,31.218394694715325,0,False,0.0,Low,3662,54.57260273972603,67.10326823635724
2023-05-29,Store003,SKU001,13,53,305.84,367.01,7,SUP001,Electronics,,0,None,12.0,0.47559981845990906,C,13.637857369667923,21.908902300206645,97.63785736966793,0,True,44.63785736966793,Medium,5340,54.12876712328767,98.65364174722883
2023-05-29,Store003,SKU002,6,51,69.57,144.82,5,SUP002,Clothing,2023-04-30,82,Delivered,9.714285714285714,0.44687170121026343,C,10.484026374443221,19.712215212183246,59.05545494587179,0,True,8.055454945871787,Low,4369,54.772602739726025,79.76615646258503
2023-05-29,Store003,SKU003,5,87,27.47,32.96,3,SUP003,Books,,0,None,7.142857142857143,0.49263346168064476,C,9.626516732683555,16.903085094570333,31.055088161254986,0,False,0.0,Low,3639,54.92602739726028,66.25274341580207
2023-05-30,Store001,SKU001,4,29,305.84,367.01,7,SUP001,Electronics,,0,None,13.428571428571429,0.4469480032434872,C,12.78266391216064,23.176342617912283,106.78266391216064,0,True,77.78266391216064,Medium,5326,55.054794520547944,96.73998507091316
2023-05-30,Store001,SKU002,8,96,69.57,144.82,5,SUP002,Clothing,,0,None,11.0,0.4888827050106926,C,11.603530548078444,20.97617696340303,66.60353054807844,0,False,0.0,Low,4420,53.88219178082192,82.03081303706716
2023-05-30,Store001,SKU003,5,87,27.47,32.96,3,SUP003,Books,,0,None,7.571428571428571,0.5124098617067465,C,10.087258421679966,17.40279123753264,32.801544135965685,0,False,0.0,Low,3666,55.73424657534247,65.77643415425453
2023-05-30,Store002,SKU001,4,39,305.84,367.01,7,SUP001,Electronics,,0,None,10.285714285714286,0.48777608644303344,C,14.036779212620559,20.2837021134844,86.03677921262056,0,True,47.03677921262056,Medium,5359,54.868493150684934,97.6698956408848
2023-05-30,Store002,SKU002,8,74,69.57,144.82,5,SUP002,Clothing,,0,None,8.857142857142858,0.5114843407900957,C,12.823879339210837,18.822478962286407,57.109593624925125,0,False,0.0,Low,4669,52.778082191780825,88.46475290697674
2023-05-30,Store002,SKU003,9,15,27.47,32.96,3,SUP003,Books,,0,None,6.142857142857143,0.5196382683114912,C,10.218394694715325,15.675276256394518,28.646966123286756,0,True,13.646966123286756,Low,3662,54.57260273972603,67.10326823635724
2023-05-30,Store003,SKU001,5,27,305.84,367.01,7,SUP001,Electronics,,0,None,11.285714285714286,0.47559981845990906,C,13.637857369667923,21.246848505803666,92.63785736966793,0,True,65.63785736966793,Medium,5340,54.12876712328767,98.65364174722883
2023-05-30,Store003,SKU002,10,28,69.57,144.82,5,SUP002,Clothing,,0,None,9.857142857142858,0.44687170121026343,C,10.484026374443221,19.85662897587892,59.76974066015751,0,True,31.76974066015751,Medium,4369,54.772602739726025,79.76615646258503
2023-05-30,Store003,SKU003,10,68,27.47,32.96,3,SUP003,Books,,0,None,7.285714285714286,0.49263346168064476,C,9.626516732683555,17.07127913861675,31.483659589826413,0,False,0.0,Low,3639,54.92602739726028,66.25274341580207
2023-05-31,Store001,SKU001,20,55,305.84,367.01,7,SUP001,Electronics,,0,None,13.285714285714286,0.4469480032434872,C,12.78266391216064,23.052734575936352,105.78266391216064,0,True,50.78266391216064,Medium,5326,55.054794520547944,96.73998507091316
2023-05-31,Store001,SKU002,12,45,69.57,144.82,5,SUP002,Clothing,,0,None,10.571428571428571,0.4888827050106926,C,11.603530548078444,20.56349053193895,64.4606734052213,0,True,19.4606734052213,Low,4420,53.88219178082192,82.03081303706716
2023-05-31,Store001,SKU003,10,48,27.47,32.96,3,SUP003,Books,,0,None,8.0,0.5124098617067465,C,10.087258421679966,17.88854381999832,34.08725842167996,0,False,0.0,Low,3666,55.73424657534247,65.77643415425453
2023-05-31,Store002,SKU001,10,40,305.84,367.01,7,SUP001,Electronics,,0,None,10.0,0.48777608644303344,C,14.036779212620559,20.0,84.03677921262056,0,True,44.03677921262056,Medium,5359,54.868493150684934,97.6698956408848
2023-05-31,Store002,SKU002,12,71,69.57,144.82,5,SUP002,Clothing,2023-05-23,28,Delivered,9.142857142857142,0.5114843407900957,C,12.823879339210837,19.123657749350297,58.53816505349654,0,False,0.0,Low,4669,52.778082191780825,88.46475290697674
2023-05-31,Store002,SKU003,7,22,27.47,32.96,3,SUP003,Books,,0,None,6.142857142857143,0.5196382683114912,C,10.218394694715325,15.675276256394518,28.646966123286756,0,True,6.646966123286756,Low,3662,54.57260273972603,67.10326823635724
2023-05-31,Store003,SKU001,18,62,305.84,367.01,7,SUP001,Electronics,,0,None,13.285714285714286,0.47559981845990906,C,13.637857369667923,23.052734575936352,106.63785736966793,0,True,44.63785736966793,Medium,5340,54.12876712328767,98.65364174722883
2023-05-31,Store003,SKU002,13,15,69.57,144.82,5,SUP002,Clothing,2023-05-09,29,Delivered,10.142857142857142,0.44687170121026343,C,10.484026374443221,20.14235055087379,61.198312088728926,0,True,46.198312088728926,Medium,4369,54.772602739726025,79.76615646258503
2023-05-31,Store003,SKU003,9,76,27.47,32.96,3,SUP003,Books,,0,None,7.714285714285714,0.49263346168064476,C,9.626516732683555,17.566201313073595,32.769373875540694,0,False,0.0,Low,3639,54.92602739726028,66.25274341580207
2023-06-01,Store001,SKU001,6,19,305.84,367.01,7,SUP001,Electronics,,0,None,11.428571428571429,0.4469480032434872,C,12.78266391216064,21.38089935299395,92.78266391216064,0,True,73.78266391216064,Medium,5326,55.054794520547944,96.73998507091316
2023-06-01,Store001,SKU002,11,65,69.57,144.82,5,SUP002,Clothing,,0,None,9.714285714285714,0.4888827050106926,C,11.603530548078444,19.712215212183246,60.174959119507015,0,False,0.0,Low,4420,53.88219178082192,82.03081303706716
2023-06-01,Store001,SKU003,5,51,27.47,32.96,3,SUP003,Books,,0,None,7.857142857142857,0.5124098617067465,C,10.087258421679966,17.728105208558365,33.65868699310853,0,False,0.0,Low,3666,55.73424657534247,65.77643415425453
2023-06-01,Store002,SKU001,9,71,305.84,367.01,7,SUP001,Electronics,,0,None,10.142857142857142,0.48777608644303344,C,14.036779212620559,20.14235055087379,85.03677921262056,0,True,14.036779212620559,Low,5359,54.868493150684934,97.6698956408848
2023-06-01,Store002,SKU002,8,74,69.57,144.82,5,SUP002,Clothing,,0,None,9.285714285714286,0.5114843407900957,C,12.823879339210837,19.27248223318863,59.252450767782264,0,False,0.0,Low,4669,52.778082191780825,88.46475290697674
2023-06-01,Store002,SKU003,8,76,27.47,32.96,3,SUP003,Books,,0,None,6.428571428571429,0.5196382683114912,C,10.218394694715325,16.035674514745462,29.50410898042961,0,False,0.0,Low,3662,54.57260273972603,67.10326823635724
2023-06-01,Store003,SKU001,12,63,305.84,367.01,7,SUP001,Electronics,,0,None,13.857142857142858,0.47559981845990906,C,13.637857369667923,23.543273227945903,110.63785736966793,0,True,47.63785736966793,Medium,5340,54.12876712328767,98.65364174722883
2023-06-01,Store003,SKU002,4,64,69.57,144.82,5,SUP002,Clothing,,0,None,10.0,0.44687170121026343,C,10.484026374443221,20.0,60.48402637444322,0,False,0.0,Low,4369,54.772602739726025,79.76615646258503
2023-06-01,Store003,SKU003,8,92,27.47,32.96,3,SUP003,Books,,0,None,8.142857142857142,0.49263346168064476,C,9.626516732683555,18.04755622554715,34.055088161254986,0,False,0.0,Low,3639,54.92602739726028,66.25274341580207
2023-06-02,Store001,SKU001,8,67,305.84,367.01,7,SUP001,Electronics,,0,None,11.571428571428571,0.4469480032434872,C,12.78266391216064,21.514114968019086,93.78266391216064,0,True,26.782663912160643,Low,5326,55.054794520547944,96.73998507091316
2023-06-02,Store001,SKU002,22,86,69.57,144.82,5,SUP002,Clothing,,0,None,12.142857142857142,0.4888827050106926,C,11.603530548078444,22.03892660077359,72.31781626236415,0,False,0.0,Low,4420,53.88219178082192,82.03081303706716
2023-06-02,Store001,SKU003,12,86,27.47,32.96,3,SUP003,Books,,0,None,7.714285714285714,0.5124098617067465,C,10.087258421679966,17.566201313073595,33.23011556453711,0,False,0.0,Low,3666,55.73424657534247,65.77643415425453
2023-06-02,Store002,SKU001,13,28,305.84,367.01,7,SUP001,Electronics,,0,None,9.428571428571429,0.48777608644303344,C,14.036779212620559,19.42016624910449,80.03677921262056,0,True,52.03677921262056,Medium,5359,54.868493150684934,97.6698956408848
2023-06-02,Store002,SKU002,6,19,69.57,144.82,5,SUP002,Clothing,,0,None,9.428571428571429,0.5114843407900957,C,12.823879339210837,19.42016624910449,59.96673648206799,0,True,40.96673648206799,Medium,4669,52.778082191780825,88.46475290697674
2023-06-02,Store002,SKU003,5,87,27.47,32.96,3,SUP003,Books,,0,None,6.857142857142857,0.5196382683114912,C,10.218394694715325,16.5615734242165,30.789823266143895,0,False,0.0,Low,3662,54.57260273972603,67.10326823635724
2023-06-02,Store003,SKU001,17,51,305.84,367.01,7,SUP001,Electronics,,0,None,13.571428571428571,0.47559981845990906,C,13.637857369667923,23.299294900428702,108.63785736966793,0,True,57.63785736966793,Medium,5340,54.12876712328767,98.65364174722883
2023-06-02,Store003,SKU002,9,92,69.57,144.82,5,SUP002,Clothing,,0,None,10.0,0.44687170121026343,C,10.484026374443221,20.0,60.48402637444322,0,False,0.0,Low,4369,54.772602739726025,79.76615646258503
2023-06-02,Store003,SKU003,8,83,27.47,32.96,3,SUP003,Books,2023-05-24,36,Delivered,8.0,0.49263346168064476,C,9.626516732683555,17.88854381999832,33.626516732683555,0,False,0.0,Low,3639,54.92602739726028,66.25274341580207
2023-06-03,Store001,SKU001,11,45,305.84,367.01,7,SUP001,Electronics,,0,None,11.142857142857142,0.4469480032434872,C,12.78266391216064,21.111946516469903,90.78266391216064,0,True,45.78266391216064,Medium,5326,55.054794520547944,96.73998507091316
2023-06-03,Store001,SKU002,19,79,69.57,144.82,5,SUP002,Clothing,,0,None,13.0,0.4888827050106926,C,11.603530548078444,22.80350850198276,76.60353054807844,0,False,0.0,Low,4420,53.88219178082192,82.03081303706716
2023-06-03,Store001,SKU003,2,86,27.47,32.96,3,SUP003,Books,,0,None,7.142857142857143,0.5124098617067465,C,10.087258421679966,16.903085094570333,31.515829850251396,0,False,0.0,Low,3666,55.73424657534247,65.77643415425453
2023-06-03,Store002,SKU001,24,36,305.84,367.01,7,SUP001,Electronics,,0,None,11.714285714285714,0.48777608644303344,C,14.036779212620559,21.64651077128664,96.03677921262056,0,True,60.03677921262056,Medium,5359,54.868493150684934,97.6698956408848
2023-06-03,Store002,SKU002,8,52,69.57,144.82,5,SUP002,Clothing,,0,None,9.428571428571429,0.5114843407900957,C,12.823879339210837,19.42016624910449,59.96673648206799,0,True,7.9667364820679865,Low,4669,52.778082191780825,88.46475290697674
2023-06-03,Store002,SKU003,6,75,27.47,32.96,3,SUP003,Books,,0,None,6.714285714285714,0.5196382683114912,C,10.218394694715325,16.388149028228554,30.361251837572468,0,False,0.0,Low,3662,54.57260273972603,67.10326823635724
2023-06-03,Store003,SKU001,19,84,305.84,367.01,7,SUP001,Electronics,,0,None,14.571428571428571,0.47559981845990906,C,13.637857369667923,24.142434484888696,115.63785736966793,0,True,31.637857369667927,Low,5340,54.12876712328767,98.65364174722883
2023-06-03,Store003,SKU002,17,24,69.57,144.82,5,SUP002,Clothing,,0,None,9.857142857142858,0.44687170121026343,C,10.484026374443221,19.85662897587892,59.76974066015751,0,True,35.76974066015751,Medium,4369,54.772602739726025,79.76615646258503
2023-06-03,Store003,SKU003,15,49,27.47,32.96,3,SUP003,Books,,0,None,9.857142857142858,0.49263346168064476,C,9.626516732683555,19.85662897587892,39.197945304112125,0,False,0.0,Low,3639,54.92602739726028,66.25274341580207
2023-06-04,Store001,SKU001,15,70,305.84,367.01,7,SUP001,Electronics,,0,None,11.0,0.4469480032434872,C,12.78266391216064,20.97617696340303,89.78266391216064,0,True,19.782663912160643,Low,5326,55.054794520547944,96.73998507091316
2023-06-04,Store001,SKU002,12,49,69.57,144.82,5,SUP002,Clothing,,0,None,13.714285714285714,0.4888827050106926,C,11.603530548078444,23.421601750764797,80.17495911950701,0,True,31.174959119507008,Low,4420,53.88219178082192,82.03081303706716
2023-06-04,Store001,SKU003,11,30,27.47,32.96,3,SUP003,Books,,0,None,7.571428571428571,0.5124098617067465,C,10.087258421679966,17.40279123753264,32.801544135965685,0,True,2.8015441359656847,Low,3666,55.73424657534247,65.77643415425453
2023-06-04,Store002,SKU001,15,75,305.84,367.01,7,SUP001,Electronics,,0,None,12.571428571428571,0.48777608644303344,C,14.036779212620559,22.424476423255523,102.03677921262056,0,True,27.03677921262056,Low,5359,54.868493150684934,97.6698956408848
2023-06-04,Store002,SKU002,20,52,69.57,144.82,5,SUP002,Clothing,,0,None,10.571428571428571,0.5114843407900957,C,12.823879339210837,20.56349053193895,65.6810221963537,0,True,13.681022196353695,Low,4669,52.778082191780825,88.46475290697674
2023-06-04,Store002,SKU003,25,96,27.47,32.96,3,SUP003,Books,,0,None,9.285714285714286,0.5196382683114912,C,10.218394694715325,19.27248223318863,38.07553755185819,0,False,0.0,Low,3662,54.57260273972603,67.10326823635724
2023-06-04,Store003,SKU001,13,33,305.84,367.01,7,SUP001,Electronics,,0,None,13.857142857142858,0.47559981845990906,C,13.637857369667923,23.543273227945903,110.63785736966793,0,True,77.63785736966793,Medium,5340,54.12876712328767,98.65364174722883
2023-06-04,Store003,SKU002,13,27,69.57,144.82,5,SUP002,Clothing,,0,None,10.285714285714286,0.44687170121026343,C,10.484026374443221,20.2837021134844,61.91259780301465,0,True,34.91259780301465,Medium,4369,54.772602739726025,79.76615646258503
2023-06-04,Store003,SKU003,7,97,27.47,32.96,3,SUP003,Books,,0,None,8.857142857142858,0.49263346168064476,C,9.626516732683555,18.822478962286407,36.197945304112125,0,False,0.0,Low,3639,54.92602739726028,66.25274341580207
2023-06-05,Store001,SKU001,8,38,305.84,367.01,7,SUP001,Electronics,,0,None,10.285714285714286,0.4469480032434872,C,12.78266391216064,20.2837021134844,84.78266391216064,0,True,46.78266391216064,Medium,5326,55.054794520547944,96.73998507091316
2023-06-05,Store001,SKU002,14,25,69.57,144.82,5,SUP002,Clothing,,0,None,14.0,0.4888827050106926,C,11.603530548078444,23.664319132398465,81.60353054807844,0,True,56.60353054807844,Medium,4420,53.88219178082192,82.03081303706716
2023-06-05,Store001,SKU003,9,12,27.47,32.96,3,SUP003,Books,,0,None,7.714285714285714,0.5124098617067465,C,10.087258421679966,17.566201313073595,33.23011556453711,0,True,21.23011556453711,Low,3666,55.73424657534247,65.77643415425453
2023-06-05,Store002,SKU001,17,77,305.84,367.01,7,SUP001,Electronics,2023-05-31,43,Confirmed,13.142857142857142,0.48777608644303344,C,14.036779212620559,22.92846016884443,63.03677921262056,43,False,0.0,Low,5359,54.868493150684934,97.6698956408848
2023-06-05,Store002,SKU002,21,92,69.57,144.82,5,SUP002,Clothing,,0,None,11.857142857142858,0.5114843407900957,C,12.823879339210837,21.778101714468008,72.10959362492513,0,False,0.0,Low,4669,52.778082191780825,88.46475290697674
2023-06-05,Store002,SKU003,15,67,27.47,32.96,3,SUP003,Books,,0,None,10.714285714285714,0.5196382683114912,C,10.218394694715325,20.701966780270627,42.36125183757247,0,False,0.0,Low,3662,54.57260273972603,67.10326823635724
2023-06-05,Store003,SKU001,30,13,305.84,367.01,7,SUP001,Electronics,,0,None,16.285714285714285,0.47559981845990906,C,13.637857369667923,25.523098781859762,127.63785736966793,0,True,114.63785736966793,High,5340,54.12876712328767,98.65364174722883
2023-06-05,Store003,SKU002,11,36,69.57,144.82,5,SUP002,Clothing,,0,None,11.0,0.44687170121026343,C,10.484026374443221,20.97617696340303,65.48402637444322,0,True,29.484026374443218,Low,4369,54.772602739726025,79.76615646258503
2023-06-05,Store003,SKU003,0,30,27.47,32.96,3,SUP003,Books,,0,None,8.142857142857142,0.49263346168064476,C,9.626516732683555,18.04755622554715,34.055088161254986,0,True,4.055088161254986,Low,3639,54.92602739726028,66.25274341580207
2023-06-06,Store001,SKU001,18,64,305.84,367.01,7,SUP001,Electronics,,0,None,12.285714285714286,0.4469480032434872,C,12.78266391216064,22.168188275738085,98.78266391216064,0,True,34.78266391216064,Low,5326,55.054794520547944,96.73998507091316
2023-06-06,Store001,SKU002,14,50,69.57,144.82,5,SUP002,Clothing,,0,None,14.857142857142858,0.4888827050106926,C,11.603530548078444,24.377976008801763,85.88924483379273,0,True,35.88924483379273,Low,4420,53.88219178082192,82.03081303706716
2023-06-06,Store001,SKU003,12,80,27.47,32.96,3,SUP003,Books,,0,None,8.714285714285714,0.5124098617067465,C,10.087258421679966,18.670067717376618,36.2301155645371,0,False,0.0,Low,3666,55.73424657534247,65.77643415425453
2023-06-06,Store002,SKU001,8,69,305.84,367.01,7,SUP001,Electronics,,0,None,13.714285714285714,0.48777608644303344,C,14.036779212620559,23.421601750764797,110.03677921262056,0,True,41.03677921262056,Low,5359,54.868493150684934,97.6698956408848
2023-06-06,Store002,SKU002,2,58,69.57,144.82,5,SUP002,Clothing,,0,None,11.0,0.5114843407900957,C,12.823879339210837,20.97617696340303,67.82387933921083,0,True,9.823879339210833,Low,4669,52.778082191780825,88.46475290697674
2023-06-06,Store002,SKU003,14,31,27.47,32.96,3,SUP003,Books,,0,None,11.428571428571429,0.5196382683114912,C,10.218394694715325,21.38089935299395,44.504108980429606,0,True,13.504108980429606,Low,3662,54.57260273972603,67.10326823635724
2023-06-06,Store003,SKU001,24,42,305.84,367.01,7,SUP001,Electronics,,0,None,19.0,0.47559981845990906,C,13.637857369667923,27.568097504180443,146.63785736966793,0,True,104.63785736966793,Medium,5340,54.12876712328767,98.65364174722883
2023-06-06,Store003,SKU002,6,48,69.57,144.82,5,SUP002,Clothing,,0,None,10.428571428571429,0.44687170121026343,C,10.484026374443221,20.42407542932745,62.62688351730037,0,True,14.62688351730037,Low,4369,54.772602739726025,79.76615646258503
2023-06-06,Store003,SKU003,11,12,27.47,32.96,3,SUP003,Books,,0,None,8.285714285714286,0.49263346168064476,C,9.626516732683555,18.20517979665599,34.483659589826416,0,True,22.483659589826416,Low,3639,54.92602739726028,66.25274341580207
2023-06-07,Store001,SKU001,4,92,305.84,367.01,7,SUP001,Electronics,,0,None,10.0,0.4469480032434872,C,12.78266391216064,20.0,82.78266391216064,0,False,0.0,Low,5326,55.054794520547944,96.73998507091316
2023-06-07,Store001,SKU002,19,72,69.57,144.82,5,SUP002,Clothing,,0,None,15.857142857142858,0.4888827050106926,C,11.603530548078444,25.18502956690173,90.88924483379273,0,True,18.88924483379273,Low,4420,53.88219178082192,82.03081303706716
2023-06-07,Store001,SKU003,4,59,27.47,32.96,3,SUP003,Books,,0,None,7.857142857142857,0.5124098617067465,C,10.087258421679966,17.728105208558365,33.65868699310853,0,False,0.0,Low,3666,55.73424657534247,65.77643415425453
2023-06-07,Store002,SKU001,6,31,305.84,367.01,7,SUP001,Electronics,,0,None,13.142857142857142,0.48777608644303344,C,14.036779212620559,22.92846016884443,106.03677921262056,0,True,75.03677921262056,Medium,5359,54.868493150684934,97.6698956408848
2023-06-07,Store002,SKU002,7,34,69.57,144.82,5,SUP002,Clothing,,0,None,10.285714285714286,0.5114843407900957,C,12.823879339210837,20.2837021134844,64.25245076778226,0,True,30.252450767782264,Low,4669,52.778082191780825,88.46475290697674
2023-06-07,Store002,SKU003,23,74,27.47,32.96,3,SUP003,Books,,0,None,13.714285714285714,0.5196382683114912,C,10.218394694715325,23.421601750764797,51.36125183757247,0,False,0.0,Low,3662,54.57260273972603,67.10326823635724
2023-06-07,Store003,SKU001,12,22,305.84,367.01,7,SUP001,Electronics,,0,None,18.142857142857142,0.47559981845990906,C,13.637857369667923,26.939084723024383,140.63785736966793,0,True,118.63785736966793,Medium,5340,54.12876712328767,98.65364174722883
2023-06-07,Store003,SKU002,18,72,69.57,144.82,5,SUP002,Clothing,,0,None,11.142857142857142,0.44687170121026343,C,10.484026374443221,21.111946516469903,66.19831208872893,0,False,0.0,Low,4369,54.772602739726025,79.76615646258503
2023-06-07,Store003,SKU003,7,58,27.47,32.96,3,SUP003,Books,,0,None,8.0,0.49263346168064476,C,9.626516732683555,17.88854381999832,33.626516732683555,0,False,0.0,Low,3639,54.92602739726028,66.25274341580207
2023-06-08,Store001,SKU001,16,64,305.84,367.01,7,SUP001,Electronics,,0,None,11.428571428571429,0.4469480032434872,C,12.78266391216064,21.38089935299395,92.78266391216064,0,True,28.782663912160643,Low,5326,55.054794520547944,96.73998507091316
2023-06-08,Store001,SKU002,14,50,69.57,144.82,5,SUP002,Clothing,2023-05-13,92,Delivered,16.285714285714285,0.4888827050106926,C,11.603530548078444,25.523098781859762,93.03210197664986,0,True,43.032101976649855,Low,4420,53.88219178082192,82.03081303706716
2023-06-08,Store001,SKU003,12,27,27.47,32.96,3,SUP003,Books,,0,None,8.857142857142858,0.5124098617067465,C,10.087258421679966,18.822478962286407,36.65868699310854,0,True,9.658686993108539,Low,3666,55.73424657534247,65.77643415425453
2023-06-08,Store002,SKU001,18,29,305.84,367.01,7,SUP001,Electronics,,0,None,14.428571428571429,0.48777608644303344,C,14.036779212620559,24.023797725231894,115.03677921262056,0,True,86.03677921262056,Medium,5359,54.868493150684934,97.6698956408848
2023-06-08,Store002,SKU002,11,67,69.57,144.82,5,SUP002,Clothing,,0,None,10.714285714285714,0.5114843407900957,C,12.823879339210837,20.701966780270627,66.3953079106394,0,False,0.0,Low,4669,52.778082191780825,88.46475290697674
2023-06-08,Store002,SKU003,16,48,27.47,32.96,3,SUP003,Books,,0,None,14.857142857142858,0.5196382683114912,C,10.218394694715325,24.377976008801763,54.7898232661439,0,True,6.789823266143898,Low,3662,54.57260273972603,67.10326823635724
2023-06-08,Store003,SKU001,11,49,305.84,367.01,7,SUP001,Electronics,,0,None,18.0,0.47559981845990906,C,13.637857369667923,26.832815729997478,139.63785736966793,0,True,90.63785736966793,Medium,5340,54.12876712328767,98.65364174722883
2023-06-08,Store003,SKU002,11,26,69.57,144.82,5,SUP002,Clothing,,0,None,12.142857142857142,0.44687170121026343,C,10.484026374443221,22.03892660077359,71.19831208872893,0,True,45.198312088728926,Medium,4369,54.772602739726025,79.76615646258503
2023-06-08,Store003,SKU003,19,20,27.47,32.96,3,SUP003,Books,,0,None,9.571428571428571,0.49263346168064476,C,9.626516732683555,19.566735620873065,38.34080244696927,0,True,18.34080244696927,Low,3639,54.92602739726028,66.25274341580207
2023-06-09,Store001,SKU001,9,55,305.84,367.01,7,SUP001,Electronics,,0,None,11.571428571428571,0.4469480032434872,C,12.78266391216064,21.514114968019086,93.78266391216064,0,True,38.78266391216064,Medium,5326,55.054794520547944,96.73998507091316
2023-06-09,Store001,SKU002,7,63,69.57,144.82,5,SUP002,Clothing,,0,None,14.142857142857142,0.4888827050106926,C,11.603530548078444,23.784749015162756,82.31781626236415,0,True,19.317816262364147,Low,4420,53.88219178082192,82.03081303706716
2023-06-09,Store001,SKU003,6,12,27.47,32.96,3,SUP003,Books,,0,None,8.0,0.5124098617067465,C,10.087258421679966,17.88854381999832,34.08725842167996,0,True,22.087258421679962,Low,3666,55.73424657534247,65.77643415425453
2023-06-09,Store002,SKU001,6,27,305.84,367.01,7,SUP001,Electronics,,0,None,13.428571428571429,0.48777608644303344,C,14.036779212620559,23.176342617912283,108.03677921262056,0,True,81.03677921262056,Medium,5359,54.868493150684934,97.6698956408848
2023-06-09,Store002,SKU002,9,53,69.57,144.82,5,SUP002,Clothing,,0,None,11.142857142857142,0.5114843407900957,C,12.823879339210837,21.111946516469903,68.53816505349654,0,True,15.538165053496542,Low,4669,52.778082191780825,88.46475290697674
2023-06-09,Store002,SKU003,13,51,27.47,32.96,3,SUP003,Books,,0,None,16.0,0.5196382683114912,C,10.218394694715325,25.298221281347036,58.21839469471533,0,True,7.218394694715329,Low,3662,54.57260273972603,67.10326823635724
2023-06-09,Store003,SKU001,15,76,305.84,367.01,7,SUP001,Electronics,2023-06-04,23,Confirmed,17.714285714285715,0.47559981845990906,C,13.637857369667923,26.619005025947697,114.63785736966793,23,True,15.637857369667927,Low,5340,54.12876712328767,98.65364174722883
2023-06-09,Store003,SKU002,2,15,69.57,144.82,5,SUP002,Clothing,,0,None,11.142857142857142,0.44687170121026343,C,10.484026374443221,21.111946516469903,66.19831208872893,0,True,51.198312088728926,Medium,4369,54.772602739726025,79.76615646258503
2023-06-09,Store003,SKU003,18,80,27.47,32.96,3,SUP003,Books,,0,None,11.0,0.49263346168064476,C,9.626516732683555,20.97617696340303,42.626516732683555,0,False,0.0,Low,3639,54.92602739726028,66.25274341580207
2023-06-10,Store001,SKU001,14,80,305.84,367.01,7,SUP001,Electronics,,0,None,12.0,0.4469480032434872,C,12.78266391216064,21.908902300206645,96.78266391216064,0,True,16.782663912160643,Low,5326,55.054794520547944,96.73998507091316
2023-06-10,Store001,SKU002,18,24,69.57,144.82,5,SUP002,Clothing,2023-06-02,66,Delivered,14.0,0.4888827050106926,C,11.603530548078444,23.664319132398465,81.60353054807844,0,True,57.60353054807844,Medium,4420,53.88219178082192,82.03081303706716
2023-06-10,Store001,SKU003,3,43,27.47,32.96,3,SUP003,Books,,0,None,8.142857142857142,0.5124098617067465,C,10.087258421679966,18.04755622554715,34.51582985025139,0,False,0.0,Low,3666,55.73424657534247,65.77643415425453
2023-06-10,Store002,SKU001,19,28,305.84,367.01,7,SUP001,Electronics,,0,None,12.714285714285714,0.48777608644303344,C,14.036779212620559,22.551528297909847,103.03677921262056,0,True,75.03677921262056,Medium,5359,54.868493150684934,97.6698956408848
2023-06-10,Store002,SKU002,15,62,69.57,144.82,5,SUP002,Clothing,2023-05-15,90,Delivered,12.142857142857142,0.5114843407900957,C,12.823879339210837,22.03892660077359,73.53816505349654,0,True,11.538165053496542,Low,4669,52.778082191780825,88.46475290697674
2023-06-10,Store002,SKU003,9,83,27.47,32.96,3,SUP003,Books,2023-05-15,49,Delivered,16.428571428571427,0.5196382683114912,C,10.218394694715325,25.63479777846623,59.504108980429606,0,False,0.0,Low,3662,54.57260273972603,67.10326823635724
2023-06-10,Store003,SKU001,25,23,305.84,367.01,7,SUP001,Electronics,,0,None,18.571428571428573,0.47559981845990906,C,13.637857369667923,27.255405754769875,143.63785736966793,0,True,120.63785736966793,Medium,5340,54.12876712328767,98.65364174722883
2023-06-10,Store003,SKU002,16,17,69.57,144.82,5,SUP002,Clothing,,0,None,11.0,0.44687170121026343,C,10.484026374443221,20.97617696340303,65.48402637444322,0,True,48.48402637444322,Medium,4369,54.772602739726025,79.76615646258503
2023-06-10,Store003,SKU003,15,45,27.47,32.96,3,SUP003,Books,,0,None,11.0,0.49263346168064476,C,9.626516732683555,20.97617696340303,42.626516732683555,0,False,0.0,Low,3639,54.92602739726028,66.25274341580207
2023-06-11,Store001,SKU001,16,61,305.84,367.01,7,SUP001,Electronics,,0,None,12.142857142857142,0.4469480032434872,C,12.78266391216064,22.03892660077359,97.78266391216064,0,True,36.78266391216064,Medium,5326,55.054794520547944,96.73998507091316
2023-06-11,Store001,SKU002,14,58,69.57,144.82,5,SUP002,Clothing,,0,None,14.285714285714286,0.4888827050106926,C,11.603530548078444,23.904572186687872,83.03210197664987,0,True,25.03210197664987,Low,4420,53.88219178082192,82.03081303706716
2023-06-11,Store001,SKU003,13,53,27.47,32.96,3,SUP003,Books,,0,None,8.428571428571429,0.5124098617067465,C,10.087258421679966,18.361450300639575,35.372972707394254,0,False,0.0,Low,3666,55.73424657534247,65.77643415425453
2023-06-11,Store002,SKU001,34,86,305.84,367.01,7,SUP001,Electronics,,0,None,15.428571428571429,0.48777608644303344,C,14.036779212620559,24.84236013632475,122.03677921262056,0,True,36.03677921262056,Low,5359,54.868493150684934,97.6698956408848
2023-06-11,Store002,SKU002,3,61,69.57,144.82,5,SUP002,Clothing,,0,None,9.714285714285714,0.5114843407900957,C,12.823879339210837,19.712215212183246,61.3953079106394,0,True,0.39530791063940285,Low,4669,52.778082191780825,88.46475290697674
2023-06-11,Store002,SKU003,9,11,27.47,32.96,3,SUP003,Books,,0,None,14.142857142857142,0.5196382683114912,C,10.218394694715325,23.784749015162756,52.64696612328676,0,True,41.64696612328676,Low,3662,54.57260273972603,67.10326823635724
2023-06-11,Store003,SKU001,13,51,305.84,367.01,7,SUP001,Electronics,2023-05-19,82,Delivered,18.571428571428573,0.47559981845990906,C,13.637857369667923,27.255405754769875,143.63785736966793,0,True,92.63785736966793,Medium,5340,54.12876712328767,98.65364174722883
2023-06-11,Store003,SKU002,13,70,69.57,144.82,5,SUP002,Clothing,,0,None,11.0,0.44687170121026343,C,10.484026374443221,20.97617696340303,65.48402637444322,0,False,0.0,Low,4369,54.772602739726025,79.76615646258503
2023-06-11,Store003,SKU003,10,31,27.47,32.96,3,SUP003,Books,,0,None,11.428571428571429,0.49263346168064476,C,9.626516732683555,21.38089935299395,43.91223101839784,0,True,12.91223101839784,Low,3639,54.92602739726028,66.25274341580207
2023-06-12,Store001,SKU001,6,98,305.84,367.01,7,SUP001,Electronics,,0,None,11.857142857142858,0.4469480032434872,C,12.78266391216064,21.778101714468008,95.78266391216064,0,False,0.0,Low,5326,55.054794520547944,96.73998507091316
2023-06-12,Store001,SKU002,16,21,69.57,144.82,5,SUP002,Clothing,,0,None,14.571428571428571,0.4888827050106926,C,11.603530548078444,24.142434484888696,84.4606734052213,0,True,63.4606734052213,Medium,4420,53.88219178082192,82.03081303706716
2023-06-12,Store001,SKU003,19,12,27.47,32.96,3,SUP003,Books,2023-05-14,30,Delivered,9.857142857142858,0.5124098617067465,C,10.087258421679966,19.85662897587892,39.65868699310854,0,True,27.65868699310854,Low,3666,55.73424657534247,65.77643415425453
2023-06-12,Store002,SKU001,19,85,305.84,367.01,7,SUP001,Electronics,,0,None,15.714285714285714,0.48777608644303344,C,14.036779212620559,25.071326821120348,124.03677921262056,0,True,39.03677921262056,Low,5359,54.868493150684934,97.6698956408848
2023-06-12,Store002,SKU002,11,81,69.57,144.82,5,SUP002,Clothing,,0,None,8.285714285714286,0.5114843407900957,C,12.823879339210837,18.20517979665599,54.252450767782264,0,False,0.0,Low,4669,52.778082191780825,88.46475290697674
2023-06-12,Store002,SKU003,14,47,27.47,32.96,3,SUP003,Books,,0,None,14.0,0.5196382683114912,C,10.218394694715325,23.664319132398465,52.21839469471533,0,True,5.218394694715329,Low,3662,54.57260273972603,67.10326823635724
2023-06-12,Store003,SKU001,12,20,305.84,367.01,7,SUP001,Electronics,,0,None,16.0,0.47559981845990906,C,13.637857369667923,25.298221281347036,125.63785736966793,0,True,105.63785736966793,Medium,5340,54.12876712328767,98.65364174722883
2023-06-12,Store003,SKU002,16,17,69.57,144.82,5,SUP002,Clothing,,0,None,11.714285714285714,0.44687170121026343,C,10.484026374443221,21.64651077128664,69.05545494587179,0,True,52.05545494587179,Medium,4369,54.772602739726025,79.76615646258503
2023-06-12,Store003,SKU003,9,42,27.47,32.96,3,SUP003,Books,,0,None,12.714285714285714,0.49263346168064476,C,9.626516732683555,22.551528297909847,47.769373875540694,0,True,5.769373875540694,Low,3639,54.92602739726028,66.25274341580207
2023-06-13,Store001,SKU001,7,72,305.84,367.01,7,SUP001,Electronics,,0,None,10.285714285714286,0.4469480032434872,C,12.78266391216064,20.2837021134844,84.78266391216064,0,True,12.782663912160643,Low,5326,55.054794520547944,96.73998507091316
2023-06-13,Store001,SKU002,16,51,69.57,144.82,5,SUP002,Clothing,,0,None,14.857142857142858,0.4888827050106926,C,11.603530548078444,24.377976008801763,85.88924483379273,0,True,34.88924483379273,Low,4420,53.88219178082192,82.03081303706716
2023-06-13,Store001,SKU003,11,95,27.47,32.96,3,SUP003,Books,,0,None,9.714285714285714,0.5124098617067465,C,10.087258421679966,19.712215212183246,39.2301155645371,0,False,0.0,Low,3666,55.73424657534247,65.77643415425453
2023-06-13,Store002,SKU001,15,70,305.84,367.01,7,SUP001,Electronics,,0,None,16.714285714285715,0.48777608644303344,C,14.036779212620559,25.85674822114004,131.03677921262056,0,True,61.03677921262056,Medium,5359,54.868493150684934,97.6698956408848
2023-06-13,Store002,SKU002,13,75,69.57,144.82,5,SUP002,Clothing,,0,None,9.857142857142858,0.5114843407900957,C,12.823879339210837,19.85662897587892,62.109593624925125,0,False,0.0,Low,4669,52.778082191780825,88.46475290697674
2023-06-13,Store002,SKU003,6,24,27.47,32.96,3,SUP003,Books,,0,None,12.857142857142858,0.5196382683114912,C,10.218394694715325,22.677868380553633,48.7898232661439,0,True,24.789823266143898,Low,3662,54.57260273972603,67.10326823635724
2023-06-13,Store003,SKU001,17,20,305.84,367.01,7,SUP001,Electronics,,0,None,15.0,0.47559981845990906,C,13.637857369667923,24.49489742783178,118.63785736966793,0,True,98.63785736966793,Medium,5340,54.12876712328767,98.65364174722883
2023-06-13,Store003,SKU002,4,61,69.57,144.82,5,SUP002,Clothing,,0,None,11.428571428571429,0.44687170121026343,C,10.484026374443221,21.38089935299395,67.62688351730037,0,True,6.626883517300371,Low,4369,54.772602739726025,79.76615646258503
2023-06-13,Store003,SKU003,13,44,27.47,32.96,3,SUP003,Books,,0,None,13.0,0.49263346168064476,C,9.626516732683555,22.80350850198276,48.626516732683555,0,True,4.626516732683555,Low,3639,54.92602739726028,66.25274341580207
2023-06-14,Store001,SKU001,25,35,305.84,367.01,7,SUP001,Electronics,,0,None,13.285714285714286,0.4469480032434872,C,12.78266391216064,23.052734575936352,105.78266391216064,0,True,70.78266391216064,Medium,5326,55.054794520547944,96.73998507091316
2023-06-14,Store001,SKU002,12,55,69.57,144.82,5,SUP002,Clothing,,0,None,13.857142857142858,0.4888827050106926,C,11.603530548078444,23.543273227945903,80.88924483379273,0,True,25.88924483379273,Low,4420,53.88219178082192,82.03081303706716
2023-06-14,Store001,SKU003,5,76,27.47,32.96,3,SUP003,Books,,0,None,9.857142857142858,0.5124098617067465,C,10.087258421679966,19.85662897587892,39.65868699310854,0,False,0.0,Low,3666,55.73424657534247,65.77643415425453
2023-06-14,Store002,SKU001,9,25,305.84,367.01,7,SUP001,Electronics,,0,None,17.142857142857142,0.48777608644303344,C,14.036779212620559,26.186146828319085,134.03677921262056,0,True,109.03677921262056,Medium,5359,54.868493150684934,97.6698956408848
2023-06-14,Store002,SKU002,5,44,69.57,144.82,5,SUP002,Clothing,,0,None,9.571428571428571,0.5114843407900957,C,12.823879339210837,19.566735620873065,60.681022196353695,0,True,16.681022196353695,Low,4669,52.778082191780825,88.46475290697674
2023-06-14,Store002,SKU003,15,99,27.47,32.96,3,SUP003,Books,,0,None,11.714285714285714,0.5196382683114912,C,10.218394694715325,21.64651077128664,45.36125183757247,0,False,0.0,Low,3662,54.57260273972603,67.10326823635724
2023-06-14,Store003,SKU001,9,38,305.84,367.01,7,SUP001,Electronics,,0,None,14.571428571428571,0.47559981845990906,C,13.637857369667923,24.142434484888696,115.63785736966793,0,True,77.63785736966793,Medium,5340,54.12876712328767,98.65364174722883
2023-06-14,Store003,SKU002,6,95,69.57,144.82,5,SUP002,Clothing,,0,None,9.714285714285714,0.44687170121026343,C,10.484026374443221,19.712215212183246,59.05545494587179,0,False,0.0,Low,4369,54.772602739726025,79.76615646258503
2023-06-14,Store003,SKU003,13,33,27.47,32.96,3,SUP003,Books,,0,None,13.857142857142858,0.49263346168064476,C,9.626516732683555,23.543273227945903,51.197945304112125,0,True,18.197945304112125,Low,3639,54.92602739726028,66.25274341580207
2023-06-15,Store001,SKU001,12,87,305.84,367.01,7,SUP001,Electronics,,0,None,12.714285714285714,0.4469480032434872,C,12.78266391216064,22.551528297909847,101.78266391216064,0,True,14.782663912160643,Low,5326,55.054794520547944,96.73998507091316
2023-06-15,Store001,SKU002,7,19,69.57,144.82,5,SUP002,Clothing,,0,None,12.857142857142858,0.4888827050106926,C,11.603530548078444,22.677868380553633,75.88924483379273,0,True,56.88924483379273,Medium,4420,53.88219178082192,82.03081303706716
2023-06-15,Store001,SKU003,26,73,27.47,32.96,3,SUP003,Books,,0,None,11.857142857142858,0.5124098617067465,C,10.087258421679966,21.778101714468008,45.65868699310853,0,False,0.0,Low,3666,55.73424657534247,65.77643415425453
2023-06-15,Store002,SKU001,4,27,305.84,367.01,7,SUP001,Electronics,,0,None,15.142857142857142,0.48777608644303344,C,14.036779212620559,24.611263391266316,120.03677921262056,0,True,93.03677921262056,Medium,5359,54.868493150684934,97.6698956408848
2023-06-15,Store002,SKU002,9,48,69.57,144.82,5,SUP002,Clothing,,0,None,9.285714285714286,0.5114843407900957,C,12.823879339210837,19.27248223318863,59.252450767782264,0,True,11.252450767782264,Low,4669,52.778082191780825,88.46475290697674
2023-06-15,Store002,SKU003,8,32,27.47,32.96,3,SUP003,Books,,0,None,10.571428571428571,0.5196382683114912,C,10.218394694715325,20.56349053193895,41.93268040900104,0,True,9.932680409001037,Low,3662,54.57260273972603,67.10326823635724
2023-06-15,Store003,SKU001,13,97,305.84,367.01,7,SUP001,Electronics,,0,None,14.857142857142858,0.47559981845990906,C,13.637857369667923,24.377976008801763,117.63785736966793,0,True,20.637857369667927,Low,5340,54.12876712328767,98.65364174722883
2023-06-15,Store003,SKU002,17,53,69.57,144.82,5,SUP002,Clothing,,0,None,10.571428571428571,0.44687170121026343,C,10.484026374443221,20.56349053193895,63.34116923158608,0,True,10.341169231586079,Low,4369,54.772602739726025,79.76615646258503
2023-06-15,Store003,SKU003,20,56,27.47,32.96,3,SUP003,Books,,0,None,14.0,0.49263346168064476,C,9.626516732683555,23.664319132398465,51.626516732683555,0,False,0.0,Low,3639,54.92602739726028,66.25274341580207
2023-06-16,Store001,SKU001,11,79,305.84,367.01,7,SUP001,Electronics,2023-06-03,87,Delivered,13.0,0.4469480032434872,C,12.78266391216064,22.80350850198276,103.78266391216064,0,True,24.782663912160643,Low,5326,55.054794520547944,96.73998507091316
2023-06-16,Store001,SKU002,11,64,69.57,144.82,5,SUP002,Clothing,2023-06-03,37,Delivered,13.428571428571429,0.4888827050106926,C,11.603530548078444,23.176342617912283,78.74638769093558,0,True,14.746387690935578,Low,4420,53.88219178082192,82.03081303706716
2023-06-16,Store001,SKU003,6,20,27.47,32.96,3,SUP003,Books,,0,None,11.857142857142858,0.5124098617067465,C,10.087258421679966,21.778101714468008,45.65868699310853,0,True,25.65868699310853,Low,3666,55.73424657534247,65.77643415425453
2023-06-16,Store002,SKU001,11,79,305.84,367.01,7,SUP001,Electronics,,0,None,15.857142857142858,0.48777608644303344,C,14.036779212620559,25.18502956690173,125.03677921262056,0,True,46.03677921262056,Low,5359,54.868493150684934,97.6698956408848
2023-06-16,Store002,SKU002,10,53,69.57,144.82,5,SUP002,Clothing,,0,None,9.428571428571429,0.5114843407900957,C,12.823879339210837,19.42016624910449,59.96673648206799,0,True,6.9667364820679865,Low,4669,52.778082191780825,88.46475290697674
2023-06-16,Store002,SKU003,8,46,27.47,32.96,3,SUP003,Books,,0,None,9.857142857142858,0.5196382683114912,C,10.218394694715325,19.85662897587892,39.7898232661439,0,False,0.0,Low,3662,54.57260273972603,67.10326823635724
2023-06-16,Store003,SKU001,16,82,305.84,367.01,7,SUP001,Electronics,,0,None,15.0,0.47559981845990906,C,13.637857369667923,24.49489742783178,118.63785736966793,0,True,36.63785736966793,Low,5340,54.12876712328767,98.65364174722883
2023-06-16,Store003,SKU002,13,49,69.57,144.82,5,SUP002,Clothing,,0,None,12.142857142857142,0.44687170121026343,C,10.484026374443221,22.03892660077359,71.19831208872893,0,True,22.198312088728926,Low,4369,54.772602739726025,79.76615646258503
2023-06-16,Store003,SKU003,15,43,27.47,32.96,3,SUP003,Books,,0,None,13.571428571428571,0.49263346168064476,C,9.626516732683555,23.299294900428702,50.34080244696927,0,True,7.3408024469692705,Low,3639,54.92602739726028,66.25274341580207
2023-06-17,Store001,SKU001,13,82,305.84,367.01,7,SUP001,Electronics,,0,None,12.857142857142858,0.4469480032434872,C,12.78266391216064,22.677868380553633,102.78266391216064,0,True,20.782663912160643,Low,5326,55.054794520547944,96.73998507091316
2023-06-17,Store001,SKU002,10,75,69.57,144.82,5,SUP002,Clothing,,0,None,12.285714285714286,0.4888827050106926,C,11.603530548078444,22.168188275738085,73.03210197664987,0,False,0.0,Low,4420,53.88219178082192,82.03081303706716
2023-06-17,Store001,SKU003,3,84,27.47,32.96,3,SUP003,Books,,0,None,11.857142857142858,0.5124098617067465,C,10.087258421679966,21.778101714468008,45.65868699310853,0,False,0.0,Low,3666,55.73424657534247,65.77643415425453
2023-06-17,Store002,SKU001,11,17,305.84,367.01,7,SUP001,Electronics,,0,None,14.714285714285714,0.48777608644303344,C,14.036779212620559,24.26049110326146,117.03677921262056,0,True,100.03677921262056,Medium,5359,54.868493150684934,97.6698956408848
2023-06-17,Store002,SKU002,13,77,69.57,144.82,5,SUP002,Clothing,,0,None,9.142857142857142,0.5114843407900957,C,12.823879339210837,19.123657749350297,58.53816505349654,0,False,0.0,Low,4669,52.778082191780825,88.46475290697674
2023-06-17,Store002,SKU003,0,18,27.47,32.96,3,SUP003,Books,,0,None,8.571428571428571,0.5196382683114912,C,10.218394694715325,18.51640199545103,35.93268040900104,0,True,17.932680409001037,Low,3662,54.57260273972603,67.10326823635724
2023-06-17,Store003,SKU001,19,39,305.84,367.01,7,SUP001,Electronics,,0,None,14.142857142857142,0.47559981845990906,C,13.637857369667923,23.784749015162756,112.63785736966793,0,True,73.63785736966793,Medium,5340,54.12876712328767,98.65364174722883
2023-06-17,Store003,SKU002,11,82,69.57,144.82,5,SUP002,Clothing,,0,None,11.428571428571429,0.44687170121026343,C,10.484026374443221,21.38089935299395,67.62688351730037,0,False,0.0,Low,4369,54.772602739726025,79.76615646258503
2023-06-17,Store003,SKU003,7,84,27.47,32.96,3,SUP003,Books,,0,None,12.428571428571429,0.49263346168064476,C,9.626516732683555,22.296700588716195,46.91223101839784,0,False,0.0,Low,3639,54.92602739726028,66.25274341580207
2023-06-18,Store001,SKU001,11,27,305.84,367.01,7,SUP001,Electronics,,0,None,12.142857142857142,0.4469480032434872,C,12.78266391216064,22.03892660077359,97.78266391216064,0,True,70.78266391216064,Medium,5326,55.054794520547944,96.73998507091316
2023-06-18,Store001,SKU002,10,14,69.57,144.82,5,SUP002,Clothing,,0,None,11.714285714285714,0.4888827050106926,C,11.603530548078444,21.64651077128664,70.17495911950701,0,True,56.17495911950701,Medium,4420,53.88219178082192,82.03081303706716
2023-06-18,Store001,SKU003,5,88,27.47,32.96,3,SUP003,Books,,0,None,10.714285714285714,0.5124098617067465,C,10.087258421679966,20.701966780270627,42.2301155645371,0,False,0.0,Low,3666,55.73424657534247,65.77643415425453
2023-06-18,Store002,SKU001,13,97,305.84,367.01,7,SUP001,Electronics,,0,None,11.714285714285714,0.48777608644303344,C,14.036779212620559,21.64651077128664,96.03677921262056,0,False,0.0,Low,5359,54.868493150684934,97.6698956408848
2023-06-18,Store002,SKU002,12,72,69.57,144.82,5,SUP002,Clothing,,0,None,10.428571428571429,0.5114843407900957,C,12.823879339210837,20.42407542932745,64.96673648206799,0,False,0.0,Low,4669,52.778082191780825,88.46475290697674
2023-06-18,Store002,SKU003,17,15,27.47,32.96,3,SUP003,Books,,0,None,9.714285714285714,0.5196382683114912,C,10.218394694715325,19.712215212183246,39.36125183757247,0,True,24.361251837572468,Low,3662,54.57260273972603,67.10326823635724
2023-06-18,Store003,SKU001,18,47,305.84,367.01,7,SUP001,Electronics,,0,None,14.857142857142858,0.47559981845990906,C,13.637857369667923,24.377976008801763,117.63785736966793,0,True,70.63785736966793,Medium,5340,54.12876712328767,98.65364174722883
2023-06-18,Store003,SKU002,18,86,69.57,144.82,5,SUP002,Clothing,,0,None,12.142857142857142,0.44687170121026343,C,10.484026374443221,22.03892660077359,71.19831208872893,0,False,0.0,Low,4369,54.772602739726025,79.76615646258503
2023-06-18,Store003,SKU003,15,76,27.47,32.96,3,SUP003,Books,,0,None,13.142857142857142,0.49263346168064476,C,9.626516732683555,22.92846016884443,49.055088161254986,0,False,0.0,Low,3639,54.92602739726028,66.25274341580207
2023-06-19,Store001,SKU001,17,20,305.84,367.01,7,SUP001,Electronics,,0,None,13.714285714285714,0.4469480032434872,C,12.78266391216064,23.421601750764797,108.78266391216064,0,True,88.78266391216064,Medium,5326,55.054794520547944,96.73998507091316
2023-06-19,Store001,SKU002,7,41,69.57,144.82,5,SUP002,Clothing,,0,None,10.428571428571429,0.4888827050106926,C,11.603530548078444,20.42407542932745,63.74638769093559,0,True,22.74638769093559,Low,4420,53.88219178082192,82.03081303706716
2023-06-19,Store001,SKU003,4,75,27.47,32.96,3,SUP003,Books,,0,None,8.571428571428571,0.5124098617067465,C,10.087258421679966,18.51640199545103,35.801544135965685,0,False,0.0,Low,3666,55.73424657534247,65.77643415425453
2023-06-19,Store002,SKU001,16,44,305.84,367.01,7,SUP001,Electronics,2023-06-03,84,Delivered,11.285714285714286,0.48777608644303344,C,14.036779212620559,21.246848505803666,93.03677921262056,0,True,49.03677921262056,Medium,5359,54.868493150684934,97.6698956408848
2023-06-19,Store002,SKU002,12,48,69.57,144.82,5,SUP002,Clothing,,0,None,10.571428571428571,0.5114843407900957,C,12.823879339210837,20.56349053193895,65.6810221963537,0,True,17.681022196353695,Low,4669,52.778082191780825,88.46475290697674
2023-06-19,Store002,SKU003,9,72,27.47,32.96,3,SUP003,Books,,0,None,9.0,0.5196382683114912,C,10.218394694715325,18.973665961010276,37.21839469471533,0,False,0.0,Low,3662,54.57260273972603,67.10326823635724
2023-06-19,Store003,SKU001,14,39,305.84,367.01,7,SUP001,Electronics,,0,None,15.142857142857142,0.47559981845990906,C,13.637857369667923,24.611263391266316,119.63785736966793,0,True,80.63785736966793,Medium,5340,54.12876712328767,98.65364174722883
2023-06-19,Store003,SKU002,8,15,69.57,144.82,5,SUP002,Clothing,,0,None,11.0,0.44687170121026343,C,10.484026374443221,20.97617696340303,65.48402637444322,0,True,50.48402637444322,Medium,4369,54.772602739726025,79.76615646258503
2023-06-19,Store003,SKU003,12,25,27.47,32.96,3,SUP003,Books,,0,None,13.571428571428571,0.49263346168064476,C,9.626516732683555,23.299294900428702,50.34080244696927,0,True,25.34080244696927,Low,3639,54.92602739726028,66.25274341580207
2023-06-20,Store001,SKU001,11,92,305.84,367.01,7,SUP001,Electronics,,0,None,14.285714285714286,0.4469480032434872,C,12.78266391216064,23.904572186687872,112.78266391216064,0,True,20.782663912160643,Low,5326,55.054794520547944,96.73998507091316
2023-06-20,Store001,SKU002,22,83,69.57,144.82,5,SUP002,Clothing,2023-05-22,17,Delivered,11.285714285714286,0.4888827050106926,C,11.603530548078444,21.246848505803666,68.03210197664987,0,False,0.0,Low,4420,53.88219178082192,82.03081303706716
2023-06-20,Store001,SKU003,8,42,27.47,32.96,3,SUP003,Books,,0,None,8.142857142857142,0.5124098617067465,C,10.087258421679966,18.04755622554715,34.51582985025139,0,False,0.0,Low,3666,55.73424657534247,65.77643415425453
2023-06-20,Store002,SKU001,14,39,305.84,367.01,7,SUP001,Electronics,2023-05-30,92,Delivered,11.142857142857142,0.48777608644303344,C,14.036779212620559,21.111946516469903,92.03677921262056,0,True,53.03677921262056,Medium,5359,54.868493150684934,97.6698956408848
2023-06-20,Store002,SKU002,9,65,69.57,144.82,5,SUP002,Clothing,,0,None,10.0,0.5114843407900957,C,12.823879339210837,20.0,62.82387933921083,0,False,0.0,Low,4669,52.778082191780825,88.46475290697674
2023-06-20,Store002,SKU003,15,96,27.47,32.96,3,SUP003,Books,,0,None,10.285714285714286,0.5196382683114912,C,10.218394694715325,20.2837021134844,41.07553755185819,0,False,0.0,Low,3662,54.57260273972603,67.10326823635724
2023-06-20,Store003,SKU001,18,45,305.84,367.01,7,SUP001,Electronics,,0,None,15.285714285714286,0.47559981845990906,C,13.637857369667923,24.727081741050064,120.63785736966793,0,True,75.63785736966793,Medium,5340,54.12876712328767,98.65364174722883
2023-06-20,Store003,SKU002,12,49,69.57,144.82,5,SUP002,Clothing,,0,None,12.142857142857142,0.44687170121026343,C,10.484026374443221,22.03892660077359,71.19831208872893,0,True,22.198312088728926,Low,4369,54.772602739726025,79.76615646258503
2023-06-20,Store003,SKU003,11,29,27.47,32.96,3,SUP003,Books,,0,None,13.285714285714286,0.49263346168064476,C,9.626516732683555,23.052734575936352,49.483659589826416,0,True,20.483659589826416,Low,3639,54.92602739726028,66.25274341580207
2023-06-21,Store001,SKU001,14,39,305.84,367.01,7,SUP001,Electronics,,0,None,12.714285714285714,0.4469480032434872,C,12.78266391216064,22.551528297909847,101.78266391216064,0,True,62.78266391216064,Medium,5326,55.054794520547944,96.73998507091316
2023-06-21,Store001,SKU002,10,60,69.57,144.82,5,SUP002,Clothing,,0,None,11.0,0.4888827050106926,C,11.603530548078444,20.97617696340303,66.60353054807844,0,True,6.603530548078439,Low,4420,53.88219178082192,82.03081303706716
2023-06-21,Store001,SKU003,9,66,27.47,32.96,3,SUP003,Books,,0,None,8.714285714285714,0.5124098617067465,C,10.087258421679966,18.670067717376618,36.2301155645371,0,False,0.0,Low,3666,55.73424657534247,65.77643415425453
2023-06-21,Store002,SKU001,23,29,305.84,367.01,7,SUP001,Electronics,,0,None,13.142857142857142,0.48777608644303344,C,14.036779212620559,22.92846016884443,106.03677921262056,0,True,77.03677921262056,Medium,5359,54.868493150684934,97.6698956408848
2023-06-21,Store002,SKU002,12,26,69.57,144.82,5,SUP002,Clothing,,0,None,11.0,0.5114843407900957,C,12.823879339210837,20.97617696340303,67.82387933921083,0,True,41.82387933921083,Medium,4669,52.778082191780825,88.46475290697674
2023-06-21,Store002,SKU003,14,21,27.47,32.96,3,SUP003,Books,,0,None,10.142857142857142,0.5196382683114912,C,10.218394694715325,20.14235055087379,40.64696612328675,0,True,19.646966123286752,Low,3662,54.57260273972603,67.10326823635724
2023-06-21,Store003,SKU001,18,27,305.84,367.01,7,SUP001,Electronics,2023-06-14,14,In Transit,16.571428571428573,0.47559981845990906,C,13.637857369667923,25.746012173871566,115.63785736966793,14,True,74.63785736966793,Medium,5340,54.12876712328767,98.65364174722883
2023-06-21,Store003,SKU002,13,30,69.57,144.82,5,SUP002,Clothing,,0,None,13.142857142857142,0.44687170121026343,C,10.484026374443221,22.92846016884443,76.19831208872893,0,True,46.198312088728926,Medium,4369,54.772602739726025,79.76615646258503
2023-06-21,Store003,SKU003,10,44,27.47,32.96,3,SUP003,Books,,0,None,12.857142857142858,0.49263346168064476,C,9.626516732683555,22.677868380553633,48.197945304112125,0,True,4.197945304112125,Low,3639,54.92602739726028,66.25274341580207
2023-06-22,Store001,SKU001,18,85,305.84,367.01,7,SUP001,Electronics,,0,None,13.571428571428571,0.4469480032434872,C,12.78266391216064,23.299294900428702,107.78266391216064,0,True,22.782663912160643,Low,5326,55.054794520547944,96.73998507091316
2023-06-22,Store001,SKU002,7,57,69.57,144.82,5,SUP002,Clothing,,0,None,11.0,0.4888827050106926,C,11.603530548078444,20.97617696340303,66.60353054807844,0,True,9.603530548078439,Low,4420,53.88219178082192,82.03081303706716
2023-06-22,Store001,SKU003,10,55,27.47,32.96,3,SUP003,Books,,0,None,6.428571428571429,0.5124098617067465,C,10.087258421679966,16.035674514745462,29.37297270739425,0,False,0.0,Low,3666,55.73424657534247,65.77643415425453
2023-06-22,Store002,SKU001,18,64,305.84,367.01,7,SUP001,Electronics,,0,None,15.142857142857142,0.48777608644303344,C,14.036779212620559,24.611263391266316,120.03677921262056,0,True,56.03677921262056,Medium,5359,54.868493150684934,97.6698956408848
2023-06-22,Store002,SKU002,10,75,69.57,144.82,5,SUP002,Clothing,,0,None,11.142857142857142,0.5114843407900957,C,12.823879339210837,21.111946516469903,68.53816505349654,0,False,0.0,Low,4669,52.778082191780825,88.46475290697674
2023-06-22,Store002,SKU003,13,86,27.47,32.96,3,SUP003,Books,,0,None,10.857142857142858,0.5196382683114912,C,10.218394694715325,20.83952289006911,42.7898232661439,0,False,0.0,Low,3662,54.57260273972603,67.10326823635724
2023-06-22,Store003,SKU001,10,39,305.84,367.01,7,SUP001,Electronics,,0,None,16.142857142857142,0.47559981845990906,C,13.637857369667923,25.410908793553325,126.63785736966793,0,True,87.63785736966793,Medium,5340,54.12876712328767,98.65364174722883
2023-06-22,Store003,SKU002,12,48,69.57,144.82,5,SUP002,Clothing,,0,None,12.428571428571429,0.44687170121026343,C,10.484026374443221,22.296700588716195,72.62688351730037,0,True,24.62688351730037,Low,4369,54.772602739726025,79.76615646258503
2023-06-22,Store003,SKU003,6,34,27.47,32.96,3,SUP003,Books,,0,None,10.857142857142858,0.49263346168064476,C,9.626516732683555,20.83952289006911,42.197945304112125,0,True,8.197945304112125,Low,3639,54.92602739726028,66.25274341580207
2023-06-23,Store001,SKU001,17,92,305.84,367.01,7,SUP001,Electronics,,0,None,14.428571428571429,0.4469480032434872,C,12.78266391216064,24.023797725231894,113.78266391216064,0,True,21.782663912160643,Low,5326,55.054794520547944,96.73998507091316
2023-06-23,Store001,SKU002,3,52,69.57,144.82,5,SUP002,Clothing,,0,None,9.857142857142858,0.4888827050106926,C,11.603530548078444,19.85662897587892,60.88924483379274,0,True,8.889244833792738,Low,4420,53.88219178082192,82.03081303706716
2023-06-23,Store001,SKU003,4,25,27.47,32.96,3,SUP003,Books,,0,None,6.142857142857143,0.5124098617067465,C,10.087258421679966,15.675276256394518,28.515829850251396,0,True,3.5158298502513965,Low,3666,55.73424657534247,65.77643415425453
2023-06-23,Store002,SKU001,14,27,305.84,367.01,7,SUP001,Electronics,,0,None,15.571428571428571,0.48777608644303344,C,14.036779212620559,24.95710605933995,123.03677921262056,0,True,96.03677921262056,Medium,5359,54.868493150684934,97.6698956408848
2023-06-23,Store002,SKU002,5,74,69.57,144.82,5,SUP002,Clothing,,0,None,10.428571428571429,0.5114843407900957,C,12.823879339210837,20.42407542932745,64.96673648206799,0,False,0.0,Low,4669,52.778082191780825,88.46475290697674
2023-06-23,Store002,SKU003,14,57,27.47,32.96,3,SUP003,Books,,0,None,11.714285714285714,0.5196382683114912,C,10.218394694715325,21.64651077128664,45.36125183757247,0,False,0.0,Low,3662,54.57260273972603,67.10326823635724
2023-06-23,Store003,SKU001,12,87,305.84,367.01,7,SUP001,Electronics,,0,None,15.571428571428571,0.47559981845990906,C,13.637857369667923,24.95710605933995,122.63785736966793,0,True,35.63785736966793,Low,5340,54.12876712328767,98.65364174722883
2023-06-23,Store003,SKU002,7,99,69.57,144.82,5,SUP002,Clothing,2023-05-28,10,Delivered,11.571428571428571,0.44687170121026343,C,10.484026374443221,21.514114968019086,68.34116923158608,0,False,0.0,Low,4369,54.772602739726025,79.76615646258503
2023-06-23,Store003,SKU003,8,85,27.47,32.96,3,SUP003,Books,,0,None,9.857142857142858,0.49263346168064476,C,9.626516732683555,19.85662897587892,39.197945304112125,0,False,0.0,Low,3639,54.92602739726028,66.25274341580207
2023-06-24,Store001,SKU001,11,30,305.84,367.01,7,SUP001,Electronics,,0,None,14.142857142857142,0.4469480032434872,C,12.78266391216064,23.784749015162756,111.78266391216064,0,True,81.78266391216064,Medium,5326,55.054794520547944,96.73998507091316
2023-06-24,Store001,SKU002,6,94,69.57,144.82,5,SUP002,Clothing,,0,None,9.285714285714286,0.4888827050106926,C,11.603530548078444,19.27248223318863,58.03210197664988,0,False,0.0,Low,4420,53.88219178082192,82.03081303706716
2023-06-24,Store001,SKU003,15,32,27.47,32.96,3,SUP003,Books,,0,None,7.857142857142857,0.5124098617067465,C,10.087258421679966,17.728105208558365,33.65868699310853,0,True,1.6586869931085317,Low,3666,55.73424657534247,65.77643415425453
2023-06-24,Store002,SKU001,12,56,305.84,367.01,7,SUP001,Electronics,,0,None,15.714285714285714,0.48777608644303344,C,14.036779212620559,25.071326821120348,124.03677921262056,0,True,68.03677921262056,Medium,5359,54.868493150684934,97.6698956408848
2023-06-24,Store002,SKU002,8,75,69.57,144.82,5,SUP002,Clothing,,0,None,9.714285714285714,0.5114843407900957,C,12.823879339210837,19.712215212183246,61.3953079106394,0,False,0.0,Low,4669,52.778082191780825,88.46475290697674
2023-06-24,Store002,SKU003,5,73,27.47,32.96,3,SUP003,Books,,0,None,12.428571428571429,0.5196382683114912,C,10.218394694715325,22.296700588716195,47.504108980429606,0,False,0.0,Low,3662,54.57260273972603,67.10326823635724
2023-06-24,Store003,SKU001,11,14,305.84,367.01,7,SUP001,Electronics,,0,None,14.428571428571429,0.47559981845990906,C,13.637857369667923,24.023797725231894,114.63785736966793,0,True,100.63785736966793,Medium,5340,54.12876712328767,98.65364174722883
2023-06-24,Store003,SKU002,11,24,69.57,144.82,5,SUP002,Clothing,,0,None,11.571428571428571,0.44687170121026343,C,10.484026374443221,21.514114968019086,68.34116923158608,0,True,44.34116923158608,Medium,4369,54.772602739726025,79.76615646258503
2023-06-24,Store003,SKU003,13,58,27.47,32.96,3,SUP003,Books,,0,None,10.714285714285714,0.49263346168064476,C,9.626516732683555,20.701966780270627,41.769373875540694,0,False,0.0,Low,3639,54.92602739726028,66.25274341580207
2023-06-25,Store001,SKU001,9,83,305.84,367.01,7,SUP001,Electronics,,0,None,13.857142857142858,0.4469480032434872,C,12.78266391216064,23.543273227945903,109.78266391216064,0,True,26.782663912160643,Low,5326,55.054794520547944,96.73998507091316
2023-06-25,Store001,SKU002,10,35,69.57,144.82,5,SUP002,Clothing,,0,None,9.285714285714286,0.4888827050106926,C,11.603530548078444,19.27248223318863,58.03210197664988,0,True,23.032101976649876,Low,4420,53.88219178082192,82.03081303706716
2023-06-25,Store001,SKU003,5,62,27.47,32.96,3,SUP003,Books,,0,None,7.857142857142857,0.5124098617067465,C,10.087258421679966,17.728105208558365,33.65868699310853,0,False,0.0,Low,3666,55.73424657534247,65.77643415425453
2023-06-25,Store002,SKU001,11,45,305.84,367.01,7,SUP001,Electronics,,0,None,15.428571428571429,0.48777608644303344,C,14.036779212620559,24.84236013632475,122.03677921262056,0,True,77.03677921262056,Medium,5359,54.868493150684934,97.6698956408848
2023-06-25,Store002,SKU002,15,33,69.57,144.82,5,SUP002,Clothing,,0,None,10.142857142857142,0.5114843407900957,C,12.823879339210837,20.14235055087379,63.53816505349654,0,True,30.53816505349654,Medium,4669,52.778082191780825,88.46475290697674
2023-06-25,Store002,SKU003,7,88,27.47,32.96,3,SUP003,Books,,0,None,11.0,0.5196382683114912,C,10.218394694715325,20.97617696340303,43.21839469471533,0,False,0.0,Low,3662,54.57260273972603,67.10326823635724
2023-06-25,Store003,SKU001,13,58,305.84,367.01,7,SUP001,Electronics,,0,None,13.714285714285714,0.47559981845990906,C,13.637857369667923,23.421601750764797,109.63785736966793,0,True,51.63785736966793,Medium,5340,54.12876712328767,98.65364174722883
2023-06-25,Store003,SKU002,8,55,69.57,144.82,5,SUP002,Clothing,,0,None,10.142857142857142,0.44687170121026343,C,10.484026374443221,20.14235055087379,61.198312088728926,0,True,6.198312088728926,Low,4369,54.772602739726025,79.76615646258503
2023-06-25,Store003,SKU003,6,60,27.47,32.96,3,SUP003,Books,,0,None,9.428571428571429,0.49263346168064476,C,9.626516732683555,19.42016624910449,37.91223101839784,0,False,0.0,Low,3639,54.92602739726028,66.25274341580207
2023-06-26,Store001,SKU001,6,72,305.84,367.01,7,SUP001,Electronics,,0,None,12.285714285714286,0.4469480032434872,C,12.78266391216064,22.168188275738085,98.78266391216064,0,True,26.782663912160643,Low,5326,55.054794520547944,96.73998507091316
2023-06-26,Store001,SKU002,22,43,69.57,144.82,5,SUP002,Clothing,,0,None,11.428571428571429,0.4888827050106926,C,11.603530548078444,21.38089935299395,68.74638769093559,0,True,25.74638769093559,Low,4420,53.88219178082192,82.03081303706716
2023-06-26,Store001,SKU003,22,64,27.47,32.96,3,SUP003,Books,,0,None,10.428571428571429,0.5124098617067465,C,10.087258421679966,20.42407542932745,41.372972707394254,0,False,0.0,Low,3666,55.73424657534247,65.77643415425453
2023-06-26,Store002,SKU001,1,81,305.84,367.01,7,SUP001,Electronics,,0,None,13.285714285714286,0.48777608644303344,C,14.036779212620559,23.052734575936352,107.03677921262056,0,True,26.03677921262056,Low,5359,54.868493150684934,97.6698956408848
2023-06-26,Store002,SKU002,6,70,69.57,144.82,5,SUP002,Clothing,,0,None,9.285714285714286,0.5114843407900957,C,12.823879339210837,19.27248223318863,59.252450767782264,0,False,0.0,Low,4669,52.778082191780825,88.46475290697674
2023-06-26,Store002,SKU003,4,16,27.47,32.96,3,SUP003,Books,2023-06-02,55,Delivered,10.285714285714286,0.5196382683114912,C,10.218394694715325,20.2837021134844,41.07553755185819,0,True,25.07553755185819,Low,3662,54.57260273972603,67.10326823635724
2023-06-26,Store003,SKU001,11,26,305.84,367.01,7,SUP001,Electronics,,0,None,13.285714285714286,0.47559981845990906,C,13.637857369667923,23.052734575936352,106.63785736966793,0,True,80.63785736966793,Medium,5340,54.12876712328767,98.65364174722883
2023-06-26,Store003,SKU002,18,95,69.57,144.82,5,SUP002,Clothing,,0,None,11.571428571428571,0.44687170121026343,C,10.484026374443221,21.514114968019086,68.34116923158608,0,False,0.0,Low,4369,54.772602739726025,79.76615646258503
2023-06-26,Store003,SKU003,11,87,27.47,32.96,3,SUP003,Books,,0,None,9.285714285714286,0.49263346168064476,C,9.626516732683555,19.27248223318863,37.483659589826416,0,False,0.0,Low,3639,54.92602739726028,66.25274341580207
2023-06-27,Store001,SKU001,8,27,305.84,367.01,7,SUP001,Electronics,,0,None,11.857142857142858,0.4469480032434872,C,12.78266391216064,21.778101714468008,95.78266391216064,0,True,68.78266391216064,Medium,5326,55.054794520547944,96.73998507091316
2023-06-27,Store001,SKU002,18,69,69.57,144.82,5,SUP002,Clothing,,0,None,10.857142857142858,0.4888827050106926,C,11.603530548078444,20.83952289006911,65.88924483379273,0,False,0.0,Low,4420,53.88219178082192,82.03081303706716
2023-06-27,Store001,SKU003,14,27,27.47,32.96,3,SUP003,Books,,0,None,11.285714285714286,0.5124098617067465,C,10.087258421679966,21.246848505803666,43.94440127882282,0,True,16.944401278822824,Low,3666,55.73424657534247,65.77643415425453
2023-06-27,Store002,SKU001,12,48,305.84,367.01,7,SUP001,Electronics,,0,None,13.0,0.48777608644303344,C,14.036779212620559,22.80350850198276,105.03677921262056,0,True,57.03677921262056,Medium,5359,54.868493150684934,97.6698956408848
2023-06-27,Store002,SKU002,6,34,69.57,144.82,5,SUP002,Clothing,,0,None,8.857142857142858,0.5114843407900957,C,12.823879339210837,18.822478962286407,57.109593624925125,0,True,23.109593624925125,Low,4669,52.778082191780825,88.46475290697674
2023-06-27,Store002,SKU003,12,16,27.47,32.96,3,SUP003,Books,,0,None,9.857142857142858,0.5196382683114912,C,10.218394694715325,19.85662897587892,39.7898232661439,0,True,23.789823266143898,Low,3662,54.57260273972603,67.10326823635724
2023-06-27,Store003,SKU001,7,27,305.84,367.01,7,SUP001,Electronics,,0,None,11.714285714285714,0.47559981845990906,C,13.637857369667923,21.64651077128664,95.63785736966793,0,True,68.63785736966793,Medium,5340,54.12876712328767,98.65364174722883
2023-06-27,Store003,SKU002,18,48,69.57,144.82,5,SUP002,Clothing,,0,None,12.428571428571429,0.44687170121026343,C,10.484026374443221,22.296700588716195,72.62688351730037,0,True,24.62688351730037,Low,4369,54.772602739726025,79.76615646258503
2023-06-27,Store003,SKU003,20,85,27.47,32.96,3,SUP003,Books,,0,None,10.571428571428571,0.49263346168064476,C,9.626516732683555,20.56349053193895,41.34080244696927,0,False,0.0,Low,3639,54.92602739726028,66.25274341580207
2023-06-28,Store001,SKU001,22,78,305.84,367.01,7,SUP001,Electronics,,0,None,13.0,0.4469480032434872,C,12.78266391216064,22.80350850198276,103.78266391216064,0,True,25.782663912160643,Low,5326,55.054794520547944,96.73998507091316
2023-06-28,Store001,SKU002,5,50,69.57,144.82,5,SUP002,Clothing,,0,None,10.142857142857142,0.4888827050106926,C,11.603530548078444,20.14235055087379,62.317816262364154,0,True,12.317816262364154,Low,4420,53.88219178082192,82.03081303706716
2023-06-28,Store001,SKU003,8,16,27.47,32.96,3,SUP003,Books,,0,None,11.142857142857142,0.5124098617067465,C,10.087258421679966,21.111946516469903,43.51582985025139,0,True,27.515829850251393,Low,3666,55.73424657534247,65.77643415425453
2023-06-28,Store002,SKU001,12,31,305.84,367.01,7,SUP001,Electronics,,0,None,11.428571428571429,0.48777608644303344,C,14.036779212620559,21.38089935299395,94.03677921262056,0,True,63.03677921262056,Medium,5359,54.868493150684934,97.6698956408848
2023-06-28,Store002,SKU002,15,89,69.57,144.82,5,SUP002,Clothing,,0,None,9.285714285714286,0.5114843407900957,C,12.823879339210837,19.27248223318863,59.252450767782264,0,False,0.0,Low,4669,52.778082191780825,88.46475290697674
2023-06-28,Store002,SKU003,14,93,27.47,32.96,3,SUP003,Books,,0,None,9.857142857142858,0.5196382683114912,C,10.218394694715325,19.85662897587892,39.7898232661439,0,False,0.0,Low,3662,54.57260273972603,67.10326823635724
2023-06-28,Store003,SKU001,28,65,305.84,367.01,7,SUP001,Electronics,,0,None,13.142857142857142,0.47559981845990906,C,13.637857369667923,22.92846016884443,105.63785736966793,0,True,40.63785736966793,Medium,5340,54.12876712328767,98.65364174722883
2023-06-28,Store003,SKU002,18,61,69.57,144.82,5,SUP002,Clothing,,0,None,13.142857142857142,0.44687170121026343,C,10.484026374443221,22.92846016884443,76.19831208872893,0,True,15.198312088728926,Low,4369,54.772602739726025,79.76615646258503
2023-06-28,Store003,SKU003,17,54,27.47,32.96,3,SUP003,Books,,0,None,11.571428571428571,0.49263346168064476,C,9.626516732683555,21.514114968019086,44.34080244696927,0,False,0.0,Low,3639,54.92602739726028,66.25274341580207
2023-06-29,Store001,SKU001,15,95,305.84,367.01,7,SUP001,Electronics,,0,None,12.571428571428571,0.4469480032434872,C,12.78266391216064,22.424476423255523,100.78266391216064,0,True,5.782663912160643,Low,5326,55.054794520547944,96.73998507091316
2023-06-29,Store001,SKU002,9,75,69.57,144.82,5,SUP002,Clothing,,0,None,10.428571428571429,0.4888827050106926,C,11.603530548078444,20.42407542932745,63.74638769093559,0,False,0.0,Low,4420,53.88219178082192,82.03081303706716
2023-06-29,Store001,SKU003,4,75,27.47,32.96,3,SUP003,Books,,0,None,10.285714285714286,0.5124098617067465,C,10.087258421679966,20.2837021134844,40.94440127882282,0,False,0.0,Low,3666,55.73424657534247,65.77643415425453
2023-06-29,Store002,SKU001,14,96,305.84,367.01,7,SUP001,Electronics,,0,None,10.857142857142858,0.48777608644303344,C,14.036779212620559,20.83952289006911,90.03677921262056,0,False,0.0,Low,5359,54.868493150684934,97.6698956408848
2023-06-29,Store002,SKU002,5,40,69.57,144.82,5,SUP002,Clothing,,0,None,8.571428571428571,0.5114843407900957,C,12.823879339210837,18.51640199545103,55.681022196353695,0,True,15.681022196353695,Low,4669,52.778082191780825,88.46475290697674
2023-06-29,Store002,SKU003,15,53,27.47,32.96,3,SUP003,Books,,0,None,10.142857142857142,0.5196382683114912,C,10.218394694715325,20.14235055087379,40.64696612328675,0,False,0.0,Low,3662,54.57260273972603,67.10326823635724
2023-06-29,Store003,SKU001,18,74,305.84,367.01,7,SUP001,Electronics,2023-06-13,56,Delivered,14.285714285714286,0.47559981845990906,C,13.637857369667923,23.904572186687872,113.63785736966793,0,True,39.63785736966793,Low,5340,54.12876712328767,98.65364174722883
2023-06-29,Store003,SKU002,9,62,69.57,144.82,5,SUP002,Clothing,,0,None,12.714285714285714,0.44687170121026343,C,10.484026374443221,22.551528297909847,74.05545494587179,0,True,12.055454945871787,Low,4369,54.772602739726025,79.76615646258503
2023-06-29,Store003,SKU003,7,88,27.47,32.96,3,SUP003,Books,,0,None,11.714285714285714,0.49263346168064476,C,9.626516732683555,21.64651077128664,44.769373875540694,0,False,0.0,Low,3639,54.92602739726028,66.25274341580207
2023-06-30,Store001,SKU001,20,12,305.84,367.01,7,SUP001,Electronics,,0,None,13.0,0.4469480032434872,C,12.78266391216064,22.80350850198276,103.78266391216064,0,True,91.78266391216064,High,5326,55.054794520547944,96.73998507091316
2023-06-30,Store001,SKU002,12,88,69.57,144.82,5,SUP002,Clothing,2023-06-08,49,Delivered,11.714285714285714,0.4888827050106926,C,11.603530548078444,21.64651077128664,70.17495911950701,0,False,0.0,Low,4420,53.88219178082192,82.03081303706716
2023-06-30,Store001,SKU003,2,13,27.47,32.96,3,SUP003,Books,,0,None,10.0,0.5124098617067465,C,10.087258421679966,20.0,40.08725842167996,0,True,27.087258421679962,Low,3666,55.73424657534247,65.77643415425453
2023-06-30,Store002,SKU001,11,57,305.84,367.01,7,SUP001,Electronics,,0,None,10.428571428571429,0.48777608644303344,C,14.036779212620559,20.42407542932745,87.03677921262056,0,True,30.03677921262056,Low,5359,54.868493150684934,97.6698956408848
2023-06-30,Store002,SKU002,15,66,69.57,144.82,5,SUP002,Clothing,,0,None,10.0,0.5114843407900957,C,12.823879339210837,20.0,62.82387933921083,0,False,0.0,Low,4669,52.778082191780825,88.46475290697674
2023-06-30,Store002,SKU003,4,28,27.47,32.96,3,SUP003,Books,,0,None,8.714285714285714,0.5196382683114912,C,10.218394694715325,18.670067717376618,36.36125183757247,0,True,8.361251837572468,Low,3662,54.57260273972603,67.10326823635724
2023-06-30,Store003,SKU001,23,75,305.84,367.01,7,SUP001,Electronics,,0,None,15.857142857142858,0.47559981845990906,C,13.637857369667923,25.18502956690173,124.63785736966793,0,True,49.63785736966793,Medium,5340,54.12876712328767,98.65364174722883
2023-06-30,Store003,SKU002,12,63,69.57,144.82,5,SUP002,Clothing,,0,None,13.428571428571429,0.44687170121026343,C,10.484026374443221,23.176342617912283,77.62688351730036,0,True,14.626883517300357,Low,4369,54.772602739726025,79.76615646258503
2023-06-30,Store003,SKU003,17,58,27.47,32.96,3,SUP003,Books,,0,None,13.0,0.49263346168064476,C,9.626516732683555,22.80350850198276,48.626516732683555,0,False,0.0,Low,3639,54.92602739726028,66.25274341580207
2023-07-01,Store001,SKU001,14,95,305.84,367.01,7,SUP001,Electronics,,0,None,13.428571428571429,0.4469480032434872,C,12.78266391216064,23.176342617912283,106.78266391216064,0,True,11.782663912160643,Low,5326,55.054794520547944,96.73998507091316
2023-07-01,Store001,SKU002,3,53,69.57,144.82,5,SUP002,Clothing,,0,None,11.285714285714286,0.4888827050106926,C,11.603530548078444,21.246848505803666,68.03210197664987,0,True,15.03210197664987,Low,4420,53.88219178082192,82.03081303706716
2023-07-01,Store001,SKU003,19,24,27.47,32.96,3,SUP003,Books,,0,None,10.571428571428571,0.5124098617067465,C,10.087258421679966,20.56349053193895,41.801544135965685,0,True,17.801544135965685,Low,3666,55.73424657534247,65.77643415425453
2023-07-01,Store002,SKU001,21,79,305.84,367.01,7,SUP001,Electronics,,0,None,11.714285714285714,0.48777608644303344,C,14.036779212620559,21.64651077128664,96.03677921262056,0,True,17.03677921262056,Low,5359,54.868493150684934,97.6698956408848
2023-07-01,Store002,SKU002,15,68,69.57,144.82,5,SUP002,Clothing,,0,None,11.0,0.5114843407900957,C,12.823879339210837,20.97617696340303,67.82387933921083,0,False,0.0,Low,4669,52.778082191780825,88.46475290697674
2023-07-01,Store002,SKU003,8,51,27.47,32.96,3,SUP003,Books,,0,None,9.142857142857142,0.5196382683114912,C,10.218394694715325,19.123657749350297,37.64696612328675,0,False,0.0,Low,3662,54.57260273972603,67.10326823635724
2023-07-01,Store003,SKU001,11,35,305.84,367.01,7,SUP001,Electronics,,0,None,15.857142857142858,0.47559981845990906,C,13.637857369667923,25.18502956690173,124.63785736966793,0,True,89.63785736966793,Medium,5340,54.12876712328767,98.65364174722883
2023-07-01,Store003,SKU002,13,73,69.57,144.82,5,SUP002,Clothing,,0,None,13.714285714285714,0.44687170121026343,C,10.484026374443221,23.421601750764797,79.05545494587179,0,True,6.055454945871787,Low,4369,54.772602739726025,79.76615646258503
2023-07-01,Store003,SKU003,4,46,27.47,32.96,3,SUP003,Books,,0,None,11.714285714285714,0.49263346168064476,C,9.626516732683555,21.64651077128664,44.769373875540694,0,False,0.0,Low,3639,54.92602739726028,66.25274341580207
2023-07-02,Store001,SKU001,21,95,305.84,367.01,7,SUP001,Electronics,,0,None,15.142857142857142,0.4469480032434872,C,12.78266391216064,24.611263391266316,118.78266391216064,0,True,23.782663912160643,Low,5326,55.054794520547944,96.73998507091316
2023-07-02,Store001,SKU002,17,91,69.57,144.82,5,SUP002,Clothing,,0,None,12.285714285714286,0.4888827050106926,C,11.603530548078444,22.168188275738085,73.03210197664987,0,False,0.0,Low,4420,53.88219178082192,82.03081303706716
2023-07-02,Store001,SKU003,17,41,27.47,32.96,3,SUP003,Books,,0,None,12.285714285714286,0.5124098617067465,C,10.087258421679966,22.168188275738085,46.94440127882282,0,True,5.9444012788228235,Low,3666,55.73424657534247,65.77643415425453
2023-07-02,Store002,SKU001,22,33,305.84,367.01,7,SUP001,Electronics,,0,None,13.285714285714286,0.48777608644303344,C,14.036779212620559,23.052734575936352,107.03677921262056,0,True,74.03677921262056,Medium,5359,54.868493150684934,97.6698956408848
2023-07-02,Store002,SKU002,12,91,69.57,144.82,5,SUP002,Clothing,,0,None,10.571428571428571,0.5114843407900957,C,12.823879339210837,20.56349053193895,65.6810221963537,0,False,0.0,Low,4669,52.778082191780825,88.46475290697674
2023-07-02,Store002,SKU003,12,41,27.47,32.96,3,SUP003,Books,,0,None,9.857142857142858,0.5196382683114912,C,10.218394694715325,19.85662897587892,39.7898232661439,0,False,0.0,Low,3662,54.57260273972603,67.10326823635724
2023-07-02,Store003,SKU001,8,64,305.84,367.01,7,SUP001,Electronics,,0,None,15.142857142857142,0.47559981845990906,C,13.637857369667923,24.611263391266316,119.63785736966793,0,True,55.63785736966793,Medium,5340,54.12876712328767,98.65364174722883
2023-07-02,Store003,SKU002,11,68,69.57,144.82,5,SUP002,Clothing,,0,None,14.142857142857142,0.44687170121026343,C,10.484026374443221,23.784749015162756,81.19831208872893,0,True,13.198312088728926,Low,4369,54.772602739726025,79.76615646258503
2023-07-02,Store003,SKU003,10,84,27.47,32.96,3,SUP003,Books,,0,None,12.285714285714286,0.49263346168064476,C,9.626516732683555,22.168188275738085,46.483659589826416,0,False,0.0,Low,3639,54.92602739726028,66.25274341580207
2023-07-03,Store001,SKU001,17,65,305.84,367.01,7,SUP001,Electronics,,0,None,16.714285714285715,0.4469480032434872,C,12.78266391216064,25.85674822114004,129.78266391216064,0,True,64.78266391216064,Medium,5326,55.054794520547944,96.73998507091316
2023-07-03,Store001,SKU002,11,71,69.57,144.82,5,SUP002,Clothing,,0,None,10.714285714285714,0.4888827050106926,C,11.603530548078444,20.701966780270627,65.17495911950701,0,False,0.0,Low,4420,53.88219178082192,82.03081303706716
2023-07-03,Store001,SKU003,14,18,27.47,32.96,3,SUP003,Books,,0,None,11.142857142857142,0.5124098617067465,C,10.087258421679966,21.111946516469903,43.51582985025139,0,True,25.515829850251393,Low,3666,55.73424657534247,65.77643415425453
2023-07-03,Store002,SKU001,13,86,305.84,367.01,7,SUP001,Electronics,,0,None,15.0,0.48777608644303344,C,14.036779212620559,24.49489742783178,119.03677921262056,0,True,33.03677921262056,Low,5359,54.868493150684934,97.6698956408848
2023-07-03,Store002,SKU002,1,57,69.57,144.82,5,SUP002,Clothing,2023-06-18,46,Delivered,9.857142857142858,0.5114843407900957,C,12.823879339210837,19.85662897587892,62.109593624925125,0,True,5.109593624925125,Low,4669,52.778082191780825,88.46475290697674
2023-07-03,Store002,SKU003,8,46,27.47,32.96,3,SUP003,Books,,0,None,10.428571428571429,0.5196382683114912,C,10.218394694715325,20.42407542932745,41.504108980429606,0,False,0.0,Low,3662,54.57260273972603,67.10326823635724
2023-07-03,Store003,SKU001,26,19,305.84,367.01,7,SUP001,Electronics,,0,None,17.285714285714285,0.47559981845990906,C,13.637857369667923,26.295029405356658,134.63785736966793,0,True,115.63785736966793,Medium,5340,54.12876712328767,98.65364174722883
2023-07-03,Store003,SKU002,13,19,69.57,144.82,5,SUP002,Clothing,,0,None,13.428571428571429,0.44687170121026343,C,10.484026374443221,23.176342617912283,77.62688351730036,0,True,58.62688351730036,Medium,4369,54.772602739726025,79.76615646258503
2023-07-03,Store003,SKU003,11,51,27.47,32.96,3,SUP003,Books,,0,None,12.285714285714286,0.49263346168064476,C,9.626516732683555,22.168188275738085,46.483659589826416,0,False,0.0,Low,3639,54.92602739726028,66.25274341580207
2023-07-04,Store001,SKU001,11,25,305.84,367.01,7,SUP001,Electronics,,0,None,17.142857142857142,0.4469480032434872,C,12.78266391216064,26.186146828319085,132.78266391216064,0,True,107.78266391216064,Medium,5326,55.054794520547944,96.73998507091316
2023-07-04,Store001,SKU002,7,10,69.57,144.82,5,SUP002,Clothing,,0,None,9.142857142857142,0.4888827050106926,C,11.603530548078444,19.123657749350297,57.317816262364154,0,True,47.317816262364154,Medium,4420,53.88219178082192,82.03081303706716
2023-07-04,Store001,SKU003,10,73,27.47,32.96,3,SUP003,Books,,0,None,10.571428571428571,0.5124098617067465,C,10.087258421679966,20.56349053193895,41.801544135965685,0,False,0.0,Low,3666,55.73424657534247,65.77643415425453
2023-07-04,Store002,SKU001,16,29,305.84,367.01,7,SUP001,Electronics,,0,None,15.571428571428571,0.48777608644303344,C,14.036779212620559,24.95710605933995,123.03677921262056,0,True,94.03677921262056,Medium,5359,54.868493150684934,97.6698956408848
2023-07-04,Store002,SKU002,23,66,69.57,144.82,5,SUP002,Clothing,,0,None,12.285714285714286,0.5114843407900957,C,12.823879339210837,22.168188275738085,74.25245076778226,0,True,8.252450767782264,Low,4669,52.778082191780825,88.46475290697674
2023-07-04,Store002,SKU003,4,92,27.47,32.96,3,SUP003,Books,,0,None,9.285714285714286,0.5196382683114912,C,10.218394694715325,19.27248223318863,38.07553755185819,0,False,0.0,Low,3662,54.57260273972603,67.10326823635724
2023-07-04,Store003,SKU001,11,18,305.84,367.01,7,SUP001,Electronics,,0,None,17.857142857142858,0.47559981845990906,C,13.637857369667923,26.72612419124244,138.63785736966793,0,True,120.63785736966793,Medium,5340,54.12876712328767,98.65364174722883
2023-07-04,Store003,SKU002,17,99,69.57,144.82,5,SUP002,Clothing,,0,None,13.285714285714286,0.44687170121026343,C,10.484026374443221,23.052734575936352,76.91259780301465,0,False,0.0,Low,4369,54.772602739726025,79.76615646258503
2023-07-04,Store003,SKU003,12,68,27.47,32.96,3,SUP003,Books,,0,None,11.142857142857142,0.49263346168064476,C,9.626516732683555,21.111946516469903,43.055088161254986,0,False,0.0,Low,3639,54.92602739726028,66.25274341580207
2023-07-05,Store001,SKU001,21,93,305.84,367.01,7,SUP001,Electronics,,0,None,17.0,0.4469480032434872,C,12.78266391216064,26.076809620810597,131.78266391216064,0,True,38.78266391216064,Low,5326,55.054794520547944,96.73998507091316
2023-07-05,Store001,SKU002,8,61,69.57,144.82,5,SUP002,Clothing,,0,None,9.571428571428571,0.4888827050106926,C,11.603530548078444,19.566735620873065,59.4606734052213,0,False,0.0,Low,4420,53.88219178082192,82.03081303706716
2023-07-05,Store001,SKU003,13,42,27.47,32.96,3,SUP003,Books,,0,None,11.285714285714286,0.5124098617067465,C,10.087258421679966,21.246848505803666,43.94440127882282,0,True,1.9444012788228235,Low,3666,55.73424657534247,65.77643415425453
2023-07-05,Store002,SKU001,16,81,305.84,367.01,7,SUP001,Electronics,,0,None,16.142857142857142,0.48777608644303344,C,14.036779212620559,25.410908793553325,127.03677921262056,0,True,46.03677921262056,Low,5359,54.868493150684934,97.6698956408848
2023-07-05,Store002,SKU002,8,54,69.57,144.82,5,SUP002,Clothing,,0,None,11.285714285714286,0.5114843407900957,C,12.823879339210837,21.246848505803666,69.25245076778226,0,True,15.252450767782264,Low,4669,52.778082191780825,88.46475290697674
2023-07-05,Store002,SKU003,15,89,27.47,32.96,3,SUP003,Books,,0,None,9.428571428571429,0.5196382683114912,C,10.218394694715325,19.42016624910449,38.504108980429606,0,False,0.0,Low,3662,54.57260273972603,67.10326823635724
2023-07-05,Store003,SKU001,12,44,305.84,367.01,7,SUP001,Electronics,,0,None,15.571428571428571,0.47559981845990906,C,13.637857369667923,24.95710605933995,122.63785736966793,0,True,78.63785736966793,Medium,5340,54.12876712328767,98.65364174722883
2023-07-05,Store003,SKU002,6,22,69.57,144.82,5,SUP002,Clothing,,0,None,11.571428571428571,0.44687170121026343,C,10.484026374443221,21.514114968019086,68.34116923158608,0,True,46.34116923158608,Medium,4369,54.772602739726025,79.76615646258503
2023-07-05,Store003,SKU003,14,66,27.47,32.96,3,SUP003,Books,,0,None,10.714285714285714,0.49263346168064476,C,9.626516732683555,20.701966780270627,41.769373875540694,0,False,0.0,Low,3639,54.92602739726028,66.25274341580207
2023-07-06,Store001,SKU001,21,17,305.84,367.01,7,SUP001,Electronics,,0,None,17.857142857142858,0.4469480032434872,C,12.78266391216064,26.72612419124244,137.78266391216064,0,True,120.78266391216064,Medium,5326,55.054794520547944,96.73998507091316
2023-07-06,Store001,SKU002,6,38,69.57,144.82,5,SUP002,Clothing,,0,None,9.142857142857142,0.4888827050106926,C,11.603530548078444,19.123657749350297,57.317816262364154,0,True,19.317816262364154,Low,4420,53.88219178082192,82.03081303706716
2023-07-06,Store001,SKU003,5,34,27.47,32.96,3,SUP003,Books,,0,None,11.428571428571429,0.5124098617067465,C,10.087258421679966,21.38089935299395,44.372972707394254,0,True,10.372972707394254,Low,3666,55.73424657534247,65.77643415425453
2023-07-06,Store002,SKU001,6,83,305.84,367.01,7,SUP001,Electronics,,0,None,15.0,0.48777608644303344,C,14.036779212620559,24.49489742783178,119.03677921262056,0,True,36.03677921262056,Low,5359,54.868493150684934,97.6698956408848
2023-07-06,Store002,SKU002,15,59,69.57,144.82,5,SUP002,Clothing,,0,None,12.714285714285714,0.5114843407900957,C,12.823879339210837,22.551528297909847,76.3953079106394,0,True,17.395307910639403,Low,4669,52.778082191780825,88.46475290697674
2023-07-06,Store002,SKU003,8,33,27.47,32.96,3,SUP003,Books,,0,None,8.428571428571429,0.5196382683114912,C,10.218394694715325,18.361450300639575,35.504108980429606,0,True,2.5041089804296064,Low,3662,54.57260273972603,67.10326823635724
2023-07-06,Store003,SKU001,4,20,305.84,367.01,7,SUP001,Electronics,,0,None,13.571428571428571,0.47559981845990906,C,13.637857369667923,23.299294900428702,108.63785736966793,0,True,88.63785736966793,Medium,5340,54.12876712328767,98.65364174722883
2023-07-06,Store003,SKU002,6,51,69.57,144.82,5,SUP002,Clothing,,0,None,11.142857142857142,0.44687170121026343,C,10.484026374443221,21.111946516469903,66.19831208872893,0,True,15.198312088728926,Low,4369,54.772602739726025,79.76615646258503
2023-07-06,Store003,SKU003,7,69,27.47,32.96,3,SUP003,Books,,0,None,10.714285714285714,0.49263346168064476,C,9.626516732683555,20.701966780270627,41.769373875540694,0,False,0.0,Low,3639,54.92602739726028,66.25274341580207
2023-07-07,Store001,SKU001,7,80,305.84,367.01,7,SUP001,Electronics,,0,None,16.0,0.4469480032434872,C,12.78266391216064,25.298221281347036,124.78266391216064,0,True,44.78266391216064,Low,5326,55.054794520547944,96.73998507091316
2023-07-07,Store001,SKU002,5,42,69.57,144.82,5,SUP002,Clothing,,0,None,8.142857142857142,0.4888827050106926,C,11.603530548078444,18.04755622554715,52.317816262364154,0,True,10.317816262364154,Low,4420,53.88219178082192,82.03081303706716
2023-07-07,Store001,SKU003,4,81,27.47,32.96,3,SUP003,Books,2023-07-05,73,Pending,11.714285714285714,0.5124098617067465,C,10.087258421679966,21.64651077128664,0.0,73,False,0.0,Low,3666,55.73424657534247,65.77643415425453
2023-07-07,Store002,SKU001,3,57,305.84,367.01,7,SUP001,Electronics,2023-07-03,27,Confirmed,13.857142857142858,0.48777608644303344,C,14.036779212620559,23.543273227945903,84.03677921262056,27,True,0.03677921262055861,Low,5359,54.868493150684934,97.6698956408848
2023-07-07,Store002,SKU002,6,78,69.57,144.82,5,SUP002,Clothing,,0,None,11.428571428571429,0.5114843407900957,C,12.823879339210837,21.38089935299395,69.96673648206799,0,False,0.0,Low,4669,52.778082191780825,88.46475290697674
2023-07-07,Store002,SKU003,6,62,27.47,32.96,3,SUP003,Books,,0,None,8.714285714285714,0.5196382683114912,C,10.218394694715325,18.670067717376618,36.36125183757247,0,False,0.0,Low,3662,54.57260273972603,67.10326823635724
2023-07-07,Store003,SKU001,5,44,305.84,367.01,7,SUP001,Electronics,,0,None,11.0,0.47559981845990906,C,13.637857369667923,20.97617696340303,90.63785736966793,0,True,46.63785736966793,Medium,5340,54.12876712328767,98.65364174722883
2023-07-07,Store003,SKU002,10,24,69.57,144.82,5,SUP002,Clothing,,0,None,10.857142857142858,0.44687170121026343,C,10.484026374443221,20.83952289006911,64.76974066015751,0,True,40.76974066015751,Medium,4369,54.772602739726025,79.76615646258503
2023-07-07,Store003,SKU003,8,24,27.47,32.96,3,SUP003,Books,,0,None,9.428571428571429,0.49263346168064476,C,9.626516732683555,19.42016624910449,37.91223101839784,0,True,13.91223101839784,Low,3639,54.92602739726028,66.25274341580207
2023-07-08,Store001,SKU001,11,24,305.84,367.01,7,SUP001,Electronics,,0,None,15.571428571428571,0.4469480032434872,C,12.78266391216064,24.95710605933995,121.78266391216064,0,True,97.78266391216064,Medium,5326,55.054794520547944,96.73998507091316
2023-07-08,Store001,SKU002,7,81,69.57,144.82,5,SUP002,Clothing,,0,None,8.714285714285714,0.4888827050106926,C,11.603530548078444,18.670067717376618,55.174959119507015,0,False,0.0,Low,4420,53.88219178082192,82.03081303706716
2023-07-08,Store001,SKU003,14,93,27.47,32.96,3,SUP003,Books,,0,None,11.0,0.5124098617067465,C,10.087258421679966,20.97617696340303,43.08725842167996,0,False,0.0,Low,3666,55.73424657534247,65.77643415425453
2023-07-08,Store002,SKU001,14,82,305.84,367.01,7,SUP001,Electronics,2023-06-18,77,Delivered,12.857142857142858,0.48777608644303344,C,14.036779212620559,22.677868380553633,104.03677921262056,0,True,22.03677921262056,Low,5359,54.868493150684934,97.6698956408848
2023-07-08,Store002,SKU002,16,23,69.57,144.82,5,SUP002,Clothing,,0,None,11.571428571428571,0.5114843407900957,C,12.823879339210837,21.514114968019086,70.6810221963537,0,True,47.681022196353695,Medium,4669,52.778082191780825,88.46475290697674
2023-07-08,Store002,SKU003,2,63,27.47,32.96,3,SUP003,Books,,0,None,7.857142857142857,0.5196382683114912,C,10.218394694715325,17.728105208558365,33.7898232661439,0,False,0.0,Low,3662,54.57260273972603,67.10326823635724
2023-07-08,Store003,SKU001,27,57,305.84,367.01,7,SUP001,Electronics,,0,None,13.285714285714286,0.47559981845990906,C,13.637857369667923,23.052734575936352,106.63785736966793,0,True,49.63785736966793,Medium,5340,54.12876712328767,98.65364174722883
2023-07-08,Store003,SKU002,7,91,69.57,144.82,5,SUP002,Clothing,,0,None,10.0,0.44687170121026343,C,10.484026374443221,20.0,60.48402637444322,0,False,0.0,Low,4369,54.772602739726025,79.76615646258503
2023-07-08,Store003,SKU003,17,63,27.47,32.96,3,SUP003,Books,,0,None,11.285714285714286,0.49263346168064476,C,9.626516732683555,21.246848505803666,43.483659589826416,0,False,0.0,Low,3639,54.92602739726028,66.25274341580207
2023-07-09,Store001,SKU001,7,21,305.84,367.01,7,SUP001,Electronics,,0,None,13.571428571428571,0.4469480032434872,C,12.78266391216064,23.299294900428702,107.78266391216064,0,True,86.78266391216064,Medium,5326,55.054794520547944,96.73998507091316
2023-07-09,Store001,SKU002,16,81,69.57,144.82,5,SUP002,Clothing,,0,None,8.571428571428571,0.4888827050106926,C,11.603530548078444,18.51640199545103,54.4606734052213,0,False,0.0,Low,4420,53.88219178082192,82.03081303706716
2023-07-09,Store001,SKU003,15,16,27.47,32.96,3,SUP003,Books,,0,None,10.714285714285714,0.5124098617067465,C,10.087258421679966,20.701966780270627,42.2301155645371,0,True,26.2301155645371,Low,3666,55.73424657534247,65.77643415425453
2023-07-09,Store002,SKU001,5,60,305.84,367.01,7,SUP001,Electronics,,0,None,10.428571428571429,0.48777608644303344,C,14.036779212620559,20.42407542932745,87.03677921262056,0,True,27.03677921262056,Low,5359,54.868493150684934,97.6698956408848
2023-07-09,Store002,SKU002,4,49,69.57,144.82,5,SUP002,Clothing,,0,None,10.428571428571429,0.5114843407900957,C,12.823879339210837,20.42407542932745,64.96673648206799,0,True,15.966736482067986,Low,4669,52.778082191780825,88.46475290697674
2023-07-09,Store002,SKU003,11,53,27.47,32.96,3,SUP003,Books,,0,None,7.714285714285714,0.5196382683114912,C,10.218394694715325,17.566201313073595,33.36125183757247,0,False,0.0,Low,3662,54.57260273972603,67.10326823635724
2023-07-09,Store003,SKU001,14,20,305.84,367.01,7,SUP001,Electronics,,0,None,14.142857142857142,0.47559981845990906,C,13.637857369667923,23.784749015162756,112.63785736966793,0,True,92.63785736966793,Medium,5340,54.12876712328767,98.65364174722883
2023-07-09,Store003,SKU002,11,39,69.57,144.82,5,SUP002,Clothing,,0,None,10.0,0.44687170121026343,C,10.484026374443221,20.0,60.48402637444322,0,True,21.484026374443218,Low,4369,54.772602739726025,79.76615646258503
2023-07-09,Store003,SKU003,8,92,27.47,32.96,3,SUP003,Books,,0,None,11.0,0.49263346168064476,C,9.626516732683555,20.97617696340303,42.626516732683555,0,False,0.0,Low,3639,54.92602739726028,66.25274341580207
2023-07-10,Store001,SKU001,9,36,305.84,367.01,7,SUP001,Electronics,,0,None,12.428571428571429,0.4469480032434872,C,12.78266391216064,22.296700588716195,99.78266391216064,0,True,63.78266391216064,Medium,5326,55.054794520547944,96.73998507091316
2023-07-10,Store001,SKU002,8,29,69.57,144.82,5,SUP002,Clothing,2023-06-30,86,Delivered,8.142857142857142,0.4888827050106926,C,11.603530548078444,18.04755622554715,52.317816262364154,0,True,23.317816262364154,Low,4420,53.88219178082192,82.03081303706716
2023-07-10,Store001,SKU003,12,50,27.47,32.96,3,SUP003,Books,,0,None,10.428571428571429,0.5124098617067465,C,10.087258421679966,20.42407542932745,41.372972707394254,0,False,0.0,Low,3666,55.73424657534247,65.77643415425453
2023-07-10,Store002,SKU001,29,40,305.84,367.01,7,SUP001,Electronics,,0,None,12.714285714285714,0.48777608644303344,C,14.036779212620559,22.551528297909847,103.03677921262056,0,True,63.03677921262056,Medium,5359,54.868493150684934,97.6698956408848
2023-07-10,Store002,SKU002,17,10,69.57,144.82,5,SUP002,Clothing,,0,None,12.714285714285714,0.5114843407900957,C,12.823879339210837,22.551528297909847,76.3953079106394,0,True,66.3953079106394,Medium,4669,52.778082191780825,88.46475290697674
2023-07-10,Store002,SKU003,13,36,27.47,32.96,3,SUP003,Books,,0,None,8.428571428571429,0.5196382683114912,C,10.218394694715325,18.361450300639575,35.504108980429606,0,False,0.0,Low,3662,54.57260273972603,67.10326823635724
2023-07-10,Store003,SKU001,10,65,305.84,367.01,7,SUP001,Electronics,,0,None,11.857142857142858,0.47559981845990906,C,13.637857369667923,21.778101714468008,96.63785736966793,0,True,31.637857369667927,Low,5340,54.12876712328767,98.65364174722883
2023-07-10,Store003,SKU002,14,66,69.57,144.82,5,SUP002,Clothing,,0,None,10.142857142857142,0.44687170121026343,C,10.484026374443221,20.14235055087379,61.198312088728926,0,False,0.0,Low,4369,54.772602739726025,79.76615646258503
2023-07-10,Store003,SKU003,4,34,27.47,32.96,3,SUP003,Books,,0,None,10.0,0.49263346168064476,C,9.626516732683555,20.0,39.626516732683555,0,True,5.626516732683555,Low,3639,54.92602739726028,66.25274341580207
2023-07-11,Store001,SKU001,12,37,305.84,367.01,7,SUP001,Electronics,,0,None,12.571428571428571,0.4469480032434872,C,12.78266391216064,22.424476423255523,100.78266391216064,0,True,63.78266391216064,Medium,5326,55.054794520547944,96.73998507091316
2023-07-11,Store001,SKU002,8,34,69.57,144.82,5,SUP002,Clothing,,0,None,8.285714285714286,0.4888827050106926,C,11.603530548078444,18.20517979665599,53.03210197664988,0,True,19.032101976649876,Low,4420,53.88219178082192,82.03081303706716
2023-07-11,Store001,SKU003,8,94,27.47,32.96,3,SUP003,Books,2023-06-21,26,Delivered,10.142857142857142,0.5124098617067465,C,10.087258421679966,20.14235055087379,40.51582985025139,0,False,0.0,Low,3666,55.73424657534247,65.77643415425453
2023-07-11,Store002,SKU001,13,90,305.84,367.01,7,SUP001,Electronics,,0,None,12.285714285714286,0.48777608644303344,C,14.036779212620559,22.168188275738085,100.03677921262056,0,True,10.036779212620559,Low,5359,54.868493150684934,97.6698956408848
2023-07-11,Store002,SKU002,15,89,69.57,144.82,5,SUP002,Clothing,,0,None,11.571428571428571,0.5114843407900957,C,12.823879339210837,21.514114968019086,70.6810221963537,0,False,0.0,Low,4669,52.778082191780825,88.46475290697674
2023-07-11,Store002,SKU003,8,96,27.47,32.96,3,SUP003,Books,,0,None,9.0,0.5196382683114912,C,10.218394694715325,18.973665961010276,37.21839469471533,0,False,0.0,Low,3662,54.57260273972603,67.10326823635724
2023-07-11,Store003,SKU001,8,52,305.84,367.01,7,SUP001,Electronics,,0,None,11.428571428571429,0.47559981845990906,C,13.637857369667923,21.38089935299395,93.63785736966793,0,True,41.63785736966793,Medium,5340,54.12876712328767,98.65364174722883
2023-07-11,Store003,SKU002,16,54,69.57,144.82,5,SUP002,Clothing,,0,None,10.0,0.44687170121026343,C,10.484026374443221,20.0,60.48402637444322,0,True,6.484026374443218,Low,4369,54.772602739726025,79.76615646258503
2023-07-11,Store003,SKU003,9,96,27.47,32.96,3,SUP003,Books,,0,None,9.571428571428571,0.49263346168064476,C,9.626516732683555,19.566735620873065,38.34080244696927,0,False,0.0,Low,3639,54.92602739726028,66.25274341580207
2023-07-12,Store001,SKU001,14,58,305.84,367.01,7,SUP001,Electronics,,0,None,11.571428571428571,0.4469480032434872,C,12.78266391216064,21.514114968019086,93.78266391216064,0,True,35.78266391216064,Medium,5326,55.054794520547944,96.73998507091316
2023-07-12,Store001,SKU002,9,33,69.57,144.82,5,SUP002,Clothing,,0,None,8.428571428571429,0.4888827050106926,C,11.603530548078444,18.361450300639575,53.74638769093559,0,True,20.74638769093559,Low,4420,53.88219178082192,82.03081303706716
2023-07-12,Store001,SKU003,1,50,27.47,32.96,3,SUP003,Books,,0,None,8.428571428571429,0.5124098617067465,C,10.087258421679966,18.361450300639575,35.372972707394254,0,False,0.0,Low,3666,55.73424657534247,65.77643415425453
2023-07-12,Store002,SKU001,9,72,305.84,367.01,7,SUP001,Electronics,,0,None,11.285714285714286,0.48777608644303344,C,14.036779212620559,21.246848505803666,93.03677921262056,0,True,21.03677921262056,Low,5359,54.868493150684934,97.6698956408848
2023-07-12,Store002,SKU002,16,16,69.57,144.82,5,SUP002,Clothing,,0,None,12.714285714285714,0.5114843407900957,C,12.823879339210837,22.551528297909847,76.3953079106394,0,True,60.3953079106394,Medium,4669,52.778082191780825,88.46475290697674
2023-07-12,Store002,SKU003,12,21,27.47,32.96,3,SUP003,Books,,0,None,8.571428571428571,0.5196382683114912,C,10.218394694715325,18.51640199545103,35.93268040900104,0,True,14.932680409001037,Low,3662,54.57260273972603,67.10326823635724
2023-07-12,Store003,SKU001,16,17,305.84,367.01,7,SUP001,Electronics,,0,None,12.0,0.47559981845990906,C,13.637857369667923,21.908902300206645,97.63785736966793,0,True,80.63785736966793,Medium,5340,54.12876712328767,98.65364174722883
2023-07-12,Store003,SKU002,14,43,69.57,144.82,5,SUP002,Clothing,,0,None,11.142857142857142,0.44687170121026343,C,10.484026374443221,21.111946516469903,66.19831208872893,0,True,23.198312088728926,Low,4369,54.772602739726025,79.76615646258503
2023-07-12,Store003,SKU003,12,21,27.47,32.96,3,SUP003,Books,,0,None,9.285714285714286,0.49263346168064476,C,9.626516732683555,19.27248223318863,37.483659589826416,0,True,16.483659589826416,Low,3639,54.92602739726028,66.25274341580207
2023-07-13,Store001,SKU001,6,13,305.84,367.01,7,SUP001,Electronics,,0,None,9.428571428571429,0.4469480032434872,C,12.78266391216064,19.42016624910449,78.78266391216064,0,True,65.78266391216064,Medium,5326,55.054794520547944,96.73998507091316
2023-07-13,Store001,SKU002,6,93,69.57,144.82,5,SUP002,Clothing,,0,None,8.428571428571429,0.4888827050106926,C,11.603530548078444,18.361450300639575,53.74638769093559,0,False,0.0,Low,4420,53.88219178082192,82.03081303706716
2023-07-13,Store001,SKU003,4,74,27.47,32.96,3,SUP003,Books,2023-07-09,44,Shipped,8.285714285714286,0.5124098617067465,C,10.087258421679966,18.20517979665599,0.0,44,False,0.0,Low,3666,55.73424657534247,65.77643415425453
2023-07-13,Store002,SKU001,13,85,305.84,367.01,7,SUP001,Electronics,2023-06-18,81,Delivered,12.285714285714286,0.48777608644303344,C,14.036779212620559,22.168188275738085,100.03677921262056,0,True,15.036779212620559,Low,5359,54.868493150684934,97.6698956408848
2023-07-13,Store002,SKU002,3,11,69.57,144.82,5,SUP002,Clothing,,0,None,11.0,0.5114843407900957,C,12.823879339210837,20.97617696340303,67.82387933921083,0,True,56.82387933921083,Medium,4669,52.778082191780825,88.46475290697674
2023-07-13,Store002,SKU003,12,54,27.47,32.96,3,SUP003,Books,,0,None,9.142857142857142,0.5196382683114912,C,10.218394694715325,19.123657749350297,37.64696612328675,0,False,0.0,Low,3662,54.57260273972603,67.10326823635724
2023-07-13,Store003,SKU001,7,30,305.84,367.01,7,SUP001,Electronics,,0,None,12.428571428571429,0.47559981845990906,C,13.637857369667923,22.296700588716195,100.63785736966793,0,True,70.63785736966793,Medium,5340,54.12876712328767,98.65364174722883
2023-07-13,Store003,SKU002,18,49,69.57,144.82,5,SUP002,Clothing,,0,None,12.857142857142858,0.44687170121026343,C,10.484026374443221,22.677868380553633,74.76974066015751,0,True,25.76974066015751,Low,4369,54.772602739726025,79.76615646258503
2023-07-13,Store003,SKU003,8,99,27.47,32.96,3,SUP003,Books,2023-06-26,96,Delivered,9.428571428571429,0.49263346168064476,C,9.626516732683555,19.42016624910449,37.91223101839784,0,False,0.0,Low,3639,54.92602739726028,66.25274341580207
2023-07-14,Store001,SKU001,16,85,305.84,367.01,7,SUP001,Electronics,,0,None,10.714285714285714,0.4469480032434872,C,12.78266391216064,20.701966780270627,87.78266391216064,0,True,2.7826639121606433,Low,5326,55.054794520547944,96.73998507091316
2023-07-14,Store001,SKU002,9,35,69.57,144.82,5,SUP002,Clothing,,0,None,9.0,0.4888827050106926,C,11.603530548078444,18.973665961010276,56.603530548078446,0,True,21.603530548078446,Low,4420,53.88219178082192,82.03081303706716
2023-07-14,Store001,SKU003,2,99,27.47,32.96,3,SUP003,Books,,0,None,8.0,0.5124098617067465,C,10.087258421679966,17.88854381999832,34.08725842167996,0,False,0.0,Low,3666,55.73424657534247,65.77643415425453
2023-07-14,Store002,SKU001,8,69,305.84,367.01,7,SUP001,Electronics,2023-07-07,57,In Transit,13.0,0.48777608644303344,C,14.036779212620559,22.80350850198276,48.03677921262056,57,False,0.0,Low,5359,54.868493150684934,97.6698956408848
2023-07-14,Store002,SKU002,6,80,69.57,144.82,5,SUP002,Clothing,,0,None,11.0,0.5114843407900957,C,12.823879339210837,20.97617696340303,67.82387933921083,0,False,0.0,Low,4669,52.778082191780825,88.46475290697674
2023-07-14,Store002,SKU003,9,15,27.47,32.96,3,SUP003,Books,,0,None,9.571428571428571,0.5196382683114912,C,10.218394694715325,19.566735620873065,38.93268040900104,0,True,23.932680409001037,Low,3662,54.57260273972603,67.10326823635724
2023-07-14,Store003,SKU001,10,92,305.84,367.01,7,SUP001,Electronics,,0,None,13.142857142857142,0.47559981845990906,C,13.637857369667923,22.92846016884443,105.63785736966793,0,True,13.637857369667927,Low,5340,54.12876712328767,98.65364174722883
2023-07-14,Store003,SKU002,12,71,69.57,144.82,5,SUP002,Clothing,,0,None,13.142857142857142,0.44687170121026343,C,10.484026374443221,22.92846016884443,76.19831208872893,0,True,5.198312088728926,Low,4369,54.772602739726025,79.76615646258503
2023-07-14,Store003,SKU003,14,50,27.47,32.96,3,SUP003,Books,,0,None,10.285714285714286,0.49263346168064476,C,9.626516732683555,20.2837021134844,40.483659589826416,0,False,0.0,Low,3639,54.92602739726028,66.25274341580207
2023-07-15,Store001,SKU001,24,65,305.84,367.01,7,SUP001,Electronics,,0,None,12.571428571428571,0.4469480032434872,C,12.78266391216064,22.424476423255523,100.78266391216064,0,True,35.78266391216064,Low,5326,55.054794520547944,96.73998507091316
2023-07-15,Store001,SKU002,6,68,69.57,144.82,5,SUP002,Clothing,,0,None,8.857142857142858,0.4888827050106926,C,11.603530548078444,18.822478962286407,55.88924483379274,0,False,0.0,Low,4420,53.88219178082192,82.03081303706716
2023-07-15,Store001,SKU003,14,12,27.47,32.96,3,SUP003,Books,,0,None,8.0,0.5124098617067465,C,10.087258421679966,17.88854381999832,34.08725842167996,0,True,22.087258421679962,Low,3666,55.73424657534247,65.77643415425453
2023-07-15,Store002,SKU001,14,43,305.84,367.01,7,SUP001,Electronics,,0,None,13.0,0.48777608644303344,C,14.036779212620559,22.80350850198276,105.03677921262056,0,True,62.03677921262056,Medium,5359,54.868493150684934,97.6698956408848
2023-07-15,Store002,SKU002,15,30,69.57,144.82,5,SUP002,Clothing,,0,None,10.857142857142858,0.5114843407900957,C,12.823879339210837,20.83952289006911,67.10959362492513,0,True,37.109593624925125,Medium,4669,52.778082191780825,88.46475290697674
2023-07-15,Store002,SKU003,22,93,27.47,32.96,3,SUP003,Books,,0,None,12.428571428571429,0.5196382683114912,C,10.218394694715325,22.296700588716195,47.504108980429606,0,False,0.0,Low,3662,54.57260273972603,67.10326823635724
2023-07-15,Store003,SKU001,14,86,305.84,367.01,7,SUP001,Electronics,2023-07-03,29,Delivered,11.285714285714286,0.47559981845990906,C,13.637857369667923,21.246848505803666,92.63785736966793,0,True,6.637857369667927,Low,5340,54.12876712328767,98.65364174722883
2023-07-15,Store003,SKU002,14,89,69.57,144.82,5,SUP002,Clothing,,0,None,14.142857142857142,0.44687170121026343,C,10.484026374443221,23.784749015162756,81.19831208872893,0,False,0.0,Low,4369,54.772602739726025,79.76615646258503
2023-07-15,Store003,SKU003,10,71,27.47,32.96,3,SUP003,Books,,0,None,9.285714285714286,0.49263346168064476,C,9.626516732683555,19.27248223318863,37.483659589826416,0,False,0.0,Low,3639,54.92602739726028,66.25274341580207
2023-07-16,Store001,SKU001,13,24,305.84,367.01,7,SUP001,Electronics,,0,None,13.428571428571429,0.4469480032434872,C,12.78266391216064,23.176342617912283,106.78266391216064,0,True,82.78266391216064,Medium,5326,55.054794520547944,96.73998507091316
2023-07-16,Store001,SKU002,17,12,69.57,144.82,5,SUP002,Clothing,,0,None,9.0,0.4888827050106926,C,11.603530548078444,18.973665961010276,56.603530548078446,0,True,44.603530548078446,Medium,4420,53.88219178082192,82.03081303706716
2023-07-16,Store001,SKU003,4,38,27.47,32.96,3,SUP003,Books,,0,None,6.428571428571429,0.5124098617067465,C,10.087258421679966,16.035674514745462,29.37297270739425,0,False,0.0,Low,3666,55.73424657534247,65.77643415425453
2023-07-16,Store002,SKU001,16,28,305.84,367.01,7,SUP001,Electronics,2023-06-19,14,Delivered,14.571428571428571,0.48777608644303344,C,14.036779212620559,24.142434484888696,116.03677921262056,0,True,88.03677921262056,Medium,5359,54.868493150684934,97.6698956408848
2023-07-16,Store002,SKU002,13,20,69.57,144.82,5,SUP002,Clothing,,0,None,12.142857142857142,0.5114843407900957,C,12.823879339210837,22.03892660077359,73.53816505349654,0,True,53.53816505349654,Medium,4669,52.778082191780825,88.46475290697674
2023-07-16,Store002,SKU003,26,33,27.47,32.96,3,SUP003,Books,,0,None,14.571428571428571,0.5196382683114912,C,10.218394694715325,24.142434484888696,53.93268040900104,0,True,20.932680409001037,Low,3662,54.57260273972603,67.10326823635724
2023-07-16,Store003,SKU001,14,35,305.84,367.01,7,SUP001,Electronics,,0,None,11.285714285714286,0.47559981845990906,C,13.637857369667923,21.246848505803666,92.63785736966793,0,True,57.63785736966793,Medium,5340,54.12876712328767,98.65364174722883
2023-07-16,Store003,SKU002,10,54,69.57,144.82,5,SUP002,Clothing,,0,None,14.0,0.44687170121026343,C,10.484026374443221,23.664319132398465,80.48402637444322,0,True,26.484026374443218,Low,4369,54.772602739726025,79.76615646258503
2023-07-16,Store003,SKU003,10,95,27.47,32.96,3,SUP003,Books,,0,None,9.571428571428571,0.49263346168064476,C,9.626516732683555,19.566735620873065,38.34080244696927,0,False,0.0,Low,3639,54.92602739726028,66.25274341580207
2023-07-17,Store001,SKU001,23,23,305.84,367.01,7,SUP001,Electronics,2023-06-30,64,Delivered,15.428571428571429,0.4469480032434872,C,12.78266391216064,24.84236013632475,120.78266391216064,0,True,97.78266391216064,Medium,5326,55.054794520547944,96.73998507091316
2023-07-17,Store001,SKU002,12,34,69.57,144.82,5,SUP002,Clothing,,0,None,9.571428571428571,0.4888827050106926,C,11.603530548078444,19.566735620873065,59.4606734052213,0,True,25.4606734052213,Low,4420,53.88219178082192,82.03081303706716
2023-07-17,Store001,SKU003,10,45,27.47,32.96,3,SUP003,Books,,0,None,6.142857142857143,0.5124098617067465,C,10.087258421679966,15.675276256394518,28.515829850251396,0,False,0.0,Low,3666,55.73424657534247,65.77643415425453
2023-07-17,Store002,SKU001,29,53,305.84,367.01,7,SUP001,Electronics,,0,None,14.571428571428571,0.48777608644303344,C,14.036779212620559,24.142434484888696,116.03677921262056,0,True,63.03677921262056,Medium,5359,54.868493150684934,97.6698956408848
2023-07-17,Store002,SKU002,14,16,69.57,144.82,5,SUP002,Clothing,,0,None,11.714285714285714,0.5114843407900957,C,12.823879339210837,21.64651077128664,71.3953079106394,0,True,55.3953079106394,Medium,4669,52.778082191780825,88.46475290697674
2023-07-17,Store002,SKU003,8,31,27.47,32.96,3,SUP003,Books,2023-06-20,90,Delivered,13.857142857142858,0.5196382683114912,C,10.218394694715325,23.543273227945903,51.7898232661439,0,True,20.789823266143898,Low,3662,54.57260273972603,67.10326823635724
2023-07-17,Store003,SKU001,19,70,305.84,367.01,7,SUP001,Electronics,,0,None,12.571428571428571,0.47559981845990906,C,13.637857369667923,22.424476423255523,101.63785736966793,0,True,31.637857369667927,Low,5340,54.12876712328767,98.65364174722883
2023-07-17,Store003,SKU002,13,22,69.57,144.82,5,SUP002,Clothing,,0,None,13.857142857142858,0.44687170121026343,C,10.484026374443221,23.543273227945903,79.76974066015751,0,True,57.76974066015751,Medium,4369,54.772602739726025,79.76615646258503
2023-07-17,Store003,SKU003,6,51,27.47,32.96,3,SUP003,Books,,0,None,9.857142857142858,0.49263346168064476,C,9.626516732683555,19.85662897587892,39.197945304112125,0,False,0.0,Low,3639,54.92602739726028,66.25274341580207
2023-07-18,Store001,SKU001,14,71,305.84,367.01,7,SUP001,Electronics,,0,None,15.714285714285714,0.4469480032434872,C,12.78266391216064,25.071326821120348,122.78266391216064,0,True,51.78266391216064,Medium,5326,55.054794520547944,96.73998507091316
2023-07-18,Store001,SKU002,2,96,69.57,144.82,5,SUP002,Clothing,,0,None,8.714285714285714,0.4888827050106926,C,11.603530548078444,18.670067717376618,55.174959119507015,0,False,0.0,Low,4420,53.88219178082192,82.03081303706716
2023-07-18,Store001,SKU003,4,95,27.47,32.96,3,SUP003,Books,2023-07-15,99,Shipped,5.571428571428571,0.5124098617067465,C,10.087258421679966,14.928400545843578,0.0,99,False,0.0,Low,3666,55.73424657534247,65.77643415425453
2023-07-18,Store002,SKU001,14,81,305.84,367.01,7,SUP001,Electronics,,0,None,14.714285714285714,0.48777608644303344,C,14.036779212620559,24.26049110326146,117.03677921262056,0,True,36.03677921262056,Low,5359,54.868493150684934,97.6698956408848
2023-07-18,Store002,SKU002,18,81,69.57,144.82,5,SUP002,Clothing,,0,None,12.142857142857142,0.5114843407900957,C,12.823879339210837,22.03892660077359,73.53816505349654,0,False,0.0,Low,4669,52.778082191780825,88.46475290697674
2023-07-18,Store002,SKU003,14,91,27.47,32.96,3,SUP003,Books,,0,None,14.714285714285714,0.5196382683114912,C,10.218394694715325,24.26049110326146,54.36125183757247,0,False,0.0,Low,3662,54.57260273972603,67.10326823635724
2023-07-18,Store003,SKU001,8,60,305.84,367.01,7,SUP001,Electronics,,0,None,12.571428571428571,0.47559981845990906,C,13.637857369667923,22.424476423255523,101.63785736966793,0,True,41.63785736966793,Medium,5340,54.12876712328767,98.65364174722883
2023-07-18,Store003,SKU002,21,65,69.57,144.82,5,SUP002,Clothing,,0,None,14.571428571428571,0.44687170121026343,C,10.484026374443221,24.142434484888696,83.34116923158608,0,True,18.34116923158608,Low,4369,54.772602739726025,79.76615646258503
2023-07-18,Store003,SKU003,3,55,27.47,32.96,3,SUP003,Books,,0,None,9.0,0.49263346168064476,C,9.626516732683555,18.973665961010276,36.626516732683555,0,False,0.0,Low,3639,54.92602739726028,66.25274341580207
2023-07-19,Store001,SKU001,19,22,305.84,367.01,7,SUP001,Electronics,2023-06-26,83,Delivered,16.428571428571427,0.4469480032434872,C,12.78266391216064,25.63479777846623,127.78266391216063,0,True,105.78266391216063,Medium,5326,55.054794520547944,96.73998507091316
2023-07-19,Store001,SKU002,10,98,69.57,144.82,5,SUP002,Clothing,,0,None,8.857142857142858,0.4888827050106926,C,11.603530548078444,18.822478962286407,55.88924483379274,0,False,0.0,Low,4420,53.88219178082192,82.03081303706716
2023-07-19,Store001,SKU003,5,11,27.47,32.96,3,SUP003,Books,,0,None,6.142857142857143,0.5124098617067465,C,10.087258421679966,15.675276256394518,28.515829850251396,0,True,17.515829850251396,Low,3666,55.73424657534247,65.77643415425453
2023-07-19,Store002,SKU001,10,86,305.84,367.01,7,SUP001,Electronics,,0,None,14.857142857142858,0.48777608644303344,C,14.036779212620559,24.377976008801763,118.03677921262056,0,True,32.03677921262056,Low,5359,54.868493150684934,97.6698956408848
2023-07-19,Store002,SKU002,18,55,69.57,144.82,5,SUP002,Clothing,,0,None,12.428571428571429,0.5114843407900957,C,12.823879339210837,22.296700588716195,74.96673648206799,0,True,19.966736482067986,Low,4669,52.778082191780825,88.46475290697674
2023-07-19,Store002,SKU003,6,49,27.47,32.96,3,SUP003,Books,,0,None,13.857142857142858,0.5196382683114912,C,10.218394694715325,23.543273227945903,51.7898232661439,0,True,2.789823266143898,Low,3662,54.57260273972603,67.10326823635724
2023-07-19,Store003,SKU001,13,34,305.84,367.01,7,SUP001,Electronics,,0,None,12.142857142857142,0.47559981845990906,C,13.637857369667923,22.03892660077359,98.63785736966793,0,True,64.63785736966793,Medium,5340,54.12876712328767,98.65364174722883
2023-07-19,Store003,SKU002,7,94,69.57,144.82,5,SUP002,Clothing,2023-07-15,90,Confirmed,13.571428571428571,0.44687170121026343,C,10.484026374443221,23.299294900428702,0.0,90,False,0.0,Low,4369,54.772602739726025,79.76615646258503
2023-07-19,Store003,SKU003,11,66,27.47,32.96,3,SUP003,Books,2023-07-18,81,Confirmed,8.857142857142858,0.49263346168064476,C,9.626516732683555,18.822478962286407,0.0,81,False,0.0,Low,3639,54.92602739726028,66.25274341580207
2023-07-20,Store001,SKU001,17,44,305.84,367.01,7,SUP001,Electronics,,0,None,18.0,0.4469480032434872,C,12.78266391216064,26.832815729997478,138.78266391216064,0,True,94.78266391216064,Medium,5326,55.054794520547944,96.73998507091316
2023-07-20,Store001,SKU002,10,93,69.57,144.82,5,SUP002,Clothing,2023-07-04,24,Delivered,9.428571428571429,0.4888827050106926,C,11.603530548078444,19.42016624910449,58.74638769093559,0,False,0.0,Low,4420,53.88219178082192,82.03081303706716
2023-07-20,Store001,SKU003,9,62,27.47,32.96,3,SUP003,Books,,0,None,6.857142857142857,0.5124098617067465,C,10.087258421679966,16.5615734242165,30.658686993108535,0,False,0.0,Low,3666,55.73424657534247,65.77643415425453
2023-07-20,Store002,SKU001,7,90,305.84,367.01,7,SUP001,Electronics,,0,None,14.0,0.48777608644303344,C,14.036779212620559,23.664319132398465,112.03677921262056,0,True,22.03677921262056,Low,5359,54.868493150684934,97.6698956408848
2023-07-20,Store002,SKU002,7,98,69.57,144.82,5,SUP002,Clothing,,0,None,13.0,0.5114843407900957,C,12.823879339210837,22.80350850198276,77.82387933921083,0,False,0.0,Low,4669,52.778082191780825,88.46475290697674
2023-07-20,Store002,SKU003,16,27,27.47,32.96,3,SUP003,Books,,0,None,14.428571428571429,0.5196382683114912,C,10.218394694715325,24.023797725231894,53.504108980429606,0,True,26.504108980429606,Low,3662,54.57260273972603,67.10326823635724
2023-07-20,Store003,SKU001,4,53,305.84,367.01,7,SUP001,Electronics,,0,None,11.714285714285714,0.47559981845990906,C,13.637857369667923,21.64651077128664,95.63785736966793,0,True,42.63785736966793,Medium,5340,54.12876712328767,98.65364174722883
2023-07-20,Store003,SKU002,10,10,69.57,144.82,5,SUP002,Clothing,2023-07-03,53,Delivered,12.428571428571429,0.44687170121026343,C,10.484026374443221,22.296700588716195,72.62688351730037,0,True,62.62688351730037,Medium,4369,54.772602739726025,79.76615646258503
2023-07-20,Store003,SKU003,19,51,27.47,32.96,3,SUP003,Books,,0,None,10.428571428571429,0.49263346168064476,C,9.626516732683555,20.42407542932745,40.91223101839784,0,False,0.0,Low,3639,54.92602739726028,66.25274341580207
2023-07-21,Store001,SKU001,13,89,305.84,367.01,7,SUP001,Electronics,,0,None,17.571428571428573,0.4469480032434872,C,12.78266391216064,26.511453050656105,135.78266391216064,0,True,46.78266391216064,Low,5326,55.054794520547944,96.73998507091316
2023-07-21,Store001,SKU002,6,13,69.57,144.82,5,SUP002,Clothing,,0,None,9.0,0.4888827050106926,C,11.603530548078444,18.973665961010276,56.603530548078446,0,True,43.603530548078446,Medium,4420,53.88219178082192,82.03081303706716
2023-07-21,Store001,SKU003,7,59,27.47,32.96,3,SUP003,Books,,0,None,7.571428571428571,0.5124098617067465,C,10.087258421679966,17.40279123753264,32.801544135965685,0,False,0.0,Low,3666,55.73424657534247,65.77643415425453
2023-07-21,Store002,SKU001,10,68,305.84,367.01,7,SUP001,Electronics,,0,None,14.285714285714286,0.48777608644303344,C,14.036779212620559,23.904572186687872,114.03677921262056,0,True,46.03677921262056,Medium,5359,54.868493150684934,97.6698956408848
2023-07-21,Store002,SKU002,9,65,69.57,144.82,5,SUP002,Clothing,,0,None,13.428571428571429,0.5114843407900957,C,12.823879339210837,23.176342617912283,79.96673648206797,0,True,14.966736482067972,Low,4669,52.778082191780825,88.46475290697674
2023-07-21,Store002,SKU003,10,83,27.47,32.96,3,SUP003,Books,,0,None,14.571428571428571,0.5196382683114912,C,10.218394694715325,24.142434484888696,53.93268040900104,0,False,0.0,Low,3662,54.57260273972603,67.10326823635724
2023-07-21,Store003,SKU001,12,74,305.84,367.01,7,SUP001,Electronics,,0,None,12.0,0.47559981845990906,C,13.637857369667923,21.908902300206645,97.63785736966793,0,True,23.637857369667927,Low,5340,54.12876712328767,98.65364174722883
2023-07-21,Store003,SKU002,7,24,69.57,144.82,5,SUP002,Clothing,,0,None,11.714285714285714,0.44687170121026343,C,10.484026374443221,21.64651077128664,69.05545494587179,0,True,45.05545494587179,Medium,4369,54.772602739726025,79.76615646258503
2023-07-21,Store003,SKU003,11,99,27.47,32.96,3,SUP003,Books,,0,None,10.0,0.49263346168064476,C,9.626516732683555,20.0,39.626516732683555,0,False,0.0,Low,3639,54.92602739726028,66.25274341580207
2023-07-22,Store001,SKU001,19,31,305.84,367.01,7,SUP001,Electronics,,0,None,16.857142857142858,0.4469480032434872,C,12.78266391216064,25.967012040004033,130.78266391216064,0,True,99.78266391216064,Medium,5326,55.054794520547944,96.73998507091316
2023-07-22,Store001,SKU002,8,15,69.57,144.82,5,SUP002,Clothing,,0,None,9.285714285714286,0.4888827050106926,C,11.603530548078444,19.27248223318863,58.03210197664988,0,True,43.03210197664988,Medium,4420,53.88219178082192,82.03081303706716
2023-07-22,Store001,SKU003,10,19,27.47,32.96,3,SUP003,Books,,0,None,7.0,0.5124098617067465,C,10.087258421679966,16.73320053068151,31.087258421679966,0,True,12.087258421679966,Low,3666,55.73424657534247,65.77643415425453
2023-07-22,Store002,SKU001,13,69,305.84,367.01,7,SUP001,Electronics,,0,None,14.142857142857142,0.48777608644303344,C,14.036779212620559,23.784749015162756,113.03677921262056,0,True,44.03677921262056,Medium,5359,54.868493150684934,97.6698956408848
2023-07-22,Store002,SKU002,14,28,69.57,144.82,5,SUP002,Clothing,,0,None,13.285714285714286,0.5114843407900957,C,12.823879339210837,23.052734575936352,79.25245076778226,0,True,51.252450767782264,Medium,4669,52.778082191780825,88.46475290697674
2023-07-22,Store002,SKU003,19,43,27.47,32.96,3,SUP003,Books,,0,None,14.142857142857142,0.5196382683114912,C,10.218394694715325,23.784749015162756,52.64696612328676,0,True,9.64696612328676,Low,3662,54.57260273972603,67.10326823635724
2023-07-22,Store003,SKU001,12,11,305.84,367.01,7,SUP001,Electronics,,0,None,11.714285714285714,0.47559981845990906,C,13.637857369667923,21.64651077128664,95.63785736966793,0,True,84.63785736966793,High,5340,54.12876712328767,98.65364174722883
2023-07-22,Store003,SKU002,13,96,69.57,144.82,5,SUP002,Clothing,,0,None,11.571428571428571,0.44687170121026343,C,10.484026374443221,21.514114968019086,68.34116923158608,0,False,0.0,Low,4369,54.772602739726025,79.76615646258503
2023-07-22,Store003,SKU003,21,37,27.47,32.96,3,SUP003,Books,,0,None,11.571428571428571,0.49263346168064476,C,9.626516732683555,21.514114968019086,44.34080244696927,0,True,7.3408024469692705,Low,3639,54.92602739726028,66.25274341580207
2023-07-23,Store001,SKU001,15,77,305.84,367.01,7,SUP001,Electronics,,0,None,17.142857142857142,0.4469480032434872,C,12.78266391216064,26.186146828319085,132.78266391216064,0,True,55.78266391216064,Medium,5326,55.054794520547944,96.73998507091316
2023-07-23,Store001,SKU002,14,38,69.57,144.82,5,SUP002,Clothing,,0,None,8.857142857142858,0.4888827050106926,C,11.603530548078444,18.822478962286407,55.88924483379274,0,True,17.889244833792738,Low,4420,53.88219178082192,82.03081303706716
2023-07-23,Store001,SKU003,12,23,27.47,32.96,3,SUP003,Books,,0,None,8.142857142857142,0.5124098617067465,C,10.087258421679966,18.04755622554715,34.51582985025139,0,True,11.515829850251393,Low,3666,55.73424657534247,65.77643415425453
2023-07-23,Store002,SKU001,15,55,305.84,367.01,7,SUP001,Electronics,,0,None,14.0,0.48777608644303344,C,14.036779212620559,23.664319132398465,112.03677921262056,0,True,57.03677921262056,Medium,5359,54.868493150684934,97.6698956408848
2023-07-23,Store002,SKU002,7,61,69.57,144.82,5,SUP002,Clothing,,0,None,12.428571428571429,0.5114843407900957,C,12.823879339210837,22.296700588716195,74.96673648206799,0,True,13.966736482067986,Low,4669,52.778082191780825,88.46475290697674
2023-07-23,Store002,SKU003,16,51,27.47,32.96,3,SUP003,Books,,0,None,12.714285714285714,0.5196382683114912,C,10.218394694715325,22.551528297909847,48.36125183757247,0,False,0.0,Low,3662,54.57260273972603,67.10326823635724
2023-07-23,Store003,SKU001,16,22,305.84,367.01,7,SUP001,Electronics,,0,None,12.0,0.47559981845990906,C,13.637857369667923,21.908902300206645,97.63785736966793,0,True,75.63785736966793,Medium,5340,54.12876712328767,98.65364174722883
2023-07-23,Store003,SKU002,16,82,69.57,144.82,5,SUP002,Clothing,,0,None,12.428571428571429,0.44687170121026343,C,10.484026374443221,22.296700588716195,72.62688351730037,0,False,0.0,Low,4369,54.772602739726025,79.76615646258503
2023-07-23,Store003,SKU003,8,54,27.47,32.96,3,SUP003,Books,,0,None,11.285714285714286,0.49263346168064476,C,9.626516732683555,21.246848505803666,43.483659589826416,0,False,0.0,Low,3639,54.92602739726028,66.25274341580207
2023-07-24,Store001,SKU001,19,59,305.84,367.01,7,SUP001,Electronics,,0,None,16.571428571428573,0.4469480032434872,C,12.78266391216064,25.746012173871566,128.78266391216064,0,True,69.78266391216064,Medium,5326,55.054794520547944,96.73998507091316
2023-07-24,Store001,SKU002,5,19,69.57,144.82,5,SUP002,Clothing,,0,None,7.857142857142857,0.4888827050106926,C,11.603530548078444,17.728105208558365,50.88924483379273,0,True,31.88924483379273,Medium,4420,53.88219178082192,82.03081303706716
2023-07-24,Store001,SKU003,6,60,27.47,32.96,3,SUP003,Books,,0,None,7.571428571428571,0.5124098617067465,C,10.087258421679966,17.40279123753264,32.801544135965685,0,False,0.0,Low,3666,55.73424657534247,65.77643415425453
2023-07-24,Store002,SKU001,16,80,305.84,367.01,7,SUP001,Electronics,,0,None,12.142857142857142,0.48777608644303344,C,14.036779212620559,22.03892660077359,99.03677921262056,0,True,19.03677921262056,Low,5359,54.868493150684934,97.6698956408848
2023-07-24,Store002,SKU002,9,78,69.57,144.82,5,SUP002,Clothing,,0,None,11.714285714285714,0.5114843407900957,C,12.823879339210837,21.64651077128664,71.3953079106394,0,False,0.0,Low,4669,52.778082191780825,88.46475290697674
2023-07-24,Store002,SKU003,9,18,27.47,32.96,3,SUP003,Books,,0,None,12.857142857142858,0.5196382683114912,C,10.218394694715325,22.677868380553633,48.7898232661439,0,True,30.789823266143898,Low,3662,54.57260273972603,67.10326823635724
2023-07-24,Store003,SKU001,9,43,305.84,367.01,7,SUP001,Electronics,2023-07-05,77,Delivered,10.571428571428571,0.47559981845990906,C,13.637857369667923,20.56349053193895,87.63785736966793,0,True,44.63785736966793,Medium,5340,54.12876712328767,98.65364174722883
2023-07-24,Store003,SKU002,9,97,69.57,144.82,5,SUP002,Clothing,,0,None,11.857142857142858,0.44687170121026343,C,10.484026374443221,21.778101714468008,69.76974066015751,0,False,0.0,Low,4369,54.772602739726025,79.76615646258503
2023-07-24,Store003,SKU003,14,13,27.47,32.96,3,SUP003,Books,,0,None,12.428571428571429,0.49263346168064476,C,9.626516732683555,22.296700588716195,46.91223101839784,0,True,33.91223101839784,Low,3639,54.92602739726028,66.25274341580207
2023-07-25,Store001,SKU001,21,99,305.84,367.01,7,SUP001,Electronics,,0,None,17.571428571428573,0.4469480032434872,C,12.78266391216064,26.511453050656105,135.78266391216064,0,True,36.78266391216064,Low,5326,55.054794520547944,96.73998507091316
2023-07-25,Store001,SKU002,9,34,69.57,144.82,5,SUP002,Clothing,,0,None,8.857142857142858,0.4888827050106926,C,11.603530548078444,18.822478962286407,55.88924483379274,0,True,21.889244833792738,Low,4420,53.88219178082192,82.03081303706716
2023-07-25,Store001,SKU003,12,76,27.47,32.96,3,SUP003,Books,2023-06-30,12,Delivered,8.714285714285714,0.5124098617067465,C,10.087258421679966,18.670067717376618,36.2301155645371,0,False,0.0,Low,3666,55.73424657534247,65.77643415425453
2023-07-25,Store002,SKU001,9,60,305.84,367.01,7,SUP001,Electronics,,0,None,11.428571428571429,0.48777608644303344,C,14.036779212620559,21.38089935299395,94.03677921262056,0,True,34.03677921262056,Low,5359,54.868493150684934,97.6698956408848
2023-07-25,Store002,SKU002,7,50,69.57,144.82,5,SUP002,Clothing,,0,None,10.142857142857142,0.5114843407900957,C,12.823879339210837,20.14235055087379,63.53816505349654,0,True,13.538165053496542,Low,4669,52.778082191780825,88.46475290697674
2023-07-25,Store002,SKU003,6,80,27.47,32.96,3,SUP003,Books,,0,None,11.714285714285714,0.5196382683114912,C,10.218394694715325,21.64651077128664,45.36125183757247,0,False,0.0,Low,3662,54.57260273972603,67.10326823635724
2023-07-25,Store003,SKU001,19,13,305.84,367.01,7,SUP001,Electronics,,0,None,12.142857142857142,0.47559981845990906,C,13.637857369667923,22.03892660077359,98.63785736966793,0,True,85.63785736966793,High,5340,54.12876712328767,98.65364174722883
2023-07-25,Store003,SKU002,13,62,69.57,144.82,5,SUP002,Clothing,2023-07-05,93,Delivered,10.714285714285714,0.44687170121026343,C,10.484026374443221,20.701966780270627,64.05545494587179,0,True,2.0554549458717872,Low,4369,54.772602739726025,79.76615646258503
2023-07-25,Store003,SKU003,23,52,27.47,32.96,3,SUP003,Books,,0,None,15.285714285714286,0.49263346168064476,C,9.626516732683555,24.727081741050064,55.483659589826416,0,True,3.4836595898264164,Low,3639,54.92602739726028,66.25274341580207
2023-07-26,Store001,SKU001,11,56,305.84,367.01,7,SUP001,Electronics,,0,None,16.428571428571427,0.4469480032434872,C,12.78266391216064,25.63479777846623,127.78266391216063,0,True,71.78266391216063,Medium,5326,55.054794520547944,96.73998507091316
2023-07-26,Store001,SKU002,11,79,69.57,144.82,5,SUP002,Clothing,,0,None,9.0,0.4888827050106926,C,11.603530548078444,18.973665961010276,56.603530548078446,0,False,0.0,Low,4420,53.88219178082192,82.03081303706716
2023-07-26,Store001,SKU003,12,19,27.47,32.96,3,SUP003,Books,,0,None,9.714285714285714,0.5124098617067465,C,10.087258421679966,19.712215212183246,39.2301155645371,0,True,20.2301155645371,Low,3666,55.73424657534247,65.77643415425453
2023-07-26,Store002,SKU001,8,64,305.84,367.01,7,SUP001,Electronics,,0,None,11.142857142857142,0.48777608644303344,C,14.036779212620559,21.111946516469903,92.03677921262056,0,True,28.03677921262056,Low,5359,54.868493150684934,97.6698956408848
2023-07-26,Store002,SKU002,14,92,69.57,144.82,5,SUP002,Clothing,,0,None,9.571428571428571,0.5114843407900957,C,12.823879339210837,19.566735620873065,60.681022196353695,0,False,0.0,Low,4669,52.778082191780825,88.46475290697674
2023-07-26,Store002,SKU003,8,64,27.47,32.96,3,SUP003,Books,,0,None,12.0,0.5196382683114912,C,10.218394694715325,21.908902300206645,46.21839469471533,0,False,0.0,Low,3662,54.57260273972603,67.10326823635724
2023-07-26,Store003,SKU001,16,51,305.84,367.01,7,SUP001,Electronics,,0,None,12.571428571428571,0.47559981845990906,C,13.637857369667923,22.424476423255523,101.63785736966793,0,True,50.63785736966793,Medium,5340,54.12876712328767,98.65364174722883
2023-07-26,Store003,SKU002,14,32,69.57,144.82,5,SUP002,Clothing,,0,None,11.714285714285714,0.44687170121026343,C,10.484026374443221,21.64651077128664,69.05545494587179,0,True,37.05545494587179,Medium,4369,54.772602739726025,79.76615646258503
2023-07-26,Store003,SKU003,13,68,27.47,32.96,3,SUP003,Books,,0,None,15.571428571428571,0.49263346168064476,C,9.626516732683555,24.95710605933995,56.34080244696927,0,False,0.0,Low,3639,54.92602739726028,66.25274341580207
2023-07-27,Store001,SKU001,15,27,305.84,367.01,7,SUP001,Electronics,,0,None,16.142857142857142,0.4469480032434872,C,12.78266391216064,25.410908793553325,125.78266391216064,0,True,98.78266391216064,Medium,5326,55.054794520547944,96.73998507091316
2023-07-27,Store001,SKU002,4,12,69.57,144.82,5,SUP002,Clothing,2023-07-19,52,Delivered,8.142857142857142,0.4888827050106926,C,11.603530548078444,18.04755622554715,52.317816262364154,0,True,40.317816262364154,Medium,4420,53.88219178082192,82.03081303706716
2023-07-27,Store001,SKU003,11,40,27.47,32.96,3,SUP003,Books,,0,None,10.0,0.5124098617067465,C,10.087258421679966,20.0,40.08725842167996,0,True,0.08725842167996234,Low,3666,55.73424657534247,65.77643415425453
2023-07-27,Store002,SKU001,14,19,305.84,367.01,7,SUP001,Electronics,,0,None,12.142857142857142,0.48777608644303344,C,14.036779212620559,22.03892660077359,99.03677921262056,0,True,80.03677921262056,Medium,5359,54.868493150684934,97.6698956408848
2023-07-27,Store002,SKU002,9,16,69.57,144.82,5,SUP002,Clothing,,0,None,9.857142857142858,0.5114843407900957,C,12.823879339210837,19.85662897587892,62.109593624925125,0,True,46.109593624925125,Medium,4669,52.778082191780825,88.46475290697674
2023-07-27,Store002,SKU003,10,34,27.47,32.96,3,SUP003,Books,,0,None,11.142857142857142,0.5196382683114912,C,10.218394694715325,21.111946516469903,43.64696612328676,0,True,9.64696612328676,Low,3662,54.57260273972603,67.10326823635724
2023-07-27,Store003,SKU001,17,70,305.84,367.01,7,SUP001,Electronics,,0,None,14.428571428571429,0.47559981845990906,C,13.637857369667923,24.023797725231894,114.63785736966793,0,True,44.63785736966793,Medium,5340,54.12876712328767,98.65364174722883
2023-07-27,Store003,SKU002,12,40,69.57,144.82,5,SUP002,Clothing,,0,None,12.0,0.44687170121026343,C,10.484026374443221,21.908902300206645,70.48402637444322,0,True,30.484026374443218,Low,4369,54.772602739726025,79.76615646258503
2023-07-27,Store003,SKU003,8,45,27.47,32.96,3,SUP003,Books,,0,None,14.0,0.49263346168064476,C,9.626516732683555,23.664319132398465,51.626516732683555,0,True,6.626516732683555,Low,3639,54.92602739726028,66.25274341580207
2023-07-28,Store001,SKU001,16,82,305.84,367.01,7,SUP001,Electronics,,0,None,16.571428571428573,0.4469480032434872,C,12.78266391216064,25.746012173871566,128.78266391216064,0,True,46.78266391216064,Low,5326,55.054794520547944,96.73998507091316
2023-07-28,Store001,SKU002,11,85,69.57,144.82,5,SUP002,Clothing,,0,None,8.857142857142858,0.4888827050106926,C,11.603530548078444,18.822478962286407,55.88924483379274,0,False,0.0,Low,4420,53.88219178082192,82.03081303706716
2023-07-28,Store001,SKU003,5,57,27.47,32.96,3,SUP003,Books,,0,None,9.714285714285714,0.5124098617067465,C,10.087258421679966,19.712215212183246,39.2301155645371,0,False,0.0,Low,3666,55.73424657534247,65.77643415425453
2023-07-28,Store002,SKU001,17,12,305.84,367.01,7,SUP001,Electronics,,0,None,13.142857142857142,0.48777608644303344,C,14.036779212620559,22.92846016884443,106.03677921262056,0,True,94.03677921262056,High,5359,54.868493150684934,97.6698956408848
2023-07-28,Store002,SKU002,16,38,69.57,144.82,5,SUP002,Clothing,2023-07-24,29,Pending,10.857142857142858,0.5114843407900957,C,12.823879339210837,20.83952289006911,38.109593624925125,29,True,0.0,Low,4669,52.778082191780825,88.46475290697674
2023-07-28,Store002,SKU003,7,42,27.47,32.96,3,SUP003,Books,,0,None,10.714285714285714,0.5196382683114912,C,10.218394694715325,20.701966780270627,42.36125183757247,0,True,0.3612518375724676,Low,3662,54.57260273972603,67.10326823635724
2023-07-28,Store003,SKU001,8,70,305.84,367.01,7,SUP001,Electronics,,0,None,13.857142857142858,0.47559981845990906,C,13.637857369667923,23.543273227945903,110.63785736966793,0,True,40.63785736966793,Low,5340,54.12876712328767,98.65364174722883
2023-07-28,Store003,SKU002,13,55,69.57,144.82,5,SUP002,Clothing,,0,None,12.857142857142858,0.44687170121026343,C,10.484026374443221,22.677868380553633,74.76974066015751,0,True,19.76974066015751,Low,4369,54.772602739726025,79.76615646258503
2023-07-28,Store003,SKU003,17,51,27.47,32.96,3,SUP003,Books,,0,None,14.857142857142858,0.49263346168064476,C,9.626516732683555,24.377976008801763,54.197945304112125,0,True,3.1979453041121246,Low,3639,54.92602739726028,66.25274341580207
2023-07-29,Store001,SKU001,20,73,305.84,367.01,7,SUP001,Electronics,,0,None,16.714285714285715,0.4469480032434872,C,12.78266391216064,25.85674822114004,129.78266391216064,0,True,56.78266391216064,Medium,5326,55.054794520547944,96.73998507091316
2023-07-29,Store001,SKU002,7,95,69.57,144.82,5,SUP002,Clothing,,0,None,8.714285714285714,0.4888827050106926,C,11.603530548078444,18.670067717376618,55.174959119507015,0,False,0.0,Low,4420,53.88219178082192,82.03081303706716
2023-07-29,Store001,SKU003,19,92,27.47,32.96,3,SUP003,Books,,0,None,11.0,0.5124098617067465,C,10.087258421679966,20.97617696340303,43.08725842167996,0,False,0.0,Low,3666,55.73424657534247,65.77643415425453
2023-07-29,Store002,SKU001,8,58,305.84,367.01,7,SUP001,Electronics,,0,None,12.428571428571429,0.48777608644303344,C,14.036779212620559,22.296700588716195,101.03677921262056,0,True,43.03677921262056,Medium,5359,54.868493150684934,97.6698956408848
2023-07-29,Store002,SKU002,10,59,69.57,144.82,5,SUP002,Clothing,,0,None,10.285714285714286,0.5114843407900957,C,12.823879339210837,20.2837021134844,64.25245076778226,0,True,5.252450767782264,Low,4669,52.778082191780825,88.46475290697674
2023-07-29,Store002,SKU003,18,72,27.47,32.96,3,SUP003,Books,,0,None,10.571428571428571,0.5196382683114912,C,10.218394694715325,20.56349053193895,41.93268040900104,0,False,0.0,Low,3662,54.57260273972603,67.10326823635724
2023-07-29,Store003,SKU001,14,63,305.84,367.01,7,SUP001,Electronics,,0,None,14.142857142857142,0.47559981845990906,C,13.637857369667923,23.784749015162756,112.63785736966793,0,True,49.63785736966793,Medium,5340,54.12876712328767,98.65364174722883
2023-07-29,Store003,SKU002,17,35,69.57,144.82,5,SUP002,Clothing,2023-07-14,62,Delivered,13.428571428571429,0.44687170121026343,C,10.484026374443221,23.176342617912283,77.62688351730036,0,True,42.62688351730036,Medium,4369,54.772602739726025,79.76615646258503
2023-07-29,Store003,SKU003,9,73,27.47,32.96,3,SUP003,Books,,0,None,13.142857142857142,0.49263346168064476,C,9.626516732683555,22.92846016884443,49.055088161254986,0,False,0.0,Low,3639,54.92602739726028,66.25274341580207
2023-07-30,Store001,SKU001,20,73,305.84,367.01,7,SUP001,Electronics,,0,None,17.428571428571427,0.4469480032434872,C,12.78266391216064,26.403462976338105,134.78266391216061,0,True,61.782663912160615,Medium,5326,55.054794520547944,96.73998507091316
2023-07-30,Store001,SKU002,25,71,69.57,144.82,5,SUP002,Clothing,,0,None,10.285714285714286,0.4888827050106926,C,11.603530548078444,20.2837021134844,63.03210197664988,0,False,0.0,Low,4420,53.88219178082192,82.03081303706716
2023-07-30,Store001,SKU003,18,68,27.47,32.96,3,SUP003,Books,,0,None,11.857142857142858,0.5124098617067465,C,10.087258421679966,21.778101714468008,45.65868699310853,0,False,0.0,Low,3666,55.73424657534247,65.77643415425453
2023-07-30,Store002,SKU001,16,17,305.84,367.01,7,SUP001,Electronics,,0,None,12.571428571428571,0.48777608644303344,C,14.036779212620559,22.424476423255523,102.03677921262056,0,True,85.03677921262056,Medium,5359,54.868493150684934,97.6698956408848
2023-07-30,Store002,SKU002,20,67,69.57,144.82,5,SUP002,Clothing,,0,None,12.142857142857142,0.5114843407900957,C,12.823879339210837,22.03892660077359,73.53816505349654,0,True,6.538165053496542,Low,4669,52.778082191780825,88.46475290697674
2023-07-30,Store002,SKU003,20,78,27.47,32.96,3,SUP003,Books,,0,None,11.142857142857142,0.5196382683114912,C,10.218394694715325,21.111946516469903,43.64696612328676,0,False,0.0,Low,3662,54.57260273972603,67.10326823635724
2023-07-30,Store003,SKU001,30,44,305.84,367.01,7,SUP001,Electronics,,0,None,16.142857142857142,0.47559981845990906,C,13.637857369667923,25.410908793553325,126.63785736966793,0,True,82.63785736966793,Medium,5340,54.12876712328767,98.65364174722883
2023-07-30,Store003,SKU002,10,85,69.57,144.82,5,SUP002,Clothing,,0,None,12.571428571428571,0.44687170121026343,C,10.484026374443221,22.424476423255523,73.34116923158608,0,False,0.0,Low,4369,54.772602739726025,79.76615646258503
2023-07-30,Store003,SKU003,13,28,27.47,32.96,3,SUP003,Books,,0,None,13.857142857142858,0.49263346168064476,C,9.626516732683555,23.543273227945903,51.197945304112125,0,True,23.197945304112125,Low,3639,54.92602739726028,66.25274341580207
2023-07-31,Store001,SKU001,12,33,305.84,367.01,7,SUP001,Electronics,,0,None,16.428571428571427,0.4469480032434872,C,12.78266391216064,25.63479777846623,127.78266391216063,0,True,94.78266391216063,Medium,5326,55.054794520547944,96.73998507091316
2023-07-31,Store001,SKU002,11,36,69.57,144.82,5,SUP002,Clothing,,0,None,11.142857142857142,0.4888827050106926,C,11.603530548078444,21.111946516469903,67.31781626236415,0,True,31.317816262364147,Low,4420,53.88219178082192,82.03081303706716
2023-07-31,Store001,SKU003,10,15,27.47,32.96,3,SUP003,Books,,0,None,12.428571428571429,0.5124098617067465,C,10.087258421679966,22.296700588716195,47.372972707394254,0,True,32.372972707394254,Low,3666,55.73424657534247,65.77643415425453
2023-07-31,Store002,SKU001,24,25,305.84,367.01,7,SUP001,Electronics,,0,None,13.714285714285714,0.48777608644303344,C,14.036779212620559,23.421601750764797,110.03677921262056,0,True,85.03677921262056,Medium,5359,54.868493150684934,97.6698956408848
2023-07-31,Store002,SKU002,19,20,69.57,144.82,5,SUP002,Clothing,,0,None,13.571428571428571,0.5114843407900957,C,12.823879339210837,23.299294900428702,80.6810221963537,0,True,60.681022196353695,Medium,4669,52.778082191780825,88.46475290697674
2023-07-31,Store002,SKU003,7,47,27.47,32.96,3,SUP003,Books,,0,None,10.857142857142858,0.5196382683114912,C,10.218394694715325,20.83952289006911,42.7898232661439,0,False,0.0,Low,3662,54.57260273972603,67.10326823635724
2023-07-31,Store003,SKU001,23,11,305.84,367.01,7,SUP001,Electronics,,0,None,18.142857142857142,0.47559981845990906,C,13.637857369667923,26.939084723024383,140.63785736966793,0,True,129.63785736966793,High,5340,54.12876712328767,98.65364174722883
2023-07-31,Store003,SKU002,13,23,69.57,144.82,5,SUP002,Clothing,,0,None,13.142857142857142,0.44687170121026343,C,10.484026374443221,22.92846016884443,76.19831208872893,0,True,53.198312088728926,Medium,4369,54.772602739726025,79.76615646258503
2023-07-31,Store003,SKU003,7,23,27.47,32.96,3,SUP003,Books,,0,None,12.857142857142858,0.49263346168064476,C,9.626516732683555,22.677868380553633,48.197945304112125,0,True,25.197945304112125,Low,3639,54.92602739726028,66.25274341580207
2023-08-01,Store001,SKU001,21,75,305.84,367.01,7,SUP001,Electronics,2023-07-11,34,Delivered,16.428571428571427,0.4469480032434872,C,12.78266391216064,25.63479777846623,127.78266391216063,0,True,52.78266391216063,Medium,5326,55.054794520547944,96.73998507091316
2023-08-01,Store001,SKU002,11,49,69.57,144.82,5,SUP002,Clothing,,0,None,11.428571428571429,0.4888827050106926,C,11.603530548078444,21.38089935299395,68.74638769093559,0,True,19.74638769093559,Low,4420,53.88219178082192,82.03081303706716
2023-08-01,Store001,SKU003,8,65,27.47,32.96,3,SUP003,Books,,0,None,11.857142857142858,0.5124098617067465,C,10.087258421679966,21.778101714468008,45.65868699310853,0,False,0.0,Low,3666,55.73424657534247,65.77643415425453
2023-08-01,Store002,SKU001,22,86,305.84,367.01,7,SUP001,Electronics,,0,None,15.571428571428571,0.48777608644303344,C,14.036779212620559,24.95710605933995,123.03677921262056,0,True,37.03677921262056,Low,5359,54.868493150684934,97.6698956408848
2023-08-01,Store002,SKU002,7,53,69.57,144.82,5,SUP002,Clothing,,0,None,13.571428571428571,0.5114843407900957,C,12.823879339210837,23.299294900428702,80.6810221963537,0,True,27.681022196353695,Low,4669,52.778082191780825,88.46475290697674
2023-08-01,Store002,SKU003,4,94,27.47,32.96,3,SUP003,Books,,0,None,10.571428571428571,0.5196382683114912,C,10.218394694715325,20.56349053193895,41.93268040900104,0,False,0.0,Low,3662,54.57260273972603,67.10326823635724
2023-08-01,Store003,SKU001,6,10,305.84,367.01,7,SUP001,Electronics,,0,None,16.285714285714285,0.47559981845990906,C,13.637857369667923,25.523098781859762,127.63785736966793,0,True,117.63785736966793,High,5340,54.12876712328767,98.65364174722883
2023-08-01,Store003,SKU002,15,13,69.57,144.82,5,SUP002,Clothing,,0,None,13.428571428571429,0.44687170121026343,C,10.484026374443221,23.176342617912283,77.62688351730036,0,True,64.62688351730036,Medium,4369,54.772602739726025,79.76615646258503
2023-08-01,Store003,SKU003,1,52,27.47,32.96,3,SUP003,Books,,0,None,9.714285714285714,0.49263346168064476,C,9.626516732683555,19.712215212183246,38.769373875540694,0,False,0.0,Low,3639,54.92602739726028,66.25274341580207
2023-08-02,Store001,SKU001,15,99,305.84,367.01,7,SUP001,Electronics,,0,None,17.0,0.4469480032434872,C,12.78266391216064,26.076809620810597,131.78266391216064,0,True,32.78266391216064,Low,5326,55.054794520547944,96.73998507091316
2023-08-02,Store001,SKU002,12,62,69.57,144.82,5,SUP002,Clothing,,0,None,11.571428571428571,0.4888827050106926,C,11.603530548078444,21.514114968019086,69.4606734052213,0,True,7.4606734052213,Low,4420,53.88219178082192,82.03081303706716
2023-08-02,Store001,SKU003,9,53,27.47,32.96,3,SUP003,Books,,0,None,11.428571428571429,0.5124098617067465,C,10.087258421679966,21.38089935299395,44.372972707394254,0,False,0.0,Low,3666,55.73424657534247,65.77643415425453
2023-08-02,Store002,SKU001,9,23,305.84,367.01,7,SUP001,Electronics,,0,None,15.714285714285714,0.48777608644303344,C,14.036779212620559,25.071326821120348,124.03677921262056,0,True,101.03677921262056,Medium,5359,54.868493150684934,97.6698956408848
2023-08-02,Store002,SKU002,14,97,69.57,144.82,5,SUP002,Clothing,,0,None,13.571428571428571,0.5114843407900957,C,12.823879339210837,23.299294900428702,80.6810221963537,0,False,0.0,Low,4669,52.778082191780825,88.46475290697674
2023-08-02,Store002,SKU003,11,14,27.47,32.96,3,SUP003,Books,,0,None,11.0,0.5196382683114912,C,10.218394694715325,20.97617696340303,43.21839469471533,0,True,29.21839469471533,Low,3662,54.57260273972603,67.10326823635724
2023-08-02,Store003,SKU001,22,69,305.84,367.01,7,SUP001,Electronics,,0,None,17.142857142857142,0.47559981845990906,C,13.637857369667923,26.186146828319085,133.63785736966793,0,True,64.63785736966793,Medium,5340,54.12876712328767,98.65364174722883
2023-08-02,Store003,SKU002,14,76,69.57,144.82,5,SUP002,Clothing,,0,None,13.428571428571429,0.44687170121026343,C,10.484026374443221,23.176342617912283,77.62688351730036,0,True,1.6268835173003566,Low,4369,54.772602739726025,79.76615646258503
2023-08-02,Store003,SKU003,11,93,27.47,32.96,3,SUP003,Books,,0,None,9.428571428571429,0.49263346168064476,C,9.626516732683555,19.42016624910449,37.91223101839784,0,False,0.0,Low,3639,54.92602739726028,66.25274341580207
2023-08-03,Store001,SKU001,14,22,305.84,367.01,7,SUP001,Electronics,,0,None,16.857142857142858,0.4469480032434872,C,12.78266391216064,25.967012040004033,130.78266391216064,0,True,108.78266391216064,Medium,5326,55.054794520547944,96.73998507091316
2023-08-03,Store001,SKU002,10,37,69.57,144.82,5,SUP002,Clothing,2023-07-15,25,Delivered,12.428571428571429,0.4888827050106926,C,11.603530548078444,22.296700588716195,73.74638769093559,0,True,36.74638769093559,Low,4420,53.88219178082192,82.03081303706716
2023-08-03,Store001,SKU003,17,99,27.47,32.96,3,SUP003,Books,,0,None,12.285714285714286,0.5124098617067465,C,10.087258421679966,22.168188275738085,46.94440127882282,0,False,0.0,Low,3666,55.73424657534247,65.77643415425453
2023-08-03,Store002,SKU001,18,93,305.84,367.01,7,SUP001,Electronics,,0,None,16.285714285714285,0.48777608644303344,C,14.036779212620559,25.523098781859762,128.03677921262056,0,True,35.03677921262056,Low,5359,54.868493150684934,97.6698956408848
2023-08-03,Store002,SKU002,9,13,69.57,144.82,5,SUP002,Clothing,,0,None,13.571428571428571,0.5114843407900957,C,12.823879339210837,23.299294900428702,80.6810221963537,0,True,67.6810221963537,Medium,4669,52.778082191780825,88.46475290697674
2023-08-03,Store002,SKU003,16,93,27.47,32.96,3,SUP003,Books,,0,None,11.857142857142858,0.5196382683114912,C,10.218394694715325,21.778101714468008,45.7898232661439,0,False,0.0,Low,3662,54.57260273972603,67.10326823635724
2023-08-03,Store003,SKU001,12,59,305.84,367.01,7,SUP001,Electronics,,0,None,16.428571428571427,0.47559981845990906,C,13.637857369667923,25.63479777846623,128.6378573696679,0,True,69.6378573696679,Medium,5340,54.12876712328767,98.65364174722883
2023-08-03,Store003,SKU002,12,76,69.57,144.82,5,SUP002,Clothing,,0,None,13.428571428571429,0.44687170121026343,C,10.484026374443221,23.176342617912283,77.62688351730036,0,True,1.6268835173003566,Low,4369,54.772602739726025,79.76615646258503
2023-08-03,Store003,SKU003,14,67,27.47,32.96,3,SUP003,Books,2023-07-16,56,Delivered,10.285714285714286,0.49263346168064476,C,9.626516732683555,20.2837021134844,40.483659589826416,0,False,0.0,Low,3639,54.92602739726028,66.25274341580207
2023-08-04,Store001,SKU001,15,12,305.84,367.01,7,SUP001,Electronics,,0,None,16.714285714285715,0.4469480032434872,C,12.78266391216064,25.85674822114004,129.78266391216064,0,True,117.78266391216064,High,5326,55.054794520547944,96.73998507091316
2023-08-04,Store001,SKU002,14,63,69.57,144.82,5,SUP002,Clothing,,0,None,12.857142857142858,0.4888827050106926,C,11.603530548078444,22.677868380553633,75.88924483379273,0,True,12.88924483379273,Low,4420,53.88219178082192,82.03081303706716
2023-08-04,Store001,SKU003,12,12,27.47,32.96,3,SUP003,Books,,0,None,13.285714285714286,0.5124098617067465,C,10.087258421679966,23.052734575936352,49.94440127882282,0,True,37.94440127882282,Low,3666,55.73424657534247,65.77643415425453
2023-08-04,Store002,SKU001,15,39,305.84,367.01,7,SUP001,Electronics,,0,None,16.0,0.48777608644303344,C,14.036779212620559,25.298221281347036,126.03677921262056,0,True,87.03677921262056,Medium,5359,54.868493150684934,97.6698956408848
2023-08-04,Store002,SKU002,20,44,69.57,144.82,5,SUP002,Clothing,,0,None,14.142857142857142,0.5114843407900957,C,12.823879339210837,23.784749015162756,83.53816505349654,0,True,39.53816505349654,Low,4669,52.778082191780825,88.46475290697674
2023-08-04,Store002,SKU003,11,67,27.47,32.96,3,SUP003,Books,,0,None,12.428571428571429,0.5196382683114912,C,10.218394694715325,22.296700588716195,47.504108980429606,0,False,0.0,Low,3662,54.57260273972603,67.10326823635724
2023-08-04,Store003,SKU001,5,90,305.84,367.01,7,SUP001,Electronics,,0,None,16.0,0.47559981845990906,C,13.637857369667923,25.298221281347036,125.63785736966793,0,True,35.63785736966793,Low,5340,54.12876712328767,98.65364174722883
2023-08-04,Store003,SKU002,16,39,69.57,144.82,5,SUP002,Clothing,2023-07-22,60,Delivered,13.857142857142858,0.44687170121026343,C,10.484026374443221,23.543273227945903,79.76974066015751,0,True,40.76974066015751,Low,4369,54.772602739726025,79.76615646258503
2023-08-04,Store003,SKU003,7,32,27.47,32.96,3,SUP003,Books,,0,None,8.857142857142858,0.49263346168064476,C,9.626516732683555,18.822478962286407,36.197945304112125,0,True,4.197945304112125,Low,3639,54.92602739726028,66.25274341580207
2023-08-05,Store001,SKU001,20,64,305.84,367.01,7,SUP001,Electronics,,0,None,16.714285714285715,0.4469480032434872,C,12.78266391216064,25.85674822114004,129.78266391216064,0,True,65.78266391216064,Medium,5326,55.054794520547944,96.73998507091316
2023-08-05,Store001,SKU002,23,14,69.57,144.82,5,SUP002,Clothing,,0,None,15.142857142857142,0.4888827050106926,C,11.603530548078444,24.611263391266316,87.31781626236415,0,True,73.31781626236415,Medium,4420,53.88219178082192,82.03081303706716
2023-08-05,Store001,SKU003,10,61,27.47,32.96,3,SUP003,Books,,0,None,12.0,0.5124098617067465,C,10.087258421679966,21.908902300206645,46.08725842167996,0,False,0.0,Low,3666,55.73424657534247,65.77643415425453
2023-08-05,Store002,SKU001,21,69,305.84,367.01,7,SUP001,Electronics,,0,None,17.857142857142858,0.48777608644303344,C,14.036779212620559,26.72612419124244,139.03677921262056,0,True,70.03677921262056,Medium,5359,54.868493150684934,97.6698956408848
2023-08-05,Store002,SKU002,14,73,69.57,144.82,5,SUP002,Clothing,,0,None,14.714285714285714,0.5114843407900957,C,12.823879339210837,24.26049110326146,86.3953079106394,0,True,13.395307910639403,Low,4669,52.778082191780825,88.46475290697674
2023-08-05,Store002,SKU003,6,43,27.47,32.96,3,SUP003,Books,2023-07-21,64,Delivered,10.714285714285714,0.5196382683114912,C,10.218394694715325,20.701966780270627,42.36125183757247,0,False,0.0,Low,3662,54.57260273972603,67.10326823635724
2023-08-05,Store003,SKU001,23,78,305.84,367.01,7,SUP001,Electronics,,0,None,17.285714285714285,0.47559981845990906,C,13.637857369667923,26.295029405356658,134.63785736966793,0,True,56.63785736966793,Medium,5340,54.12876712328767,98.65364174722883
2023-08-05,Store003,SKU002,13,71,69.57,144.82,5,SUP002,Clothing,,0,None,13.285714285714286,0.44687170121026343,C,10.484026374443221,23.052734575936352,76.91259780301465,0,True,5.912597803014648,Low,4369,54.772602739726025,79.76615646258503
2023-08-05,Store003,SKU003,7,43,27.47,32.96,3,SUP003,Books,,0,None,8.571428571428571,0.49263346168064476,C,9.626516732683555,18.51640199545103,35.34080244696927,0,False,0.0,Low,3639,54.92602739726028,66.25274341580207
2023-08-06,Store001,SKU001,21,37,305.84,367.01,7,SUP001,Electronics,,0,None,16.857142857142858,0.4469480032434872,C,12.78266391216064,25.967012040004033,130.78266391216064,0,True,93.78266391216064,Medium,5326,55.054794520547944,96.73998507091316
2023-08-06,Store001,SKU002,13,15,69.57,144.82,5,SUP002,Clothing,,0,None,13.428571428571429,0.4888827050106926,C,11.603530548078444,23.176342617912283,78.74638769093558,0,True,63.74638769093558,Medium,4420,53.88219178082192,82.03081303706716
2023-08-06,Store001,SKU003,13,39,27.47,32.96,3,SUP003,Books,,0,None,11.285714285714286,0.5124098617067465,C,10.087258421679966,21.246848505803666,43.94440127882282,0,True,4.9444012788228235,Low,3666,55.73424657534247,65.77643415425453
2023-08-06,Store002,SKU001,18,10,305.84,367.01,7,SUP001,Electronics,,0,None,18.142857142857142,0.48777608644303344,C,14.036779212620559,26.939084723024383,141.03677921262056,0,True,131.03677921262056,High,5359,54.868493150684934,97.6698956408848
2023-08-06,Store002,SKU002,16,35,69.57,144.82,5,SUP002,Clothing,,0,None,14.142857142857142,0.5114843407900957,C,12.823879339210837,23.784749015162756,83.53816505349654,0,True,48.53816505349654,Medium,4669,52.778082191780825,88.46475290697674
2023-08-06,Store002,SKU003,13,19,27.47,32.96,3,SUP003,Books,,0,None,9.714285714285714,0.5196382683114912,C,10.218394694715325,19.712215212183246,39.36125183757247,0,True,20.361251837572468,Low,3662,54.57260273972603,67.10326823635724
2023-08-06,Store003,SKU001,16,80,305.84,367.01,7,SUP001,Electronics,,0,None,15.285714285714286,0.47559981845990906,C,13.637857369667923,24.727081741050064,120.63785736966793,0,True,40.63785736966793,Low,5340,54.12876712328767,98.65364174722883
2023-08-06,Store003,SKU002,4,58,69.57,144.82,5,SUP002,Clothing,2023-08-04,24,Confirmed,12.428571428571429,0.44687170121026343,C,10.484026374443221,22.296700588716195,48.62688351730037,24,False,0.0,Low,4369,54.772602739726025,79.76615646258503
2023-08-06,Store003,SKU003,9,79,27.47,32.96,3,SUP003,Books,,0,None,8.0,0.49263346168064476,C,9.626516732683555,17.88854381999832,33.626516732683555,0,False,0.0,Low,3639,54.92602739726028,66.25274341580207
2023-08-07,Store001,SKU001,16,61,305.84,367.01,7,SUP001,Electronics,,0,None,17.428571428571427,0.4469480032434872,C,12.78266391216064,26.403462976338105,134.78266391216061,0,True,73.78266391216061,Medium,5326,55.054794520547944,96.73998507091316
2023-08-07,Store001,SKU002,12,94,69.57,144.82,5,SUP002,Clothing,,0,None,13.571428571428571,0.4888827050106926,C,11.603530548078444,23.299294900428702,79.4606734052213,0,False,0.0,Low,4420,53.88219178082192,82.03081303706716
2023-08-07,Store001,SKU003,13,22,27.47,32.96,3,SUP003,Books,,0,None,11.714285714285714,0.5124098617067465,C,10.087258421679966,21.64651077128664,45.2301155645371,0,True,23.2301155645371,Low,3666,55.73424657534247,65.77643415425453
2023-08-07,Store002,SKU001,14,49,305.84,367.01,7,SUP001,Electronics,,0,None,16.714285714285715,0.48777608644303344,C,14.036779212620559,25.85674822114004,131.03677921262056,0,True,82.03677921262056,Medium,5359,54.868493150684934,97.6698956408848
2023-08-07,Store002,SKU002,10,13,69.57,144.82,5,SUP002,Clothing,,0,None,12.857142857142858,0.5114843407900957,C,12.823879339210837,22.677868380553633,77.10959362492513,0,True,64.10959362492513,Medium,4669,52.778082191780825,88.46475290697674
2023-08-07,Store002,SKU003,8,41,27.47,32.96,3,SUP003,Books,,0,None,9.857142857142858,0.5196382683114912,C,10.218394694715325,19.85662897587892,39.7898232661439,0,False,0.0,Low,3662,54.57260273972603,67.10326823635724
2023-08-07,Store003,SKU001,6,45,305.84,367.01,7,SUP001,Electronics,,0,None,12.857142857142858,0.47559981845990906,C,13.637857369667923,22.677868380553633,103.63785736966793,0,True,58.63785736966793,Medium,5340,54.12876712328767,98.65364174722883
2023-08-07,Store003,SKU002,5,31,69.57,144.82,5,SUP002,Clothing,,0,None,11.285714285714286,0.44687170121026343,C,10.484026374443221,21.246848505803666,66.91259780301465,0,True,35.91259780301465,Medium,4369,54.772602739726025,79.76615646258503
2023-08-07,Store003,SKU003,4,74,27.47,32.96,3,SUP003,Books,,0,None,7.571428571428571,0.49263346168064476,C,9.626516732683555,17.40279123753264,32.34080244696927,0,False,0.0,Low,3639,54.92602739726028,66.25274341580207
2023-08-08,Store001,SKU001,9,87,305.84,367.01,7,SUP001,Electronics,,0,None,15.714285714285714,0.4469480032434872,C,12.78266391216064,25.071326821120348,122.78266391216064,0,True,35.78266391216064,Low,5326,55.054794520547944,96.73998507091316
2023-08-08,Store001,SKU002,17,99,69.57,144.82,5,SUP002,Clothing,,0,None,14.428571428571429,0.4888827050106926,C,11.603530548078444,24.023797725231894,83.74638769093558,0,False,0.0,Low,4420,53.88219178082192,82.03081303706716
2023-08-08,Store001,SKU003,20,53,27.47,32.96,3,SUP003,Books,,0,None,13.428571428571429,0.5124098617067465,C,10.087258421679966,23.176342617912283,50.372972707394254,0,False,0.0,Low,3666,55.73424657534247,65.77643415425453
2023-08-08,Store002,SKU001,14,41,305.84,367.01,7,SUP001,Electronics,,0,None,15.571428571428571,0.48777608644303344,C,14.036779212620559,24.95710605933995,123.03677921262056,0,True,82.03677921262056,Medium,5359,54.868493150684934,97.6698956408848
2023-08-08,Store002,SKU002,9,45,69.57,144.82,5,SUP002,Clothing,,0,None,13.142857142857142,0.5114843407900957,C,12.823879339210837,22.92846016884443,78.53816505349654,0,True,33.53816505349654,Low,4669,52.778082191780825,88.46475290697674
2023-08-08,Store002,SKU003,11,84,27.47,32.96,3,SUP003,Books,,0,None,10.857142857142858,0.5196382683114912,C,10.218394694715325,20.83952289006911,42.7898232661439,0,False,0.0,Low,3662,54.57260273972603,67.10326823635724
2023-08-08,Store003,SKU001,12,27,305.84,367.01,7,SUP001,Electronics,,0,None,13.714285714285714,0.47559981845990906,C,13.637857369667923,23.421601750764797,109.63785736966793,0,True,82.63785736966793,Medium,5340,54.12876712328767,98.65364174722883
2023-08-08,Store003,SKU002,4,51,69.57,144.82,5,SUP002,Clothing,2023-07-27,93,Delivered,9.714285714285714,0.44687170121026343,C,10.484026374443221,19.712215212183246,59.05545494587179,0,True,8.055454945871787,Low,4369,54.772602739726025,79.76615646258503
2023-08-08,Store003,SKU003,5,55,27.47,32.96,3,SUP003,Books,,0,None,8.142857142857142,0.49263346168064476,C,9.626516732683555,18.04755622554715,34.055088161254986,0,False,0.0,Low,3639,54.92602739726028,66.25274341580207
2023-08-09,Store001,SKU001,5,72,305.84,367.01,7,SUP001,Electronics,,0,None,14.285714285714286,0.4469480032434872,C,12.78266391216064,23.904572186687872,112.78266391216064,0,True,40.78266391216064,Low,5326,55.054794520547944,96.73998507091316
2023-08-09,Store001,SKU002,12,85,69.57,144.82,5,SUP002,Clothing,,0,None,14.428571428571429,0.4888827050106926,C,11.603530548078444,24.023797725231894,83.74638769093558,0,False,0.0,Low,4420,53.88219178082192,82.03081303706716
2023-08-09,Store001,SKU003,6,75,27.47,32.96,3,SUP003,Books,,0,None,13.0,0.5124098617067465,C,10.087258421679966,22.80350850198276,49.08725842167996,0,False,0.0,Low,3666,55.73424657534247,65.77643415425453
2023-08-09,Store002,SKU001,14,61,305.84,367.01,7,SUP001,Electronics,2023-07-17,48,Delivered,16.285714285714285,0.48777608644303344,C,14.036779212620559,25.523098781859762,128.03677921262056,0,True,67.03677921262056,Medium,5359,54.868493150684934,97.6698956408848
2023-08-09,Store002,SKU002,4,88,69.57,144.82,5,SUP002,Clothing,,0,None,11.714285714285714,0.5114843407900957,C,12.823879339210837,21.64651077128664,71.3953079106394,0,False,0.0,Low,4669,52.778082191780825,88.46475290697674
2023-08-09,Store002,SKU003,14,14,27.47,32.96,3,SUP003,Books,,0,None,11.285714285714286,0.5196382683114912,C,10.218394694715325,21.246848505803666,44.07553755185819,0,True,30.07553755185819,Low,3662,54.57260273972603,67.10326823635724
2023-08-09,Store003,SKU001,15,66,305.84,367.01,7,SUP001,Electronics,,0,None,12.714285714285714,0.47559981845990906,C,13.637857369667923,22.551528297909847,102.63785736966793,0,True,36.63785736966793,Low,5340,54.12876712328767,98.65364174722883
2023-08-09,Store003,SKU002,12,53,69.57,144.82,5,SUP002,Clothing,,0,None,9.428571428571429,0.44687170121026343,C,10.484026374443221,19.42016624910449,57.62688351730037,0,True,4.626883517300371,Low,4369,54.772602739726025,79.76615646258503
2023-08-09,Store003,SKU003,10,45,27.47,32.96,3,SUP003,Books,,0,None,8.0,0.49263346168064476,C,9.626516732683555,17.88854381999832,33.626516732683555,0,False,0.0,Low,3639,54.92602739726028,66.25274341580207
2023-08-10,Store001,SKU001,15,73,305.84,367.01,7,SUP001,Electronics,,0,None,14.428571428571429,0.4469480032434872,C,12.78266391216064,24.023797725231894,113.78266391216064,0,True,40.78266391216064,Low,5326,55.054794520547944,96.73998507091316
2023-08-10,Store001,SKU002,18,68,69.57,144.82,5,SUP002,Clothing,,0,None,15.571428571428571,0.4888827050106926,C,11.603530548078444,24.95710605933995,89.4606734052213,0,True,21.4606734052213,Low,4420,53.88219178082192,82.03081303706716
2023-08-10,Store001,SKU003,5,54,27.47,32.96,3,SUP003,Books,,0,None,11.285714285714286,0.5124098617067465,C,10.087258421679966,21.246848505803666,43.94440127882282,0,False,0.0,Low,3666,55.73424657534247,65.77643415425453
2023-08-10,Store002,SKU001,19,14,305.84,367.01,7,SUP001,Electronics,,0,None,16.428571428571427,0.48777608644303344,C,14.036779212620559,25.63479777846623,129.03677921262056,0,True,115.03677921262056,High,5359,54.868493150684934,97.6698956408848
2023-08-10,Store002,SKU002,16,70,69.57,144.82,5,SUP002,Clothing,,0,None,12.714285714285714,0.5114843407900957,C,12.823879339210837,22.551528297909847,76.3953079106394,0,True,6.395307910639403,Low,4669,52.778082191780825,88.46475290697674
2023-08-10,Store002,SKU003,10,32,27.47,32.96,3,SUP003,Books,,0,None,10.428571428571429,0.5196382683114912,C,10.218394694715325,20.42407542932745,41.504108980429606,0,True,9.504108980429606,Low,3662,54.57260273972603,67.10326823635724
2023-08-10,Store003,SKU001,7,79,305.84,367.01,7,SUP001,Electronics,,0,None,12.0,0.47559981845990906,C,13.637857369667923,21.908902300206645,97.63785736966793,0,True,18.637857369667927,Low,5340,54.12876712328767,98.65364174722883
2023-08-10,Store003,SKU002,5,31,69.57,144.82,5,SUP002,Clothing,,0,None,8.428571428571429,0.44687170121026343,C,10.484026374443221,18.361450300639575,52.62688351730037,0,True,21.62688351730037,Low,4369,54.772602739726025,79.76615646258503
2023-08-10,Store003,SKU003,10,46,27.47,32.96,3,SUP003,Books,,0,None,7.428571428571429,0.49263346168064476,C,9.626516732683555,17.237832147426694,31.91223101839784,0,False,0.0,Low,3639,54.92602739726028,66.25274341580207
2023-08-11,Store001,SKU001,2,43,305.84,367.01,7,SUP001,Electronics,,0,None,12.571428571428571,0.4469480032434872,C,12.78266391216064,22.424476423255523,100.78266391216064,0,True,57.78266391216064,Medium,5326,55.054794520547944,96.73998507091316
2023-08-11,Store001,SKU002,4,14,69.57,144.82,5,SUP002,Clothing,,0,None,14.142857142857142,0.4888827050106926,C,11.603530548078444,23.784749015162756,82.31781626236415,0,True,68.31781626236415,Medium,4420,53.88219178082192,82.03081303706716
2023-08-11,Store001,SKU003,9,36,27.47,32.96,3,SUP003,Books,2023-08-05,49,Delivered,10.857142857142858,0.5124098617067465,C,10.087258421679966,20.83952289006911,42.65868699310853,0,True,6.658686993108532,Low,3666,55.73424657534247,65.77643415425453
2023-08-11,Store002,SKU001,20,92,305.84,367.01,7,SUP001,Electronics,2023-07-15,40,Delivered,17.142857142857142,0.48777608644303344,C,14.036779212620559,26.186146828319085,134.03677921262056,0,True,42.03677921262056,Low,5359,54.868493150684934,97.6698956408848
2023-08-11,Store002,SKU002,11,80,69.57,144.82,5,SUP002,Clothing,,0,None,11.428571428571429,0.5114843407900957,C,12.823879339210837,21.38089935299395,69.96673648206799,0,False,0.0,Low,4669,52.778082191780825,88.46475290697674
2023-08-11,Store002,SKU003,9,71,27.47,32.96,3,SUP003,Books,,0,None,10.142857142857142,0.5196382683114912,C,10.218394694715325,20.14235055087379,40.64696612328675,0,False,0.0,Low,3662,54.57260273972603,67.10326823635724
2023-08-11,Store003,SKU001,7,39,305.84,367.01,7,SUP001,Electronics,,0,None,12.285714285714286,0.47559981845990906,C,13.637857369667923,22.168188275738085,99.63785736966793,0,True,60.63785736966793,Medium,5340,54.12876712328767,98.65364174722883
2023-08-11,Store003,SKU002,13,29,69.57,144.82,5,SUP002,Clothing,,0,None,8.0,0.44687170121026343,C,10.484026374443221,17.88854381999832,50.48402637444322,0,True,21.484026374443218,Low,4369,54.772602739726025,79.76615646258503
2023-08-11,Store003,SKU003,7,97,27.47,32.96,3,SUP003,Books,,0,None,7.428571428571429,0.49263346168064476,C,9.626516732683555,17.237832147426694,31.91223101839784,0,False,0.0,Low,3639,54.92602739726028,66.25274341580207
2023-08-12,Store001,SKU001,25,27,305.84,367.01,7,SUP001,Electronics,,0,None,13.285714285714286,0.4469480032434872,C,12.78266391216064,23.052734575936352,105.78266391216064,0,True,78.78266391216064,Medium,5326,55.054794520547944,96.73998507091316
2023-08-12,Store001,SKU002,13,19,69.57,144.82,5,SUP002,Clothing,,0,None,12.714285714285714,0.4888827050106926,C,11.603530548078444,22.551528297909847,75.17495911950701,0,True,56.17495911950701,Medium,4420,53.88219178082192,82.03081303706716
2023-08-12,Store001,SKU003,16,59,27.47,32.96,3,SUP003,Books,,0,None,11.714285714285714,0.5124098617067465,C,10.087258421679966,21.64651077128664,45.2301155645371,0,False,0.0,Low,3666,55.73424657534247,65.77643415425453
2023-08-12,Store002,SKU001,10,63,305.84,367.01,7,SUP001,Electronics,,0,None,15.571428571428571,0.48777608644303344,C,14.036779212620559,24.95710605933995,123.03677921262056,0,True,60.03677921262056,Medium,5359,54.868493150684934,97.6698956408848
2023-08-12,Store002,SKU002,14,21,69.57,144.82,5,SUP002,Clothing,2023-07-31,78,Delivered,11.428571428571429,0.5114843407900957,C,12.823879339210837,21.38089935299395,69.96673648206799,0,True,48.96673648206799,Medium,4669,52.778082191780825,88.46475290697674
2023-08-12,Store002,SKU003,27,91,27.47,32.96,3,SUP003,Books,,0,None,13.142857142857142,0.5196382683114912,C,10.218394694715325,22.92846016884443,49.64696612328676,0,False,0.0,Low,3662,54.57260273972603,67.10326823635724
2023-08-12,Store003,SKU001,24,78,305.84,367.01,7,SUP001,Electronics,2023-07-24,26,Delivered,12.428571428571429,0.47559981845990906,C,13.637857369667923,22.296700588716195,100.63785736966793,0,True,22.637857369667927,Low,5340,54.12876712328767,98.65364174722883
2023-08-12,Store003,SKU002,11,68,69.57,144.82,5,SUP002,Clothing,,0,None,7.714285714285714,0.44687170121026343,C,10.484026374443221,17.566201313073595,49.05545494587179,0,False,0.0,Low,4369,54.772602739726025,79.76615646258503
2023-08-12,Store003,SKU003,14,14,27.47,32.96,3,SUP003,Books,,0,None,8.428571428571429,0.49263346168064476,C,9.626516732683555,18.361450300639575,34.91223101839784,0,True,20.91223101839784,Low,3639,54.92602739726028,66.25274341580207
2023-08-13,Store001,SKU001,8,13,305.84,367.01,7,SUP001,Electronics,,0,None,11.428571428571429,0.4469480032434872,C,12.78266391216064,21.38089935299395,92.78266391216064,0,True,79.78266391216064,Medium,5326,55.054794520547944,96.73998507091316
2023-08-13,Store001,SKU002,7,53,69.57,144.82,5,SUP002,Clothing,,0,None,11.857142857142858,0.4888827050106926,C,11.603530548078444,21.778101714468008,70.88924483379273,0,True,17.88924483379273,Low,4420,53.88219178082192,82.03081303706716
2023-08-13,Store001,SKU003,15,28,27.47,32.96,3,SUP003,Books,,0,None,12.0,0.5124098617067465,C,10.087258421679966,21.908902300206645,46.08725842167996,0,True,18.087258421679962,Low,3666,55.73424657534247,65.77643415425453
2023-08-13,Store002,SKU001,24,25,305.84,367.01,7,SUP001,Electronics,,0,None,16.428571428571427,0.48777608644303344,C,14.036779212620559,25.63479777846623,129.03677921262056,0,True,104.03677921262056,Medium,5359,54.868493150684934,97.6698956408848
2023-08-13,Store002,SKU002,7,22,69.57,144.82,5,SUP002,Clothing,,0,None,10.142857142857142,0.5114843407900957,C,12.823879339210837,20.14235055087379,63.53816505349654,0,True,41.53816505349654,Medium,4669,52.778082191780825,88.46475290697674
2023-08-13,Store002,SKU003,18,26,27.47,32.96,3,SUP003,Books,,0,None,13.857142857142858,0.5196382683114912,C,10.218394694715325,23.543273227945903,51.7898232661439,0,True,25.789823266143898,Low,3662,54.57260273972603,67.10326823635724
2023-08-13,Store003,SKU001,12,21,305.84,367.01,7,SUP001,Electronics,,0,None,11.857142857142858,0.47559981845990906,C,13.637857369667923,21.778101714468008,96.63785736966793,0,True,75.63785736966793,Medium,5340,54.12876712328767,98.65364174722883
2023-08-13,Store003,SKU002,15,33,69.57,144.82,5,SUP002,Clothing,,0,None,9.285714285714286,0.44687170121026343,C,10.484026374443221,19.27248223318863,56.91259780301465,0,True,23.91259780301465,Low,4369,54.772602739726025,79.76615646258503
2023-08-13,Store003,SKU003,19,22,27.47,32.96,3,SUP003,Books,,0,None,9.857142857142858,0.49263346168064476,C,9.626516732683555,19.85662897587892,39.197945304112125,0,True,17.197945304112125,Low,3639,54.92602739726028,66.25274341580207
2023-08-14,Store001,SKU001,13,72,305.84,367.01,7,SUP001,Electronics,,0,None,11.0,0.4469480032434872,C,12.78266391216064,20.97617696340303,89.78266391216064,0,True,17.782663912160643,Low,5326,55.054794520547944,96.73998507091316
2023-08-14,Store001,SKU002,10,66,69.57,144.82,5,SUP002,Clothing,,0,None,11.571428571428571,0.4888827050106926,C,11.603530548078444,21.514114968019086,69.4606734052213,0,True,3.4606734052213,Low,4420,53.88219178082192,82.03081303706716
2023-08-14,Store001,SKU003,15,62,27.47,32.96,3,SUP003,Books,,0,None,12.285714285714286,0.5124098617067465,C,10.087258421679966,22.168188275738085,46.94440127882282,0,False,0.0,Low,3666,55.73424657534247,65.77643415425453
2023-08-14,Store002,SKU001,16,99,305.84,367.01,7,SUP001,Electronics,,0,None,16.714285714285715,0.48777608644303344,C,14.036779212620559,25.85674822114004,131.03677921262056,0,True,32.03677921262056,Low,5359,54.868493150684934,97.6698956408848
2023-08-14,Store002,SKU002,10,21,69.57,144.82,5,SUP002,Clothing,,0,None,10.142857142857142,0.5114843407900957,C,12.823879339210837,20.14235055087379,63.53816505349654,0,True,42.53816505349654,Medium,4669,52.778082191780825,88.46475290697674
2023-08-14,Store002,SKU003,15,47,27.47,32.96,3,SUP003,Books,,0,None,14.857142857142858,0.5196382683114912,C,10.218394694715325,24.377976008801763,54.7898232661439,0,True,7.789823266143898,Low,3662,54.57260273972603,67.10326823635724
2023-08-14,Store003,SKU001,6,19,305.84,367.01,7,SUP001,Electronics,,0,None,11.857142857142858,0.47559981845990906,C,13.637857369667923,21.778101714468008,96.63785736966793,0,True,77.63785736966793,Medium,5340,54.12876712328767,98.65364174722883
2023-08-14,Store003,SKU002,22,41,69.57,144.82,5,SUP002,Clothing,,0,None,11.714285714285714,0.44687170121026343,C,10.484026374443221,21.64651077128664,69.05545494587179,0,True,28.055454945871787,Low,4369,54.772602739726025,79.76615646258503
2023-08-14,Store003,SKU003,5,70,27.47,32.96,3,SUP003,Books,,0,None,10.0,0.49263346168064476,C,9.626516732683555,20.0,39.626516732683555,0,False,0.0,Low,3639,54.92602739726028,66.25274341580207
2023-08-15,Store001,SKU001,11,91,305.84,367.01,7,SUP001,Electronics,,0,None,11.285714285714286,0.4469480032434872,C,12.78266391216064,21.246848505803666,91.78266391216064,0,True,0.7826639121606433,Low,5326,55.054794520547944,96.73998507091316
2023-08-15,Store001,SKU002,8,62,69.57,144.82,5,SUP002,Clothing,,0,None,10.285714285714286,0.4888827050106926,C,11.603530548078444,20.2837021134844,63.03210197664988,0,True,1.0321019766498765,Low,4420,53.88219178082192,82.03081303706716
2023-08-15,Store001,SKU003,13,61,27.47,32.96,3,SUP003,Books,,0,None,11.285714285714286,0.5124098617067465,C,10.087258421679966,21.246848505803666,43.94440127882282,0,False,0.0,Low,3666,55.73424657534247,65.77643415425453
2023-08-15,Store002,SKU001,7,19,305.84,367.01,7,SUP001,Electronics,,0,None,15.714285714285714,0.48777608644303344,C,14.036779212620559,25.071326821120348,124.03677921262056,0,True,105.03677921262056,Medium,5359,54.868493150684934,97.6698956408848
2023-08-15,Store002,SKU002,9,73,69.57,144.82,5,SUP002,Clothing,,0,None,10.142857142857142,0.5114843407900957,C,12.823879339210837,20.14235055087379,63.53816505349654,0,False,0.0,Low,4669,52.778082191780825,88.46475290697674
2023-08-15,Store002,SKU003,7,88,27.47,32.96,3,SUP003,Books,,0,None,14.285714285714286,0.5196382683114912,C,10.218394694715325,23.904572186687872,53.07553755185819,0,False,0.0,Low,3662,54.57260273972603,67.10326823635724
2023-08-15,Store003,SKU001,8,67,305.84,367.01,7,SUP001,Electronics,2023-07-23,67,Delivered,11.285714285714286,0.47559981845990906,C,13.637857369667923,21.246848505803666,92.63785736966793,0,True,25.637857369667927,Low,5340,54.12876712328767,98.65364174722883
2023-08-15,Store003,SKU002,10,71,69.57,144.82,5,SUP002,Clothing,2023-07-18,30,Delivered,12.571428571428571,0.44687170121026343,C,10.484026374443221,22.424476423255523,73.34116923158608,0,True,2.341169231586079,Low,4369,54.772602739726025,79.76615646258503
2023-08-15,Store003,SKU003,8,93,27.47,32.96,3,SUP003,Books,,0,None,10.428571428571429,0.49263346168064476,C,9.626516732683555,20.42407542932745,40.91223101839784,0,False,0.0,Low,3639,54.92602739726028,66.25274341580207
2023-08-16,Store001,SKU001,11,23,305.84,367.01,7,SUP001,Electronics,,0,None,12.142857142857142,0.4469480032434872,C,12.78266391216064,22.03892660077359,97.78266391216064,0,True,74.78266391216064,Medium,5326,55.054794520547944,96.73998507091316
2023-08-16,Store001,SKU002,15,80,69.57,144.82,5,SUP002,Clothing,,0,None,10.714285714285714,0.4888827050106926,C,11.603530548078444,20.701966780270627,65.17495911950701,0,False,0.0,Low,4420,53.88219178082192,82.03081303706716
2023-08-16,Store001,SKU003,6,94,27.47,32.96,3,SUP003,Books,,0,None,11.285714285714286,0.5124098617067465,C,10.087258421679966,21.246848505803666,43.94440127882282,0,False,0.0,Low,3666,55.73424657534247,65.77643415425453
2023-08-16,Store002,SKU001,11,89,305.84,367.01,7,SUP001,Electronics,,0,None,15.285714285714286,0.48777608644303344,C,14.036779212620559,24.727081741050064,121.03677921262056,0,True,32.03677921262056,Low,5359,54.868493150684934,97.6698956408848
2023-08-16,Store002,SKU002,19,80,69.57,144.82,5,SUP002,Clothing,,0,None,12.285714285714286,0.5114843407900957,C,12.823879339210837,22.168188275738085,74.25245076778226,0,False,0.0,Low,4669,52.778082191780825,88.46475290697674
2023-08-16,Store002,SKU003,29,72,27.47,32.96,3,SUP003,Books,,0,None,16.428571428571427,0.5196382683114912,C,10.218394694715325,25.63479777846623,59.504108980429606,0,False,0.0,Low,3662,54.57260273972603,67.10326823635724
2023-08-16,Store003,SKU001,8,84,305.84,367.01,7,SUP001,Electronics,,0,None,10.285714285714286,0.47559981845990906,C,13.637857369667923,20.2837021134844,85.63785736966793,0,True,1.6378573696679268,Low,5340,54.12876712328767,98.65364174722883
2023-08-16,Store003,SKU002,15,64,69.57,144.82,5,SUP002,Clothing,,0,None,13.0,0.44687170121026343,C,10.484026374443221,22.80350850198276,75.48402637444322,0,True,11.484026374443218,Low,4369,54.772602739726025,79.76615646258503
2023-08-16,Store003,SKU003,10,43,27.47,32.96,3,SUP003,Books,,0,None,10.428571428571429,0.49263346168064476,C,9.626516732683555,20.42407542932745,40.91223101839784,0,False,0.0,Low,3639,54.92602739726028,66.25274341580207
2023-08-17,Store001,SKU001,15,55,305.84,367.01,7,SUP001,Electronics,,0,None,12.142857142857142,0.4469480032434872,C,12.78266391216064,22.03892660077359,97.78266391216064,0,True,42.78266391216064,Medium,5326,55.054794520547944,96.73998507091316
2023-08-17,Store001,SKU002,9,15,69.57,144.82,5,SUP002,Clothing,2023-08-11,97,Shipped,9.428571428571429,0.4888827050106926,C,11.603530548078444,19.42016624910449,0.0,97,False,0.0,Low,4420,53.88219178082192,82.03081303706716
2023-08-17,Store001,SKU003,9,86,27.47,32.96,3,SUP003,Books,,0,None,11.857142857142858,0.5124098617067465,C,10.087258421679966,21.778101714468008,45.65868699310853,0,False,0.0,Low,3666,55.73424657534247,65.77643415425453
2023-08-17,Store002,SKU001,11,99,305.84,367.01,7,SUP001,Electronics,,0,None,14.142857142857142,0.48777608644303344,C,14.036779212620559,23.784749015162756,113.03677921262056,0,True,14.036779212620559,Low,5359,54.868493150684934,97.6698956408848
2023-08-17,Store002,SKU002,16,87,69.57,144.82,5,SUP002,Clothing,,0,None,12.285714285714286,0.5114843407900957,C,12.823879339210837,22.168188275738085,74.25245076778226,0,False,0.0,Low,4669,52.778082191780825,88.46475290697674
2023-08-17,Store002,SKU003,15,52,27.47,32.96,3,SUP003,Books,,0,None,17.142857142857142,0.5196382683114912,C,10.218394694715325,26.186146828319085,61.64696612328676,0,True,9.64696612328676,Low,3662,54.57260273972603,67.10326823635724
2023-08-17,Store003,SKU001,8,92,305.84,367.01,7,SUP001,Electronics,2023-07-22,25,Delivered,10.428571428571429,0.47559981845990906,C,13.637857369667923,20.42407542932745,86.63785736966793,0,False,0.0,Low,5340,54.12876712328767,98.65364174722883
2023-08-17,Store003,SKU002,2,59,69.57,144.82,5,SUP002,Clothing,,0,None,12.571428571428571,0.44687170121026343,C,10.484026374443221,22.424476423255523,73.34116923158608,0,True,14.341169231586079,Low,4369,54.772602739726025,79.76615646258503
2023-08-17,Store003,SKU003,6,46,27.47,32.96,3,SUP003,Books,,0,None,9.857142857142858,0.49263346168064476,C,9.626516732683555,19.85662897587892,39.197945304112125,0,False,0.0,Low,3639,54.92602739726028,66.25274341580207
2023-08-18,Store001,SKU001,27,52,305.84,367.01,7,SUP001,Electronics,,0,None,15.714285714285714,0.4469480032434872,C,12.78266391216064,25.071326821120348,122.78266391216064,0,True,70.78266391216064,Medium,5326,55.054794520547944,96.73998507091316
2023-08-18,Store001,SKU002,17,84,69.57,144.82,5,SUP002,Clothing,,0,None,11.285714285714286,0.4888827050106926,C,11.603530548078444,21.246848505803666,68.03210197664987,0,False,0.0,Low,4420,53.88219178082192,82.03081303706716
2023-08-18,Store001,SKU003,7,41,27.47,32.96,3,SUP003,Books,,0,None,11.571428571428571,0.5124098617067465,C,10.087258421679966,21.514114968019086,44.801544135965685,0,True,3.8015441359656847,Low,3666,55.73424657534247,65.77643415425453
2023-08-18,Store002,SKU001,7,96,305.84,367.01,7,SUP001,Electronics,,0,None,12.285714285714286,0.48777608644303344,C,14.036779212620559,22.168188275738085,100.03677921262056,0,True,4.036779212620559,Low,5359,54.868493150684934,97.6698956408848
2023-08-18,Store002,SKU002,5,77,69.57,144.82,5,SUP002,Clothing,2023-07-28,79,Delivered,11.428571428571429,0.5114843407900957,C,12.823879339210837,21.38089935299395,69.96673648206799,0,False,0.0,Low,4669,52.778082191780825,88.46475290697674
2023-08-18,Store002,SKU003,14,65,27.47,32.96,3,SUP003,Books,,0,None,17.857142857142858,0.5196382683114912,C,10.218394694715325,26.72612419124244,63.7898232661439,0,False,0.0,Low,3662,54.57260273972603,67.10326823635724
2023-08-18,Store003,SKU001,11,80,305.84,367.01,7,SUP001,Electronics,2023-08-04,95,Delivered,11.0,0.47559981845990906,C,13.637857369667923,20.97617696340303,90.63785736966793,0,True,10.637857369667927,Low,5340,54.12876712328767,98.65364174722883
2023-08-18,Store003,SKU002,12,97,69.57,144.82,5,SUP002,Clothing,,0,None,12.428571428571429,0.44687170121026343,C,10.484026374443221,22.296700588716195,72.62688351730037,0,False,0.0,Low,4369,54.772602739726025,79.76615646258503
2023-08-18,Store003,SKU003,7,88,27.47,32.96,3,SUP003,Books,,0,None,9.857142857142858,0.49263346168064476,C,9.626516732683555,19.85662897587892,39.197945304112125,0,False,0.0,Low,3639,54.92602739726028,66.25274341580207
2023-08-19,Store001,SKU001,32,64,305.84,367.01,7,SUP001,Electronics,2023-07-28,99,Delivered,16.714285714285715,0.4469480032434872,C,12.78266391216064,25.85674822114004,129.78266391216064,0,True,65.78266391216064,Medium,5326,55.054794520547944,96.73998507091316
2023-08-19,Store001,SKU002,9,79,69.57,144.82,5,SUP002,Clothing,,0,None,10.714285714285714,0.4888827050106926,C,11.603530548078444,20.701966780270627,65.17495911950701,0,False,0.0,Low,4420,53.88219178082192,82.03081303706716
2023-08-19,Store001,SKU003,7,19,27.47,32.96,3,SUP003,Books,2023-07-27,63,Delivered,10.285714285714286,0.5124098617067465,C,10.087258421679966,20.2837021134844,40.94440127882282,0,True,21.944401278822824,Low,3666,55.73424657534247,65.77643415425453
2023-08-19,Store002,SKU001,20,64,305.84,367.01,7,SUP001,Electronics,,0,None,13.714285714285714,0.48777608644303344,C,14.036779212620559,23.421601750764797,110.03677921262056,0,True,46.03677921262056,Medium,5359,54.868493150684934,97.6698956408848
2023-08-19,Store002,SKU002,24,48,69.57,144.82,5,SUP002,Clothing,,0,None,12.857142857142858,0.5114843407900957,C,12.823879339210837,22.677868380553633,77.10959362492513,0,True,29.109593624925125,Low,4669,52.778082191780825,88.46475290697674
2023-08-19,Store002,SKU003,5,73,27.47,32.96,3,SUP003,Books,,0,None,14.714285714285714,0.5196382683114912,C,10.218394694715325,24.26049110326146,54.36125183757247,0,False,0.0,Low,3662,54.57260273972603,67.10326823635724
2023-08-19,Store003,SKU001,29,11,305.84,367.01,7,SUP001,Electronics,,0,None,11.714285714285714,0.47559981845990906,C,13.637857369667923,21.64651077128664,95.63785736966793,0,True,84.63785736966793,High,5340,54.12876712328767,98.65364174722883
2023-08-19,Store003,SKU002,8,40,69.57,144.82,5,SUP002,Clothing,,0,None,12.0,0.44687170121026343,C,10.484026374443221,21.908902300206645,70.48402637444322,0,True,30.484026374443218,Low,4369,54.772602739726025,79.76615646258503
2023-08-19,Store003,SKU003,15,47,27.47,32.96,3,SUP003,Books,,0,None,10.0,0.49263346168064476,C,9.626516732683555,20.0,39.626516732683555,0,False,0.0,Low,3639,54.92602739726028,66.25274341580207
2023-08-20,Store001,SKU001,15,87,305.84,367.01,7,SUP001,Electronics,,0,None,17.714285714285715,0.4469480032434872,C,12.78266391216064,26.619005025947697,136.78266391216064,0,True,49.78266391216064,Low,5326,55.054794520547944,96.73998507091316
2023-08-20,Store001,SKU002,17,42,69.57,144.82,5,SUP002,Clothing,,0,None,12.142857142857142,0.4888827050106926,C,11.603530548078444,22.03892660077359,72.31781626236415,0,True,30.317816262364147,Low,4420,53.88219178082192,82.03081303706716
2023-08-20,Store001,SKU003,8,11,27.47,32.96,3,SUP003,Books,,0,None,9.285714285714286,0.5124098617067465,C,10.087258421679966,19.27248223318863,37.94440127882282,0,True,26.944401278822824,Low,3666,55.73424657534247,65.77643415425453
2023-08-20,Store002,SKU001,12,80,305.84,367.01,7,SUP001,Electronics,,0,None,12.0,0.48777608644303344,C,14.036779212620559,21.908902300206645,98.03677921262056,0,True,18.03677921262056,Low,5359,54.868493150684934,97.6698956408848
2023-08-20,Store002,SKU002,16,77,69.57,144.82,5,SUP002,Clothing,2023-08-11,91,Delivered,14.142857142857142,0.5114843407900957,C,12.823879339210837,23.784749015162756,83.53816505349654,0,True,6.538165053496542,Low,4669,52.778082191780825,88.46475290697674
2023-08-20,Store002,SKU003,23,98,27.47,32.96,3,SUP003,Books,,0,None,15.428571428571429,0.5196382683114912,C,10.218394694715325,24.84236013632475,56.504108980429606,0,False,0.0,Low,3662,54.57260273972603,67.10326823635724
2023-08-20,Store003,SKU001,14,82,305.84,367.01,7,SUP001,Electronics,,0,None,12.0,0.47559981845990906,C,13.637857369667923,21.908902300206645,97.63785736966793,0,True,15.637857369667927,Low,5340,54.12876712328767,98.65364174722883
2023-08-20,Store003,SKU002,16,13,69.57,144.82,5,SUP002,Clothing,,0,None,12.142857142857142,0.44687170121026343,C,10.484026374443221,22.03892660077359,71.19831208872893,0,True,58.198312088728926,Medium,4369,54.772602739726025,79.76615646258503
2023-08-20,Store003,SKU003,11,77,27.47,32.96,3,SUP003,Books,,0,None,8.857142857142858,0.49263346168064476,C,9.626516732683555,18.822478962286407,36.197945304112125,0,False,0.0,Low,3639,54.92602739726028,66.25274341580207
2023-08-21,Store001,SKU001,10,10,305.84,367.01,7,SUP001,Electronics,2023-08-03,77,Delivered,17.285714285714285,0.4469480032434872,C,12.78266391216064,26.295029405356658,133.78266391216064,0,True,123.78266391216064,High,5326,55.054794520547944,96.73998507091316
2023-08-21,Store001,SKU002,6,22,69.57,144.82,5,SUP002,Clothing,2023-08-10,75,Delivered,11.571428571428571,0.4888827050106926,C,11.603530548078444,21.514114968019086,69.4606734052213,0,True,47.4606734052213,Medium,4420,53.88219178082192,82.03081303706716
2023-08-21,Store001,SKU003,8,11,27.47,32.96,3,SUP003,Books,,0,None,8.285714285714286,0.5124098617067465,C,10.087258421679966,18.20517979665599,34.94440127882282,0,True,23.944401278822824,Low,3666,55.73424657534247,65.77643415425453
2023-08-21,Store002,SKU001,6,85,305.84,367.01,7,SUP001,Electronics,,0,None,10.571428571428571,0.48777608644303344,C,14.036779212620559,20.56349053193895,88.03677921262056,0,True,3.0367792126205586,Low,5359,54.868493150684934,97.6698956408848
2023-08-21,Store002,SKU002,8,82,69.57,144.82,5,SUP002,Clothing,,0,None,13.857142857142858,0.5114843407900957,C,12.823879339210837,23.543273227945903,82.10959362492513,0,True,0.10959362492512525,Low,4669,52.778082191780825,88.46475290697674
2023-08-21,Store002,SKU003,13,67,27.47,32.96,3,SUP003,Books,,0,None,15.142857142857142,0.5196382683114912,C,10.218394694715325,24.611263391266316,55.64696612328676,0,False,0.0,Low,3662,54.57260273972603,67.10326823635724
2023-08-21,Store003,SKU001,20,34,305.84,367.01,7,SUP001,Electronics,,0,None,14.0,0.47559981845990906,C,13.637857369667923,23.664319132398465,111.63785736966793,0,True,77.63785736966793,Medium,5340,54.12876712328767,98.65364174722883
2023-08-21,Store003,SKU002,17,26,69.57,144.82,5,SUP002,Clothing,2023-08-10,36,Delivered,11.428571428571429,0.44687170121026343,C,10.484026374443221,21.38089935299395,67.62688351730037,0,True,41.62688351730037,Medium,4369,54.772602739726025,79.76615646258503
2023-08-21,Store003,SKU003,3,50,27.47,32.96,3,SUP003,Books,,0,None,8.571428571428571,0.49263346168064476,C,9.626516732683555,18.51640199545103,35.34080244696927,0,False,0.0,Low,3639,54.92602739726028,66.25274341580207
2023-08-22,Store001,SKU001,4,58,305.84,367.01,7,SUP001,Electronics,,0,None,16.285714285714285,0.4469480032434872,C,12.78266391216064,25.523098781859762,126.78266391216064,0,True,68.78266391216064,Medium,5326,55.054794520547944,96.73998507091316
2023-08-22,Store001,SKU002,9,37,69.57,144.82,5,SUP002,Clothing,,0,None,11.714285714285714,0.4888827050106926,C,11.603530548078444,21.64651077128664,70.17495911950701,0,True,33.17495911950701,Low,4420,53.88219178082192,82.03081303706716
2023-08-22,Store001,SKU003,14,29,27.47,32.96,3,SUP003,Books,,0,None,8.428571428571429,0.5124098617067465,C,10.087258421679966,18.361450300639575,35.372972707394254,0,True,6.372972707394254,Low,3666,55.73424657534247,65.77643415425453
2023-08-22,Store002,SKU001,15,55,305.84,367.01,7,SUP001,Electronics,,0,None,11.714285714285714,0.48777608644303344,C,14.036779212620559,21.64651077128664,96.03677921262056,0,True,41.03677921262056,Medium,5359,54.868493150684934,97.6698956408848
2023-08-22,Store002,SKU002,22,90,69.57,144.82,5,SUP002,Clothing,,0,None,15.714285714285714,0.5114843407900957,C,12.823879339210837,25.071326821120348,91.3953079106394,0,True,1.3953079106394028,Low,4669,52.778082191780825,88.46475290697674
2023-08-22,Store002,SKU003,12,58,27.47,32.96,3,SUP003,Books,,0,None,15.857142857142858,0.5196382683114912,C,10.218394694715325,25.18502956690173,57.7898232661439,0,False,0.0,Low,3662,54.57260273972603,67.10326823635724
2023-08-22,Store003,SKU001,3,32,305.84,367.01,7,SUP001,Electronics,,0,None,13.285714285714286,0.47559981845990906,C,13.637857369667923,23.052734575936352,106.63785736966793,0,True,74.63785736966793,Medium,5340,54.12876712328767,98.65364174722883
2023-08-22,Store003,SKU002,11,57,69.57,144.82,5,SUP002,Clothing,,0,None,11.571428571428571,0.44687170121026343,C,10.484026374443221,21.514114968019086,68.34116923158608,0,True,11.341169231586079,Low,4369,54.772602739726025,79.76615646258503
2023-08-22,Store003,SKU003,2,63,27.47,32.96,3,SUP003,Books,,0,None,7.714285714285714,0.49263346168064476,C,9.626516732683555,17.566201313073595,32.769373875540694,0,False,0.0,Low,3639,54.92602739726028,66.25274341580207
2023-08-23,Store001,SKU001,17,91,305.84,367.01,7,SUP001,Electronics,,0,None,17.142857142857142,0.4469480032434872,C,12.78266391216064,26.186146828319085,132.78266391216064,0,True,41.78266391216064,Low,5326,55.054794520547944,96.73998507091316
2023-08-23,Store001,SKU002,14,64,69.57,144.82,5,SUP002,Clothing,,0,None,11.571428571428571,0.4888827050106926,C,11.603530548078444,21.514114968019086,69.4606734052213,0,True,5.4606734052213,Low,4420,53.88219178082192,82.03081303706716
2023-08-23,Store001,SKU003,3,39,27.47,32.96,3,SUP003,Books,,0,None,8.0,0.5124098617067465,C,10.087258421679966,17.88854381999832,34.08725842167996,0,False,0.0,Low,3666,55.73424657534247,65.77643415425453
2023-08-23,Store002,SKU001,20,14,305.84,367.01,7,SUP001,Electronics,,0,None,13.0,0.48777608644303344,C,14.036779212620559,22.80350850198276,105.03677921262056,0,True,91.03677921262056,High,5359,54.868493150684934,97.6698956408848
2023-08-23,Store002,SKU002,13,59,69.57,144.82,5,SUP002,Clothing,,0,None,14.857142857142858,0.5114843407900957,C,12.823879339210837,24.377976008801763,87.10959362492513,0,True,28.109593624925125,Low,4669,52.778082191780825,88.46475290697674
2023-08-23,Store002,SKU003,5,57,27.47,32.96,3,SUP003,Books,,0,None,12.428571428571429,0.5196382683114912,C,10.218394694715325,22.296700588716195,47.504108980429606,0,False,0.0,Low,3662,54.57260273972603,67.10326823635724
2023-08-23,Store003,SKU001,11,17,305.84,367.01,7,SUP001,Electronics,2023-08-12,35,Delivered,13.714285714285714,0.47559981845990906,C,13.637857369667923,23.421601750764797,109.63785736966793,0,True,92.63785736966793,Medium,5340,54.12876712328767,98.65364174722883
2023-08-23,Store003,SKU002,14,32,69.57,144.82,5,SUP002,Clothing,,0,None,11.428571428571429,0.44687170121026343,C,10.484026374443221,21.38089935299395,67.62688351730037,0,True,35.62688351730037,Medium,4369,54.772602739726025,79.76615646258503
2023-08-23,Store003,SKU003,8,71,27.47,32.96,3,SUP003,Books,,0,None,7.428571428571429,0.49263346168064476,C,9.626516732683555,17.237832147426694,31.91223101839784,0,False,0.0,Low,3639,54.92602739726028,66.25274341580207
2023-08-24,Store001,SKU001,16,22,305.84,367.01,7,SUP001,Electronics,,0,None,17.285714285714285,0.4469480032434872,C,12.78266391216064,26.295029405356658,133.78266391216064,0,True,111.78266391216064,Medium,5326,55.054794520547944,96.73998507091316
2023-08-24,Store001,SKU002,5,39,69.57,144.82,5,SUP002,Clothing,2023-08-13,73,Delivered,11.0,0.4888827050106926,C,11.603530548078444,20.97617696340303,66.60353054807844,0,True,27.60353054807844,Low,4420,53.88219178082192,82.03081303706716
2023-08-24,Store001,SKU003,8,34,27.47,32.96,3,SUP003,Books,,0,None,7.857142857142857,0.5124098617067465,C,10.087258421679966,17.728105208558365,33.65868699310853,0,False,0.0,Low,3666,55.73424657534247,65.77643415425453
2023-08-24,Store002,SKU001,13,43,305.84,367.01,7,SUP001,Electronics,,0,None,13.285714285714286,0.48777608644303344,C,14.036779212620559,23.052734575936352,107.03677921262056,0,True,64.03677921262056,Medium,5359,54.868493150684934,97.6698956408848
2023-08-24,Store002,SKU002,6,40,69.57,144.82,5,SUP002,Clothing,,0,None,13.428571428571429,0.5114843407900957,C,12.823879339210837,23.176342617912283,79.96673648206797,0,True,39.96673648206797,Low,4669,52.778082191780825,88.46475290697674
2023-08-24,Store002,SKU003,7,22,27.47,32.96,3,SUP003,Books,,0,None,11.285714285714286,0.5196382683114912,C,10.218394694715325,21.246848505803666,44.07553755185819,0,True,22.07553755185819,Low,3662,54.57260273972603,67.10326823635724
2023-08-24,Store003,SKU001,22,67,305.84,367.01,7,SUP001,Electronics,,0,None,15.714285714285714,0.47559981845990906,C,13.637857369667923,25.071326821120348,123.63785736966793,0,True,56.63785736966793,Medium,5340,54.12876712328767,98.65364174722883
2023-08-24,Store003,SKU002,16,60,69.57,144.82,5,SUP002,Clothing,2023-08-01,43,Delivered,13.428571428571429,0.44687170121026343,C,10.484026374443221,23.176342617912283,77.62688351730036,0,True,17.626883517300357,Low,4369,54.772602739726025,79.76615646258503
2023-08-24,Store003,SKU003,7,67,27.47,32.96,3,SUP003,Books,,0,None,7.571428571428571,0.49263346168064476,C,9.626516732683555,17.40279123753264,32.34080244696927,0,False,0.0,Low,3639,54.92602739726028,66.25274341580207
2023-08-25,Store001,SKU001,21,18,305.84,367.01,7,SUP001,Electronics,,0,None,16.428571428571427,0.4469480032434872,C,12.78266391216064,25.63479777846623,127.78266391216063,0,True,109.78266391216063,Medium,5326,55.054794520547944,96.73998507091316
2023-08-25,Store001,SKU002,11,22,69.57,144.82,5,SUP002,Clothing,2023-08-09,81,Delivered,10.142857142857142,0.4888827050106926,C,11.603530548078444,20.14235055087379,62.317816262364154,0,True,40.317816262364154,Medium,4420,53.88219178082192,82.03081303706716
2023-08-25,Store001,SKU003,22,71,27.47,32.96,3,SUP003,Books,,0,None,10.0,0.5124098617067465,C,10.087258421679966,20.0,40.08725842167996,0,False,0.0,Low,3666,55.73424657534247,65.77643415425453
2023-08-25,Store002,SKU001,16,83,305.84,367.01,7,SUP001,Electronics,,0,None,14.571428571428571,0.48777608644303344,C,14.036779212620559,24.142434484888696,116.03677921262056,0,True,33.03677921262056,Low,5359,54.868493150684934,97.6698956408848
2023-08-25,Store002,SKU002,6,21,69.57,144.82,5,SUP002,Clothing,,0,None,13.571428571428571,0.5114843407900957,C,12.823879339210837,23.299294900428702,80.6810221963537,0,True,59.681022196353695,Medium,4669,52.778082191780825,88.46475290697674
2023-08-25,Store002,SKU003,5,73,27.47,32.96,3,SUP003,Books,,0,None,10.0,0.5196382683114912,C,10.218394694715325,20.0,40.21839469471533,0,False,0.0,Low,3662,54.57260273972603,67.10326823635724
2023-08-25,Store003,SKU001,13,62,305.84,367.01,7,SUP001,Electronics,2023-08-21,43,Confirmed,16.0,0.47559981845990906,C,13.637857369667923,25.298221281347036,82.63785736966793,43,True,0.0,Low,5340,54.12876712328767,98.65364174722883
2023-08-25,Store003,SKU002,6,41,69.57,144.82,5,SUP002,Clothing,,0,None,12.571428571428571,0.44687170121026343,C,10.484026374443221,22.424476423255523,73.34116923158608,0,True,32.34116923158608,Low,4369,54.772602739726025,79.76615646258503
2023-08-25,Store003,SKU003,11,99,27.47,32.96,3,SUP003,Books,,0,None,8.142857142857142,0.49263346168064476,C,9.626516732683555,18.04755622554715,34.055088161254986,0,False,0.0,Low,3639,54.92602739726028,66.25274341580207
2023-08-26,Store001,SKU001,7,85,305.84,367.01,7,SUP001,Electronics,,0,None,12.857142857142858,0.4469480032434872,C,12.78266391216064,22.677868380553633,102.78266391216064,0,True,17.782663912160643,Low,5326,55.054794520547944,96.73998507091316
2023-08-26,Store001,SKU002,17,13,69.57,144.82,5,SUP002,Clothing,,0,None,11.285714285714286,0.4888827050106926,C,11.603530548078444,21.246848505803666,68.03210197664987,0,True,55.03210197664987,Medium,4420,53.88219178082192,82.03081303706716
2023-08-26,Store001,SKU003,14,11,27.47,32.96,3,SUP003,Books,,0,None,11.0,0.5124098617067465,C,10.087258421679966,20.97617696340303,43.08725842167996,0,True,32.08725842167996,Low,3666,55.73424657534247,65.77643415425453
2023-08-26,Store002,SKU001,5,47,305.84,367.01,7,SUP001,Electronics,,0,None,12.428571428571429,0.48777608644303344,C,14.036779212620559,22.296700588716195,101.03677921262056,0,True,54.03677921262056,Medium,5359,54.868493150684934,97.6698956408848
2023-08-26,Store002,SKU002,15,60,69.57,144.82,5,SUP002,Clothing,,0,None,12.285714285714286,0.5114843407900957,C,12.823879339210837,22.168188275738085,74.25245076778226,0,True,14.252450767782264,Low,4669,52.778082191780825,88.46475290697674
2023-08-26,Store002,SKU003,14,91,27.47,32.96,3,SUP003,Books,,0,None,11.285714285714286,0.5196382683114912,C,10.218394694715325,21.246848505803666,44.07553755185819,0,False,0.0,Low,3662,54.57260273972603,67.10326823635724
2023-08-26,Store003,SKU001,20,98,305.84,367.01,7,SUP001,Electronics,,0,None,14.714285714285714,0.47559981845990906,C,13.637857369667923,24.26049110326146,116.63785736966793,0,True,18.637857369667927,Low,5340,54.12876712328767,98.65364174722883
2023-08-26,Store003,SKU002,14,53,69.57,144.82,5,SUP002,Clothing,,0,None,13.428571428571429,0.44687170121026343,C,10.484026374443221,23.176342617912283,77.62688351730036,0,True,24.626883517300357,Low,4369,54.772602739726025,79.76615646258503
2023-08-26,Store003,SKU003,7,47,27.47,32.96,3,SUP003,Books,,0,None,7.0,0.49263346168064476,C,9.626516732683555,16.73320053068151,30.626516732683555,0,False,0.0,Low,3639,54.92602739726028,66.25274341580207
2023-08-27,Store001,SKU001,22,66,305.84,367.01,7,SUP001,Electronics,,0,None,13.857142857142858,0.4469480032434872,C,12.78266391216064,23.543273227945903,109.78266391216064,0,True,43.78266391216064,Medium,5326,55.054794520547944,96.73998507091316
2023-08-27,Store001,SKU002,17,72,69.57,144.82,5,SUP002,Clothing,,0,None,11.285714285714286,0.4888827050106926,C,11.603530548078444,21.246848505803666,68.03210197664987,0,False,0.0,Low,4420,53.88219178082192,82.03081303706716
2023-08-27,Store001,SKU003,7,29,27.47,32.96,3,SUP003,Books,,0,None,10.857142857142858,0.5124098617067465,C,10.087258421679966,20.83952289006911,42.65868699310853,0,True,13.658686993108532,Low,3666,55.73424657534247,65.77643415425453
2023-08-27,Store002,SKU001,8,40,305.84,367.01,7,SUP001,Electronics,,0,None,11.857142857142858,0.48777608644303344,C,14.036779212620559,21.778101714468008,97.03677921262056,0,True,57.03677921262056,Medium,5359,54.868493150684934,97.6698956408848
2023-08-27,Store002,SKU002,29,62,69.57,144.82,5,SUP002,Clothing,,0,None,14.142857142857142,0.5114843407900957,C,12.823879339210837,23.784749015162756,83.53816505349654,0,True,21.53816505349654,Low,4669,52.778082191780825,88.46475290697674
2023-08-27,Store002,SKU003,12,88,27.47,32.96,3,SUP003,Books,,0,None,9.714285714285714,0.5196382683114912,C,10.218394694715325,19.712215212183246,39.36125183757247,0,False,0.0,Low,3662,54.57260273972603,67.10326823635724
2023-08-27,Store003,SKU001,38,75,305.84,367.01,7,SUP001,Electronics,,0,None,18.142857142857142,0.47559981845990906,C,13.637857369667923,26.939084723024383,140.63785736966793,0,True,65.63785736966793,Medium,5340,54.12876712328767,98.65364174722883
2023-08-27,Store003,SKU002,13,22,69.57,144.82,5,SUP002,Clothing,,0,None,13.0,0.44687170121026343,C,10.484026374443221,22.80350850198276,75.48402637444322,0,True,53.48402637444322,Medium,4369,54.772602739726025,79.76615646258503
2023-08-27,Store003,SKU003,18,36,27.47,32.96,3,SUP003,Books,,0,None,8.0,0.49263346168064476,C,9.626516732683555,17.88854381999832,33.626516732683555,0,False,0.0,Low,3639,54.92602739726028,66.25274341580207
2023-08-28,Store001,SKU001,8,98,305.84,367.01,7,SUP001,Electronics,,0,None,13.571428571428571,0.4469480032434872,C,12.78266391216064,23.299294900428702,107.78266391216064,0,True,9.782663912160643,Low,5326,55.054794520547944,96.73998507091316
2023-08-28,Store001,SKU002,6,57,69.57,144.82,5,SUP002,Clothing,,0,None,11.285714285714286,0.4888827050106926,C,11.603530548078444,21.246848505803666,68.03210197664987,0,True,11.03210197664987,Low,4420,53.88219178082192,82.03081303706716
2023-08-28,Store001,SKU003,8,92,27.47,32.96,3,SUP003,Books,,0,None,10.857142857142858,0.5124098617067465,C,10.087258421679966,20.83952289006911,42.65868699310853,0,False,0.0,Low,3666,55.73424657534247,65.77643415425453
2023-08-28,Store002,SKU001,4,99,305.84,367.01,7,SUP001,Electronics,,0,None,11.571428571428571,0.48777608644303344,C,14.036779212620559,21.514114968019086,95.03677921262056,0,False,0.0,Low,5359,54.868493150684934,97.6698956408848
2023-08-28,Store002,SKU002,8,88,69.57,144.82,5,SUP002,Clothing,,0,None,14.142857142857142,0.5114843407900957,C,12.823879339210837,23.784749015162756,83.53816505349654,0,False,0.0,Low,4669,52.778082191780825,88.46475290697674
2023-08-28,Store002,SKU003,9,26,27.47,32.96,3,SUP003,Books,,0,None,9.142857142857142,0.5196382683114912,C,10.218394694715325,19.123657749350297,37.64696612328675,0,True,11.646966123286752,Low,3662,54.57260273972603,67.10326823635724
2023-08-28,Store003,SKU001,12,87,305.84,367.01,7,SUP001,Electronics,,0,None,17.0,0.47559981845990906,C,13.637857369667923,26.076809620810597,132.63785736966793,0,True,45.63785736966793,Low,5340,54.12876712328767,98.65364174722883
2023-08-28,Store003,SKU002,8,94,69.57,144.82,5,SUP002,Clothing,,0,None,11.714285714285714,0.44687170121026343,C,10.484026374443221,21.64651077128664,69.05545494587179,0,False,0.0,Low,4369,54.772602739726025,79.76615646258503
2023-08-28,Store003,SKU003,12,54,27.47,32.96,3,SUP003,Books,,0,None,9.285714285714286,0.49263346168064476,C,9.626516732683555,19.27248223318863,37.483659589826416,0,False,0.0,Low,3639,54.92602739726028,66.25274341580207
2023-08-29,Store001,SKU001,6,48,305.84,367.01,7,SUP001,Electronics,,0,None,13.857142857142858,0.4469480032434872,C,12.78266391216064,23.543273227945903,109.78266391216064,0,True,61.78266391216064,Medium,5326,55.054794520547944,96.73998507091316
2023-08-29,Store001,SKU002,13,78,69.57,144.82,5,SUP002,Clothing,,0,None,11.857142857142858,0.4888827050106926,C,11.603530548078444,21.778101714468008,70.88924483379273,0,False,0.0,Low,4420,53.88219178082192,82.03081303706716
2023-08-29,Store001,SKU003,2,39,27.47,32.96,3,SUP003,Books,,0,None,9.142857142857142,0.5124098617067465,C,10.087258421679966,19.123657749350297,37.51582985025139,0,False,0.0,Low,3666,55.73424657534247,65.77643415425453
2023-08-29,Store002,SKU001,8,89,305.84,367.01,7,SUP001,Electronics,,0,None,10.571428571428571,0.48777608644303344,C,14.036779212620559,20.56349053193895,88.03677921262056,0,False,0.0,Low,5359,54.868493150684934,97.6698956408848
2023-08-29,Store002,SKU002,12,10,69.57,144.82,5,SUP002,Clothing,2023-08-21,31,Delivered,12.714285714285714,0.5114843407900957,C,12.823879339210837,22.551528297909847,76.3953079106394,0,True,66.3953079106394,Medium,4669,52.778082191780825,88.46475290697674
2023-08-29,Store002,SKU003,15,56,27.47,32.96,3,SUP003,Books,,0,None,9.571428571428571,0.5196382683114912,C,10.218394694715325,19.566735620873065,38.93268040900104,0,False,0.0,Low,3662,54.57260273972603,67.10326823635724
2023-08-29,Store003,SKU001,8,60,305.84,367.01,7,SUP001,Electronics,,0,None,17.714285714285715,0.47559981845990906,C,13.637857369667923,26.619005025947697,137.63785736966793,0,True,77.63785736966793,Medium,5340,54.12876712328767,98.65364174722883
2023-08-29,Store003,SKU002,11,74,69.57,144.82,5,SUP002,Clothing,,0,None,11.714285714285714,0.44687170121026343,C,10.484026374443221,21.64651077128664,69.05545494587179,0,False,0.0,Low,4369,54.772602739726025,79.76615646258503
2023-08-29,Store003,SKU003,8,74,27.47,32.96,3,SUP003,Books,,0,None,10.142857142857142,0.49263346168064476,C,9.626516732683555,20.14235055087379,40.055088161254986,0,False,0.0,Low,3639,54.92602739726028,66.25274341580207
2023-08-30,Store001,SKU001,10,62,305.84,367.01,7,SUP001,Electronics,,0,None,12.857142857142858,0.4469480032434872,C,12.78266391216064,22.677868380553633,102.78266391216064,0,True,40.78266391216064,Medium,5326,55.054794520547944,96.73998507091316
2023-08-30,Store001,SKU002,11,83,69.57,144.82,5,SUP002,Clothing,,0,None,11.428571428571429,0.4888827050106926,C,11.603530548078444,21.38089935299395,68.74638769093559,0,False,0.0,Low,4420,53.88219178082192,82.03081303706716
2023-08-30,Store001,SKU003,2,17,27.47,32.96,3,SUP003,Books,,0,None,9.0,0.5124098617067465,C,10.087258421679966,18.973665961010276,37.08725842167996,0,True,20.087258421679962,Low,3666,55.73424657534247,65.77643415425453
2023-08-30,Store002,SKU001,14,20,305.84,367.01,7,SUP001,Electronics,2023-08-04,41,Delivered,9.714285714285714,0.48777608644303344,C,14.036779212620559,19.712215212183246,82.03677921262056,0,True,62.03677921262056,Medium,5359,54.868493150684934,97.6698956408848
2023-08-30,Store002,SKU002,19,17,69.57,144.82,5,SUP002,Clothing,2023-08-10,90,Delivered,13.571428571428571,0.5114843407900957,C,12.823879339210837,23.299294900428702,80.6810221963537,0,True,63.681022196353695,Medium,4669,52.778082191780825,88.46475290697674
2023-08-30,Store002,SKU003,4,74,27.47,32.96,3,SUP003,Books,,0,None,9.428571428571429,0.5196382683114912,C,10.218394694715325,19.42016624910449,38.504108980429606,0,False,0.0,Low,3662,54.57260273972603,67.10326823635724
2023-08-30,Store003,SKU001,14,86,305.84,367.01,7,SUP001,Electronics,,0,None,18.142857142857142,0.47559981845990906,C,13.637857369667923,26.939084723024383,140.63785736966793,0,True,54.63785736966793,Medium,5340,54.12876712328767,98.65364174722883
2023-08-30,Store003,SKU002,10,75,69.57,144.82,5,SUP002,Clothing,,0,None,11.142857142857142,0.44687170121026343,C,10.484026374443221,21.111946516469903,66.19831208872893,0,False,0.0,Low,4369,54.772602739726025,79.76615646258503
2023-08-30,Store003,SKU003,24,18,27.47,32.96,3,SUP003,Books,,0,None,12.428571428571429,0.49263346168064476,C,9.626516732683555,22.296700588716195,46.91223101839784,0,True,28.91223101839784,Low,3639,54.92602739726028,66.25274341580207
2023-08-31,Store001,SKU001,3,69,305.84,367.01,7,SUP001,Electronics,,0,None,11.0,0.4469480032434872,C,12.78266391216064,20.97617696340303,89.78266391216064,0,True,20.782663912160643,Low,5326,55.054794520547944,96.73998507091316
2023-08-31,Store001,SKU002,8,34,69.57,144.82,5,SUP002,Clothing,,0,None,11.857142857142858,0.4888827050106926,C,11.603530548078444,21.778101714468008,70.88924483379273,0,True,36.88924483379273,Medium,4420,53.88219178082192,82.03081303706716
2023-08-31,Store001,SKU003,6,61,27.47,32.96,3,SUP003,Books,,0,None,8.714285714285714,0.5124098617067465,C,10.087258421679966,18.670067717376618,36.2301155645371,0,False,0.0,Low,3666,55.73424657534247,65.77643415425453
2023-08-31,Store002,SKU001,14,36,305.84,367.01,7,SUP001,Electronics,,0,None,9.857142857142858,0.48777608644303344,C,14.036779212620559,19.85662897587892,83.03677921262056,0,True,47.03677921262056,Medium,5359,54.868493150684934,97.6698956408848
2023-08-31,Store002,SKU002,7,28,69.57,144.82,5,SUP002,Clothing,,0,None,13.714285714285714,0.5114843407900957,C,12.823879339210837,23.421601750764797,81.3953079106394,0,True,53.3953079106394,Medium,4669,52.778082191780825,88.46475290697674
2023-08-31,Store002,SKU003,8,65,27.47,32.96,3,SUP003,Books,2023-08-15,95,Delivered,9.571428571428571,0.5196382683114912,C,10.218394694715325,19.566735620873065,38.93268040900104,0,False,0.0,Low,3662,54.57260273972603,67.10326823635724
2023-08-31,Store003,SKU001,7,80,305.84,367.01,7,SUP001,Electronics,,0,None,16.0,0.47559981845990906,C,13.637857369667923,25.298221281347036,125.63785736966793,0,True,45.63785736966793,Low,5340,54.12876712328767,98.65364174722883
2023-08-31,Store003,SKU002,5,89,69.57,144.82,5,SUP002,Clothing,,0,None,9.571428571428571,0.44687170121026343,C,10.484026374443221,19.566735620873065,58.34116923158608,0,False,0.0,Low,4369,54.772602739726025,79.76615646258503
2023-08-31,Store003,SKU003,7,56,27.47,32.96,3,SUP003,Books,,0,None,12.428571428571429,0.49263346168064476,C,9.626516732683555,22.296700588716195,46.91223101839784,0,False,0.0,Low,3639,54.92602739726028,66.25274341580207
2023-09-01,Store001,SKU001,20,40,305.84,367.01,7,SUP001,Electronics,,0,None,10.857142857142858,0.4469480032434872,C,12.78266391216064,20.83952289006911,88.78266391216064,0,True,48.78266391216064,Medium,5326,55.054794520547944,96.73998507091316
2023-09-01,Store001,SKU002,10,47,69.57,144.82,5,SUP002,Clothing,,0,None,11.714285714285714,0.4888827050106926,C,11.603530548078444,21.64651077128664,70.17495911950701,0,True,23.174959119507008,Low,4420,53.88219178082192,82.03081303706716
2023-09-01,Store001,SKU003,10,91,27.47,32.96,3,SUP003,Books,2023-08-08,61,Delivered,7.0,0.5124098617067465,C,10.087258421679966,16.73320053068151,31.087258421679966,0,False,0.0,Low,3666,55.73424657534247,65.77643415425453
2023-09-01,Store002,SKU001,14,89,305.84,367.01,7,SUP001,Electronics,,0,None,9.571428571428571,0.48777608644303344,C,14.036779212620559,19.566735620873065,81.03677921262056,0,False,0.0,Low,5359,54.868493150684934,97.6698956408848
2023-09-01,Store002,SKU002,12,61,69.57,144.82,5,SUP002,Clothing,,0,None,14.571428571428571,0.5114843407900957,C,12.823879339210837,24.142434484888696,85.6810221963537,0,True,24.681022196353695,Low,4669,52.778082191780825,88.46475290697674
2023-09-01,Store002,SKU003,8,13,27.47,32.96,3,SUP003,Books,,0,None,10.0,0.5196382683114912,C,10.218394694715325,20.0,40.21839469471533,0,True,27.21839469471533,Low,3662,54.57260273972603,67.10326823635724
2023-09-01,Store003,SKU001,10,55,305.84,367.01,7,SUP001,Electronics,,0,None,15.571428571428571,0.47559981845990906,C,13.637857369667923,24.95710605933995,122.63785736966793,0,True,67.63785736966793,Medium,5340,54.12876712328767,98.65364174722883
2023-09-01,Store003,SKU002,16,77,69.57,144.82,5,SUP002,Clothing,,0,None,11.0,0.44687170121026343,C,10.484026374443221,20.97617696340303,65.48402637444322,0,False,0.0,Low,4369,54.772602739726025,79.76615646258503
2023-09-01,Store003,SKU003,3,71,27.47,32.96,3,SUP003,Books,,0,None,11.285714285714286,0.49263346168064476,C,9.626516732683555,21.246848505803666,43.483659589826416,0,False,0.0,Low,3639,54.92602739726028,66.25274341580207
2023-09-02,Store001,SKU001,12,89,305.84,367.01,7,SUP001,Electronics,,0,None,11.571428571428571,0.4469480032434872,C,12.78266391216064,21.514114968019086,93.78266391216064,0,True,4.782663912160643,Low,5326,55.054794520547944,96.73998507091316
2023-09-02,Store001,SKU002,9,86,69.57,144.82,5,SUP002,Clothing,,0,None,10.571428571428571,0.4888827050106926,C,11.603530548078444,20.56349053193895,64.4606734052213,0,False,0.0,Low,4420,53.88219178082192,82.03081303706716
2023-09-02,Store001,SKU003,9,88,27.47,32.96,3,SUP003,Books,,0,None,6.285714285714286,0.5124098617067465,C,10.087258421679966,15.856499343441838,28.944401278822824,0,False,0.0,Low,3666,55.73424657534247,65.77643415425453
2023-09-02,Store002,SKU001,20,95,305.84,367.01,7,SUP001,Electronics,2023-08-07,66,Delivered,11.714285714285714,0.48777608644303344,C,14.036779212620559,21.64651077128664,96.03677921262056,0,True,1.0367792126205586,Low,5359,54.868493150684934,97.6698956408848
2023-09-02,Store002,SKU002,6,51,69.57,144.82,5,SUP002,Clothing,,0,None,13.285714285714286,0.5114843407900957,C,12.823879339210837,23.052734575936352,79.25245076778226,0,True,28.252450767782264,Low,4669,52.778082191780825,88.46475290697674
2023-09-02,Store002,SKU003,10,99,27.47,32.96,3,SUP003,Books,,0,None,9.428571428571429,0.5196382683114912,C,10.218394694715325,19.42016624910449,38.504108980429606,0,False,0.0,Low,3662,54.57260273972603,67.10326823635724
2023-09-02,Store003,SKU001,20,54,305.84,367.01,7,SUP001,Electronics,,0,None,15.571428571428571,0.47559981845990906,C,13.637857369667923,24.95710605933995,122.63785736966793,0,True,68.63785736966793,Medium,5340,54.12876712328767,98.65364174722883
2023-09-02,Store003,SKU002,9,13,69.57,144.82,5,SUP002,Clothing,2023-09-01,27,Pending,10.285714285714286,0.44687170121026343,C,10.484026374443221,20.2837021134844,34.91259780301465,27,True,0.0,Low,4369,54.772602739726025,79.76615646258503
2023-09-02,Store003,SKU003,3,50,27.47,32.96,3,SUP003,Books,,0,None,10.714285714285714,0.49263346168064476,C,9.626516732683555,20.701966780270627,41.769373875540694,0,False,0.0,Low,3639,54.92602739726028,66.25274341580207
2023-09-03,Store001,SKU001,31,61,305.84,367.01,7,SUP001,Electronics,,0,None,12.857142857142858,0.4469480032434872,C,12.78266391216064,22.677868380553633,102.78266391216064,0,True,41.78266391216064,Medium,5326,55.054794520547944,96.73998507091316
2023-09-03,Store001,SKU002,23,19,69.57,144.82,5,SUP002,Clothing,,0,None,11.428571428571429,0.4888827050106926,C,11.603530548078444,21.38089935299395,68.74638769093559,0,True,49.74638769093559,Medium,4420,53.88219178082192,82.03081303706716
2023-09-03,Store001,SKU003,10,47,27.47,32.96,3,SUP003,Books,,0,None,6.714285714285714,0.5124098617067465,C,10.087258421679966,16.388149028228554,30.23011556453711,0,False,0.0,Low,3666,55.73424657534247,65.77643415425453
2023-09-03,Store002,SKU001,25,47,305.84,367.01,7,SUP001,Electronics,,0,None,14.142857142857142,0.48777608644303344,C,14.036779212620559,23.784749015162756,113.03677921262056,0,True,66.03677921262056,Medium,5359,54.868493150684934,97.6698956408848
2023-09-03,Store002,SKU002,17,27,69.57,144.82,5,SUP002,Clothing,,0,None,11.571428571428571,0.5114843407900957,C,12.823879339210837,21.514114968019086,70.6810221963537,0,True,43.681022196353695,Medium,4669,52.778082191780825,88.46475290697674
2023-09-03,Store002,SKU003,9,64,27.47,32.96,3,SUP003,Books,,0,None,9.0,0.5196382683114912,C,10.218394694715325,18.973665961010276,37.21839469471533,0,False,0.0,Low,3662,54.57260273972603,67.10326823635724
2023-09-03,Store003,SKU001,20,13,305.84,367.01,7,SUP001,Electronics,,0,None,13.0,0.47559981845990906,C,13.637857369667923,22.80350850198276,104.63785736966793,0,True,91.63785736966793,High,5340,54.12876712328767,98.65364174722883
2023-09-03,Store003,SKU002,10,95,69.57,144.82,5,SUP002,Clothing,,0,None,9.857142857142858,0.44687170121026343,C,10.484026374443221,19.85662897587892,59.76974066015751,0,False,0.0,Low,4369,54.772602739726025,79.76615646258503
2023-09-03,Store003,SKU003,7,24,27.47,32.96,3,SUP003,Books,,0,None,9.142857142857142,0.49263346168064476,C,9.626516732683555,19.123657749350297,37.055088161254986,0,True,13.055088161254986,Low,3639,54.92602739726028,66.25274341580207
2023-09-04,Store001,SKU001,11,47,305.84,367.01,7,SUP001,Electronics,,0,None,13.285714285714286,0.4469480032434872,C,12.78266391216064,23.052734575936352,105.78266391216064,0,True,58.78266391216064,Medium,5326,55.054794520547944,96.73998507091316
2023-09-04,Store001,SKU002,10,58,69.57,144.82,5,SUP002,Clothing,,0,None,12.0,0.4888827050106926,C,11.603530548078444,21.908902300206645,71.60353054807844,0,True,13.603530548078439,Low,4420,53.88219178082192,82.03081303706716
2023-09-04,Store001,SKU003,11,15,27.47,32.96,3,SUP003,Books,,0,None,7.142857142857143,0.5124098617067465,C,10.087258421679966,16.903085094570333,31.515829850251396,0,True,16.515829850251396,Low,3666,55.73424657534247,65.77643415425453
2023-09-04,Store002,SKU001,15,28,305.84,367.01,7,SUP001,Electronics,,0,None,15.714285714285714,0.48777608644303344,C,14.036779212620559,25.071326821120348,124.03677921262056,0,True,96.03677921262056,Medium,5359,54.868493150684934,97.6698956408848
2023-09-04,Store002,SKU002,8,38,69.57,144.82,5,SUP002,Clothing,,0,None,11.571428571428571,0.5114843407900957,C,12.823879339210837,21.514114968019086,70.6810221963537,0,True,32.681022196353695,Low,4669,52.778082191780825,88.46475290697674
2023-09-04,Store002,SKU003,6,61,27.47,32.96,3,SUP003,Books,,0,None,8.571428571428571,0.5196382683114912,C,10.218394694715325,18.51640199545103,35.93268040900104,0,False,0.0,Low,3662,54.57260273972603,67.10326823635724
2023-09-04,Store003,SKU001,13,48,305.84,367.01,7,SUP001,Electronics,,0,None,13.142857142857142,0.47559981845990906,C,13.637857369667923,22.92846016884443,105.63785736966793,0,True,57.63785736966793,Medium,5340,54.12876712328767,98.65364174722883
2023-09-04,Store003,SKU002,7,80,69.57,144.82,5,SUP002,Clothing,,0,None,9.714285714285714,0.44687170121026343,C,10.484026374443221,19.712215212183246,59.05545494587179,0,False,0.0,Low,4369,54.772602739726025,79.76615646258503
2023-09-04,Store003,SKU003,9,30,27.47,32.96,3,SUP003,Books,,0,None,8.714285714285714,0.49263346168064476,C,9.626516732683555,18.670067717376618,35.769373875540694,0,True,5.769373875540694,Low,3639,54.92602739726028,66.25274341580207
2023-09-05,Store001,SKU001,10,10,305.84,367.01,7,SUP001,Electronics,,0,None,13.857142857142858,0.4469480032434872,C,12.78266391216064,23.543273227945903,109.78266391216064,0,True,99.78266391216064,High,5326,55.054794520547944,96.73998507091316
2023-09-05,Store001,SKU002,10,76,69.57,144.82,5,SUP002,Clothing,,0,None,11.571428571428571,0.4888827050106926,C,11.603530548078444,21.514114968019086,69.4606734052213,0,False,0.0,Low,4420,53.88219178082192,82.03081303706716
2023-09-05,Store001,SKU003,3,29,27.47,32.96,3,SUP003,Books,,0,None,7.285714285714286,0.5124098617067465,C,10.087258421679966,17.07127913861675,31.944401278822824,0,True,2.9444012788228235,Low,3666,55.73424657534247,65.77643415425453
2023-09-05,Store002,SKU001,6,99,305.84,367.01,7,SUP001,Electronics,,0,None,15.428571428571429,0.48777608644303344,C,14.036779212620559,24.84236013632475,122.03677921262056,0,True,23.03677921262056,Low,5359,54.868493150684934,97.6698956408848
2023-09-05,Store002,SKU002,4,59,69.57,144.82,5,SUP002,Clothing,,0,None,10.428571428571429,0.5114843407900957,C,12.823879339210837,20.42407542932745,64.96673648206799,0,True,5.9667364820679865,Low,4669,52.778082191780825,88.46475290697674
2023-09-05,Store002,SKU003,7,81,27.47,32.96,3,SUP003,Books,,0,None,7.428571428571429,0.5196382683114912,C,10.218394694715325,17.237832147426694,32.504108980429606,0,False,0.0,Low,3662,54.57260273972603,67.10326823635724
2023-09-05,Store003,SKU001,17,87,305.84,367.01,7,SUP001,Electronics,,0,None,14.428571428571429,0.47559981845990906,C,13.637857369667923,24.023797725231894,114.63785736966793,0,True,27.637857369667927,Low,5340,54.12876712328767,98.65364174722883
2023-09-05,Store003,SKU002,11,18,69.57,144.82,5,SUP002,Clothing,,0,None,9.714285714285714,0.44687170121026343,C,10.484026374443221,19.712215212183246,59.05545494587179,0,True,41.05545494587179,Medium,4369,54.772602739726025,79.76615646258503
2023-09-05,Store003,SKU003,5,55,27.47,32.96,3,SUP003,Books,,0,None,8.285714285714286,0.49263346168064476,C,9.626516732683555,18.20517979665599,34.483659589826416,0,False,0.0,Low,3639,54.92602739726028,66.25274341580207
2023-09-06,Store001,SKU001,14,90,305.84,367.01,7,SUP001,Electronics,,0,None,14.428571428571429,0.4469480032434872,C,12.78266391216064,24.023797725231894,113.78266391216064,0,True,23.782663912160643,Low,5326,55.054794520547944,96.73998507091316
2023-09-06,Store001,SKU002,11,24,69.57,144.82,5,SUP002,Clothing,,0,None,11.571428571428571,0.4888827050106926,C,11.603530548078444,21.514114968019086,69.4606734052213,0,True,45.4606734052213,Medium,4420,53.88219178082192,82.03081303706716
2023-09-06,Store001,SKU003,13,75,27.47,32.96,3,SUP003,Books,,0,None,8.857142857142858,0.5124098617067465,C,10.087258421679966,18.822478962286407,36.65868699310854,0,False,0.0,Low,3666,55.73424657534247,65.77643415425453
2023-09-06,Store002,SKU001,16,90,305.84,367.01,7,SUP001,Electronics,,0,None,15.714285714285714,0.48777608644303344,C,14.036779212620559,25.071326821120348,124.03677921262056,0,True,34.03677921262056,Low,5359,54.868493150684934,97.6698956408848
2023-09-06,Store002,SKU002,14,72,69.57,144.82,5,SUP002,Clothing,,0,None,9.714285714285714,0.5114843407900957,C,12.823879339210837,19.712215212183246,61.3953079106394,0,False,0.0,Low,4669,52.778082191780825,88.46475290697674
2023-09-06,Store002,SKU003,13,59,27.47,32.96,3,SUP003,Books,,0,None,8.714285714285714,0.5196382683114912,C,10.218394694715325,18.670067717376618,36.36125183757247,0,False,0.0,Low,3662,54.57260273972603,67.10326823635724
2023-09-06,Store003,SKU001,21,81,305.84,367.01,7,SUP001,Electronics,,0,None,15.428571428571429,0.47559981845990906,C,13.637857369667923,24.84236013632475,121.63785736966793,0,True,40.63785736966793,Low,5340,54.12876712328767,98.65364174722883
2023-09-06,Store003,SKU002,7,79,69.57,144.82,5,SUP002,Clothing,,0,None,9.285714285714286,0.44687170121026343,C,10.484026374443221,19.27248223318863,56.91259780301465,0,False,0.0,Low,4369,54.772602739726025,79.76615646258503
2023-09-06,Store003,SKU003,16,20,27.47,32.96,3,SUP003,Books,,0,None,7.142857142857143,0.49263346168064476,C,9.626516732683555,16.903085094570333,31.055088161254986,0,True,11.055088161254986,Low,3639,54.92602739726028,66.25274341580207
2023-09-07,Store001,SKU001,12,37,305.84,367.01,7,SUP001,Electronics,,0,None,15.714285714285714,0.4469480032434872,C,12.78266391216064,25.071326821120348,122.78266391216064,0,True,85.78266391216064,Medium,5326,55.054794520547944,96.73998507091316
2023-09-07,Store001,SKU002,14,35,69.57,144.82,5,SUP002,Clothing,,0,None,12.428571428571429,0.4888827050106926,C,11.603530548078444,22.296700588716195,73.74638769093559,0,True,38.74638769093559,Medium,4420,53.88219178082192,82.03081303706716
2023-09-07,Store001,SKU003,5,72,27.47,32.96,3,SUP003,Books,,0,None,8.714285714285714,0.5124098617067465,C,10.087258421679966,18.670067717376618,36.2301155645371,0,False,0.0,Low,3666,55.73424657534247,65.77643415425453
2023-09-07,Store002,SKU001,11,20,305.84,367.01,7,SUP001,Electronics,,0,None,15.285714285714286,0.48777608644303344,C,14.036779212620559,24.727081741050064,121.03677921262056,0,True,101.03677921262056,Medium,5359,54.868493150684934,97.6698956408848
2023-09-07,Store002,SKU002,10,87,69.57,144.82,5,SUP002,Clothing,,0,None,10.142857142857142,0.5114843407900957,C,12.823879339210837,20.14235055087379,63.53816505349654,0,False,0.0,Low,4669,52.778082191780825,88.46475290697674
2023-09-07,Store002,SKU003,11,31,27.47,32.96,3,SUP003,Books,,0,None,9.142857142857142,0.5196382683114912,C,10.218394694715325,19.123657749350297,37.64696612328675,0,True,6.646966123286752,Low,3662,54.57260273972603,67.10326823635724
2023-09-07,Store003,SKU001,17,88,305.84,367.01,7,SUP001,Electronics,,0,None,16.857142857142858,0.47559981845990906,C,13.637857369667923,25.967012040004033,131.63785736966793,0,True,43.63785736966793,Low,5340,54.12876712328767,98.65364174722883
2023-09-07,Store003,SKU002,17,12,69.57,144.82,5,SUP002,Clothing,2023-08-16,17,Delivered,11.0,0.44687170121026343,C,10.484026374443221,20.97617696340303,65.48402637444322,0,True,53.48402637444322,Medium,4369,54.772602739726025,79.76615646258503
2023-09-07,Store003,SKU003,13,44,27.47,32.96,3,SUP003,Books,,0,None,8.0,0.49263346168064476,C,9.626516732683555,17.88854381999832,33.626516732683555,0,False,0.0,Low,3639,54.92602739726028,66.25274341580207
2023-09-08,Store001,SKU001,22,32,305.84,367.01,7,SUP001,Electronics,,0,None,16.0,0.4469480032434872,C,12.78266391216064,25.298221281347036,124.78266391216064,0,True,92.78266391216064,Medium,5326,55.054794520547944,96.73998507091316
2023-09-08,Store001,SKU002,12,63,69.57,144.82,5,SUP002,Clothing,,0,None,12.714285714285714,0.4888827050106926,C,11.603530548078444,22.551528297909847,75.17495911950701,0,True,12.174959119507008,Low,4420,53.88219178082192,82.03081303706716
2023-09-08,Store001,SKU003,8,62,27.47,32.96,3,SUP003,Books,,0,None,8.428571428571429,0.5124098617067465,C,10.087258421679966,18.361450300639575,35.372972707394254,0,False,0.0,Low,3666,55.73424657534247,65.77643415425453
2023-09-08,Store002,SKU001,17,85,305.84,367.01,7,SUP001,Electronics,2023-09-04,28,Confirmed,15.714285714285714,0.48777608644303344,C,14.036779212620559,25.071326821120348,96.03677921262056,28,True,0.0,Low,5359,54.868493150684934,97.6698956408848
2023-09-08,Store002,SKU002,14,79,69.57,144.82,5,SUP002,Clothing,,0,None,10.428571428571429,0.5114843407900957,C,12.823879339210837,20.42407542932745,64.96673648206799,0,False,0.0,Low,4669,52.778082191780825,88.46475290697674
2023-09-08,Store002,SKU003,11,21,27.47,32.96,3,SUP003,Books,,0,None,9.571428571428571,0.5196382683114912,C,10.218394694715325,19.566735620873065,38.93268040900104,0,True,17.932680409001037,Low,3662,54.57260273972603,67.10326823635724
2023-09-08,Store003,SKU001,15,87,305.84,367.01,7,SUP001,Electronics,,0,None,17.571428571428573,0.47559981845990906,C,13.637857369667923,26.511453050656105,136.63785736966793,0,True,49.63785736966793,Low,5340,54.12876712328767,98.65364174722883
2023-09-08,Store003,SKU002,6,53,69.57,144.82,5,SUP002,Clothing,,0,None,9.571428571428571,0.44687170121026343,C,10.484026374443221,19.566735620873065,58.34116923158608,0,True,5.341169231586079,Low,4369,54.772602739726025,79.76615646258503
2023-09-08,Store003,SKU003,9,80,27.47,32.96,3,SUP003,Books,,0,None,8.857142857142858,0.49263346168064476,C,9.626516732683555,18.822478962286407,36.197945304112125,0,False,0.0,Low,3639,54.92602739726028,66.25274341580207
2023-09-09,Store001,SKU001,16,77,305.84,367.01,7,SUP001,Electronics,,0,None,16.571428571428573,0.4469480032434872,C,12.78266391216064,25.746012173871566,128.78266391216064,0,True,51.78266391216064,Medium,5326,55.054794520547944,96.73998507091316
2023-09-09,Store001,SKU002,7,65,69.57,144.82,5,SUP002,Clothing,,0,None,12.428571428571429,0.4888827050106926,C,11.603530548078444,22.296700588716195,73.74638769093559,0,True,8.746387690935592,Low,4420,53.88219178082192,82.03081303706716
2023-09-09,Store001,SKU003,12,71,27.47,32.96,3,SUP003,Books,,0,None,8.857142857142858,0.5124098617067465,C,10.087258421679966,18.822478962286407,36.65868699310854,0,False,0.0,Low,3666,55.73424657534247,65.77643415425453
2023-09-09,Store002,SKU001,4,49,305.84,367.01,7,SUP001,Electronics,,0,None,13.428571428571429,0.48777608644303344,C,14.036779212620559,23.176342617912283,108.03677921262056,0,True,59.03677921262056,Medium,5359,54.868493150684934,97.6698956408848
2023-09-09,Store002,SKU002,13,32,69.57,144.82,5,SUP002,Clothing,,0,None,11.428571428571429,0.5114843407900957,C,12.823879339210837,21.38089935299395,69.96673648206799,0,True,37.96673648206799,Medium,4669,52.778082191780825,88.46475290697674
2023-09-09,Store002,SKU003,7,13,27.47,32.96,3,SUP003,Books,,0,None,9.142857142857142,0.5196382683114912,C,10.218394694715325,19.123657749350297,37.64696612328675,0,True,24.646966123286752,Low,3662,54.57260273972603,67.10326823635724
2023-09-09,Store003,SKU001,11,18,305.84,367.01,7,SUP001,Electronics,,0,None,16.285714285714285,0.47559981845990906,C,13.637857369667923,25.523098781859762,127.63785736966793,0,True,109.63785736966793,Medium,5340,54.12876712328767,98.65364174722883
2023-09-09,Store003,SKU002,15,45,69.57,144.82,5,SUP002,Clothing,,0,None,10.428571428571429,0.44687170121026343,C,10.484026374443221,20.42407542932745,62.62688351730037,0,True,17.62688351730037,Low,4369,54.772602739726025,79.76615646258503
2023-09-09,Store003,SKU003,14,79,27.47,32.96,3,SUP003,Books,,0,None,10.428571428571429,0.49263346168064476,C,9.626516732683555,20.42407542932745,40.91223101839784,0,False,0.0,Low,3639,54.92602739726028,66.25274341580207
2023-09-10,Store001,SKU001,21,75,305.84,367.01,7,SUP001,Electronics,,0,None,15.142857142857142,0.4469480032434872,C,12.78266391216064,24.611263391266316,118.78266391216064,0,True,43.78266391216064,Low,5326,55.054794520547944,96.73998507091316
2023-09-10,Store001,SKU002,13,99,69.57,144.82,5,SUP002,Clothing,,0,None,11.0,0.4888827050106926,C,11.603530548078444,20.97617696340303,66.60353054807844,0,False,0.0,Low,4420,53.88219178082192,82.03081303706716
2023-09-10,Store001,SKU003,2,30,27.47,32.96,3,SUP003,Books,2023-08-13,13,Delivered,7.714285714285714,0.5124098617067465,C,10.087258421679966,17.566201313073595,33.23011556453711,0,True,3.2301155645371082,Low,3666,55.73424657534247,65.77643415425453
2023-09-10,Store002,SKU001,3,46,305.84,367.01,7,SUP001,Electronics,,0,None,10.285714285714286,0.48777608644303344,C,14.036779212620559,20.2837021134844,86.03677921262056,0,True,40.03677921262056,Medium,5359,54.868493150684934,97.6698956408848
2023-09-10,Store002,SKU002,16,68,69.57,144.82,5,SUP002,Clothing,,0,None,11.285714285714286,0.5114843407900957,C,12.823879339210837,21.246848505803666,69.25245076778226,0,True,1.252450767782264,Low,4669,52.778082191780825,88.46475290697674
2023-09-10,Store002,SKU003,9,50,27.47,32.96,3,SUP003,Books,,0,None,9.142857142857142,0.5196382683114912,C,10.218394694715325,19.123657749350297,37.64696612328675,0,False,0.0,Low,3662,54.57260273972603,67.10326823635724
2023-09-10,Store003,SKU001,12,52,305.84,367.01,7,SUP001,Electronics,2023-09-09,86,Confirmed,15.142857142857142,0.47559981845990906,C,13.637857369667923,24.611263391266316,33.63785736966793,86,False,0.0,Low,5340,54.12876712328767,98.65364174722883
2023-09-10,Store003,SKU002,15,99,69.57,144.82,5,SUP002,Clothing,,0,None,11.142857142857142,0.44687170121026343,C,10.484026374443221,21.111946516469903,66.19831208872893,0,False,0.0,Low,4369,54.772602739726025,79.76615646258503
2023-09-10,Store003,SKU003,5,73,27.47,32.96,3,SUP003,Books,,0,None,10.142857142857142,0.49263346168064476,C,9.626516732683555,20.14235055087379,40.055088161254986,0,False,0.0,Low,3639,54.92602739726028,66.25274341580207
2023-09-11,Store001,SKU001,10,59,305.84,367.01,7,SUP001,Electronics,,0,None,15.0,0.4469480032434872,C,12.78266391216064,24.49489742783178,117.78266391216064,0,True,58.78266391216064,Medium,5326,55.054794520547944,96.73998507091316
2023-09-11,Store001,SKU002,11,36,69.57,144.82,5,SUP002,Clothing,,0,None,11.142857142857142,0.4888827050106926,C,11.603530548078444,21.111946516469903,67.31781626236415,0,True,31.317816262364147,Low,4420,53.88219178082192,82.03081303706716
2023-09-11,Store001,SKU003,13,74,27.47,32.96,3,SUP003,Books,,0,None,8.0,0.5124098617067465,C,10.087258421679966,17.88854381999832,34.08725842167996,0,False,0.0,Low,3666,55.73424657534247,65.77643415425453
2023-09-11,Store002,SKU001,14,78,305.84,367.01,7,SUP001,Electronics,,0,None,10.142857142857142,0.48777608644303344,C,14.036779212620559,20.14235055087379,85.03677921262056,0,True,7.036779212620559,Low,5359,54.868493150684934,97.6698956408848
2023-09-11,Store002,SKU002,12,29,69.57,144.82,5,SUP002,Clothing,,0,None,11.857142857142858,0.5114843407900957,C,12.823879339210837,21.778101714468008,72.10959362492513,0,True,43.109593624925125,Medium,4669,52.778082191780825,88.46475290697674
2023-09-11,Store002,SKU003,4,59,27.47,32.96,3,SUP003,Books,,0,None,8.857142857142858,0.5196382683114912,C,10.218394694715325,18.822478962286407,36.7898232661439,0,False,0.0,Low,3662,54.57260273972603,67.10326823635724
2023-09-11,Store003,SKU001,4,80,305.84,367.01,7,SUP001,Electronics,2023-09-06,55,Confirmed,13.857142857142858,0.47559981845990906,C,13.637857369667923,23.543273227945903,55.63785736966793,55,False,0.0,Low,5340,54.12876712328767,98.65364174722883
2023-09-11,Store003,SKU002,7,89,69.57,144.82,5,SUP002,Clothing,,0,None,11.142857142857142,0.44687170121026343,C,10.484026374443221,21.111946516469903,66.19831208872893,0,False,0.0,Low,4369,54.772602739726025,79.76615646258503
2023-09-11,Store003,SKU003,11,82,27.47,32.96,3,SUP003,Books,2023-09-08,22,Shipped,10.428571428571429,0.49263346168064476,C,9.626516732683555,20.42407542932745,18.91223101839784,22,False,0.0,Low,3639,54.92602739726028,66.25274341580207
2023-09-12,Store001,SKU001,10,52,305.84,367.01,7,SUP001,Electronics,,0,None,15.0,0.4469480032434872,C,12.78266391216064,24.49489742783178,117.78266391216064,0,True,65.78266391216064,Medium,5326,55.054794520547944,96.73998507091316
2023-09-12,Store001,SKU002,7,61,69.57,144.82,5,SUP002,Clothing,,0,None,10.714285714285714,0.4888827050106926,C,11.603530548078444,20.701966780270627,65.17495911950701,0,True,4.174959119507008,Low,4420,53.88219178082192,82.03081303706716
2023-09-12,Store001,SKU003,12,69,27.47,32.96,3,SUP003,Books,,0,None,9.285714285714286,0.5124098617067465,C,10.087258421679966,19.27248223318863,37.94440127882282,0,False,0.0,Low,3666,55.73424657534247,65.77643415425453
2023-09-12,Store002,SKU001,12,35,305.84,367.01,7,SUP001,Electronics,,0,None,11.0,0.48777608644303344,C,14.036779212620559,20.97617696340303,91.03677921262056,0,True,56.03677921262056,Medium,5359,54.868493150684934,97.6698956408848
2023-09-12,Store002,SKU002,10,68,69.57,144.82,5,SUP002,Clothing,,0,None,12.714285714285714,0.5114843407900957,C,12.823879339210837,22.551528297909847,76.3953079106394,0,True,8.395307910639403,Low,4669,52.778082191780825,88.46475290697674
2023-09-12,Store002,SKU003,3,14,27.47,32.96,3,SUP003,Books,,0,None,8.285714285714286,0.5196382683114912,C,10.218394694715325,18.20517979665599,35.07553755185819,0,True,21.07553755185819,Low,3662,54.57260273972603,67.10326823635724
2023-09-12,Store003,SKU001,6,46,305.84,367.01,7,SUP001,Electronics,,0,None,12.285714285714286,0.47559981845990906,C,13.637857369667923,22.168188275738085,99.63785736966793,0,True,53.63785736966793,Medium,5340,54.12876712328767,98.65364174722883
2023-09-12,Store003,SKU002,14,93,69.57,144.82,5,SUP002,Clothing,2023-08-21,46,Delivered,11.571428571428571,0.44687170121026343,C,10.484026374443221,21.514114968019086,68.34116923158608,0,False,0.0,Low,4369,54.772602739726025,79.76615646258503
2023-09-12,Store003,SKU003,8,90,27.47,32.96,3,SUP003,Books,,0,None,10.857142857142858,0.49263346168064476,C,9.626516732683555,20.83952289006911,42.197945304112125,0,False,0.0,Low,3639,54.92602739726028,66.25274341580207
2023-09-13,Store001,SKU001,6,69,305.84,367.01,7,SUP001,Electronics,,0,None,13.857142857142858,0.4469480032434872,C,12.78266391216064,23.543273227945903,109.78266391216064,0,True,40.78266391216064,Low,5326,55.054794520547944,96.73998507091316
2023-09-13,Store001,SKU002,8,80,69.57,144.82,5,SUP002,Clothing,,0,None,10.285714285714286,0.4888827050106926,C,11.603530548078444,20.2837021134844,63.03210197664988,0,False,0.0,Low,4420,53.88219178082192,82.03081303706716
2023-09-13,Store001,SKU003,4,62,27.47,32.96,3,SUP003,Books,,0,None,8.0,0.5124098617067465,C,10.087258421679966,17.88854381999832,34.08725842167996,0,False,0.0,Low,3666,55.73424657534247,65.77643415425453
2023-09-13,Store002,SKU001,10,90,305.84,367.01,7,SUP001,Electronics,2023-09-11,61,Confirmed,10.142857142857142,0.48777608644303344,C,14.036779212620559,20.14235055087379,24.03677921262056,61,False,0.0,Low,5359,54.868493150684934,97.6698956408848
2023-09-13,Store002,SKU002,6,57,69.57,144.82,5,SUP002,Clothing,,0,None,11.571428571428571,0.5114843407900957,C,12.823879339210837,21.514114968019086,70.6810221963537,0,True,13.681022196353695,Low,4669,52.778082191780825,88.46475290697674
2023-09-13,Store002,SKU003,7,15,27.47,32.96,3,SUP003,Books,,0,None,7.428571428571429,0.5196382683114912,C,10.218394694715325,17.237832147426694,32.504108980429606,0,True,17.504108980429606,Low,3662,54.57260273972603,67.10326823635724
2023-09-13,Store003,SKU001,10,65,305.84,367.01,7,SUP001,Electronics,,0,None,10.714285714285714,0.47559981845990906,C,13.637857369667923,20.701966780270627,88.63785736966793,0,True,23.637857369667927,Low,5340,54.12876712328767,98.65364174722883
2023-09-13,Store003,SKU002,16,99,69.57,144.82,5,SUP002,Clothing,,0,None,12.857142857142858,0.44687170121026343,C,10.484026374443221,22.677868380553633,74.76974066015751,0,False,0.0,Low,4369,54.772602739726025,79.76615646258503
2023-09-13,Store003,SKU003,9,81,27.47,32.96,3,SUP003,Books,,0,None,9.857142857142858,0.49263346168064476,C,9.626516732683555,19.85662897587892,39.197945304112125,0,False,0.0,Low,3639,54.92602739726028,66.25274341580207
2023-09-14,Store001,SKU001,8,71,305.84,367.01,7,SUP001,Electronics,,0,None,13.285714285714286,0.4469480032434872,C,12.78266391216064,23.052734575936352,105.78266391216064,0,True,34.78266391216064,Low,5326,55.054794520547944,96.73998507091316
2023-09-14,Store001,SKU002,8,38,69.57,144.82,5,SUP002,Clothing,,0,None,9.428571428571429,0.4888827050106926,C,11.603530548078444,19.42016624910449,58.74638769093559,0,True,20.74638769093559,Low,4420,53.88219178082192,82.03081303706716
2023-09-14,Store001,SKU003,10,73,27.47,32.96,3,SUP003,Books,,0,None,8.714285714285714,0.5124098617067465,C,10.087258421679966,18.670067717376618,36.2301155645371,0,False,0.0,Low,3666,55.73424657534247,65.77643415425453
2023-09-14,Store002,SKU001,26,24,305.84,367.01,7,SUP001,Electronics,,0,None,12.285714285714286,0.48777608644303344,C,14.036779212620559,22.168188275738085,100.03677921262056,0,True,76.03677921262056,Medium,5359,54.868493150684934,97.6698956408848
2023-09-14,Store002,SKU002,16,62,69.57,144.82,5,SUP002,Clothing,,0,None,12.428571428571429,0.5114843407900957,C,12.823879339210837,22.296700588716195,74.96673648206799,0,True,12.966736482067986,Low,4669,52.778082191780825,88.46475290697674
2023-09-14,Store002,SKU003,6,52,27.47,32.96,3,SUP003,Books,,0,None,6.714285714285714,0.5196382683114912,C,10.218394694715325,16.388149028228554,30.361251837572468,0,False,0.0,Low,3662,54.57260273972603,67.10326823635724
2023-09-14,Store003,SKU001,10,91,305.84,367.01,7,SUP001,Electronics,,0,None,9.714285714285714,0.47559981845990906,C,13.637857369667923,19.712215212183246,81.63785736966793,0,False,0.0,Low,5340,54.12876712328767,98.65364174722883
2023-09-14,Store003,SKU002,13,66,69.57,144.82,5,SUP002,Clothing,,0,None,12.285714285714286,0.44687170121026343,C,10.484026374443221,22.168188275738085,71.91259780301465,0,True,5.912597803014648,Low,4369,54.772602739726025,79.76615646258503
2023-09-14,Store003,SKU003,7,61,27.47,32.96,3,SUP003,Books,,0,None,9.0,0.49263346168064476,C,9.626516732683555,18.973665961010276,36.626516732683555,0,False,0.0,Low,3639,54.92602739726028,66.25274341580207
2023-09-15,Store001,SKU001,12,33,305.84,367.01,7,SUP001,Electronics,,0,None,11.857142857142858,0.4469480032434872,C,12.78266391216064,21.778101714468008,95.78266391216064,0,True,62.78266391216064,Medium,5326,55.054794520547944,96.73998507091316
2023-09-15,Store001,SKU002,11,21,69.57,144.82,5,SUP002,Clothing,,0,None,9.285714285714286,0.4888827050106926,C,11.603530548078444,19.27248223318863,58.03210197664988,0,True,37.03210197664988,Medium,4420,53.88219178082192,82.03081303706716
2023-09-15,Store001,SKU003,5,86,27.47,32.96,3,SUP003,Books,,0,None,8.285714285714286,0.5124098617067465,C,10.087258421679966,18.20517979665599,34.94440127882282,0,False,0.0,Low,3666,55.73424657534247,65.77643415425453
2023-09-15,Store002,SKU001,19,94,305.84,367.01,7,SUP001,Electronics,,0,None,12.571428571428571,0.48777608644303344,C,14.036779212620559,22.424476423255523,102.03677921262056,0,True,8.036779212620559,Low,5359,54.868493150684934,97.6698956408848
2023-09-15,Store002,SKU002,9,50,69.57,144.82,5,SUP002,Clothing,,0,None,11.714285714285714,0.5114843407900957,C,12.823879339210837,21.64651077128664,71.3953079106394,0,True,21.395307910639403,Low,4669,52.778082191780825,88.46475290697674
2023-09-15,Store002,SKU003,7,47,27.47,32.96,3,SUP003,Books,,0,None,6.142857142857143,0.5196382683114912,C,10.218394694715325,15.675276256394518,28.646966123286756,0,False,0.0,Low,3662,54.57260273972603,67.10326823635724
2023-09-15,Store003,SKU001,12,15,305.84,367.01,7,SUP001,Electronics,,0,None,9.285714285714286,0.47559981845990906,C,13.637857369667923,19.27248223318863,78.63785736966793,0,True,63.63785736966793,Medium,5340,54.12876712328767,98.65364174722883
2023-09-15,Store003,SKU002,14,98,69.57,144.82,5,SUP002,Clothing,,0,None,13.428571428571429,0.44687170121026343,C,10.484026374443221,23.176342617912283,77.62688351730036,0,False,0.0,Low,4369,54.772602739726025,79.76615646258503
2023-09-15,Store003,SKU003,7,45,27.47,32.96,3,SUP003,Books,,0,None,8.714285714285714,0.49263346168064476,C,9.626516732683555,18.670067717376618,35.769373875540694,0,False,0.0,Low,3639,54.92602739726028,66.25274341580207
2023-09-16,Store001,SKU001,10,11,305.84,367.01,7,SUP001,Electronics,,0,None,11.0,0.4469480032434872,C,12.78266391216064,20.97617696340303,89.78266391216064,0,True,78.78266391216064,High,5326,55.054794520547944,96.73998507091316
2023-09-16,Store001,SKU002,8,45,69.57,144.82,5,SUP002,Clothing,,0,None,9.428571428571429,0.4888827050106926,C,11.603530548078444,19.42016624910449,58.74638769093559,0,True,13.746387690935592,Low,4420,53.88219178082192,82.03081303706716
2023-09-16,Store001,SKU003,14,63,27.47,32.96,3,SUP003,Books,,0,None,8.571428571428571,0.5124098617067465,C,10.087258421679966,18.51640199545103,35.801544135965685,0,False,0.0,Low,3666,55.73424657534247,65.77643415425453
2023-09-16,Store002,SKU001,11,41,305.84,367.01,7,SUP001,Electronics,2023-09-08,91,In Transit,13.571428571428571,0.48777608644303344,C,14.036779212620559,23.299294900428702,18.03677921262056,91,False,0.0,Low,5359,54.868493150684934,97.6698956408848
2023-09-16,Store002,SKU002,16,21,69.57,144.82,5,SUP002,Clothing,,0,None,12.142857142857142,0.5114843407900957,C,12.823879339210837,22.03892660077359,73.53816505349654,0,True,52.53816505349654,Medium,4669,52.778082191780825,88.46475290697674
2023-09-16,Store002,SKU003,4,11,27.47,32.96,3,SUP003,Books,,0,None,5.714285714285714,0.5196382683114912,C,10.218394694715325,15.118578920369089,27.361251837572468,0,True,16.361251837572468,Low,3662,54.57260273972603,67.10326823635724
2023-09-16,Store003,SKU001,12,18,305.84,367.01,7,SUP001,Electronics,,0,None,9.428571428571429,0.47559981845990906,C,13.637857369667923,19.42016624910449,79.63785736966793,0,True,61.63785736966793,Medium,5340,54.12876712328767,98.65364174722883
2023-09-16,Store003,SKU002,18,99,69.57,144.82,5,SUP002,Clothing,,0,None,13.857142857142858,0.44687170121026343,C,10.484026374443221,23.543273227945903,79.76974066015751,0,False,0.0,Low,4369,54.772602739726025,79.76615646258503
2023-09-16,Store003,SKU003,8,45,27.47,32.96,3,SUP003,Books,,0,None,7.857142857142857,0.49263346168064476,C,9.626516732683555,17.728105208558365,33.197945304112125,0,False,0.0,Low,3639,54.92602739726028,66.25274341580207
2023-09-17,Store001,SKU001,5,19,305.84,367.01,7,SUP001,Electronics,,0,None,8.714285714285714,0.4469480032434872,C,12.78266391216064,18.670067717376618,73.78266391216063,0,True,54.78266391216063,Medium,5326,55.054794520547944,96.73998507091316
2023-09-17,Store001,SKU002,16,46,69.57,144.82,5,SUP002,Clothing,,0,None,9.857142857142858,0.4888827050106926,C,11.603530548078444,19.85662897587892,60.88924483379274,0,True,14.889244833792738,Low,4420,53.88219178082192,82.03081303706716
2023-09-17,Store001,SKU003,10,33,27.47,32.96,3,SUP003,Books,,0,None,9.714285714285714,0.5124098617067465,C,10.087258421679966,19.712215212183246,39.2301155645371,0,True,6.230115564537101,Low,3666,55.73424657534247,65.77643415425453
2023-09-17,Store002,SKU001,26,78,305.84,367.01,7,SUP001,Electronics,,0,None,16.857142857142858,0.48777608644303344,C,14.036779212620559,25.967012040004033,132.03677921262056,0,True,54.03677921262056,Medium,5359,54.868493150684934,97.6698956408848
2023-09-17,Store002,SKU002,18,10,69.57,144.82,5,SUP002,Clothing,,0,None,12.428571428571429,0.5114843407900957,C,12.823879339210837,22.296700588716195,74.96673648206799,0,True,64.96673648206799,Medium,4669,52.778082191780825,88.46475290697674
2023-09-17,Store002,SKU003,1,15,27.47,32.96,3,SUP003,Books,,0,None,4.571428571428571,0.5196382683114912,C,10.218394694715325,13.522468075656265,23.932680409001037,0,True,8.932680409001037,Low,3662,54.57260273972603,67.10326823635724
2023-09-17,Store003,SKU001,16,29,305.84,367.01,7,SUP001,Electronics,,0,None,10.0,0.47559981845990906,C,13.637857369667923,20.0,83.63785736966793,0,True,54.63785736966793,Medium,5340,54.12876712328767,98.65364174722883
2023-09-17,Store003,SKU002,5,82,69.57,144.82,5,SUP002,Clothing,,0,None,12.428571428571429,0.44687170121026343,C,10.484026374443221,22.296700588716195,72.62688351730037,0,False,0.0,Low,4369,54.772602739726025,79.76615646258503
2023-09-17,Store003,SKU003,9,99,27.47,32.96,3,SUP003,Books,,0,None,8.428571428571429,0.49263346168064476,C,9.626516732683555,18.361450300639575,34.91223101839784,0,False,0.0,Low,3639,54.92602739726028,66.25274341580207
2023-09-18,Store001,SKU001,9,22,305.84,367.01,7,SUP001,Electronics,2023-09-07,38,Delivered,8.571428571428571,0.4469480032434872,C,12.78266391216064,18.51640199545103,72.78266391216064,0,True,50.78266391216064,Medium,5326,55.054794520547944,96.73998507091316
2023-09-18,Store001,SKU002,8,82,69.57,144.82,5,SUP002,Clothing,,0,None,9.428571428571429,0.4888827050106926,C,11.603530548078444,19.42016624910449,58.74638769093559,0,False,0.0,Low,4420,53.88219178082192,82.03081303706716
2023-09-18,Store001,SKU003,9,38,27.47,32.96,3,SUP003,Books,,0,None,9.142857142857142,0.5124098617067465,C,10.087258421679966,19.123657749350297,37.51582985025139,0,False,0.0,Low,3666,55.73424657534247,65.77643415425453
2023-09-18,Store002,SKU001,10,76,305.84,367.01,7,SUP001,Electronics,2023-09-06,37,Delivered,16.285714285714285,0.48777608644303344,C,14.036779212620559,25.523098781859762,128.03677921262056,0,True,52.03677921262056,Medium,5359,54.868493150684934,97.6698956408848
2023-09-18,Store002,SKU002,10,96,69.57,144.82,5,SUP002,Clothing,,0,None,12.142857142857142,0.5114843407900957,C,12.823879339210837,22.03892660077359,73.53816505349654,0,False,0.0,Low,4669,52.778082191780825,88.46475290697674
2023-09-18,Store002,SKU003,8,92,27.47,32.96,3,SUP003,Books,,0,None,5.142857142857143,0.5196382683114912,C,10.218394694715325,14.342743312012724,25.646966123286756,0,False,0.0,Low,3662,54.57260273972603,67.10326823635724
2023-09-18,Store003,SKU001,23,88,305.84,367.01,7,SUP001,Electronics,,0,None,12.714285714285714,0.47559981845990906,C,13.637857369667923,22.551528297909847,102.63785736966793,0,True,14.637857369667927,Low,5340,54.12876712328767,98.65364174722883
2023-09-18,Store003,SKU002,7,25,69.57,144.82,5,SUP002,Clothing,,0,None,12.428571428571429,0.44687170121026343,C,10.484026374443221,22.296700588716195,72.62688351730037,0,True,47.62688351730037,Medium,4369,54.772602739726025,79.76615646258503
2023-09-18,Store003,SKU003,9,19,27.47,32.96,3,SUP003,Books,,0,None,8.142857142857142,0.49263346168064476,C,9.626516732683555,18.04755622554715,34.055088161254986,0,True,15.055088161254986,Low,3639,54.92602739726028,66.25274341580207
2023-09-19,Store001,SKU001,26,22,305.84,367.01,7,SUP001,Electronics,2023-09-10,48,Shipped,10.857142857142858,0.4469480032434872,C,12.78266391216064,20.83952289006911,40.78266391216064,48,True,0.0,Low,5326,55.054794520547944,96.73998507091316
2023-09-19,Store001,SKU002,12,27,69.57,144.82,5,SUP002,Clothing,,0,None,10.142857142857142,0.4888827050106926,C,11.603530548078444,20.14235055087379,62.317816262364154,0,True,35.317816262364154,Medium,4420,53.88219178082192,82.03081303706716
2023-09-19,Store001,SKU003,8,33,27.47,32.96,3,SUP003,Books,,0,None,8.571428571428571,0.5124098617067465,C,10.087258421679966,18.51640199545103,35.801544135965685,0,True,2.8015441359656847,Low,3666,55.73424657534247,65.77643415425453
2023-09-19,Store002,SKU001,10,93,305.84,367.01,7,SUP001,Electronics,,0,None,16.0,0.48777608644303344,C,14.036779212620559,25.298221281347036,126.03677921262056,0,True,33.03677921262056,Low,5359,54.868493150684934,97.6698956408848
2023-09-19,Store002,SKU002,16,68,69.57,144.82,5,SUP002,Clothing,,0,None,13.0,0.5114843407900957,C,12.823879339210837,22.80350850198276,77.82387933921083,0,True,9.823879339210833,Low,4669,52.778082191780825,88.46475290697674
2023-09-19,Store002,SKU003,14,52,27.47,32.96,3,SUP003,Books,,0,None,6.714285714285714,0.5196382683114912,C,10.218394694715325,16.388149028228554,30.361251837572468,0,False,0.0,Low,3662,54.57260273972603,67.10326823635724
2023-09-19,Store003,SKU001,19,37,305.84,367.01,7,SUP001,Electronics,,0,None,14.571428571428571,0.47559981845990906,C,13.637857369667923,24.142434484888696,115.63785736966793,0,True,78.63785736966793,Medium,5340,54.12876712328767,98.65364174722883
2023-09-19,Store003,SKU002,13,99,69.57,144.82,5,SUP002,Clothing,,0,None,12.285714285714286,0.44687170121026343,C,10.484026374443221,22.168188275738085,71.91259780301465,0,False,0.0,Low,4369,54.772602739726025,79.76615646258503
2023-09-19,Store003,SKU003,10,59,27.47,32.96,3,SUP003,Books,,0,None,8.428571428571429,0.49263346168064476,C,9.626516732683555,18.361450300639575,34.91223101839784,0,False,0.0,Low,3639,54.92602739726028,66.25274341580207
2023-09-20,Store001,SKU001,5,79,305.84,367.01,7,SUP001,Electronics,,0,None,10.714285714285714,0.4469480032434872,C,12.78266391216064,20.701966780270627,87.78266391216064,0,True,8.782663912160643,Low,5326,55.054794520547944,96.73998507091316
2023-09-20,Store001,SKU002,10,55,69.57,144.82,5,SUP002,Clothing,,0,None,10.428571428571429,0.4888827050106926,C,11.603530548078444,20.42407542932745,63.74638769093559,0,True,8.746387690935592,Low,4420,53.88219178082192,82.03081303706716
2023-09-20,Store001,SKU003,8,67,27.47,32.96,3,SUP003,Books,,0,None,9.142857142857142,0.5124098617067465,C,10.087258421679966,19.123657749350297,37.51582985025139,0,False,0.0,Low,3666,55.73424657534247,65.77643415425453
2023-09-20,Store002,SKU001,11,43,305.84,367.01,7,SUP001,Electronics,,0,None,16.142857142857142,0.48777608644303344,C,14.036779212620559,25.410908793553325,127.03677921262056,0,True,84.03677921262056,Medium,5359,54.868493150684934,97.6698956408848
2023-09-20,Store002,SKU002,14,20,69.57,144.82,5,SUP002,Clothing,2023-09-06,93,Delivered,14.142857142857142,0.5114843407900957,C,12.823879339210837,23.784749015162756,83.53816505349654,0,True,63.53816505349654,Medium,4669,52.778082191780825,88.46475290697674
2023-09-20,Store002,SKU003,1,72,27.47,32.96,3,SUP003,Books,,0,None,5.857142857142857,0.5196382683114912,C,10.218394694715325,15.306394555404427,27.789823266143895,0,False,0.0,Low,3662,54.57260273972603,67.10326823635724
2023-09-20,Store003,SKU001,14,84,305.84,367.01,7,SUP001,Electronics,,0,None,15.142857142857142,0.47559981845990906,C,13.637857369667923,24.611263391266316,119.63785736966793,0,True,35.63785736966793,Low,5340,54.12876712328767,98.65364174722883
2023-09-20,Store003,SKU002,11,12,69.57,144.82,5,SUP002,Clothing,,0,None,11.571428571428571,0.44687170121026343,C,10.484026374443221,21.514114968019086,68.34116923158608,0,True,56.34116923158608,Medium,4369,54.772602739726025,79.76615646258503
2023-09-20,Store003,SKU003,12,59,27.47,32.96,3,SUP003,Books,,0,None,8.857142857142858,0.49263346168064476,C,9.626516732683555,18.822478962286407,36.197945304112125,0,False,0.0,Low,3639,54.92602739726028,66.25274341580207
2023-09-21,Store001,SKU001,13,28,305.84,367.01,7,SUP001,Electronics,,0,None,11.428571428571429,0.4469480032434872,C,12.78266391216064,21.38089935299395,92.78266391216064,0,True,64.78266391216064,Medium,5326,55.054794520547944,96.73998507091316
2023-09-21,Store001,SKU002,5,48,69.57,144.82,5,SUP002,Clothing,,0,None,10.0,0.4888827050106926,C,11.603530548078444,20.0,61.603530548078446,0,True,13.603530548078446,Low,4420,53.88219178082192,82.03081303706716
2023-09-21,Store001,SKU003,6,84,27.47,32.96,3,SUP003,Books,,0,None,8.571428571428571,0.5124098617067465,C,10.087258421679966,18.51640199545103,35.801544135965685,0,False,0.0,Low,3666,55.73424657534247,65.77643415425453
2023-09-21,Store002,SKU001,6,35,305.84,367.01,7,SUP001,Electronics,2023-09-17,55,Confirmed,13.285714285714286,0.48777608644303344,C,14.036779212620559,23.052734575936352,52.03677921262056,55,True,0.0,Low,5359,54.868493150684934,97.6698956408848
2023-09-21,Store002,SKU002,14,14,69.57,144.82,5,SUP002,Clothing,,0,None,13.857142857142858,0.5114843407900957,C,12.823879339210837,23.543273227945903,82.10959362492513,0,True,68.10959362492513,Medium,4669,52.778082191780825,88.46475290697674
2023-09-21,Store002,SKU003,8,65,27.47,32.96,3,SUP003,Books,,0,None,6.142857142857143,0.5196382683114912,C,10.218394694715325,15.675276256394518,28.646966123286756,0,False,0.0,Low,3662,54.57260273972603,67.10326823635724
2023-09-21,Store003,SKU001,10,50,305.84,367.01,7,SUP001,Electronics,2023-09-16,25,Confirmed,15.142857142857142,0.47559981845990906,C,13.637857369667923,24.611263391266316,94.63785736966793,25,True,19.637857369667927,Low,5340,54.12876712328767,98.65364174722883
2023-09-21,Store003,SKU002,9,57,69.57,144.82,5,SUP002,Clothing,,0,None,11.0,0.44687170121026343,C,10.484026374443221,20.97617696340303,65.48402637444322,0,True,8.484026374443218,Low,4369,54.772602739726025,79.76615646258503
2023-09-21,Store003,SKU003,7,54,27.47,32.96,3,SUP003,Books,,0,None,8.857142857142858,0.49263346168064476,C,9.626516732683555,18.822478962286407,36.197945304112125,0,False,0.0,Low,3639,54.92602739726028,66.25274341580207
2023-09-22,Store001,SKU001,6,24,305.84,367.01,7,SUP001,Electronics,2023-09-09,63,Delivered,10.571428571428571,0.4469480032434872,C,12.78266391216064,20.56349053193895,86.78266391216064,0,True,62.78266391216064,Medium,5326,55.054794520547944,96.73998507091316
2023-09-22,Store001,SKU002,8,35,69.57,144.82,5,SUP002,Clothing,,0,None,9.571428571428571,0.4888827050106926,C,11.603530548078444,19.566735620873065,59.4606734052213,0,True,24.4606734052213,Low,4420,53.88219178082192,82.03081303706716
2023-09-22,Store001,SKU003,15,60,27.47,32.96,3,SUP003,Books,,0,None,10.0,0.5124098617067465,C,10.087258421679966,20.0,40.08725842167996,0,False,0.0,Low,3666,55.73424657534247,65.77643415425453
2023-09-22,Store002,SKU001,7,52,305.84,367.01,7,SUP001,Electronics,,0,None,11.571428571428571,0.48777608644303344,C,14.036779212620559,21.514114968019086,95.03677921262056,0,True,43.03677921262056,Medium,5359,54.868493150684934,97.6698956408848
2023-09-22,Store002,SKU002,13,77,69.57,144.82,5,SUP002,Clothing,,0,None,14.428571428571429,0.5114843407900957,C,12.823879339210837,24.023797725231894,84.96673648206797,0,True,7.966736482067972,Low,4669,52.778082191780825,88.46475290697674
2023-09-22,Store002,SKU003,7,12,27.47,32.96,3,SUP003,Books,,0,None,6.142857142857143,0.5196382683114912,C,10.218394694715325,15.675276256394518,28.646966123286756,0,True,16.646966123286756,Low,3662,54.57260273972603,67.10326823635724
2023-09-22,Store003,SKU001,8,51,305.84,367.01,7,SUP001,Electronics,,0,None,14.571428571428571,0.47559981845990906,C,13.637857369667923,24.142434484888696,115.63785736966793,0,True,64.63785736966793,Medium,5340,54.12876712328767,98.65364174722883
2023-09-22,Store003,SKU002,9,56,69.57,144.82,5,SUP002,Clothing,,0,None,10.285714285714286,0.44687170121026343,C,10.484026374443221,20.2837021134844,61.91259780301465,0,True,5.912597803014648,Low,4369,54.772602739726025,79.76615646258503
2023-09-22,Store003,SKU003,9,10,27.47,32.96,3,SUP003,Books,,0,None,9.142857142857142,0.49263346168064476,C,9.626516732683555,19.123657749350297,37.055088161254986,0,True,27.055088161254986,Low,3639,54.92602739726028,66.25274341580207
2023-09-23,Store001,SKU001,16,97,305.84,367.01,7,SUP001,Electronics,,0,None,11.428571428571429,0.4469480032434872,C,12.78266391216064,21.38089935299395,92.78266391216064,0,False,0.0,Low,5326,55.054794520547944,96.73998507091316
2023-09-23,Store001,SKU002,11,75,69.57,144.82,5,SUP002,Clothing,,0,None,10.0,0.4888827050106926,C,11.603530548078444,20.0,61.603530548078446,0,False,0.0,Low,4420,53.88219178082192,82.03081303706716
2023-09-23,Store001,SKU003,10,44,27.47,32.96,3,SUP003,Books,,0,None,9.428571428571429,0.5124098617067465,C,10.087258421679966,19.42016624910449,38.372972707394254,0,False,0.0,Low,3666,55.73424657534247,65.77643415425453
2023-09-23,Store002,SKU001,11,44,305.84,367.01,7,SUP001,Electronics,,0,None,11.571428571428571,0.48777608644303344,C,14.036779212620559,21.514114968019086,95.03677921262056,0,True,51.03677921262056,Medium,5359,54.868493150684934,97.6698956408848
2023-09-23,Store002,SKU002,7,87,69.57,144.82,5,SUP002,Clothing,,0,None,13.142857142857142,0.5114843407900957,C,12.823879339210837,22.92846016884443,78.53816505349654,0,False,0.0,Low,4669,52.778082191780825,88.46475290697674
2023-09-23,Store002,SKU003,4,42,27.47,32.96,3,SUP003,Books,,0,None,6.142857142857143,0.5196382683114912,C,10.218394694715325,15.675276256394518,28.646966123286756,0,False,0.0,Low,3662,54.57260273972603,67.10326823635724
2023-09-23,Store003,SKU001,22,18,305.84,367.01,7,SUP001,Electronics,,0,None,16.0,0.47559981845990906,C,13.637857369667923,25.298221281347036,125.63785736966793,0,True,107.63785736966793,Medium,5340,54.12876712328767,98.65364174722883
2023-09-23,Store003,SKU002,28,31,69.57,144.82,5,SUP002,Clothing,,0,None,11.714285714285714,0.44687170121026343,C,10.484026374443221,21.64651077128664,69.05545494587179,0,True,38.05545494587179,Medium,4369,54.772602739726025,79.76615646258503
2023-09-23,Store003,SKU003,11,43,27.47,32.96,3,SUP003,Books,,0,None,9.571428571428571,0.49263346168064476,C,9.626516732683555,19.566735620873065,38.34080244696927,0,False,0.0,Low,3639,54.92602739726028,66.25274341580207
2023-09-24,Store001,SKU001,12,52,305.84,367.01,7,SUP001,Electronics,2023-09-20,49,Confirmed,12.428571428571429,0.4469480032434872,C,12.78266391216064,22.296700588716195,50.78266391216064,49,False,0.0,Low,5326,55.054794520547944,96.73998507091316
2023-09-24,Store001,SKU002,12,60,69.57,144.82,5,SUP002,Clothing,,0,None,9.428571428571429,0.4888827050106926,C,11.603530548078444,19.42016624910449,58.74638769093559,0,False,0.0,Low,4420,53.88219178082192,82.03081303706716
2023-09-24,Store001,SKU003,10,67,27.47,32.96,3,SUP003,Books,,0,None,9.428571428571429,0.5124098617067465,C,10.087258421679966,19.42016624910449,38.372972707394254,0,False,0.0,Low,3666,55.73424657534247,65.77643415425453
2023-09-24,Store002,SKU001,12,99,305.84,367.01,7,SUP001,Electronics,,0,None,9.571428571428571,0.48777608644303344,C,14.036779212620559,19.566735620873065,81.03677921262056,0,False,0.0,Low,5359,54.868493150684934,97.6698956408848
2023-09-24,Store002,SKU002,11,58,69.57,144.82,5,SUP002,Clothing,,0,None,12.142857142857142,0.5114843407900957,C,12.823879339210837,22.03892660077359,73.53816505349654,0,True,15.538165053496542,Low,4669,52.778082191780825,88.46475290697674
2023-09-24,Store002,SKU003,8,71,27.47,32.96,3,SUP003,Books,,0,None,7.142857142857143,0.5196382683114912,C,10.218394694715325,16.903085094570333,31.646966123286756,0,False,0.0,Low,3662,54.57260273972603,67.10326823635724
2023-09-24,Store003,SKU001,8,55,305.84,367.01,7,SUP001,Electronics,,0,None,14.857142857142858,0.47559981845990906,C,13.637857369667923,24.377976008801763,117.63785736966793,0,True,62.63785736966793,Medium,5340,54.12876712328767,98.65364174722883
2023-09-24,Store003,SKU002,9,42,69.57,144.82,5,SUP002,Clothing,,0,None,12.285714285714286,0.44687170121026343,C,10.484026374443221,22.168188275738085,71.91259780301465,0,True,29.91259780301465,Low,4369,54.772602739726025,79.76615646258503
2023-09-24,Store003,SKU003,16,12,27.47,32.96,3,SUP003,Books,,0,None,10.571428571428571,0.49263346168064476,C,9.626516732683555,20.56349053193895,41.34080244696927,0,True,29.34080244696927,Low,3639,54.92602739726028,66.25274341580207
2023-09-25,Store001,SKU001,8,52,305.84,367.01,7,SUP001,Electronics,,0,None,12.285714285714286,0.4469480032434872,C,12.78266391216064,22.168188275738085,98.78266391216064,0,True,46.78266391216064,Medium,5326,55.054794520547944,96.73998507091316
2023-09-25,Store001,SKU002,11,60,69.57,144.82,5,SUP002,Clothing,,0,None,9.857142857142858,0.4888827050106926,C,11.603530548078444,19.85662897587892,60.88924483379274,0,True,0.8892448337927377,Low,4420,53.88219178082192,82.03081303706716
2023-09-25,Store001,SKU003,6,94,27.47,32.96,3,SUP003,Books,,0,None,9.0,0.5124098617067465,C,10.087258421679966,18.973665961010276,37.08725842167996,0,False,0.0,Low,3666,55.73424657534247,65.77643415425453
2023-09-25,Store002,SKU001,5,67,305.84,367.01,7,SUP001,Electronics,,0,None,8.857142857142858,0.48777608644303344,C,14.036779212620559,18.822478962286407,76.03677921262056,0,True,9.036779212620559,Low,5359,54.868493150684934,97.6698956408848
2023-09-25,Store002,SKU002,7,27,69.57,144.82,5,SUP002,Clothing,,0,None,11.714285714285714,0.5114843407900957,C,12.823879339210837,21.64651077128664,71.3953079106394,0,True,44.3953079106394,Medium,4669,52.778082191780825,88.46475290697674
2023-09-25,Store002,SKU003,5,18,27.47,32.96,3,SUP003,Books,,0,None,6.714285714285714,0.5196382683114912,C,10.218394694715325,16.388149028228554,30.361251837572468,0,True,12.361251837572468,Low,3662,54.57260273972603,67.10326823635724
2023-09-25,Store003,SKU001,11,21,305.84,367.01,7,SUP001,Electronics,,0,None,13.142857142857142,0.47559981845990906,C,13.637857369667923,22.92846016884443,105.63785736966793,0,True,84.63785736966793,Medium,5340,54.12876712328767,98.65364174722883
2023-09-25,Store003,SKU002,10,12,69.57,144.82,5,SUP002,Clothing,,0,None,12.714285714285714,0.44687170121026343,C,10.484026374443221,22.551528297909847,74.05545494587179,0,True,62.05545494587179,Medium,4369,54.772602739726025,79.76615646258503
2023-09-25,Store003,SKU003,11,22,27.47,32.96,3,SUP003,Books,2023-09-02,36,Delivered,10.857142857142858,0.49263346168064476,C,9.626516732683555,20.83952289006911,42.197945304112125,0,True,20.197945304112125,Low,3639,54.92602739726028,66.25274341580207
2023-09-26,Store001,SKU001,14,22,305.84,367.01,7,SUP001,Electronics,,0,None,10.571428571428571,0.4469480032434872,C,12.78266391216064,20.56349053193895,86.78266391216064,0,True,64.78266391216064,Medium,5326,55.054794520547944,96.73998507091316
2023-09-26,Store001,SKU002,10,20,69.57,144.82,5,SUP002,Clothing,,0,None,9.571428571428571,0.4888827050106926,C,11.603530548078444,19.566735620873065,59.4606734052213,0,True,39.4606734052213,Medium,4420,53.88219178082192,82.03081303706716
2023-09-26,Store001,SKU003,13,48,27.47,32.96,3,SUP003,Books,,0,None,9.714285714285714,0.5124098617067465,C,10.087258421679966,19.712215212183246,39.2301155645371,0,False,0.0,Low,3666,55.73424657534247,65.77643415425453
2023-09-26,Store002,SKU001,14,33,305.84,367.01,7,SUP001,Electronics,,0,None,9.428571428571429,0.48777608644303344,C,14.036779212620559,19.42016624910449,80.03677921262056,0,True,47.03677921262056,Medium,5359,54.868493150684934,97.6698956408848
2023-09-26,Store002,SKU002,11,58,69.57,144.82,5,SUP002,Clothing,,0,None,11.0,0.5114843407900957,C,12.823879339210837,20.97617696340303,67.82387933921083,0,True,9.823879339210833,Low,4669,52.778082191780825,88.46475290697674
2023-09-26,Store002,SKU003,2,15,27.47,32.96,3,SUP003,Books,,0,None,5.0,0.5196382683114912,C,10.218394694715325,14.142135623730951,25.218394694715325,0,True,10.218394694715325,Low,3662,54.57260273972603,67.10326823635724
2023-09-26,Store003,SKU001,6,29,305.84,367.01,7,SUP001,Electronics,,0,None,11.285714285714286,0.47559981845990906,C,13.637857369667923,21.246848505803666,92.63785736966793,0,True,63.63785736966793,Medium,5340,54.12876712328767,98.65364174722883
2023-09-26,Store003,SKU002,13,64,69.57,144.82,5,SUP002,Clothing,,0,None,12.714285714285714,0.44687170121026343,C,10.484026374443221,22.551528297909847,74.05545494587179,0,True,10.055454945871787,Low,4369,54.772602739726025,79.76615646258503
2023-09-26,Store003,SKU003,6,85,27.47,32.96,3,SUP003,Books,2023-09-14,22,Delivered,10.285714285714286,0.49263346168064476,C,9.626516732683555,20.2837021134844,40.483659589826416,0,False,0.0,Low,3639,54.92602739726028,66.25274341580207
2023-09-27,Store001,SKU001,4,45,305.84,367.01,7,SUP001,Electronics,,0,None,10.428571428571429,0.4469480032434872,C,12.78266391216064,20.42407542932745,85.78266391216064,0,True,40.78266391216064,Medium,5326,55.054794520547944,96.73998507091316
2023-09-27,Store001,SKU002,14,69,69.57,144.82,5,SUP002,Clothing,,0,None,10.142857142857142,0.4888827050106926,C,11.603530548078444,20.14235055087379,62.317816262364154,0,False,0.0,Low,4420,53.88219178082192,82.03081303706716
2023-09-27,Store001,SKU003,10,81,27.47,32.96,3,SUP003,Books,,0,None,10.0,0.5124098617067465,C,10.087258421679966,20.0,40.08725842167996,0,False,0.0,Low,3666,55.73424657534247,65.77643415425453
2023-09-27,Store002,SKU001,16,26,305.84,367.01,7,SUP001,Electronics,,0,None,10.142857142857142,0.48777608644303344,C,14.036779212620559,20.14235055087379,85.03677921262056,0,True,59.03677921262056,Medium,5359,54.868493150684934,97.6698956408848
2023-09-27,Store002,SKU002,8,68,69.57,144.82,5,SUP002,Clothing,,0,None,10.142857142857142,0.5114843407900957,C,12.823879339210837,20.14235055087379,63.53816505349654,0,False,0.0,Low,4669,52.778082191780825,88.46475290697674
2023-09-27,Store002,SKU003,12,60,27.47,32.96,3,SUP003,Books,,0,None,6.571428571428571,0.5196382683114912,C,10.218394694715325,16.21286966755555,29.93268040900104,0,False,0.0,Low,3662,54.57260273972603,67.10326823635724
2023-09-27,Store003,SKU001,10,87,305.84,367.01,7,SUP001,Electronics,,0,None,10.714285714285714,0.47559981845990906,C,13.637857369667923,20.701966780270627,88.63785736966793,0,True,1.6378573696679268,Low,5340,54.12876712328767,98.65364174722883
2023-09-27,Store003,SKU002,5,94,69.57,144.82,5,SUP002,Clothing,2023-09-14,62,Delivered,11.857142857142858,0.44687170121026343,C,10.484026374443221,21.778101714468008,69.76974066015751,0,False,0.0,Low,4369,54.772602739726025,79.76615646258503
2023-09-27,Store003,SKU003,7,62,27.47,32.96,3,SUP003,Books,,0,None,9.571428571428571,0.49263346168064476,C,9.626516732683555,19.566735620873065,38.34080244696927,0,False,0.0,Low,3639,54.92602739726028,66.25274341580207
2023-09-28,Store001,SKU001,6,59,305.84,367.01,7,SUP001,Electronics,,0,None,9.428571428571429,0.4469480032434872,C,12.78266391216064,19.42016624910449,78.78266391216064,0,True,19.782663912160643,Low,5326,55.054794520547944,96.73998507091316
2023-09-28,Store001,SKU002,13,41,69.57,144.82,5,SUP002,Clothing,,0,None,11.285714285714286,0.4888827050106926,C,11.603530548078444,21.246848505803666,68.03210197664987,0,True,27.03210197664987,Low,4420,53.88219178082192,82.03081303706716
2023-09-28,Store001,SKU003,7,39,27.47,32.96,3,SUP003,Books,,0,None,10.142857142857142,0.5124098617067465,C,10.087258421679966,20.14235055087379,40.51582985025139,0,True,1.515829850251393,Low,3666,55.73424657534247,65.77643415425453
2023-09-28,Store002,SKU001,8,38,305.84,367.01,7,SUP001,Electronics,,0,None,10.428571428571429,0.48777608644303344,C,14.036779212620559,20.42407542932745,87.03677921262056,0,True,49.03677921262056,Medium,5359,54.868493150684934,97.6698956408848
2023-09-28,Store002,SKU002,17,85,69.57,144.82,5,SUP002,Clothing,,0,None,10.571428571428571,0.5114843407900957,C,12.823879339210837,20.56349053193895,65.6810221963537,0,False,0.0,Low,4669,52.778082191780825,88.46475290697674
2023-09-28,Store002,SKU003,13,63,27.47,32.96,3,SUP003,Books,,0,None,7.285714285714286,0.5196382683114912,C,10.218394694715325,17.07127913861675,32.07553755185818,0,False,0.0,Low,3662,54.57260273972603,67.10326823635724
2023-09-28,Store003,SKU001,4,91,305.84,367.01,7,SUP001,Electronics,,0,None,9.857142857142858,0.47559981845990906,C,13.637857369667923,19.85662897587892,82.63785736966793,0,False,0.0,Low,5340,54.12876712328767,98.65364174722883
2023-09-28,Store003,SKU002,5,62,69.57,144.82,5,SUP002,Clothing,,0,None,11.285714285714286,0.44687170121026343,C,10.484026374443221,21.246848505803666,66.91259780301465,0,True,4.912597803014648,Low,4369,54.772602739726025,79.76615646258503
2023-09-28,Store003,SKU003,12,69,27.47,32.96,3,SUP003,Books,,0,None,10.285714285714286,0.49263346168064476,C,9.626516732683555,20.2837021134844,40.483659589826416,0,False,0.0,Low,3639,54.92602739726028,66.25274341580207
2023-09-29,Store001,SKU001,10,93,305.84,367.01,7,SUP001,Electronics,,0,None,10.0,0.4469480032434872,C,12.78266391216064,20.0,82.78266391216064,0,False,0.0,Low,5326,55.054794520547944,96.73998507091316
2023-09-29,Store001,SKU002,17,65,69.57,144.82,5,SUP002,Clothing,,0,None,12.571428571428571,0.4888827050106926,C,11.603530548078444,22.424476423255523,74.4606734052213,0,True,9.4606734052213,Low,4420,53.88219178082192,82.03081303706716
2023-09-29,Store001,SKU003,2,64,27.47,32.96,3,SUP003,Books,,0,None,8.285714285714286,0.5124098617067465,C,10.087258421679966,18.20517979665599,34.94440127882282,0,False,0.0,Low,3666,55.73424657534247,65.77643415425453
2023-09-29,Store002,SKU001,13,77,305.84,367.01,7,SUP001,Electronics,,0,None,11.285714285714286,0.48777608644303344,C,14.036779212620559,21.246848505803666,93.03677921262056,0,True,16.03677921262056,Low,5359,54.868493150684934,97.6698956408848
2023-09-29,Store002,SKU002,13,46,69.57,144.82,5,SUP002,Clothing,,0,None,10.571428571428571,0.5114843407900957,C,12.823879339210837,20.56349053193895,65.6810221963537,0,True,19.681022196353695,Low,4669,52.778082191780825,88.46475290697674
2023-09-29,Store002,SKU003,13,21,27.47,32.96,3,SUP003,Books,,0,None,8.142857142857142,0.5196382683114912,C,10.218394694715325,18.04755622554715,34.64696612328675,0,True,13.646966123286752,Low,3662,54.57260273972603,67.10326823635724
2023-09-29,Store003,SKU001,12,35,305.84,367.01,7,SUP001,Electronics,,0,None,10.428571428571429,0.47559981845990906,C,13.637857369667923,20.42407542932745,86.63785736966793,0,True,51.63785736966793,Medium,5340,54.12876712328767,98.65364174722883
2023-09-29,Store003,SKU002,10,15,69.57,144.82,5,SUP002,Clothing,,0,None,11.428571428571429,0.44687170121026343,C,10.484026374443221,21.38089935299395,67.62688351730037,0,True,52.62688351730037,Medium,4369,54.772602739726025,79.76615646258503
2023-09-29,Store003,SKU003,9,14,27.47,32.96,3,SUP003,Books,2023-09-19,17,Delivered,10.285714285714286,0.49263346168064476,C,9.626516732683555,20.2837021134844,40.483659589826416,0,True,26.483659589826416,Low,3639,54.92602739726028,66.25274341580207
2023-09-30,Store001,SKU001,5,95,305.84,367.01,7,SUP001,Electronics,,0,None,8.428571428571429,0.4469480032434872,C,12.78266391216064,18.361450300639575,71.78266391216064,0,False,0.0,Low,5326,55.054794520547944,96.73998507091316
2023-09-30,Store001,SKU002,12,49,69.57,144.82,5,SUP002,Clothing,,0,None,12.714285714285714,0.4888827050106926,C,11.603530548078444,22.551528297909847,75.17495911950701,0,True,26.174959119507008,Low,4420,53.88219178082192,82.03081303706716
2023-09-30,Store001,SKU003,16,99,27.47,32.96,3,SUP003,Books,,0,None,9.142857142857142,0.5124098617067465,C,10.087258421679966,19.123657749350297,37.51582985025139,0,False,0.0,Low,3666,55.73424657534247,65.77643415425453
2023-09-30,Store002,SKU001,13,38,305.84,367.01,7,SUP001,Electronics,,0,None,11.571428571428571,0.48777608644303344,C,14.036779212620559,21.514114968019086,95.03677921262056,0,True,57.03677921262056,Medium,5359,54.868493150684934,97.6698956408848
2023-09-30,Store002,SKU002,5,25,69.57,144.82,5,SUP002,Clothing,2023-09-02,63,Delivered,10.285714285714286,0.5114843407900957,C,12.823879339210837,20.2837021134844,64.25245076778226,0,True,39.252450767782264,Medium,4669,52.778082191780825,88.46475290697674
2023-09-30,Store002,SKU003,13,27,27.47,32.96,3,SUP003,Books,,0,None,9.428571428571429,0.5196382683114912,C,10.218394694715325,19.42016624910449,38.504108980429606,0,True,11.504108980429606,Low,3662,54.57260273972603,67.10326823635724
2023-09-30,Store003,SKU001,15,97,305.84,367.01,7,SUP001,Electronics,2023-09-27,14,Confirmed,9.428571428571429,0.47559981845990906,C,13.637857369667923,19.42016624910449,65.63785736966793,14,False,0.0,Low,5340,54.12876712328767,98.65364174722883
2023-09-30,Store003,SKU002,15,33,69.57,144.82,5,SUP002,Clothing,2023-09-22,16,Delivered,9.571428571428571,0.44687170121026343,C,10.484026374443221,19.566735620873065,58.34116923158608,0,True,25.34116923158608,Low,4369,54.772602739726025,79.76615646258503
2023-09-30,Store003,SKU003,6,83,27.47,32.96,3,SUP003,Books,,0,None,9.571428571428571,0.49263346168064476,C,9.626516732683555,19.566735620873065,38.34080244696927,0,False,0.0,Low,3639,54.92602739726028,66.25274341580207
2023-10-01,Store001,SKU001,10,23,305.84,367.01,7,SUP001,Electronics,,0,None,8.142857142857142,0.4469480032434872,C,12.78266391216064,18.04755622554715,69.78266391216064,0,True,46.78266391216064,Medium,5326,55.054794520547944,96.73998507091316
2023-10-01,Store001,SKU002,19,24,69.57,144.82,5,SUP002,Clothing,2023-09-27,76,Pending,13.714285714285714,0.4888827050106926,C,11.603530548078444,23.421601750764797,4.174959119507008,76,False,0.0,Low,4420,53.88219178082192,82.03081303706716
2023-10-01,Store001,SKU003,6,73,27.47,32.96,3,SUP003,Books,,0,None,8.571428571428571,0.5124098617067465,C,10.087258421679966,18.51640199545103,35.801544135965685,0,False,0.0,Low,3666,55.73424657534247,65.77643415425453
2023-10-01,Store002,SKU001,12,55,305.84,367.01,7,SUP001,Electronics,,0,None,11.571428571428571,0.48777608644303344,C,14.036779212620559,21.514114968019086,95.03677921262056,0,True,40.03677921262056,Medium,5359,54.868493150684934,97.6698956408848
2023-10-01,Store002,SKU002,7,10,69.57,144.82,5,SUP002,Clothing,,0,None,9.714285714285714,0.5114843407900957,C,12.823879339210837,19.712215212183246,61.3953079106394,0,True,51.3953079106394,Medium,4669,52.778082191780825,88.46475290697674
2023-10-01,Store002,SKU003,17,73,27.47,32.96,3,SUP003,Books,,0,None,10.714285714285714,0.5196382683114912,C,10.218394694715325,20.701966780270627,42.36125183757247,0,False,0.0,Low,3662,54.57260273972603,67.10326823635724
2023-10-01,Store003,SKU001,5,85,305.84,367.01,7,SUP001,Electronics,,0,None,9.0,0.47559981845990906,C,13.637857369667923,18.973665961010276,76.63785736966793,0,False,0.0,Low,5340,54.12876712328767,98.65364174722883
2023-10-01,Store003,SKU002,10,28,69.57,144.82,5,SUP002,Clothing,,0,None,9.714285714285714,0.44687170121026343,C,10.484026374443221,19.712215212183246,59.05545494587179,0,True,31.055454945871787,Medium,4369,54.772602739726025,79.76615646258503
2023-10-01,Store003,SKU003,9,34,27.47,32.96,3,SUP003,Books,,0,None,8.571428571428571,0.49263346168064476,C,9.626516732683555,18.51640199545103,35.34080244696927,0,True,1.3408024469692705,Low,3639,54.92602739726028,66.25274341580207
2023-10-02,Store001,SKU001,8,55,305.84,367.01,7,SUP001,Electronics,,0,None,8.142857142857142,0.4469480032434872,C,12.78266391216064,18.04755622554715,69.78266391216064,0,True,14.782663912160643,Low,5326,55.054794520547944,96.73998507091316
2023-10-02,Store001,SKU002,8,65,69.57,144.82,5,SUP002,Clothing,,0,None,13.285714285714286,0.4888827050106926,C,11.603530548078444,23.052734575936352,78.03210197664987,0,True,13.03210197664987,Low,4420,53.88219178082192,82.03081303706716
2023-10-02,Store001,SKU003,6,76,27.47,32.96,3,SUP003,Books,,0,None,8.571428571428571,0.5124098617067465,C,10.087258421679966,18.51640199545103,35.801544135965685,0,False,0.0,Low,3666,55.73424657534247,65.77643415425453
2023-10-02,Store002,SKU001,7,37,305.84,367.01,7,SUP001,Electronics,,0,None,11.857142857142858,0.48777608644303344,C,14.036779212620559,21.778101714468008,97.03677921262056,0,True,60.03677921262056,Medium,5359,54.868493150684934,97.6698956408848
2023-10-02,Store002,SKU002,10,72,69.57,144.82,5,SUP002,Clothing,,0,None,10.142857142857142,0.5114843407900957,C,12.823879339210837,20.14235055087379,63.53816505349654,0,False,0.0,Low,4669,52.778082191780825,88.46475290697674
2023-10-02,Store002,SKU003,10,57,27.47,32.96,3,SUP003,Books,,0,None,11.428571428571429,0.5196382683114912,C,10.218394694715325,21.38089935299395,44.504108980429606,0,False,0.0,Low,3662,54.57260273972603,67.10326823635724
2023-10-02,Store003,SKU001,11,27,305.84,367.01,7,SUP001,Electronics,,0,None,9.0,0.47559981845990906,C,13.637857369667923,18.973665961010276,76.63785736966793,0,True,49.63785736966793,Medium,5340,54.12876712328767,98.65364174722883
2023-10-02,Store003,SKU002,10,35,69.57,144.82,5,SUP002,Clothing,,0,None,9.714285714285714,0.44687170121026343,C,10.484026374443221,19.712215212183246,59.05545494587179,0,True,24.055454945871787,Low,4369,54.772602739726025,79.76615646258503
2023-10-02,Store003,SKU003,6,81,27.47,32.96,3,SUP003,Books,,0,None,7.857142857142857,0.49263346168064476,C,9.626516732683555,17.728105208558365,33.197945304112125,0,False,0.0,Low,3639,54.92602739726028,66.25274341580207
2023-10-03,Store001,SKU001,12,11,305.84,367.01,7,SUP001,Electronics,,0,None,7.857142857142857,0.4469480032434872,C,12.78266391216064,17.728105208558365,67.78266391216064,0,True,56.78266391216064,High,5326,55.054794520547944,96.73998507091316
2023-10-03,Store001,SKU002,7,68,69.57,144.82,5,SUP002,Clothing,,0,None,12.857142857142858,0.4888827050106926,C,11.603530548078444,22.677868380553633,75.88924483379273,0,True,7.889244833792731,Low,4420,53.88219178082192,82.03081303706716
2023-10-03,Store001,SKU003,4,88,27.47,32.96,3,SUP003,Books,,0,None,7.285714285714286,0.5124098617067465,C,10.087258421679966,17.07127913861675,31.944401278822824,0,False,0.0,Low,3666,55.73424657534247,65.77643415425453
2023-10-03,Store002,SKU001,6,75,305.84,367.01,7,SUP001,Electronics,,0,None,10.714285714285714,0.48777608644303344,C,14.036779212620559,20.701966780270627,89.03677921262056,0,True,14.036779212620559,Low,5359,54.868493150684934,97.6698956408848
2023-10-03,Store002,SKU002,7,47,69.57,144.82,5,SUP002,Clothing,2023-09-14,49,Delivered,9.571428571428571,0.5114843407900957,C,12.823879339210837,19.566735620873065,60.681022196353695,0,True,13.681022196353695,Low,4669,52.778082191780825,88.46475290697674
2023-10-03,Store002,SKU003,9,13,27.47,32.96,3,SUP003,Books,,0,None,12.428571428571429,0.5196382683114912,C,10.218394694715325,22.296700588716195,47.504108980429606,0,True,34.504108980429606,Low,3662,54.57260273972603,67.10326823635724
2023-10-03,Store003,SKU001,7,45,305.84,367.01,7,SUP001,Electronics,,0,None,9.142857142857142,0.47559981845990906,C,13.637857369667923,19.123657749350297,77.63785736966793,0,True,32.63785736966793,Medium,5340,54.12876712328767,98.65364174722883
2023-10-03,Store003,SKU002,8,73,69.57,144.82,5,SUP002,Clothing,,0,None,9.0,0.44687170121026343,C,10.484026374443221,18.973665961010276,55.48402637444322,0,False,0.0,Low,4369,54.772602739726025,79.76615646258503
2023-10-03,Store003,SKU003,6,59,27.47,32.96,3,SUP003,Books,,0,None,7.857142857142857,0.49263346168064476,C,9.626516732683555,17.728105208558365,33.197945304112125,0,False,0.0,Low,3639,54.92602739726028,66.25274341580207
2023-10-04,Store001,SKU001,12,45,305.84,367.01,7,SUP001,Electronics,,0,None,9.0,0.4469480032434872,C,12.78266391216064,18.973665961010276,75.78266391216064,0,True,30.782663912160643,Medium,5326,55.054794520547944,96.73998507091316
2023-10-04,Store001,SKU002,9,55,69.57,144.82,5,SUP002,Clothing,,0,None,12.142857142857142,0.4888827050106926,C,11.603530548078444,22.03892660077359,72.31781626236415,0,True,17.317816262364147,Low,4420,53.88219178082192,82.03081303706716
2023-10-04,Store001,SKU003,17,92,27.47,32.96,3,SUP003,Books,,0,None,8.285714285714286,0.5124098617067465,C,10.087258421679966,18.20517979665599,34.94440127882282,0,False,0.0,Low,3666,55.73424657534247,65.77643415425453
2023-10-04,Store002,SKU001,14,29,305.84,367.01,7,SUP001,Electronics,,0,None,10.428571428571429,0.48777608644303344,C,14.036779212620559,20.42407542932745,87.03677921262056,0,True,58.03677921262056,Medium,5359,54.868493150684934,97.6698956408848
2023-10-04,Store002,SKU002,10,73,69.57,144.82,5,SUP002,Clothing,,0,None,9.857142857142858,0.5114843407900957,C,12.823879339210837,19.85662897587892,62.109593624925125,0,False,0.0,Low,4669,52.778082191780825,88.46475290697674
2023-10-04,Store002,SKU003,6,53,27.47,32.96,3,SUP003,Books,2023-09-23,40,Delivered,11.571428571428571,0.5196382683114912,C,10.218394694715325,21.514114968019086,44.93268040900104,0,False,0.0,Low,3662,54.57260273972603,67.10326823635724
2023-10-04,Store003,SKU001,8,41,305.84,367.01,7,SUP001,Electronics,,0,None,8.857142857142858,0.47559981845990906,C,13.637857369667923,18.822478962286407,75.63785736966793,0,True,34.63785736966793,Medium,5340,54.12876712328767,98.65364174722883
2023-10-04,Store003,SKU002,9,59,69.57,144.82,5,SUP002,Clothing,,0,None,9.571428571428571,0.44687170121026343,C,10.484026374443221,19.566735620873065,58.34116923158608,0,False,0.0,Low,4369,54.772602739726025,79.76615646258503
2023-10-04,Store003,SKU003,4,46,27.47,32.96,3,SUP003,Books,,0,None,7.428571428571429,0.49263346168064476,C,9.626516732683555,17.237832147426694,31.91223101839784,0,False,0.0,Low,3639,54.92602739726028,66.25274341580207
2023-10-05,Store001,SKU001,13,10,305.84,367.01,7,SUP001,Electronics,,0,None,10.0,0.4469480032434872,C,12.78266391216064,20.0,82.78266391216064,0,True,72.78266391216064,High,5326,55.054794520547944,96.73998507091316
2023-10-05,Store001,SKU002,11,77,69.57,144.82,5,SUP002,Clothing,,0,None,11.857142857142858,0.4888827050106926,C,11.603530548078444,21.778101714468008,70.88924483379273,0,False,0.0,Low,4420,53.88219178082192,82.03081303706716
2023-10-05,Store001,SKU003,10,22,27.47,32.96,3,SUP003,Books,,0,None,8.714285714285714,0.5124098617067465,C,10.087258421679966,18.670067717376618,36.2301155645371,0,True,14.230115564537101,Low,3666,55.73424657534247,65.77643415425453
2023-10-05,Store002,SKU001,10,35,305.84,367.01,7,SUP001,Electronics,,0,None,10.714285714285714,0.48777608644303344,C,14.036779212620559,20.701966780270627,89.03677921262056,0,True,54.03677921262056,Medium,5359,54.868493150684934,97.6698956408848
2023-10-05,Store002,SKU002,2,52,69.57,144.82,5,SUP002,Clothing,,0,None,7.714285714285714,0.5114843407900957,C,12.823879339210837,17.566201313073595,51.3953079106394,0,False,0.0,Low,4669,52.778082191780825,88.46475290697674
2023-10-05,Store002,SKU003,9,39,27.47,32.96,3,SUP003,Books,,0,None,11.0,0.5196382683114912,C,10.218394694715325,20.97617696340303,43.21839469471533,0,True,4.218394694715329,Low,3662,54.57260273972603,67.10326823635724
2023-10-05,Store003,SKU001,12,74,305.84,367.01,7,SUP001,Electronics,,0,None,10.0,0.47559981845990906,C,13.637857369667923,20.0,83.63785736966793,0,True,9.637857369667927,Low,5340,54.12876712328767,98.65364174722883
2023-10-05,Store003,SKU002,9,27,69.57,144.82,5,SUP002,Clothing,,0,None,10.142857142857142,0.44687170121026343,C,10.484026374443221,20.14235055087379,61.198312088728926,0,True,34.198312088728926,Medium,4369,54.772602739726025,79.76615646258503
2023-10-05,Store003,SKU003,10,42,27.47,32.96,3,SUP003,Books,,0,None,7.142857142857143,0.49263346168064476,C,9.626516732683555,16.903085094570333,31.055088161254986,0,False,0.0,Low,3639,54.92602739726028,66.25274341580207
2023-10-06,Store001,SKU001,6,56,305.84,367.01,7,SUP001,Electronics,,0,None,9.428571428571429,0.4469480032434872,C,12.78266391216064,19.42016624910449,78.78266391216064,0,True,22.782663912160643,Low,5326,55.054794520547944,96.73998507091316
2023-10-06,Store001,SKU002,11,35,69.57,144.82,5,SUP002,Clothing,,0,None,11.0,0.4888827050106926,C,11.603530548078444,20.97617696340303,66.60353054807844,0,True,31.60353054807844,Low,4420,53.88219178082192,82.03081303706716
2023-10-06,Store001,SKU003,11,94,27.47,32.96,3,SUP003,Books,,0,None,10.0,0.5124098617067465,C,10.087258421679966,20.0,40.08725842167996,0,False,0.0,Low,3666,55.73424657534247,65.77643415425453
2023-10-06,Store002,SKU001,8,19,305.84,367.01,7,SUP001,Electronics,,0,None,10.0,0.48777608644303344,C,14.036779212620559,20.0,84.03677921262056,0,True,65.03677921262056,Medium,5359,54.868493150684934,97.6698956408848
2023-10-06,Store002,SKU002,11,29,69.57,144.82,5,SUP002,Clothing,2023-09-20,11,Delivered,7.428571428571429,0.5114843407900957,C,12.823879339210837,17.237832147426694,49.96673648206799,0,True,20.966736482067986,Low,4669,52.778082191780825,88.46475290697674
2023-10-06,Store002,SKU003,8,97,27.47,32.96,3,SUP003,Books,,0,None,10.285714285714286,0.5196382683114912,C,10.218394694715325,20.2837021134844,41.07553755185819,0,False,0.0,Low,3662,54.57260273972603,67.10326823635724
2023-10-06,Store003,SKU001,14,73,305.84,367.01,7,SUP001,Electronics,,0,None,10.285714285714286,0.47559981845990906,C,13.637857369667923,20.2837021134844,85.63785736966793,0,True,12.637857369667927,Low,5340,54.12876712328767,98.65364174722883
2023-10-06,Store003,SKU002,11,54,69.57,144.82,5,SUP002,Clothing,,0,None,10.285714285714286,0.44687170121026343,C,10.484026374443221,20.2837021134844,61.91259780301465,0,True,7.912597803014648,Low,4369,54.772602739726025,79.76615646258503
2023-10-06,Store003,SKU003,14,83,27.47,32.96,3,SUP003,Books,,0,None,7.857142857142857,0.49263346168064476,C,9.626516732683555,17.728105208558365,33.197945304112125,0,False,0.0,Low,3639,54.92602739726028,66.25274341580207
2023-10-07,Store001,SKU001,28,67,305.84,367.01,7,SUP001,Electronics,,0,None,12.714285714285714,0.4469480032434872,C,12.78266391216064,22.551528297909847,101.78266391216064,0,True,34.78266391216064,Low,5326,55.054794520547944,96.73998507091316
2023-10-07,Store001,SKU002,15,12,69.57,144.82,5,SUP002,Clothing,,0,None,11.428571428571429,0.4888827050106926,C,11.603530548078444,21.38089935299395,68.74638769093559,0,True,56.74638769093559,Medium,4420,53.88219178082192,82.03081303706716
2023-10-07,Store001,SKU003,9,35,27.47,32.96,3,SUP003,Books,,0,None,9.0,0.5124098617067465,C,10.087258421679966,18.973665961010276,37.08725842167996,0,True,2.0872584216799623,Low,3666,55.73424657534247,65.77643415425453
2023-10-07,Store002,SKU001,8,34,305.84,367.01,7,SUP001,Electronics,,0,None,9.285714285714286,0.48777608644303344,C,14.036779212620559,19.27248223318863,79.03677921262056,0,True,45.03677921262056,Medium,5359,54.868493150684934,97.6698956408848
2023-10-07,Store002,SKU002,14,86,69.57,144.82,5,SUP002,Clothing,,0,None,8.714285714285714,0.5114843407900957,C,12.823879339210837,18.670067717376618,56.3953079106394,0,False,0.0,Low,4669,52.778082191780825,88.46475290697674
2023-10-07,Store002,SKU003,2,18,27.47,32.96,3,SUP003,Books,,0,None,8.714285714285714,0.5196382683114912,C,10.218394694715325,18.670067717376618,36.36125183757247,0,True,18.361251837572468,Low,3662,54.57260273972603,67.10326823635724
2023-10-07,Store003,SKU001,12,12,305.84,367.01,7,SUP001,Electronics,,0,None,9.857142857142858,0.47559981845990906,C,13.637857369667923,19.85662897587892,82.63785736966793,0,True,70.63785736966793,High,5340,54.12876712328767,98.65364174722883
2023-10-07,Store003,SKU002,4,99,69.57,144.82,5,SUP002,Clothing,,0,None,8.714285714285714,0.44687170121026343,C,10.484026374443221,18.670067717376618,54.05545494587179,0,False,0.0,Low,4369,54.772602739726025,79.76615646258503
2023-10-07,Store003,SKU003,9,60,27.47,32.96,3,SUP003,Books,,0,None,8.285714285714286,0.49263346168064476,C,9.626516732683555,18.20517979665599,34.483659589826416,0,False,0.0,Low,3639,54.92602739726028,66.25274341580207
2023-10-08,Store001,SKU001,12,84,305.84,367.01,7,SUP001,Electronics,,0,None,13.0,0.4469480032434872,C,12.78266391216064,22.80350850198276,103.78266391216064,0,True,19.782663912160643,Low,5326,55.054794520547944,96.73998507091316
2023-10-08,Store001,SKU002,9,77,69.57,144.82,5,SUP002,Clothing,,0,None,10.0,0.4888827050106926,C,11.603530548078444,20.0,61.603530548078446,0,False,0.0,Low,4420,53.88219178082192,82.03081303706716
2023-10-08,Store001,SKU003,7,79,27.47,32.96,3,SUP003,Books,,0,None,9.142857142857142,0.5124098617067465,C,10.087258421679966,19.123657749350297,37.51582985025139,0,False,0.0,Low,3666,55.73424657534247,65.77643415425453
2023-10-08,Store002,SKU001,8,57,305.84,367.01,7,SUP001,Electronics,,0,None,8.714285714285714,0.48777608644303344,C,14.036779212620559,18.670067717376618,75.03677921262056,0,True,18.03677921262056,Low,5359,54.868493150684934,97.6698956408848
2023-10-08,Store002,SKU002,19,92,69.57,144.82,5,SUP002,Clothing,,0,None,10.428571428571429,0.5114843407900957,C,12.823879339210837,20.42407542932745,64.96673648206799,0,False,0.0,Low,4669,52.778082191780825,88.46475290697674
2023-10-08,Store002,SKU003,9,88,27.47,32.96,3,SUP003,Books,,0,None,7.571428571428571,0.5196382683114912,C,10.218394694715325,17.40279123753264,32.93268040900104,0,False,0.0,Low,3662,54.57260273972603,67.10326823635724
2023-10-08,Store003,SKU001,9,50,305.84,367.01,7,SUP001,Electronics,,0,None,10.428571428571429,0.47559981845990906,C,13.637857369667923,20.42407542932745,86.63785736966793,0,True,36.63785736966793,Medium,5340,54.12876712328767,98.65364174722883
2023-10-08,Store003,SKU002,16,48,69.57,144.82,5,SUP002,Clothing,,0,None,9.571428571428571,0.44687170121026343,C,10.484026374443221,19.566735620873065,58.34116923158608,0,True,10.341169231586079,Low,4369,54.772602739726025,79.76615646258503
2023-10-08,Store003,SKU003,7,20,27.47,32.96,3,SUP003,Books,,0,None,8.0,0.49263346168064476,C,9.626516732683555,17.88854381999832,33.626516732683555,0,True,13.626516732683555,Low,3639,54.92602739726028,66.25274341580207
2023-10-09,Store001,SKU001,11,71,305.84,367.01,7,SUP001,Electronics,2023-09-26,59,Delivered,13.428571428571429,0.4469480032434872,C,12.78266391216064,23.176342617912283,106.78266391216064,0,True,35.78266391216064,Low,5326,55.054794520547944,96.73998507091316
2023-10-09,Store001,SKU002,4,74,69.57,144.82,5,SUP002,Clothing,,0,None,9.428571428571429,0.4888827050106926,C,11.603530548078444,19.42016624910449,58.74638769093559,0,False,0.0,Low,4420,53.88219178082192,82.03081303706716
2023-10-09,Store001,SKU003,2,39,27.47,32.96,3,SUP003,Books,,0,None,8.571428571428571,0.5124098617067465,C,10.087258421679966,18.51640199545103,35.801544135965685,0,False,0.0,Low,3666,55.73424657534247,65.77643415425453
2023-10-09,Store002,SKU001,6,87,305.84,367.01,7,SUP001,Electronics,,0,None,8.571428571428571,0.48777608644303344,C,14.036779212620559,18.51640199545103,74.03677921262056,0,False,0.0,Low,5359,54.868493150684934,97.6698956408848
2023-10-09,Store002,SKU002,11,35,69.57,144.82,5,SUP002,Clothing,,0,None,10.571428571428571,0.5114843407900957,C,12.823879339210837,20.56349053193895,65.6810221963537,0,True,30.681022196353695,Low,4669,52.778082191780825,88.46475290697674
2023-10-09,Store002,SKU003,4,31,27.47,32.96,3,SUP003,Books,2023-10-03,11,Delivered,6.714285714285714,0.5196382683114912,C,10.218394694715325,16.388149028228554,30.361251837572468,0,False,0.0,Low,3662,54.57260273972603,67.10326823635724
2023-10-09,Store003,SKU001,8,94,305.84,367.01,7,SUP001,Electronics,,0,None,10.0,0.47559981845990906,C,13.637857369667923,20.0,83.63785736966793,0,False,0.0,Low,5340,54.12876712328767,98.65364174722883
2023-10-09,Store003,SKU002,7,72,69.57,144.82,5,SUP002,Clothing,,0,None,9.142857142857142,0.44687170121026343,C,10.484026374443221,19.123657749350297,56.198312088728926,0,False,0.0,Low,4369,54.772602739726025,79.76615646258503
2023-10-09,Store003,SKU003,4,11,27.47,32.96,3,SUP003,Books,,0,None,7.714285714285714,0.49263346168064476,C,9.626516732683555,17.566201313073595,32.769373875540694,0,True,21.769373875540694,Low,3639,54.92602739726028,66.25274341580207
2023-10-10,Store001,SKU001,11,31,305.84,367.01,7,SUP001,Electronics,,0,None,13.285714285714286,0.4469480032434872,C,12.78266391216064,23.052734575936352,105.78266391216064,0,True,74.78266391216064,Medium,5326,55.054794520547944,96.73998507091316
2023-10-10,Store001,SKU002,14,52,69.57,144.82,5,SUP002,Clothing,2023-10-01,78,Delivered,10.428571428571429,0.4888827050106926,C,11.603530548078444,20.42407542932745,63.74638769093559,0,True,11.746387690935592,Low,4420,53.88219178082192,82.03081303706716
2023-10-10,Store001,SKU003,11,82,27.47,32.96,3,SUP003,Books,,0,None,9.571428571428571,0.5124098617067465,C,10.087258421679966,19.566735620873065,38.801544135965685,0,False,0.0,Low,3666,55.73424657534247,65.77643415425453
2023-10-10,Store002,SKU001,14,52,305.84,367.01,7,SUP001,Electronics,,0,None,9.714285714285714,0.48777608644303344,C,14.036779212620559,19.712215212183246,82.03677921262056,0,True,30.03677921262056,Medium,5359,54.868493150684934,97.6698956408848
2023-10-10,Store002,SKU002,5,20,69.57,144.82,5,SUP002,Clothing,,0,None,10.285714285714286,0.5114843407900957,C,12.823879339210837,20.2837021134844,64.25245076778226,0,True,44.252450767782264,Medium,4669,52.778082191780825,88.46475290697674
2023-10-10,Store002,SKU003,6,64,27.47,32.96,3,SUP003,Books,2023-09-17,17,Delivered,6.285714285714286,0.5196382683114912,C,10.218394694715325,15.856499343441838,29.075537551858183,0,False,0.0,Low,3662,54.57260273972603,67.10326823635724
2023-10-10,Store003,SKU001,12,91,305.84,367.01,7,SUP001,Electronics,,0,None,10.714285714285714,0.47559981845990906,C,13.637857369667923,20.701966780270627,88.63785736966793,0,False,0.0,Low,5340,54.12876712328767,98.65364174722883
2023-10-10,Store003,SKU002,6,26,69.57,144.82,5,SUP002,Clothing,,0,None,8.857142857142858,0.44687170121026343,C,10.484026374443221,18.822478962286407,54.76974066015751,0,True,28.76974066015751,Medium,4369,54.772602739726025,79.76615646258503
2023-10-10,Store003,SKU003,8,77,27.47,32.96,3,SUP003,Books,,0,None,8.0,0.49263346168064476,C,9.626516732683555,17.88854381999832,33.626516732683555,0,False,0.0,Low,3639,54.92602739726028,66.25274341580207
2023-10-11,Store001,SKU001,5,20,305.84,367.01,7,SUP001,Electronics,,0,None,12.285714285714286,0.4469480032434872,C,12.78266391216064,22.168188275738085,98.78266391216064,0,True,78.78266391216064,Medium,5326,55.054794520547944,96.73998507091316
2023-10-11,Store001,SKU002,17,47,69.57,144.82,5,SUP002,Clothing,,0,None,11.571428571428571,0.4888827050106926,C,11.603530548078444,21.514114968019086,69.4606734052213,0,True,22.4606734052213,Low,4420,53.88219178082192,82.03081303706716
2023-10-11,Store001,SKU003,7,36,27.47,32.96,3,SUP003,Books,2023-10-02,37,Delivered,8.142857142857142,0.5124098617067465,C,10.087258421679966,18.04755622554715,34.51582985025139,0,False,0.0,Low,3666,55.73424657534247,65.77643415425453
2023-10-11,Store002,SKU001,17,28,305.84,367.01,7,SUP001,Electronics,2023-10-03,45,Shipped,10.142857142857142,0.48777608644303344,C,14.036779212620559,20.14235055087379,40.03677921262056,45,True,0.0,Low,5359,54.868493150684934,97.6698956408848
2023-10-11,Store002,SKU002,13,46,69.57,144.82,5,SUP002,Clothing,,0,None,10.714285714285714,0.5114843407900957,C,12.823879339210837,20.701966780270627,66.3953079106394,0,True,20.395307910639403,Low,4669,52.778082191780825,88.46475290697674
2023-10-11,Store002,SKU003,10,86,27.47,32.96,3,SUP003,Books,2023-09-15,85,Delivered,6.857142857142857,0.5196382683114912,C,10.218394694715325,16.5615734242165,30.789823266143895,0,False,0.0,Low,3662,54.57260273972603,67.10326823635724
2023-10-11,Store003,SKU001,13,69,305.84,367.01,7,SUP001,Electronics,,0,None,11.428571428571429,0.47559981845990906,C,13.637857369667923,21.38089935299395,93.63785736966793,0,True,24.637857369667927,Low,5340,54.12876712328767,98.65364174722883
2023-10-11,Store003,SKU002,15,23,69.57,144.82,5,SUP002,Clothing,,0,None,9.714285714285714,0.44687170121026343,C,10.484026374443221,19.712215212183246,59.05545494587179,0,True,36.05545494587179,Medium,4369,54.772602739726025,79.76615646258503
2023-10-11,Store003,SKU003,8,82,27.47,32.96,3,SUP003,Books,2023-09-28,22,Delivered,8.571428571428571,0.49263346168064476,C,9.626516732683555,18.51640199545103,35.34080244696927,0,False,0.0,Low,3639,54.92602739726028,66.25274341580207
2023-10-12,Store001,SKU001,11,31,305.84,367.01,7,SUP001,Electronics,,0,None,12.0,0.4469480032434872,C,12.78266391216064,21.908902300206645,96.78266391216064,0,True,65.78266391216064,Medium,5326,55.054794520547944,96.73998507091316
2023-10-12,Store001,SKU002,2,59,69.57,144.82,5,SUP002,Clothing,,0,None,10.285714285714286,0.4888827050106926,C,11.603530548078444,20.2837021134844,63.03210197664988,0,True,4.0321019766498765,Low,4420,53.88219178082192,82.03081303706716
2023-10-12,Store001,SKU003,9,90,27.47,32.96,3,SUP003,Books,,0,None,8.0,0.5124098617067465,C,10.087258421679966,17.88854381999832,34.08725842167996,0,False,0.0,Low,3666,55.73424657534247,65.77643415425453
2023-10-12,Store002,SKU001,6,87,305.84,367.01,7,SUP001,Electronics,,0,None,9.571428571428571,0.48777608644303344,C,14.036779212620559,19.566735620873065,81.03677921262056,0,False,0.0,Low,5359,54.868493150684934,97.6698956408848
2023-10-12,Store002,SKU002,8,16,69.57,144.82,5,SUP002,Clothing,,0,None,11.571428571428571,0.5114843407900957,C,12.823879339210837,21.514114968019086,70.6810221963537,0,True,54.681022196353695,Medium,4669,52.778082191780825,88.46475290697674
2023-10-12,Store002,SKU003,5,48,27.47,32.96,3,SUP003,Books,,0,None,6.285714285714286,0.5196382683114912,C,10.218394694715325,15.856499343441838,29.075537551858183,0,False,0.0,Low,3662,54.57260273972603,67.10326823635724
2023-10-12,Store003,SKU001,13,15,305.84,367.01,7,SUP001,Electronics,,0,None,11.571428571428571,0.47559981845990906,C,13.637857369667923,21.514114968019086,94.63785736966793,0,True,79.63785736966793,Medium,5340,54.12876712328767,98.65364174722883
2023-10-12,Store003,SKU002,16,10,69.57,144.82,5,SUP002,Clothing,,0,None,10.714285714285714,0.44687170121026343,C,10.484026374443221,20.701966780270627,64.05545494587179,0,True,54.05545494587179,Medium,4369,54.772602739726025,79.76615646258503
2023-10-12,Store003,SKU003,8,67,27.47,32.96,3,SUP003,Books,,0,None,8.285714285714286,0.49263346168064476,C,9.626516732683555,18.20517979665599,34.483659589826416,0,False,0.0,Low,3639,54.92602739726028,66.25274341580207
2023-10-13,Store001,SKU001,7,53,305.84,367.01,7,SUP001,Electronics,,0,None,12.142857142857142,0.4469480032434872,C,12.78266391216064,22.03892660077359,97.78266391216064,0,True,44.78266391216064,Medium,5326,55.054794520547944,96.73998507091316
2023-10-13,Store001,SKU002,7,87,69.57,144.82,5,SUP002,Clothing,,0,None,9.714285714285714,0.4888827050106926,C,11.603530548078444,19.712215212183246,60.174959119507015,0,False,0.0,Low,4420,53.88219178082192,82.03081303706716
2023-10-13,Store001,SKU003,6,50,27.47,32.96,3,SUP003,Books,,0,None,7.285714285714286,0.5124098617067465,C,10.087258421679966,17.07127913861675,31.944401278822824,0,False,0.0,Low,3666,55.73424657534247,65.77643415425453
2023-10-13,Store002,SKU001,2,42,305.84,367.01,7,SUP001,Electronics,,0,None,8.714285714285714,0.48777608644303344,C,14.036779212620559,18.670067717376618,75.03677921262056,0,True,33.03677921262056,Medium,5359,54.868493150684934,97.6698956408848
2023-10-13,Store002,SKU002,12,27,69.57,144.82,5,SUP002,Clothing,,0,None,11.714285714285714,0.5114843407900957,C,12.823879339210837,21.64651077128664,71.3953079106394,0,True,44.3953079106394,Medium,4669,52.778082191780825,88.46475290697674
2023-10-13,Store002,SKU003,10,77,27.47,32.96,3,SUP003,Books,,0,None,6.571428571428571,0.5196382683114912,C,10.218394694715325,16.21286966755555,29.93268040900104,0,False,0.0,Low,3662,54.57260273972603,67.10326823635724
2023-10-13,Store003,SKU001,11,40,305.84,367.01,7,SUP001,Electronics,,0,None,11.142857142857142,0.47559981845990906,C,13.637857369667923,21.111946516469903,91.63785736966793,0,True,51.63785736966793,Medium,5340,54.12876712328767,98.65364174722883
2023-10-13,Store003,SKU002,7,39,69.57,144.82,5,SUP002,Clothing,,0,None,10.142857142857142,0.44687170121026343,C,10.484026374443221,20.14235055087379,61.198312088728926,0,True,22.198312088728926,Low,4369,54.772602739726025,79.76615646258503
2023-10-13,Store003,SKU003,8,75,27.47,32.96,3,SUP003,Books,,0,None,7.428571428571429,0.49263346168064476,C,9.626516732683555,17.237832147426694,31.91223101839784,0,False,0.0,Low,3639,54.92602739726028,66.25274341580207
2023-10-14,Store001,SKU001,12,63,305.84,367.01,7,SUP001,Electronics,,0,None,9.857142857142858,0.4469480032434872,C,12.78266391216064,19.85662897587892,81.78266391216064,0,True,18.782663912160643,Low,5326,55.054794520547944,96.73998507091316
2023-10-14,Store001,SKU002,13,69,69.57,144.82,5,SUP002,Clothing,,0,None,9.428571428571429,0.4888827050106926,C,11.603530548078444,19.42016624910449,58.74638769093559,0,False,0.0,Low,4420,53.88219178082192,82.03081303706716
2023-10-14,Store001,SKU003,14,65,27.47,32.96,3,SUP003,Books,,0,None,8.0,0.5124098617067465,C,10.087258421679966,17.88854381999832,34.08725842167996,0,False,0.0,Low,3666,55.73424657534247,65.77643415425453
2023-10-14,Store002,SKU001,15,56,305.84,367.01,7,SUP001,Electronics,,0,None,9.714285714285714,0.48777608644303344,C,14.036779212620559,19.712215212183246,82.03677921262056,0,True,26.03677921262056,Low,5359,54.868493150684934,97.6698956408848
2023-10-14,Store002,SKU002,13,36,69.57,144.82,5,SUP002,Clothing,,0,None,11.571428571428571,0.5114843407900957,C,12.823879339210837,21.514114968019086,70.6810221963537,0,True,34.681022196353695,Low,4669,52.778082191780825,88.46475290697674
2023-10-14,Store002,SKU003,12,63,27.47,32.96,3,SUP003,Books,,0,None,8.0,0.5196382683114912,C,10.218394694715325,17.88854381999832,34.21839469471533,0,False,0.0,Low,3662,54.57260273972603,67.10326823635724
2023-10-14,Store003,SKU001,10,98,305.84,367.01,7,SUP001,Electronics,,0,None,10.857142857142858,0.47559981845990906,C,13.637857369667923,20.83952289006911,89.63785736966793,0,False,0.0,Low,5340,54.12876712328767,98.65364174722883
2023-10-14,Store003,SKU002,6,88,69.57,144.82,5,SUP002,Clothing,,0,None,10.428571428571429,0.44687170121026343,C,10.484026374443221,20.42407542932745,62.62688351730037,0,False,0.0,Low,4369,54.772602739726025,79.76615646258503
2023-10-14,Store003,SKU003,4,77,27.47,32.96,3,SUP003,Books,,0,None,6.714285714285714,0.49263346168064476,C,9.626516732683555,16.388149028228554,29.769373875540698,0,False,0.0,Low,3639,54.92602739726028,66.25274341580207
2023-10-15,Store001,SKU001,15,55,305.84,367.01,7,SUP001,Electronics,,0,None,10.285714285714286,0.4469480032434872,C,12.78266391216064,20.2837021134844,84.78266391216064,0,True,29.782663912160643,Low,5326,55.054794520547944,96.73998507091316
2023-10-15,Store001,SKU002,10,63,69.57,144.82,5,SUP002,Clothing,,0,None,9.571428571428571,0.4888827050106926,C,11.603530548078444,19.566735620873065,59.4606734052213,0,False,0.0,Low,4420,53.88219178082192,82.03081303706716
2023-10-15,Store001,SKU003,14,27,27.47,32.96,3,SUP003,Books,,0,None,9.0,0.5124098617067465,C,10.087258421679966,18.973665961010276,37.08725842167996,0,True,10.087258421679962,Low,3666,55.73424657534247,65.77643415425453
2023-10-15,Store002,SKU001,14,82,305.84,367.01,7,SUP001,Electronics,,0,None,10.571428571428571,0.48777608644303344,C,14.036779212620559,20.56349053193895,88.03677921262056,0,True,6.036779212620559,Low,5359,54.868493150684934,97.6698956408848
2023-10-15,Store002,SKU002,14,99,69.57,144.82,5,SUP002,Clothing,,0,None,10.857142857142858,0.5114843407900957,C,12.823879339210837,20.83952289006911,67.10959362492513,0,False,0.0,Low,4669,52.778082191780825,88.46475290697674
2023-10-15,Store002,SKU003,6,12,27.47,32.96,3,SUP003,Books,,0,None,7.571428571428571,0.5196382683114912,C,10.218394694715325,17.40279123753264,32.93268040900104,0,True,20.932680409001037,Low,3662,54.57260273972603,67.10326823635724
2023-10-15,Store003,SKU001,8,83,305.84,367.01,7,SUP001,Electronics,,0,None,10.714285714285714,0.47559981845990906,C,13.637857369667923,20.701966780270627,88.63785736966793,0,True,5.637857369667927,Low,5340,54.12876712328767,98.65364174722883
2023-10-15,Store003,SKU002,14,35,69.57,144.82,5,SUP002,Clothing,,0,None,10.142857142857142,0.44687170121026343,C,10.484026374443221,20.14235055087379,61.198312088728926,0,True,26.198312088728926,Low,4369,54.772602739726025,79.76615646258503
2023-10-15,Store003,SKU003,12,40,27.47,32.96,3,SUP003,Books,,0,None,7.428571428571429,0.49263346168064476,C,9.626516732683555,17.237832147426694,31.91223101839784,0,False,0.0,Low,3639,54.92602739726028,66.25274341580207
2023-10-16,Store001,SKU001,6,30,305.84,367.01,7,SUP001,Electronics,,0,None,9.571428571428571,0.4469480032434872,C,12.78266391216064,19.566735620873065,79.78266391216064,0,True,49.78266391216064,Medium,5326,55.054794520547944,96.73998507091316
2023-10-16,Store001,SKU002,11,25,69.57,144.82,5,SUP002,Clothing,,0,None,10.571428571428571,0.4888827050106926,C,11.603530548078444,20.56349053193895,64.4606734052213,0,True,39.4606734052213,Medium,4420,53.88219178082192,82.03081303706716
2023-10-16,Store001,SKU003,4,40,27.47,32.96,3,SUP003,Books,,0,None,9.285714285714286,0.5124098617067465,C,10.087258421679966,19.27248223318863,37.94440127882282,0,False,0.0,Low,3666,55.73424657534247,65.77643415425453
2023-10-16,Store002,SKU001,2,79,305.84,367.01,7,SUP001,Electronics,,0,None,10.0,0.48777608644303344,C,14.036779212620559,20.0,84.03677921262056,0,True,5.036779212620559,Low,5359,54.868493150684934,97.6698956408848
2023-10-16,Store002,SKU002,4,19,69.57,144.82,5,SUP002,Clothing,,0,None,9.857142857142858,0.5114843407900957,C,12.823879339210837,19.85662897587892,62.109593624925125,0,True,43.109593624925125,Medium,4669,52.778082191780825,88.46475290697674
2023-10-16,Store002,SKU003,5,11,27.47,32.96,3,SUP003,Books,,0,None,7.714285714285714,0.5196382683114912,C,10.218394694715325,17.566201313073595,33.36125183757247,0,True,22.361251837572468,Low,3662,54.57260273972603,67.10326823635724
2023-10-16,Store003,SKU001,3,16,305.84,367.01,7,SUP001,Electronics,,0,None,10.0,0.47559981845990906,C,13.637857369667923,20.0,83.63785736966793,0,True,67.63785736966793,Medium,5340,54.12876712328767,98.65364174722883
2023-10-16,Store003,SKU002,9,52,69.57,144.82,5,SUP002,Clothing,,0,None,10.428571428571429,0.44687170121026343,C,10.484026374443221,20.42407542932745,62.62688351730037,0,True,10.62688351730037,Low,4369,54.772602739726025,79.76615646258503
2023-10-16,Store003,SKU003,14,41,27.47,32.96,3,SUP003,Books,,0,None,8.857142857142858,0.49263346168064476,C,9.626516732683555,18.822478962286407,36.197945304112125,0,False,0.0,Low,3639,54.92602739726028,66.25274341580207
2023-10-17,Store001,SKU001,12,22,305.84,367.01,7,SUP001,Electronics,,0,None,9.714285714285714,0.4469480032434872,C,12.78266391216064,19.712215212183246,80.78266391216064,0,True,58.78266391216064,Medium,5326,55.054794520547944,96.73998507091316
2023-10-17,Store001,SKU002,11,45,69.57,144.82,5,SUP002,Clothing,,0,None,10.142857142857142,0.4888827050106926,C,11.603530548078444,20.14235055087379,62.317816262364154,0,True,17.317816262364154,Low,4420,53.88219178082192,82.03081303706716
2023-10-17,Store001,SKU003,5,12,27.47,32.96,3,SUP003,Books,2023-10-09,21,Delivered,8.428571428571429,0.5124098617067465,C,10.087258421679966,18.361450300639575,35.372972707394254,0,True,23.372972707394254,Low,3666,55.73424657534247,65.77643415425453
2023-10-17,Store002,SKU001,22,47,305.84,367.01,7,SUP001,Electronics,,0,None,11.142857142857142,0.48777608644303344,C,14.036779212620559,21.111946516469903,92.03677921262056,0,True,45.03677921262056,Medium,5359,54.868493150684934,97.6698956408848
2023-10-17,Store002,SKU002,9,33,69.57,144.82,5,SUP002,Clothing,2023-10-13,24,Confirmed,10.428571428571429,0.5114843407900957,C,12.823879339210837,20.42407542932745,40.96673648206799,24,True,0.0,Low,4669,52.778082191780825,88.46475290697674
2023-10-17,Store002,SKU003,9,93,27.47,32.96,3,SUP003,Books,,0,None,8.142857142857142,0.5196382683114912,C,10.218394694715325,18.04755622554715,34.64696612328675,0,False,0.0,Low,3662,54.57260273972603,67.10326823635724
2023-10-17,Store003,SKU001,16,39,305.84,367.01,7,SUP001,Electronics,,0,None,10.571428571428571,0.47559981845990906,C,13.637857369667923,20.56349053193895,87.63785736966793,0,True,48.63785736966793,Medium,5340,54.12876712328767,98.65364174722883
2023-10-17,Store003,SKU002,5,40,69.57,144.82,5,SUP002,Clothing,,0,None,10.285714285714286,0.44687170121026343,C,10.484026374443221,20.2837021134844,61.91259780301465,0,True,21.91259780301465,Low,4369,54.772602739726025,79.76615646258503
2023-10-17,Store003,SKU003,7,37,27.47,32.96,3,SUP003,Books,,0,None,8.714285714285714,0.49263346168064476,C,9.626516732683555,18.670067717376618,35.769373875540694,0,False,0.0,Low,3639,54.92602739726028,66.25274341580207
2023-10-18,Store001,SKU001,7,85,305.84,367.01,7,SUP001,Electronics,,0,None,10.0,0.4469480032434872,C,12.78266391216064,20.0,82.78266391216064,0,False,0.0,Low,5326,55.054794520547944,96.73998507091316
2023-10-18,Store001,SKU002,9,13,69.57,144.82,5,SUP002,Clothing,,0,None,9.0,0.4888827050106926,C,11.603530548078444,18.973665961010276,56.603530548078446,0,True,43.603530548078446,Medium,4420,53.88219178082192,82.03081303706716
2023-10-18,Store001,SKU003,4,47,27.47,32.96,3,SUP003,Books,,0,None,8.0,0.5124098617067465,C,10.087258421679966,17.88854381999832,34.08725842167996,0,False,0.0,Low,3666,55.73424657534247,65.77643415425453
2023-10-18,Store002,SKU001,17,87,305.84,367.01,7,SUP001,Electronics,2023-09-25,77,Delivered,11.142857142857142,0.48777608644303344,C,14.036779212620559,21.111946516469903,92.03677921262056,0,True,5.036779212620559,Low,5359,54.868493150684934,97.6698956408848
2023-10-18,Store002,SKU002,9,31,69.57,144.82,5,SUP002,Clothing,,0,None,9.857142857142858,0.5114843407900957,C,12.823879339210837,19.85662897587892,62.109593624925125,0,True,31.109593624925125,Medium,4669,52.778082191780825,88.46475290697674
2023-10-18,Store002,SKU003,9,18,27.47,32.96,3,SUP003,Books,,0,None,8.0,0.5196382683114912,C,10.218394694715325,17.88854381999832,34.21839469471533,0,True,16.21839469471533,Low,3662,54.57260273972603,67.10326823635724
2023-10-18,Store003,SKU001,12,25,305.84,367.01,7,SUP001,Electronics,,0,None,10.428571428571429,0.47559981845990906,C,13.637857369667923,20.42407542932745,86.63785736966793,0,True,61.63785736966793,Medium,5340,54.12876712328767,98.65364174722883
2023-10-18,Store003,SKU002,10,40,69.57,144.82,5,SUP002,Clothing,,0,None,9.571428571428571,0.44687170121026343,C,10.484026374443221,19.566735620873065,58.34116923158608,0,True,18.34116923158608,Low,4369,54.772602739726025,79.76615646258503
2023-10-18,Store003,SKU003,5,71,27.47,32.96,3,SUP003,Books,2023-09-28,26,Delivered,8.285714285714286,0.49263346168064476,C,9.626516732683555,18.20517979665599,34.483659589826416,0,False,0.0,Low,3639,54.92602739726028,66.25274341580207
2023-10-19,Store001,SKU001,15,41,305.84,367.01,7,SUP001,Electronics,2023-10-03,30,Delivered,10.571428571428571,0.4469480032434872,C,12.78266391216064,20.56349053193895,86.78266391216064,0,True,45.78266391216064,Medium,5326,55.054794520547944,96.73998507091316
2023-10-19,Store001,SKU002,12,40,69.57,144.82,5,SUP002,Clothing,,0,None,10.428571428571429,0.4888827050106926,C,11.603530548078444,20.42407542932745,63.74638769093559,0,True,23.74638769093559,Low,4420,53.88219178082192,82.03081303706716
2023-10-19,Store001,SKU003,6,27,27.47,32.96,3,SUP003,Books,,0,None,7.571428571428571,0.5124098617067465,C,10.087258421679966,17.40279123753264,32.801544135965685,0,True,5.801544135965685,Low,3666,55.73424657534247,65.77643415425453
2023-10-19,Store002,SKU001,13,97,305.84,367.01,7,SUP001,Electronics,,0,None,12.142857142857142,0.48777608644303344,C,14.036779212620559,22.03892660077359,99.03677921262056,0,True,2.0367792126205586,Low,5359,54.868493150684934,97.6698956408848
2023-10-19,Store002,SKU002,9,11,69.57,144.82,5,SUP002,Clothing,,0,None,10.0,0.5114843407900957,C,12.823879339210837,20.0,62.82387933921083,0,True,51.82387933921083,Medium,4669,52.778082191780825,88.46475290697674
2023-10-19,Store002,SKU003,3,71,27.47,32.96,3,SUP003,Books,2023-10-11,68,Delivered,7.714285714285714,0.5196382683114912,C,10.218394694715325,17.566201313073595,33.36125183757247,0,False,0.0,Low,3662,54.57260273972603,67.10326823635724
2023-10-19,Store003,SKU001,20,68,305.84,367.01,7,SUP001,Electronics,,0,None,11.428571428571429,0.47559981845990906,C,13.637857369667923,21.38089935299395,93.63785736966793,0,True,25.637857369667927,Low,5340,54.12876712328767,98.65364174722883
2023-10-19,Store003,SKU002,20,79,69.57,144.82,5,SUP002,Clothing,,0,None,10.142857142857142,0.44687170121026343,C,10.484026374443221,20.14235055087379,61.198312088728926,0,False,0.0,Low,4369,54.772602739726025,79.76615646258503
2023-10-19,Store003,SKU003,7,58,27.47,32.96,3,SUP003,Books,,0,None,8.142857142857142,0.49263346168064476,C,9.626516732683555,18.04755622554715,34.055088161254986,0,False,0.0,Low,3639,54.92602739726028,66.25274341580207
2023-10-20,Store001,SKU001,30,19,305.84,367.01,7,SUP001,Electronics,,0,None,13.857142857142858,0.4469480032434872,C,12.78266391216064,23.543273227945903,109.78266391216064,0,True,90.78266391216064,Medium,5326,55.054794520547944,96.73998507091316
2023-10-20,Store001,SKU002,11,89,69.57,144.82,5,SUP002,Clothing,,0,None,11.0,0.4888827050106926,C,11.603530548078444,20.97617696340303,66.60353054807844,0,False,0.0,Low,4420,53.88219178082192,82.03081303706716
2023-10-20,Store001,SKU003,15,31,27.47,32.96,3,SUP003,Books,,0,None,8.857142857142858,0.5124098617067465,C,10.087258421679966,18.822478962286407,36.65868699310854,0,True,5.658686993108539,Low,3666,55.73424657534247,65.77643415425453
2023-10-20,Store002,SKU001,25,22,305.84,367.01,7,SUP001,Electronics,,0,None,15.428571428571429,0.48777608644303344,C,14.036779212620559,24.84236013632475,122.03677921262056,0,True,100.03677921262056,Medium,5359,54.868493150684934,97.6698956408848
2023-10-20,Store002,SKU002,10,54,69.57,144.82,5,SUP002,Clothing,,0,None,9.714285714285714,0.5114843407900957,C,12.823879339210837,19.712215212183246,61.3953079106394,0,True,7.395307910639403,Low,4669,52.778082191780825,88.46475290697674
2023-10-20,Store002,SKU003,9,38,27.47,32.96,3,SUP003,Books,,0,None,7.571428571428571,0.5196382683114912,C,10.218394694715325,17.40279123753264,32.93268040900104,0,False,0.0,Low,3662,54.57260273972603,67.10326823635724
2023-10-20,Store003,SKU001,5,17,305.84,367.01,7,SUP001,Electronics,,0,None,10.571428571428571,0.47559981845990906,C,13.637857369667923,20.56349053193895,87.63785736966793,0,True,70.63785736966793,Medium,5340,54.12876712328767,98.65364174722883
2023-10-20,Store003,SKU002,12,82,69.57,144.82,5,SUP002,Clothing,,0,None,10.857142857142858,0.44687170121026343,C,10.484026374443221,20.83952289006911,64.76974066015751,0,False,0.0,Low,4369,54.772602739726025,79.76615646258503
2023-10-20,Store003,SKU003,7,44,27.47,32.96,3,SUP003,Books,,0,None,8.0,0.49263346168064476,C,9.626516732683555,17.88854381999832,33.626516732683555,0,False,0.0,Low,3639,54.92602739726028,66.25274341580207
2023-10-21,Store001,SKU001,15,10,305.84,367.01,7,SUP001,Electronics,,0,None,14.285714285714286,0.4469480032434872,C,12.78266391216064,23.904572186687872,112.78266391216064,0,True,102.78266391216064,High,5326,55.054794520547944,96.73998507091316
2023-10-21,Store001,SKU002,8,72,69.57,144.82,5,SUP002,Clothing,,0,None,10.285714285714286,0.4888827050106926,C,11.603530548078444,20.2837021134844,63.03210197664988,0,False,0.0,Low,4420,53.88219178082192,82.03081303706716
2023-10-21,Store001,SKU003,26,22,27.47,32.96,3,SUP003,Books,,0,None,10.571428571428571,0.5124098617067465,C,10.087258421679966,20.56349053193895,41.801544135965685,0,True,19.801544135965685,Low,3666,55.73424657534247,65.77643415425453
2023-10-21,Store002,SKU001,10,17,305.84,367.01,7,SUP001,Electronics,,0,None,14.714285714285714,0.48777608644303344,C,14.036779212620559,24.26049110326146,117.03677921262056,0,True,100.03677921262056,Medium,5359,54.868493150684934,97.6698956408848
2023-10-21,Store002,SKU002,4,97,69.57,144.82,5,SUP002,Clothing,,0,None,8.428571428571429,0.5114843407900957,C,12.823879339210837,18.361450300639575,54.96673648206799,0,False,0.0,Low,4669,52.778082191780825,88.46475290697674
2023-10-21,Store002,SKU003,19,81,27.47,32.96,3,SUP003,Books,2023-10-14,89,Delivered,8.571428571428571,0.5196382683114912,C,10.218394694715325,18.51640199545103,35.93268040900104,0,False,0.0,Low,3662,54.57260273972603,67.10326823635724
2023-10-21,Store003,SKU001,12,63,305.84,367.01,7,SUP001,Electronics,,0,None,10.857142857142858,0.47559981845990906,C,13.637857369667923,20.83952289006911,89.63785736966793,0,True,26.637857369667927,Low,5340,54.12876712328767,98.65364174722883
2023-10-21,Store003,SKU002,7,12,69.57,144.82,5,SUP002,Clothing,,0,None,11.0,0.44687170121026343,C,10.484026374443221,20.97617696340303,65.48402637444322,0,True,53.48402637444322,Medium,4369,54.772602739726025,79.76615646258503
2023-10-21,Store003,SKU003,15,91,27.47,32.96,3,SUP003,Books,,0,None,9.571428571428571,0.49263346168064476,C,9.626516732683555,19.566735620873065,38.34080244696927,0,False,0.0,Low,3639,54.92602739726028,66.25274341580207
2023-10-22,Store001,SKU001,12,87,305.84,367.01,7,SUP001,Electronics,,0,None,13.857142857142858,0.4469480032434872,C,12.78266391216064,23.543273227945903,109.78266391216064,0,True,22.782663912160643,Low,5326,55.054794520547944,96.73998507091316
2023-10-22,Store001,SKU002,15,20,69.57,144.82,5,SUP002,Clothing,,0,None,11.0,0.4888827050106926,C,11.603530548078444,20.97617696340303,66.60353054807844,0,True,46.60353054807844,Medium,4420,53.88219178082192,82.03081303706716
2023-10-22,Store001,SKU003,8,50,27.47,32.96,3,SUP003,Books,,0,None,9.714285714285714,0.5124098617067465,C,10.087258421679966,19.712215212183246,39.2301155645371,0,False,0.0,Low,3666,55.73424657534247,65.77643415425453
2023-10-22,Store002,SKU001,14,74,305.84,367.01,7,SUP001,Electronics,,0,None,14.714285714285714,0.48777608644303344,C,14.036779212620559,24.26049110326146,117.03677921262056,0,True,43.03677921262056,Low,5359,54.868493150684934,97.6698956408848
2023-10-22,Store002,SKU002,19,97,69.57,144.82,5,SUP002,Clothing,,0,None,9.142857142857142,0.5114843407900957,C,12.823879339210837,19.123657749350297,58.53816505349654,0,False,0.0,Low,4669,52.778082191780825,88.46475290697674
2023-10-22,Store002,SKU003,16,24,27.47,32.96,3,SUP003,Books,2023-10-09,70,Delivered,10.0,0.5196382683114912,C,10.218394694715325,20.0,40.21839469471533,0,True,16.21839469471533,Low,3662,54.57260273972603,67.10326823635724
2023-10-22,Store003,SKU001,8,22,305.84,367.01,7,SUP001,Electronics,,0,None,10.857142857142858,0.47559981845990906,C,13.637857369667923,20.83952289006911,89.63785736966793,0,True,67.63785736966793,Medium,5340,54.12876712328767,98.65364174722883
2023-10-22,Store003,SKU002,8,59,69.57,144.82,5,SUP002,Clothing,,0,None,10.142857142857142,0.44687170121026343,C,10.484026374443221,20.14235055087379,61.198312088728926,0,True,2.198312088728926,Low,4369,54.772602739726025,79.76615646258503
2023-10-22,Store003,SKU003,8,95,27.47,32.96,3,SUP003,Books,,0,None,9.0,0.49263346168064476,C,9.626516732683555,18.973665961010276,36.626516732683555,0,False,0.0,Low,3639,54.92602739726028,66.25274341580207
2023-10-23,Store001,SKU001,9,72,305.84,367.01,7,SUP001,Electronics,,0,None,14.285714285714286,0.4469480032434872,C,12.78266391216064,23.904572186687872,112.78266391216064,0,True,40.78266391216064,Low,5326,55.054794520547944,96.73998507091316
2023-10-23,Store001,SKU002,16,80,69.57,144.82,5,SUP002,Clothing,,0,None,11.714285714285714,0.4888827050106926,C,11.603530548078444,21.64651077128664,70.17495911950701,0,False,0.0,Low,4420,53.88219178082192,82.03081303706716
2023-10-23,Store001,SKU003,12,49,27.47,32.96,3,SUP003,Books,2023-10-15,41,Delivered,10.857142857142858,0.5124098617067465,C,10.087258421679966,20.83952289006911,42.65868699310853,0,False,0.0,Low,3666,55.73424657534247,65.77643415425453
2023-10-23,Store002,SKU001,24,28,305.84,367.01,7,SUP001,Electronics,,0,None,17.857142857142858,0.48777608644303344,C,14.036779212620559,26.72612419124244,139.03677921262056,0,True,111.03677921262056,Medium,5359,54.868493150684934,97.6698956408848
2023-10-23,Store002,SKU002,3,72,69.57,144.82,5,SUP002,Clothing,,0,None,9.0,0.5114843407900957,C,12.823879339210837,18.973665961010276,57.82387933921083,0,False,0.0,Low,4669,52.778082191780825,88.46475290697674
2023-10-23,Store002,SKU003,6,90,27.47,32.96,3,SUP003,Books,,0,None,10.142857142857142,0.5196382683114912,C,10.218394694715325,20.14235055087379,40.64696612328675,0,False,0.0,Low,3662,54.57260273972603,67.10326823635724
2023-10-23,Store003,SKU001,7,72,305.84,367.01,7,SUP001,Electronics,,0,None,11.428571428571429,0.47559981845990906,C,13.637857369667923,21.38089935299395,93.63785736966793,0,True,21.637857369667927,Low,5340,54.12876712328767,98.65364174722883
2023-10-23,Store003,SKU002,6,18,69.57,144.82,5,SUP002,Clothing,,0,None,9.714285714285714,0.44687170121026343,C,10.484026374443221,19.712215212183246,59.05545494587179,0,True,41.05545494587179,Medium,4369,54.772602739726025,79.76615646258503
2023-10-23,Store003,SKU003,11,90,27.47,32.96,3,SUP003,Books,,0,None,8.571428571428571,0.49263346168064476,C,9.626516732683555,18.51640199545103,35.34080244696927,0,False,0.0,Low,3639,54.92602739726028,66.25274341580207
2023-10-24,Store001,SKU001,17,62,305.84,367.01,7,SUP001,Electronics,,0,None,15.0,0.4469480032434872,C,12.78266391216064,24.49489742783178,117.78266391216064,0,True,55.78266391216064,Medium,5326,55.054794520547944,96.73998507091316
2023-10-24,Store001,SKU002,17,42,69.57,144.82,5,SUP002,Clothing,,0,None,12.571428571428571,0.4888827050106926,C,11.603530548078444,22.424476423255523,74.4606734052213,0,True,32.4606734052213,Low,4420,53.88219178082192,82.03081303706716
2023-10-24,Store001,SKU003,4,55,27.47,32.96,3,SUP003,Books,,0,None,10.714285714285714,0.5124098617067465,C,10.087258421679966,20.701966780270627,42.2301155645371,0,False,0.0,Low,3666,55.73424657534247,65.77643415425453
2023-10-24,Store002,SKU001,7,87,305.84,367.01,7,SUP001,Electronics,,0,None,15.714285714285714,0.48777608644303344,C,14.036779212620559,25.071326821120348,124.03677921262056,0,True,37.03677921262056,Low,5359,54.868493150684934,97.6698956408848
2023-10-24,Store002,SKU002,13,42,69.57,144.82,5,SUP002,Clothing,,0,None,9.571428571428571,0.5114843407900957,C,12.823879339210837,19.566735620873065,60.681022196353695,0,True,18.681022196353695,Low,4669,52.778082191780825,88.46475290697674
2023-10-24,Store002,SKU003,8,53,27.47,32.96,3,SUP003,Books,2023-09-26,45,Delivered,10.0,0.5196382683114912,C,10.218394694715325,20.0,40.21839469471533,0,False,0.0,Low,3662,54.57260273972603,67.10326823635724
2023-10-24,Store003,SKU001,16,45,305.84,367.01,7,SUP001,Electronics,,0,None,11.428571428571429,0.47559981845990906,C,13.637857369667923,21.38089935299395,93.63785736966793,0,True,48.63785736966793,Medium,5340,54.12876712328767,98.65364174722883
2023-10-24,Store003,SKU002,13,42,69.57,144.82,5,SUP002,Clothing,,0,None,10.857142857142858,0.44687170121026343,C,10.484026374443221,20.83952289006911,64.76974066015751,0,True,22.76974066015751,Low,4369,54.772602739726025,79.76615646258503
2023-10-24,Store003,SKU003,7,39,27.47,32.96,3,SUP003,Books,,0,None,8.571428571428571,0.49263346168064476,C,9.626516732683555,18.51640199545103,35.34080244696927,0,False,0.0,Low,3639,54.92602739726028,66.25274341580207
2023-10-25,Store001,SKU001,12,43,305.84,367.01,7,SUP001,Electronics,,0,None,15.714285714285714,0.4469480032434872,C,12.78266391216064,25.071326821120348,122.78266391216064,0,True,79.78266391216064,Medium,5326,55.054794520547944,96.73998507091316
2023-10-25,Store001,SKU002,13,31,69.57,144.82,5,SUP002,Clothing,,0,None,13.142857142857142,0.4888827050106926,C,11.603530548078444,22.92846016884443,77.31781626236415,0,True,46.31781626236415,Medium,4420,53.88219178082192,82.03081303706716
2023-10-25,Store001,SKU003,10,60,27.47,32.96,3,SUP003,Books,,0,None,11.571428571428571,0.5124098617067465,C,10.087258421679966,21.514114968019086,44.801544135965685,0,False,0.0,Low,3666,55.73424657534247,65.77643415425453
2023-10-25,Store002,SKU001,10,34,305.84,367.01,7,SUP001,Electronics,,0,None,14.714285714285714,0.48777608644303344,C,14.036779212620559,24.26049110326146,117.03677921262056,0,True,83.03677921262056,Medium,5359,54.868493150684934,97.6698956408848
2023-10-25,Store002,SKU002,10,64,69.57,144.82,5,SUP002,Clothing,,0,None,9.714285714285714,0.5114843407900957,C,12.823879339210837,19.712215212183246,61.3953079106394,0,False,0.0,Low,4669,52.778082191780825,88.46475290697674
2023-10-25,Store002,SKU003,3,65,27.47,32.96,3,SUP003,Books,,0,None,9.142857142857142,0.5196382683114912,C,10.218394694715325,19.123657749350297,37.64696612328675,0,False,0.0,Low,3662,54.57260273972603,67.10326823635724
2023-10-25,Store003,SKU001,16,34,305.84,367.01,7,SUP001,Electronics,,0,None,12.0,0.47559981845990906,C,13.637857369667923,21.908902300206645,97.63785736966793,0,True,63.63785736966793,Medium,5340,54.12876712328767,98.65364174722883
2023-10-25,Store003,SKU002,12,39,69.57,144.82,5,SUP002,Clothing,,0,None,11.142857142857142,0.44687170121026343,C,10.484026374443221,21.111946516469903,66.19831208872893,0,True,27.198312088728926,Low,4369,54.772602739726025,79.76615646258503
2023-10-25,Store003,SKU003,10,62,27.47,32.96,3,SUP003,Books,,0,None,9.285714285714286,0.49263346168064476,C,9.626516732683555,19.27248223318863,37.483659589826416,0,False,0.0,Low,3639,54.92602739726028,66.25274341580207
2023-10-26,Store001,SKU001,22,39,305.84,367.01,7,SUP001,Electronics,,0,None,16.714285714285715,0.4469480032434872,C,12.78266391216064,25.85674822114004,129.78266391216064,0,True,90.78266391216064,Medium,5326,55.054794520547944,96.73998507091316
2023-10-26,Store001,SKU002,2,97,69.57,144.82,5,SUP002,Clothing,,0,None,11.714285714285714,0.4888827050106926,C,11.603530548078444,21.64651077128664,70.17495911950701,0,False,0.0,Low,4420,53.88219178082192,82.03081303706716
2023-10-26,Store001,SKU003,7,62,27.47,32.96,3,SUP003,Books,,0,None,11.714285714285714,0.5124098617067465,C,10.087258421679966,21.64651077128664,45.2301155645371,0,False,0.0,Low,3666,55.73424657534247,65.77643415425453
2023-10-26,Store002,SKU001,20,65,305.84,367.01,7,SUP001,Electronics,,0,None,15.714285714285714,0.48777608644303344,C,14.036779212620559,25.071326821120348,124.03677921262056,0,True,59.03677921262056,Medium,5359,54.868493150684934,97.6698956408848
2023-10-26,Store002,SKU002,1,26,69.57,144.82,5,SUP002,Clothing,,0,None,8.571428571428571,0.5114843407900957,C,12.823879339210837,18.51640199545103,55.681022196353695,0,True,29.681022196353695,Medium,4669,52.778082191780825,88.46475290697674
2023-10-26,Store002,SKU003,15,80,27.47,32.96,3,SUP003,Books,,0,None,10.857142857142858,0.5196382683114912,C,10.218394694715325,20.83952289006911,42.7898232661439,0,False,0.0,Low,3662,54.57260273972603,67.10326823635724
2023-10-26,Store003,SKU001,14,56,305.84,367.01,7,SUP001,Electronics,,0,None,11.142857142857142,0.47559981845990906,C,13.637857369667923,21.111946516469903,91.63785736966793,0,True,35.63785736966793,Medium,5340,54.12876712328767,98.65364174722883
2023-10-26,Store003,SKU002,13,63,69.57,144.82,5,SUP002,Clothing,,0,None,10.142857142857142,0.44687170121026343,C,10.484026374443221,20.14235055087379,61.198312088728926,0,False,0.0,Low,4369,54.772602739726025,79.76615646258503
2023-10-26,Store003,SKU003,3,55,27.47,32.96,3,SUP003,Books,,0,None,8.714285714285714,0.49263346168064476,C,9.626516732683555,18.670067717376618,35.769373875540694,0,False,0.0,Low,3639,54.92602739726028,66.25274341580207
2023-10-27,Store001,SKU001,13,43,305.84,367.01,7,SUP001,Electronics,,0,None,14.285714285714286,0.4469480032434872,C,12.78266391216064,23.904572186687872,112.78266391216064,0,True,69.78266391216064,Medium,5326,55.054794520547944,96.73998507091316
2023-10-27,Store001,SKU002,8,67,69.57,144.82,5,SUP002,Clothing,,0,None,11.285714285714286,0.4888827050106926,C,11.603530548078444,21.246848505803666,68.03210197664987,0,True,1.0321019766498694,Low,4420,53.88219178082192,82.03081303706716
2023-10-27,Store001,SKU003,13,25,27.47,32.96,3,SUP003,Books,,0,None,11.428571428571429,0.5124098617067465,C,10.087258421679966,21.38089935299395,44.372972707394254,0,True,19.372972707394254,Low,3666,55.73424657534247,65.77643415425453
2023-10-27,Store002,SKU001,6,43,305.84,367.01,7,SUP001,Electronics,,0,None,13.0,0.48777608644303344,C,14.036779212620559,22.80350850198276,105.03677921262056,0,True,62.03677921262056,Medium,5359,54.868493150684934,97.6698956408848
2023-10-27,Store002,SKU002,11,75,69.57,144.82,5,SUP002,Clothing,,0,None,8.714285714285714,0.5114843407900957,C,12.823879339210837,18.670067717376618,56.3953079106394,0,False,0.0,Low,4669,52.778082191780825,88.46475290697674
2023-10-27,Store002,SKU003,15,78,27.47,32.96,3,SUP003,Books,2023-10-03,26,Delivered,11.714285714285714,0.5196382683114912,C,10.218394694715325,21.64651077128664,45.36125183757247,0,False,0.0,Low,3662,54.57260273972603,67.10326823635724
2023-10-27,Store003,SKU001,9,69,305.84,367.01,7,SUP001,Electronics,,0,None,11.714285714285714,0.47559981845990906,C,13.637857369667923,21.64651077128664,95.63785736966793,0,True,26.637857369667927,Low,5340,54.12876712328767,98.65364174722883
2023-10-27,Store003,SKU002,9,57,69.57,144.82,5,SUP002,Clothing,,0,None,9.714285714285714,0.44687170121026343,C,10.484026374443221,19.712215212183246,59.05545494587179,0,True,2.0554549458717872,Low,4369,54.772602739726025,79.76615646258503
2023-10-27,Store003,SKU003,13,99,27.47,32.96,3,SUP003,Books,,0,None,9.571428571428571,0.49263346168064476,C,9.626516732683555,19.566735620873065,38.34080244696927,0,False,0.0,Low,3639,54.92602739726028,66.25274341580207
2023-10-28,Store001,SKU001,3,45,305.84,367.01,7,SUP001,Electronics,2023-10-22,71,Pending,12.571428571428571,0.4469480032434872,C,12.78266391216064,22.424476423255523,29.782663912160643,71,False,0.0,Low,5326,55.054794520547944,96.73998507091316
2023-10-28,Store001,SKU002,17,69,69.57,144.82,5,SUP002,Clothing,,0,None,12.571428571428571,0.4888827050106926,C,11.603530548078444,22.424476423255523,74.4606734052213,0,True,5.4606734052213,Low,4420,53.88219178082192,82.03081303706716
2023-10-28,Store001,SKU003,10,21,27.47,32.96,3,SUP003,Books,,0,None,9.142857142857142,0.5124098617067465,C,10.087258421679966,19.123657749350297,37.51582985025139,0,True,16.515829850251393,Low,3666,55.73424657534247,65.77643415425453
2023-10-28,Store002,SKU001,14,87,305.84,367.01,7,SUP001,Electronics,,0,None,13.571428571428571,0.48777608644303344,C,14.036779212620559,23.299294900428702,109.03677921262056,0,True,22.03677921262056,Low,5359,54.868493150684934,97.6698956408848
2023-10-28,Store002,SKU002,9,56,69.57,144.82,5,SUP002,Clothing,,0,None,9.428571428571429,0.5114843407900957,C,12.823879339210837,19.42016624910449,59.96673648206799,0,True,3.9667364820679865,Low,4669,52.778082191780825,88.46475290697674
2023-10-28,Store002,SKU003,5,87,27.47,32.96,3,SUP003,Books,,0,None,9.714285714285714,0.5196382683114912,C,10.218394694715325,19.712215212183246,39.36125183757247,0,False,0.0,Low,3662,54.57260273972603,67.10326823635724
2023-10-28,Store003,SKU001,28,51,305.84,367.01,7,SUP001,Electronics,,0,None,14.0,0.47559981845990906,C,13.637857369667923,23.664319132398465,111.63785736966793,0,True,60.63785736966793,Medium,5340,54.12876712328767,98.65364174722883
2023-10-28,Store003,SKU002,17,61,69.57,144.82,5,SUP002,Clothing,,0,None,11.142857142857142,0.44687170121026343,C,10.484026374443221,21.111946516469903,66.19831208872893,0,True,5.198312088728926,Low,4369,54.772602739726025,79.76615646258503
2023-10-28,Store003,SKU003,5,58,27.47,32.96,3,SUP003,Books,,0,None,8.142857142857142,0.49263346168064476,C,9.626516732683555,18.04755622554715,34.055088161254986,0,False,0.0,Low,3639,54.92602739726028,66.25274341580207
2023-10-29,Store001,SKU001,15,82,305.84,367.01,7,SUP001,Electronics,2023-10-04,43,Delivered,13.0,0.4469480032434872,C,12.78266391216064,22.80350850198276,103.78266391216064,0,True,21.782663912160643,Low,5326,55.054794520547944,96.73998507091316
2023-10-29,Store001,SKU002,21,50,69.57,144.82,5,SUP002,Clothing,,0,None,13.428571428571429,0.4888827050106926,C,11.603530548078444,23.176342617912283,78.74638769093558,0,True,28.746387690935578,Low,4420,53.88219178082192,82.03081303706716
2023-10-29,Store001,SKU003,9,79,27.47,32.96,3,SUP003,Books,,0,None,9.285714285714286,0.5124098617067465,C,10.087258421679966,19.27248223318863,37.94440127882282,0,False,0.0,Low,3666,55.73424657534247,65.77643415425453
2023-10-29,Store002,SKU001,9,74,305.84,367.01,7,SUP001,Electronics,,0,None,12.857142857142858,0.48777608644303344,C,14.036779212620559,22.677868380553633,104.03677921262056,0,True,30.03677921262056,Low,5359,54.868493150684934,97.6698956408848
2023-10-29,Store002,SKU002,12,35,69.57,144.82,5,SUP002,Clothing,,0,None,8.428571428571429,0.5114843407900957,C,12.823879339210837,18.361450300639575,54.96673648206799,0,True,19.966736482067986,Low,4669,52.778082191780825,88.46475290697674
2023-10-29,Store002,SKU003,8,17,27.47,32.96,3,SUP003,Books,,0,None,8.571428571428571,0.5196382683114912,C,10.218394694715325,18.51640199545103,35.93268040900104,0,True,18.932680409001037,Low,3662,54.57260273972603,67.10326823635724
2023-10-29,Store003,SKU001,5,41,305.84,367.01,7,SUP001,Electronics,,0,None,13.571428571428571,0.47559981845990906,C,13.637857369667923,23.299294900428702,108.63785736966793,0,True,67.63785736966793,Medium,5340,54.12876712328767,98.65364174722883
2023-10-29,Store003,SKU002,8,27,69.57,144.82,5,SUP002,Clothing,,0,None,11.142857142857142,0.44687170121026343,C,10.484026374443221,21.111946516469903,66.19831208872893,0,True,39.198312088728926,Medium,4369,54.772602739726025,79.76615646258503
2023-10-29,Store003,SKU003,5,59,27.47,32.96,3,SUP003,Books,,0,None,7.714285714285714,0.49263346168064476,C,9.626516732683555,17.566201313073595,32.769373875540694,0,False,0.0,Low,3639,54.92602739726028,66.25274341580207
2023-10-30,Store001,SKU001,19,32,305.84,367.01,7,SUP001,Electronics,,0,None,14.428571428571429,0.4469480032434872,C,12.78266391216064,24.023797725231894,113.78266391216064,0,True,81.78266391216064,Medium,5326,55.054794520547944,96.73998507091316
2023-10-30,Store001,SKU002,6,74,69.57,144.82,5,SUP002,Clothing,2023-10-29,10,Confirmed,12.0,0.4888827050106926,C,11.603530548078444,21.908902300206645,61.60353054807844,10,False,0.0,Low,4420,53.88219178082192,82.03081303706716
2023-10-30,Store001,SKU003,11,60,27.47,32.96,3,SUP003,Books,,0,None,9.142857142857142,0.5124098617067465,C,10.087258421679966,19.123657749350297,37.51582985025139,0,False,0.0,Low,3666,55.73424657534247,65.77643415425453
2023-10-30,Store002,SKU001,11,25,305.84,367.01,7,SUP001,Electronics,,0,None,11.0,0.48777608644303344,C,14.036779212620559,20.97617696340303,91.03677921262056,0,True,66.03677921262056,Medium,5359,54.868493150684934,97.6698956408848
2023-10-30,Store002,SKU002,15,77,69.57,144.82,5,SUP002,Clothing,,0,None,10.142857142857142,0.5114843407900957,C,12.823879339210837,20.14235055087379,63.53816505349654,0,False,0.0,Low,4669,52.778082191780825,88.46475290697674
2023-10-30,Store002,SKU003,7,42,27.47,32.96,3,SUP003,Books,,0,None,8.714285714285714,0.5196382683114912,C,10.218394694715325,18.670067717376618,36.36125183757247,0,False,0.0,Low,3662,54.57260273972603,67.10326823635724
2023-10-30,Store003,SKU001,15,51,305.84,367.01,7,SUP001,Electronics,,0,None,14.714285714285714,0.47559981845990906,C,13.637857369667923,24.26049110326146,116.63785736966793,0,True,65.63785736966793,Medium,5340,54.12876712328767,98.65364174722883
2023-10-30,Store003,SKU002,5,16,69.57,144.82,5,SUP002,Clothing,,0,None,11.0,0.44687170121026343,C,10.484026374443221,20.97617696340303,65.48402637444322,0,True,49.48402637444322,Medium,4369,54.772602739726025,79.76615646258503
2023-10-30,Store003,SKU003,7,85,27.47,32.96,3,SUP003,Books,,0,None,7.142857142857143,0.49263346168064476,C,9.626516732683555,16.903085094570333,31.055088161254986,0,False,0.0,Low,3639,54.92602739726028,66.25274341580207
2023-10-31,Store001,SKU001,8,27,305.84,367.01,7,SUP001,Electronics,,0,None,13.142857142857142,0.4469480032434872,C,12.78266391216064,22.92846016884443,104.78266391216064,0,True,77.78266391216064,Medium,5326,55.054794520547944,96.73998507091316
2023-10-31,Store001,SKU002,10,99,69.57,144.82,5,SUP002,Clothing,,0,None,11.0,0.4888827050106926,C,11.603530548078444,20.97617696340303,66.60353054807844,0,False,0.0,Low,4420,53.88219178082192,82.03081303706716
2023-10-31,Store001,SKU003,1,35,27.47,32.96,3,SUP003,Books,,0,None,8.714285714285714,0.5124098617067465,C,10.087258421679966,18.670067717376618,36.2301155645371,0,True,1.2301155645371011,Low,3666,55.73424657534247,65.77643415425453
2023-10-31,Store002,SKU001,9,61,305.84,367.01,7,SUP001,Electronics,,0,None,11.285714285714286,0.48777608644303344,C,14.036779212620559,21.246848505803666,93.03677921262056,0,True,32.03677921262056,Low,5359,54.868493150684934,97.6698956408848
2023-10-31,Store002,SKU002,13,47,69.57,144.82,5,SUP002,Clothing,,0,None,10.142857142857142,0.5114843407900957,C,12.823879339210837,20.14235055087379,63.53816505349654,0,True,16.53816505349654,Low,4669,52.778082191780825,88.46475290697674
2023-10-31,Store002,SKU003,9,98,27.47,32.96,3,SUP003,Books,,0,None,8.857142857142858,0.5196382683114912,C,10.218394694715325,18.822478962286407,36.7898232661439,0,False,0.0,Low,3662,54.57260273972603,67.10326823635724
2023-10-31,Store003,SKU001,15,54,305.84,367.01,7,SUP001,Electronics,,0,None,14.571428571428571,0.47559981845990906,C,13.637857369667923,24.142434484888696,115.63785736966793,0,True,61.63785736966793,Medium,5340,54.12876712328767,98.65364174722883
2023-10-31,Store003,SKU002,13,11,69.57,144.82,5,SUP002,Clothing,,0,None,11.0,0.44687170121026343,C,10.484026374443221,20.97617696340303,65.48402637444322,0,True,54.48402637444322,Medium,4369,54.772602739726025,79.76615646258503
2023-10-31,Store003,SKU003,1,57,27.47,32.96,3,SUP003,Books,2023-10-05,68,Delivered,6.285714285714286,0.49263346168064476,C,9.626516732683555,15.856499343441838,28.483659589826413,0,False,0.0,Low,3639,54.92602739726028,66.25274341580207
2023-11-01,Store001,SKU001,21,76,305.84,367.01,7,SUP001,Electronics,,0,None,14.428571428571429,0.4469480032434872,C,12.78266391216064,24.023797725231894,113.78266391216064,0,True,37.78266391216064,Low,5326,55.054794520547944,96.73998507091316
2023-11-01,Store001,SKU002,7,43,69.57,144.82,5,SUP002,Clothing,,0,None,10.142857142857142,0.4888827050106926,C,11.603530548078444,20.14235055087379,62.317816262364154,0,True,19.317816262364154,Low,4420,53.88219178082192,82.03081303706716
2023-11-01,Store001,SKU003,15,89,27.47,32.96,3,SUP003,Books,,0,None,9.428571428571429,0.5124098617067465,C,10.087258421679966,19.42016624910449,38.372972707394254,0,False,0.0,Low,3666,55.73424657534247,65.77643415425453
2023-11-01,Store002,SKU001,29,45,305.84,367.01,7,SUP001,Electronics,,0,None,14.0,0.48777608644303344,C,14.036779212620559,23.664319132398465,112.03677921262056,0,True,67.03677921262056,Medium,5359,54.868493150684934,97.6698956408848
2023-11-01,Store002,SKU002,18,78,69.57,144.82,5,SUP002,Clothing,,0,None,11.285714285714286,0.5114843407900957,C,12.823879339210837,21.246848505803666,69.25245076778226,0,False,0.0,Low,4669,52.778082191780825,88.46475290697674
2023-11-01,Store002,SKU003,9,57,27.47,32.96,3,SUP003,Books,,0,None,9.714285714285714,0.5196382683114912,C,10.218394694715325,19.712215212183246,39.36125183757247,0,False,0.0,Low,3662,54.57260273972603,67.10326823635724
2023-11-01,Store003,SKU001,17,70,305.84,367.01,7,SUP001,Electronics,2023-10-11,43,Delivered,14.714285714285714,0.47559981845990906,C,13.637857369667923,24.26049110326146,116.63785736966793,0,True,46.63785736966793,Medium,5340,54.12876712328767,98.65364174722883
2023-11-01,Store003,SKU002,21,23,69.57,144.82,5,SUP002,Clothing,,0,None,12.285714285714286,0.44687170121026343,C,10.484026374443221,22.168188275738085,71.91259780301465,0,True,48.91259780301465,Medium,4369,54.772602739726025,79.76615646258503
2023-11-01,Store003,SKU003,6,76,27.47,32.96,3,SUP003,Books,,0,None,5.714285714285714,0.49263346168064476,C,9.626516732683555,15.118578920369089,26.769373875540698,0,False,0.0,Low,3639,54.92602739726028,66.25274341580207
2023-11-02,Store001,SKU001,15,26,305.84,367.01,7,SUP001,Electronics,,0,None,13.428571428571429,0.4469480032434872,C,12.78266391216064,23.176342617912283,106.78266391216064,0,True,80.78266391216064,Medium,5326,55.054794520547944,96.73998507091316
2023-11-02,Store001,SKU002,15,16,69.57,144.82,5,SUP002,Clothing,,0,None,12.0,0.4888827050106926,C,11.603530548078444,21.908902300206645,71.60353054807844,0,True,55.60353054807844,Medium,4420,53.88219178082192,82.03081303706716
2023-11-02,Store001,SKU003,6,91,27.47,32.96,3,SUP003,Books,,0,None,9.285714285714286,0.5124098617067465,C,10.087258421679966,19.27248223318863,37.94440127882282,0,False,0.0,Low,3666,55.73424657534247,65.77643415425453
2023-11-02,Store002,SKU001,10,14,305.84,367.01,7,SUP001,Electronics,,0,None,12.571428571428571,0.48777608644303344,C,14.036779212620559,22.424476423255523,102.03677921262056,0,True,88.03677921262056,High,5359,54.868493150684934,97.6698956408848
2023-11-02,Store002,SKU002,14,20,69.57,144.82,5,SUP002,Clothing,2023-10-11,52,Delivered,13.142857142857142,0.5114843407900957,C,12.823879339210837,22.92846016884443,78.53816505349654,0,True,58.53816505349654,Medium,4669,52.778082191780825,88.46475290697674
2023-11-02,Store002,SKU003,15,91,27.47,32.96,3,SUP003,Books,,0,None,9.714285714285714,0.5196382683114912,C,10.218394694715325,19.712215212183246,39.36125183757247,0,False,0.0,Low,3662,54.57260273972603,67.10326823635724
2023-11-02,Store003,SKU001,16,89,305.84,367.01,7,SUP001,Electronics,,0,None,15.0,0.47559981845990906,C,13.637857369667923,24.49489742783178,118.63785736966793,0,True,29.637857369667927,Low,5340,54.12876712328767,98.65364174722883
2023-11-02,Store003,SKU002,9,85,69.57,144.82,5,SUP002,Clothing,,0,None,11.714285714285714,0.44687170121026343,C,10.484026374443221,21.64651077128664,69.05545494587179,0,False,0.0,Low,4369,54.772602739726025,79.76615646258503
2023-11-02,Store003,SKU003,6,26,27.47,32.96,3,SUP003,Books,,0,None,6.142857142857143,0.49263346168064476,C,9.626516732683555,15.675276256394518,28.055088161254986,0,True,2.055088161254986,Low,3639,54.92602739726028,66.25274341580207
2023-11-03,Store001,SKU001,20,90,305.84,367.01,7,SUP001,Electronics,,0,None,14.428571428571429,0.4469480032434872,C,12.78266391216064,24.023797725231894,113.78266391216064,0,True,23.782663912160643,Low,5326,55.054794520547944,96.73998507091316
2023-11-03,Store001,SKU002,18,49,69.57,144.82,5,SUP002,Clothing,,0,None,13.428571428571429,0.4888827050106926,C,11.603530548078444,23.176342617912283,78.74638769093558,0,True,29.746387690935578,Low,4420,53.88219178082192,82.03081303706716
2023-11-03,Store001,SKU003,8,31,27.47,32.96,3,SUP003,Books,,0,None,8.571428571428571,0.5124098617067465,C,10.087258421679966,18.51640199545103,35.801544135965685,0,True,4.801544135965685,Low,3666,55.73424657534247,65.77643415425453
2023-11-03,Store002,SKU001,20,58,305.84,367.01,7,SUP001,Electronics,,0,None,14.571428571428571,0.48777608644303344,C,14.036779212620559,24.142434484888696,116.03677921262056,0,True,58.03677921262056,Medium,5359,54.868493150684934,97.6698956408848
2023-11-03,Store002,SKU002,18,34,69.57,144.82,5,SUP002,Clothing,,0,None,14.142857142857142,0.5114843407900957,C,12.823879339210837,23.784749015162756,83.53816505349654,0,True,49.53816505349654,Medium,4669,52.778082191780825,88.46475290697674
2023-11-03,Store002,SKU003,16,22,27.47,32.96,3,SUP003,Books,,0,None,9.857142857142858,0.5196382683114912,C,10.218394694715325,19.85662897587892,39.7898232661439,0,True,17.789823266143898,Low,3662,54.57260273972603,67.10326823635724
2023-11-03,Store003,SKU001,20,19,305.84,367.01,7,SUP001,Electronics,,0,None,16.571428571428573,0.47559981845990906,C,13.637857369667923,25.746012173871566,129.63785736966793,0,True,110.63785736966793,Medium,5340,54.12876712328767,98.65364174722883
2023-11-03,Store003,SKU002,9,90,69.57,144.82,5,SUP002,Clothing,,0,None,11.714285714285714,0.44687170121026343,C,10.484026374443221,21.64651077128664,69.05545494587179,0,False,0.0,Low,4369,54.772602739726025,79.76615646258503
2023-11-03,Store003,SKU003,8,50,27.47,32.96,3,SUP003,Books,2023-10-31,34,Shipped,5.428571428571429,0.49263346168064476,C,9.626516732683555,14.735767952260145,0.0,34,False,0.0,Low,3639,54.92602739726028,66.25274341580207
2023-11-04,Store001,SKU001,23,93,305.84,367.01,7,SUP001,Electronics,,0,None,17.285714285714285,0.4469480032434872,C,12.78266391216064,26.295029405356658,133.78266391216064,0,True,40.78266391216064,Low,5326,55.054794520547944,96.73998507091316
2023-11-04,Store001,SKU002,8,73,69.57,144.82,5,SUP002,Clothing,,0,None,12.142857142857142,0.4888827050106926,C,11.603530548078444,22.03892660077359,72.31781626236415,0,False,0.0,Low,4420,53.88219178082192,82.03081303706716
2023-11-04,Store001,SKU003,15,86,27.47,32.96,3,SUP003,Books,,0,None,9.285714285714286,0.5124098617067465,C,10.087258421679966,19.27248223318863,37.94440127882282,0,False,0.0,Low,3666,55.73424657534247,65.77643415425453
2023-11-04,Store002,SKU001,30,37,305.84,367.01,7,SUP001,Electronics,,0,None,16.857142857142858,0.48777608644303344,C,14.036779212620559,25.967012040004033,132.03677921262056,0,True,95.03677921262056,Medium,5359,54.868493150684934,97.6698956408848
2023-11-04,Store002,SKU002,23,81,69.57,144.82,5,SUP002,Clothing,,0,None,16.142857142857142,0.5114843407900957,C,12.823879339210837,25.410908793553325,93.53816505349654,0,True,12.538165053496542,Low,4669,52.778082191780825,88.46475290697674
2023-11-04,Store002,SKU003,21,84,27.47,32.96,3,SUP003,Books,,0,None,12.142857142857142,0.5196382683114912,C,10.218394694715325,22.03892660077359,46.64696612328676,0,False,0.0,Low,3662,54.57260273972603,67.10326823635724
2023-11-04,Store003,SKU001,16,10,305.84,367.01,7,SUP001,Electronics,,0,None,14.857142857142858,0.47559981845990906,C,13.637857369667923,24.377976008801763,117.63785736966793,0,True,107.63785736966793,High,5340,54.12876712328767,98.65364174722883
2023-11-04,Store003,SKU002,19,22,69.57,144.82,5,SUP002,Clothing,,0,None,12.0,0.44687170121026343,C,10.484026374443221,21.908902300206645,70.48402637444322,0,True,48.48402637444322,Medium,4369,54.772602739726025,79.76615646258503
2023-11-04,Store003,SKU003,24,95,27.47,32.96,3,SUP003,Books,2023-10-31,56,In Transit,8.142857142857142,0.49263346168064476,C,9.626516732683555,18.04755622554715,0.0,56,False,0.0,Low,3639,54.92602739726028,66.25274341580207
2023-11-05,Store001,SKU001,26,53,305.84,367.01,7,SUP001,Electronics,,0,None,18.857142857142858,0.4469480032434872,C,12.78266391216064,27.46426249302381,144.78266391216064,0,True,91.78266391216064,Medium,5326,55.054794520547944,96.73998507091316
2023-11-05,Store001,SKU002,17,48,69.57,144.82,5,SUP002,Clothing,,0,None,11.571428571428571,0.4888827050106926,C,11.603530548078444,21.514114968019086,69.4606734052213,0,True,21.4606734052213,Low,4420,53.88219178082192,82.03081303706716
2023-11-05,Store001,SKU003,19,97,27.47,32.96,3,SUP003,Books,2023-10-22,93,Delivered,10.714285714285714,0.5124098617067465,C,10.087258421679966,20.701966780270627,42.2301155645371,0,False,0.0,Low,3666,55.73424657534247,65.77643415425453
2023-11-05,Store002,SKU001,26,76,305.84,367.01,7,SUP001,Electronics,,0,None,19.285714285714285,0.48777608644303344,C,14.036779212620559,27.774602993176543,149.03677921262056,0,True,73.03677921262056,Medium,5359,54.868493150684934,97.6698956408848
2023-11-05,Store002,SKU002,32,99,69.57,144.82,5,SUP002,Clothing,,0,None,19.0,0.5114843407900957,C,12.823879339210837,27.568097504180443,107.82387933921083,0,True,8.823879339210833,Low,4669,52.778082191780825,88.46475290697674
2023-11-05,Store002,SKU003,13,19,27.47,32.96,3,SUP003,Books,,0,None,12.857142857142858,0.5196382683114912,C,10.218394694715325,22.677868380553633,48.7898232661439,0,True,29.789823266143898,Low,3662,54.57260273972603,67.10326823635724
2023-11-05,Store003,SKU001,8,34,305.84,367.01,7,SUP001,Electronics,,0,None,15.285714285714286,0.47559981845990906,C,13.637857369667923,24.727081741050064,120.63785736966793,0,True,86.63785736966793,Medium,5340,54.12876712328767,98.65364174722883
2023-11-05,Store003,SKU002,26,26,69.57,144.82,5,SUP002,Clothing,,0,None,14.571428571428571,0.44687170121026343,C,10.484026374443221,24.142434484888696,83.34116923158608,0,True,57.34116923158608,Medium,4369,54.772602739726025,79.76615646258503
2023-11-05,Store003,SKU003,22,82,27.47,32.96,3,SUP003,Books,,0,None,10.571428571428571,0.49263346168064476,C,9.626516732683555,20.56349053193895,41.34080244696927,0,False,0.0,Low,3639,54.92602739726028,66.25274341580207
2023-11-06,Store001,SKU001,31,47,305.84,367.01,7,SUP001,Electronics,,0,None,20.571428571428573,0.4469480032434872,C,12.78266391216064,28.685486624025447,156.78266391216064,0,True,109.78266391216064,Medium,5326,55.054794520547944,96.73998507091316
2023-11-06,Store001,SKU002,9,68,69.57,144.82,5,SUP002,Clothing,2023-10-16,15,Delivered,12.0,0.4888827050106926,C,11.603530548078444,21.908902300206645,71.60353054807844,0,True,3.6035305480784388,Low,4420,53.88219178082192,82.03081303706716
2023-11-06,Store001,SKU003,8,83,27.47,32.96,3,SUP003,Books,,0,None,10.285714285714286,0.5124098617067465,C,10.087258421679966,20.2837021134844,40.94440127882282,0,False,0.0,Low,3666,55.73424657534247,65.77643415425453
2023-11-06,Store002,SKU001,12,26,305.84,367.01,7,SUP001,Electronics,,0,None,19.428571428571427,0.48777608644303344,C,14.036779212620559,27.877282097486784,150.03677921262056,0,True,124.03677921262056,Medium,5359,54.868493150684934,97.6698956408848
2023-11-06,Store002,SKU002,16,37,69.57,144.82,5,SUP002,Clothing,,0,None,19.142857142857142,0.5114843407900957,C,12.823879339210837,27.67154288640743,108.53816505349654,0,True,71.53816505349654,Medium,4669,52.778082191780825,88.46475290697674
2023-11-06,Store002,SKU003,16,27,27.47,32.96,3,SUP003,Books,,0,None,14.142857142857142,0.5196382683114912,C,10.218394694715325,23.784749015162756,52.64696612328676,0,True,25.64696612328676,Low,3662,54.57260273972603,67.10326823635724
2023-11-06,Store003,SKU001,22,84,305.84,367.01,7,SUP001,Electronics,,0,None,16.285714285714285,0.47559981845990906,C,13.637857369667923,25.523098781859762,127.63785736966793,0,True,43.63785736966793,Low,5340,54.12876712328767,98.65364174722883
2023-11-06,Store003,SKU002,15,61,69.57,144.82,5,SUP002,Clothing,,0,None,16.0,0.44687170121026343,C,10.484026374443221,25.298221281347036,90.48402637444322,0,True,29.484026374443218,Low,4369,54.772602739726025,79.76615646258503
2023-11-06,Store003,SKU003,4,16,27.47,32.96,3,SUP003,Books,,0,None,10.142857142857142,0.49263346168064476,C,9.626516732683555,20.14235055087379,40.055088161254986,0,True,24.055088161254986,Low,3639,54.92602739726028,66.25274341580207
2023-11-07,Store001,SKU001,20,46,305.84,367.01,7,SUP001,Electronics,,0,None,22.285714285714285,0.4469480032434872,C,12.78266391216064,29.856801091687156,168.78266391216064,0,True,122.78266391216064,Medium,5326,55.054794520547944,96.73998507091316
2023-11-07,Store001,SKU002,16,28,69.57,144.82,5,SUP002,Clothing,,0,None,12.857142857142858,0.4888827050106926,C,11.603530548078444,22.677868380553633,75.88924483379273,0,True,47.88924483379273,Medium,4420,53.88219178082192,82.03081303706716
2023-11-07,Store001,SKU003,8,94,27.47,32.96,3,SUP003,Books,,0,None,11.285714285714286,0.5124098617067465,C,10.087258421679966,21.246848505803666,43.94440127882282,0,False,0.0,Low,3666,55.73424657534247,65.77643415425453
2023-11-07,Store002,SKU001,12,57,305.84,367.01,7,SUP001,Electronics,2023-10-24,31,Delivered,19.857142857142858,0.48777608644303344,C,14.036779212620559,28.1830749615033,153.03677921262056,0,True,96.03677921262056,Medium,5359,54.868493150684934,97.6698956408848
2023-11-07,Store002,SKU002,30,89,69.57,144.82,5,SUP002,Clothing,,0,None,21.571428571428573,0.5114843407900957,C,12.823879339210837,29.37443008565686,120.6810221963537,0,True,31.681022196353695,Low,4669,52.778082191780825,88.46475290697674
2023-11-07,Store002,SKU003,13,70,27.47,32.96,3,SUP003,Books,,0,None,14.714285714285714,0.5196382683114912,C,10.218394694715325,24.26049110326146,54.36125183757247,0,False,0.0,Low,3662,54.57260273972603,67.10326823635724
2023-11-07,Store003,SKU001,16,43,305.84,367.01,7,SUP001,Electronics,,0,None,16.428571428571427,0.47559981845990906,C,13.637857369667923,25.63479777846623,128.6378573696679,0,True,85.6378573696679,Medium,5340,54.12876712328767,98.65364174722883
2023-11-07,Store003,SKU002,20,88,69.57,144.82,5,SUP002,Clothing,,0,None,17.0,0.44687170121026343,C,10.484026374443221,26.076809620810597,95.48402637444322,0,True,7.484026374443218,Low,4369,54.772602739726025,79.76615646258503
2023-11-07,Store003,SKU003,9,97,27.47,32.96,3,SUP003,Books,,0,None,11.285714285714286,0.49263346168064476,C,9.626516732683555,21.246848505803666,43.483659589826416,0,False,0.0,Low,3639,54.92602739726028,66.25274341580207
2023-11-08,Store001,SKU001,4,19,305.84,367.01,7,SUP001,Electronics,,0,None,19.857142857142858,0.4469480032434872,C,12.78266391216064,28.1830749615033,151.78266391216064,0,True,132.78266391216064,Medium,5326,55.054794520547944,96.73998507091316
2023-11-08,Store001,SKU002,25,59,69.57,144.82,5,SUP002,Clothing,2023-11-06,11,Confirmed,15.428571428571429,0.4888827050106926,C,11.603530548078444,24.84236013632475,77.74638769093558,11,True,7.7463876909355776,Low,4420,53.88219178082192,82.03081303706716
2023-11-08,Store001,SKU003,9,98,27.47,32.96,3,SUP003,Books,,0,None,10.428571428571429,0.5124098617067465,C,10.087258421679966,20.42407542932745,41.372972707394254,0,False,0.0,Low,3666,55.73424657534247,65.77643415425453
2023-11-08,Store002,SKU001,31,83,305.84,367.01,7,SUP001,Electronics,,0,None,20.142857142857142,0.48777608644303344,C,14.036779212620559,28.38510675890238,155.03677921262056,0,True,72.03677921262056,Medium,5359,54.868493150684934,97.6698956408848
2023-11-08,Store002,SKU002,4,70,69.57,144.82,5,SUP002,Clothing,,0,None,19.571428571428573,0.5114843407900957,C,12.823879339210837,27.97958439393164,110.6810221963537,0,True,40.681022196353695,Low,4669,52.778082191780825,88.46475290697674
2023-11-08,Store002,SKU003,22,42,27.47,32.96,3,SUP003,Books,,0,None,16.571428571428573,0.5196382683114912,C,10.218394694715325,25.746012173871566,59.93268040900105,0,True,17.93268040900105,Low,3662,54.57260273972603,67.10326823635724
2023-11-08,Store003,SKU001,27,49,305.84,367.01,7,SUP001,Electronics,,0,None,17.857142857142858,0.47559981845990906,C,13.637857369667923,26.72612419124244,138.63785736966793,0,True,89.63785736966793,Medium,5340,54.12876712328767,98.65364174722883
2023-11-08,Store003,SKU002,14,71,69.57,144.82,5,SUP002,Clothing,,0,None,16.0,0.44687170121026343,C,10.484026374443221,25.298221281347036,90.48402637444322,0,True,19.484026374443218,Low,4369,54.772602739726025,79.76615646258503
2023-11-08,Store003,SKU003,14,90,27.47,32.96,3,SUP003,Books,,0,None,12.428571428571429,0.49263346168064476,C,9.626516732683555,22.296700588716195,46.91223101839784,0,False,0.0,Low,3639,54.92602739726028,66.25274341580207
2023-11-09,Store001,SKU001,14,95,305.84,367.01,7,SUP001,Electronics,,0,None,19.714285714285715,0.4469480032434872,C,12.78266391216064,28.08151400069855,150.78266391216064,0,True,55.78266391216064,Low,5326,55.054794520547944,96.73998507091316
2023-11-09,Store001,SKU002,17,49,69.57,144.82,5,SUP002,Clothing,,0,None,15.714285714285714,0.4888827050106926,C,11.603530548078444,25.071326821120348,90.17495911950701,0,True,41.17495911950701,Low,4420,53.88219178082192,82.03081303706716
2023-11-09,Store001,SKU003,8,76,27.47,32.96,3,SUP003,Books,,0,None,10.714285714285714,0.5124098617067465,C,10.087258421679966,20.701966780270627,42.2301155645371,0,False,0.0,Low,3666,55.73424657534247,65.77643415425453
2023-11-09,Store002,SKU001,29,55,305.84,367.01,7,SUP001,Electronics,,0,None,22.857142857142858,0.48777608644303344,C,14.036779212620559,30.237157840738178,174.03677921262056,0,True,119.03677921262056,Medium,5359,54.868493150684934,97.6698956408848
2023-11-09,Store002,SKU002,13,44,69.57,144.82,5,SUP002,Clothing,,0,None,19.428571428571427,0.5114843407900957,C,12.823879339210837,27.877282097486784,109.96673648206797,0,True,65.96673648206797,Medium,4669,52.778082191780825,88.46475290697674
2023-11-09,Store002,SKU003,20,66,27.47,32.96,3,SUP003,Books,,0,None,17.285714285714285,0.5196382683114912,C,10.218394694715325,26.295029405356658,62.075537551858176,0,False,0.0,Low,3662,54.57260273972603,67.10326823635724
2023-11-09,Store003,SKU001,25,87,305.84,367.01,7,SUP001,Electronics,,0,None,19.142857142857142,0.47559981845990906,C,13.637857369667923,27.67154288640743,147.63785736966793,0,True,60.63785736966793,Medium,5340,54.12876712328767,98.65364174722883
2023-11-09,Store003,SKU002,11,86,69.57,144.82,5,SUP002,Clothing,,0,None,16.285714285714285,0.44687170121026343,C,10.484026374443221,25.523098781859762,91.91259780301463,0,True,5.912597803014634,Low,4369,54.772602739726025,79.76615646258503
2023-11-09,Store003,SKU003,9,46,27.47,32.96,3,SUP003,Books,,0,None,12.857142857142858,0.49263346168064476,C,9.626516732683555,22.677868380553633,48.197945304112125,0,True,2.1979453041121246,Low,3639,54.92602739726028,66.25274341580207
2023-11-10,Store001,SKU001,16,94,305.84,367.01,7,SUP001,Electronics,,0,None,19.142857142857142,0.4469480032434872,C,12.78266391216064,27.67154288640743,146.78266391216064,0,True,52.78266391216064,Low,5326,55.054794520547944,96.73998507091316
2023-11-10,Store001,SKU002,12,15,69.57,144.82,5,SUP002,Clothing,,0,None,14.857142857142858,0.4888827050106926,C,11.603530548078444,24.377976008801763,85.88924483379273,0,True,70.88924483379273,Medium,4420,53.88219178082192,82.03081303706716
2023-11-10,Store001,SKU003,17,49,27.47,32.96,3,SUP003,Books,,0,None,12.0,0.5124098617067465,C,10.087258421679966,21.908902300206645,46.08725842167996,0,False,0.0,Low,3666,55.73424657534247,65.77643415425453
2023-11-10,Store002,SKU001,17,46,305.84,367.01,7,SUP001,Electronics,,0,None,22.428571428571427,0.48777608644303344,C,14.036779212620559,29.952343099378005,171.03677921262056,0,True,125.03677921262056,Medium,5359,54.868493150684934,97.6698956408848
2023-11-10,Store002,SKU002,16,23,69.57,144.82,5,SUP002,Clothing,,0,None,19.142857142857142,0.5114843407900957,C,12.823879339210837,27.67154288640743,108.53816505349654,0,True,85.53816505349654,Medium,4669,52.778082191780825,88.46475290697674
2023-11-10,Store002,SKU003,4,48,27.47,32.96,3,SUP003,Books,,0,None,15.571428571428571,0.5196382683114912,C,10.218394694715325,24.95710605933995,56.93268040900104,0,True,8.932680409001037,Low,3662,54.57260273972603,67.10326823635724
2023-11-10,Store003,SKU001,17,25,305.84,367.01,7,SUP001,Electronics,,0,None,18.714285714285715,0.47559981845990906,C,13.637857369667923,27.360033416855117,144.63785736966793,0,True,119.63785736966793,Medium,5340,54.12876712328767,98.65364174722883
2023-11-10,Store003,SKU002,11,57,69.57,144.82,5,SUP002,Clothing,2023-10-24,12,Delivered,16.571428571428573,0.44687170121026343,C,10.484026374443221,25.746012173871566,93.34116923158608,0,True,36.34116923158608,Low,4369,54.772602739726025,79.76615646258503
2023-11-10,Store003,SKU003,9,16,27.47,32.96,3,SUP003,Books,,0,None,13.0,0.49263346168064476,C,9.626516732683555,22.80350850198276,48.626516732683555,0,True,32.626516732683555,Low,3639,54.92602739726028,66.25274341580207
2023-11-11,Store001,SKU001,23,27,305.84,367.01,7,SUP001,Electronics,,0,None,19.142857142857142,0.4469480032434872,C,12.78266391216064,27.67154288640743,146.78266391216064,0,True,119.78266391216064,Medium,5326,55.054794520547944,96.73998507091316
2023-11-11,Store001,SKU002,20,15,69.57,144.82,5,SUP002,Clothing,,0,None,16.571428571428573,0.4888827050106926,C,11.603530548078444,25.746012173871566,94.4606734052213,0,True,79.4606734052213,Medium,4420,53.88219178082192,82.03081303706716
2023-11-11,Store001,SKU003,27,86,27.47,32.96,3,SUP003,Books,,0,None,13.714285714285714,0.5124098617067465,C,10.087258421679966,23.421601750764797,51.2301155645371,0,False,0.0,Low,3666,55.73424657534247,65.77643415425453
2023-11-11,Store002,SKU001,25,51,305.84,367.01,7,SUP001,Electronics,2023-11-02,14,In Transit,21.714285714285715,0.48777608644303344,C,14.036779212620559,29.47153590452029,152.03677921262056,14,True,87.03677921262056,Medium,5359,54.868493150684934,97.6698956408848
2023-11-11,Store002,SKU002,9,78,69.57,144.82,5,SUP002,Clothing,,0,None,17.142857142857142,0.5114843407900957,C,12.823879339210837,26.186146828319085,98.53816505349654,0,True,20.53816505349654,Low,4669,52.778082191780825,88.46475290697674
2023-11-11,Store002,SKU003,13,52,27.47,32.96,3,SUP003,Books,2023-10-25,42,Delivered,14.428571428571429,0.5196382683114912,C,10.218394694715325,24.023797725231894,53.504108980429606,0,True,1.5041089804296064,Low,3662,54.57260273972603,67.10326823635724
2023-11-11,Store003,SKU001,17,37,305.84,367.01,7,SUP001,Electronics,,0,None,18.857142857142858,0.47559981845990906,C,13.637857369667923,27.46426249302381,145.63785736966793,0,True,108.63785736966793,Medium,5340,54.12876712328767,98.65364174722883
2023-11-11,Store003,SKU002,16,17,69.57,144.82,5,SUP002,Clothing,,0,None,16.142857142857142,0.44687170121026343,C,10.484026374443221,25.410908793553325,91.19831208872893,0,True,74.19831208872893,Medium,4369,54.772602739726025,79.76615646258503
2023-11-11,Store003,SKU003,20,49,27.47,32.96,3,SUP003,Books,,0,None,12.428571428571429,0.49263346168064476,C,9.626516732683555,22.296700588716195,46.91223101839784,0,False,0.0,Low,3639,54.92602739726028,66.25274341580207
2023-11-12,Store001,SKU001,13,77,305.84,367.01,7,SUP001,Electronics,,0,None,17.285714285714285,0.4469480032434872,C,12.78266391216064,26.295029405356658,133.78266391216064,0,True,56.78266391216064,Medium,5326,55.054794520547944,96.73998507091316
2023-11-12,Store001,SKU002,18,34,69.57,144.82,5,SUP002,Clothing,,0,None,16.714285714285715,0.4888827050106926,C,11.603530548078444,25.85674822114004,95.17495911950702,0,True,61.17495911950702,Medium,4420,53.88219178082192,82.03081303706716
2023-11-12,Store001,SKU003,16,74,27.47,32.96,3,SUP003,Books,2023-10-22,62,Delivered,13.285714285714286,0.5124098617067465,C,10.087258421679966,23.052734575936352,49.94440127882282,0,False,0.0,Low,3666,55.73424657534247,65.77643415425453
2023-11-12,Store002,SKU001,26,40,305.84,367.01,7,SUP001,Electronics,2023-10-29,97,Delivered,21.714285714285715,0.48777608644303344,C,14.036779212620559,29.47153590452029,166.03677921262056,0,True,126.03677921262056,Medium,5359,54.868493150684934,97.6698956408848
2023-11-12,Store002,SKU002,7,91,69.57,144.82,5,SUP002,Clothing,,0,None,13.571428571428571,0.5114843407900957,C,12.823879339210837,23.299294900428702,80.6810221963537,0,False,0.0,Low,4669,52.778082191780825,88.46475290697674
2023-11-12,Store002,SKU003,11,39,27.47,32.96,3,SUP003,Books,,0,None,14.142857142857142,0.5196382683114912,C,10.218394694715325,23.784749015162756,52.64696612328676,0,True,13.64696612328676,Low,3662,54.57260273972603,67.10326823635724
2023-11-12,Store003,SKU001,32,44,305.84,367.01,7,SUP001,Electronics,,0,None,22.285714285714285,0.47559981845990906,C,13.637857369667923,29.856801091687156,169.63785736966793,0,True,125.63785736966793,Medium,5340,54.12876712328767,98.65364174722883
2023-11-12,Store003,SKU002,9,33,69.57,144.82,5,SUP002,Clothing,,0,None,13.714285714285714,0.44687170121026343,C,10.484026374443221,23.421601750764797,79.05545494587179,0,True,46.05545494587179,Medium,4369,54.772602739726025,79.76615646258503
2023-11-12,Store003,SKU003,12,27,27.47,32.96,3,SUP003,Books,,0,None,11.0,0.49263346168064476,C,9.626516732683555,20.97617696340303,42.626516732683555,0,True,15.626516732683555,Low,3639,54.92602739726028,66.25274341580207
2023-11-13,Store001,SKU001,12,86,305.84,367.01,7,SUP001,Electronics,,0,None,14.571428571428571,0.4469480032434872,C,12.78266391216064,24.142434484888696,114.78266391216064,0,True,28.782663912160643,Low,5326,55.054794520547944,96.73998507091316
2023-11-13,Store001,SKU002,7,24,69.57,144.82,5,SUP002,Clothing,,0,None,16.428571428571427,0.4888827050106926,C,11.603530548078444,25.63479777846623,93.74638769093558,0,True,69.74638769093558,Medium,4420,53.88219178082192,82.03081303706716
2023-11-13,Store001,SKU003,12,77,27.47,32.96,3,SUP003,Books,,0,None,13.857142857142858,0.5124098617067465,C,10.087258421679966,23.543273227945903,51.65868699310853,0,False,0.0,Low,3666,55.73424657534247,65.77643415425453
2023-11-13,Store002,SKU001,16,99,305.84,367.01,7,SUP001,Electronics,,0,None,22.285714285714285,0.48777608644303344,C,14.036779212620559,29.856801091687156,170.03677921262056,0,True,71.03677921262056,Medium,5359,54.868493150684934,97.6698956408848
2023-11-13,Store002,SKU002,14,50,69.57,144.82,5,SUP002,Clothing,,0,None,13.285714285714286,0.5114843407900957,C,12.823879339210837,23.052734575936352,79.25245076778226,0,True,29.252450767782264,Low,4669,52.778082191780825,88.46475290697674
2023-11-13,Store002,SKU003,9,53,27.47,32.96,3,SUP003,Books,,0,None,13.142857142857142,0.5196382683114912,C,10.218394694715325,22.92846016884443,49.64696612328676,0,False,0.0,Low,3662,54.57260273972603,67.10326823635724
2023-11-13,Store003,SKU001,14,62,305.84,367.01,7,SUP001,Electronics,,0,None,21.142857142857142,0.47559981845990906,C,13.637857369667923,29.081167199998795,161.63785736966793,0,True,99.63785736966793,Medium,5340,54.12876712328767,98.65364174722883
2023-11-13,Store003,SKU002,13,99,69.57,144.82,5,SUP002,Clothing,,0,None,13.428571428571429,0.44687170121026343,C,10.484026374443221,23.176342617912283,77.62688351730036,0,False,0.0,Low,4369,54.772602739726025,79.76615646258503
2023-11-13,Store003,SKU003,16,24,27.47,32.96,3,SUP003,Books,,0,None,12.714285714285714,0.49263346168064476,C,9.626516732683555,22.551528297909847,47.769373875540694,0,True,23.769373875540694,Low,3639,54.92602739726028,66.25274341580207
2023-11-14,Store001,SKU001,12,89,305.84,367.01,7,SUP001,Electronics,,0,None,13.428571428571429,0.4469480032434872,C,12.78266391216064,23.176342617912283,106.78266391216064,0,True,17.782663912160643,Low,5326,55.054794520547944,96.73998507091316
2023-11-14,Store001,SKU002,17,87,69.57,144.82,5,SUP002,Clothing,,0,None,16.571428571428573,0.4888827050106926,C,11.603530548078444,25.746012173871566,94.4606734052213,0,True,7.4606734052213,Low,4420,53.88219178082192,82.03081303706716
2023-11-14,Store001,SKU003,8,42,27.47,32.96,3,SUP003,Books,,0,None,13.857142857142858,0.5124098617067465,C,10.087258421679966,23.543273227945903,51.65868699310853,0,True,9.658686993108532,Low,3666,55.73424657534247,65.77643415425453
2023-11-14,Store002,SKU001,21,47,305.84,367.01,7,SUP001,Electronics,,0,None,23.571428571428573,0.48777608644303344,C,14.036779212620559,30.70597894314954,179.03677921262056,0,True,132.03677921262056,Medium,5359,54.868493150684934,97.6698956408848
2023-11-14,Store002,SKU002,11,50,69.57,144.82,5,SUP002,Clothing,,0,None,10.571428571428571,0.5114843407900957,C,12.823879339210837,20.56349053193895,65.6810221963537,0,True,15.681022196353695,Low,4669,52.778082191780825,88.46475290697674
2023-11-14,Store002,SKU003,12,54,27.47,32.96,3,SUP003,Books,,0,None,13.0,0.5196382683114912,C,10.218394694715325,22.80350850198276,49.21839469471533,0,False,0.0,Low,3662,54.57260273972603,67.10326823635724
2023-11-14,Store003,SKU001,22,94,305.84,367.01,7,SUP001,Electronics,2023-10-24,70,Delivered,22.0,0.47559981845990906,C,13.637857369667923,29.664793948382652,167.63785736966793,0,True,73.63785736966793,Medium,5340,54.12876712328767,98.65364174722883
2023-11-14,Store003,SKU002,3,98,69.57,144.82,5,SUP002,Clothing,,0,None,11.0,0.44687170121026343,C,10.484026374443221,20.97617696340303,65.48402637444322,0,False,0.0,Low,4369,54.772602739726025,79.76615646258503
2023-11-14,Store003,SKU003,10,80,27.47,32.96,3,SUP003,Books,,0,None,12.857142857142858,0.49263346168064476,C,9.626516732683555,22.677868380553633,48.197945304112125,0,False,0.0,Low,3639,54.92602739726028,66.25274341580207
2023-11-15,Store001,SKU001,20,20,305.84,367.01,7,SUP001,Electronics,,0,None,15.714285714285714,0.4469480032434872,C,12.78266391216064,25.071326821120348,122.78266391216064,0,True,102.78266391216064,Medium,5326,55.054794520547944,96.73998507091316
2023-11-15,Store001,SKU002,6,72,69.57,144.82,5,SUP002,Clothing,2023-11-08,84,Shipped,13.857142857142858,0.4888827050106926,C,11.603530548078444,23.543273227945903,0.0,84,False,0.0,Low,4420,53.88219178082192,82.03081303706716
2023-11-15,Store001,SKU003,12,86,27.47,32.96,3,SUP003,Books,,0,None,14.285714285714286,0.5124098617067465,C,10.087258421679966,23.904572186687872,52.94440127882282,0,False,0.0,Low,3666,55.73424657534247,65.77643415425453
2023-11-15,Store002,SKU001,18,94,305.84,367.01,7,SUP001,Electronics,,0,None,21.714285714285715,0.48777608644303344,C,14.036779212620559,29.47153590452029,166.03677921262056,0,True,72.03677921262056,Medium,5359,54.868493150684934,97.6698956408848
2023-11-15,Store002,SKU002,13,17,69.57,144.82,5,SUP002,Clothing,,0,None,11.857142857142858,0.5114843407900957,C,12.823879339210837,21.778101714468008,72.10959362492513,0,True,55.109593624925125,Medium,4669,52.778082191780825,88.46475290697674
2023-11-15,Store002,SKU003,8,84,27.47,32.96,3,SUP003,Books,,0,None,11.0,0.5196382683114912,C,10.218394694715325,20.97617696340303,43.21839469471533,0,False,0.0,Low,3662,54.57260273972603,67.10326823635724
2023-11-15,Store003,SKU001,16,92,305.84,367.01,7,SUP001,Electronics,,0,None,20.428571428571427,0.47559981845990906,C,13.637857369667923,28.585710716070313,156.63785736966793,0,True,64.63785736966793,Medium,5340,54.12876712328767,98.65364174722883
2023-11-15,Store003,SKU002,19,16,69.57,144.82,5,SUP002,Clothing,,0,None,11.714285714285714,0.44687170121026343,C,10.484026374443221,21.64651077128664,69.05545494587179,0,True,53.05545494587179,Medium,4369,54.772602739726025,79.76615646258503
2023-11-15,Store003,SKU003,14,82,27.47,32.96,3,SUP003,Books,,0,None,12.857142857142858,0.49263346168064476,C,9.626516732683555,22.677868380553633,48.197945304112125,0,False,0.0,Low,3639,54.92602739726028,66.25274341580207
2023-11-16,Store001,SKU001,10,32,305.84,367.01,7,SUP001,Electronics,2023-10-24,79,Delivered,15.142857142857142,0.4469480032434872,C,12.78266391216064,24.611263391266316,118.78266391216064,0,True,86.78266391216064,Medium,5326,55.054794520547944,96.73998507091316
2023-11-16,Store001,SKU002,21,22,69.57,144.82,5,SUP002,Clothing,,0,None,14.428571428571429,0.4888827050106926,C,11.603530548078444,24.023797725231894,83.74638769093558,0,True,61.74638769093558,Medium,4420,53.88219178082192,82.03081303706716
2023-11-16,Store001,SKU003,16,82,27.47,32.96,3,SUP003,Books,,0,None,15.428571428571429,0.5124098617067465,C,10.087258421679966,24.84236013632475,56.372972707394254,0,False,0.0,Low,3666,55.73424657534247,65.77643415425453
2023-11-16,Store002,SKU001,20,14,305.84,367.01,7,SUP001,Electronics,,0,None,20.428571428571427,0.48777608644303344,C,14.036779212620559,28.585710716070313,157.03677921262056,0,True,143.03677921262056,High,5359,54.868493150684934,97.6698956408848
2023-11-16,Store002,SKU002,18,89,69.57,144.82,5,SUP002,Clothing,,0,None,12.571428571428571,0.5114843407900957,C,12.823879339210837,22.424476423255523,75.6810221963537,0,False,0.0,Low,4669,52.778082191780825,88.46475290697674
2023-11-16,Store002,SKU003,5,33,27.47,32.96,3,SUP003,Books,,0,None,8.857142857142858,0.5196382683114912,C,10.218394694715325,18.822478962286407,36.7898232661439,0,True,3.789823266143898,Low,3662,54.57260273972603,67.10326823635724
2023-11-16,Store003,SKU001,6,85,305.84,367.01,7,SUP001,Electronics,2023-11-07,42,Shipped,17.714285714285715,0.47559981845990906,C,13.637857369667923,26.619005025947697,95.63785736966793,42,True,0.0,Low,5340,54.12876712328767,98.65364174722883
2023-11-16,Store003,SKU002,8,26,69.57,144.82,5,SUP002,Clothing,,0,None,11.285714285714286,0.44687170121026343,C,10.484026374443221,21.246848505803666,66.91259780301465,0,True,40.91259780301465,Medium,4369,54.772602739726025,79.76615646258503
2023-11-16,Store003,SKU003,8,35,27.47,32.96,3,SUP003,Books,,0,None,12.714285714285714,0.49263346168064476,C,9.626516732683555,22.551528297909847,47.769373875540694,0,True,12.769373875540694,Low,3639,54.92602739726028,66.25274341580207
2023-11-17,Store001,SKU001,9,89,305.84,367.01,7,SUP001,Electronics,,0,None,14.142857142857142,0.4469480032434872,C,12.78266391216064,23.784749015162756,111.78266391216064,0,True,22.782663912160643,Low,5326,55.054794520547944,96.73998507091316
2023-11-17,Store001,SKU002,28,41,69.57,144.82,5,SUP002,Clothing,,0,None,16.714285714285715,0.4888827050106926,C,11.603530548078444,25.85674822114004,95.17495911950702,0,True,54.17495911950702,Medium,4420,53.88219178082192,82.03081303706716
2023-11-17,Store001,SKU003,16,16,27.47,32.96,3,SUP003,Books,,0,None,15.285714285714286,0.5124098617067465,C,10.087258421679966,24.727081741050064,55.94440127882282,0,True,39.94440127882282,Low,3666,55.73424657534247,65.77643415425453
2023-11-17,Store002,SKU001,14,64,305.84,367.01,7,SUP001,Electronics,,0,None,20.0,0.48777608644303344,C,14.036779212620559,28.284271247461902,154.03677921262056,0,True,90.03677921262056,Medium,5359,54.868493150684934,97.6698956408848
2023-11-17,Store002,SKU002,23,50,69.57,144.82,5,SUP002,Clothing,,0,None,13.571428571428571,0.5114843407900957,C,12.823879339210837,23.299294900428702,80.6810221963537,0,True,30.681022196353695,Low,4669,52.778082191780825,88.46475290697674
2023-11-17,Store002,SKU003,14,47,27.47,32.96,3,SUP003,Books,2023-10-30,98,Delivered,10.285714285714286,0.5196382683114912,C,10.218394694715325,20.2837021134844,41.07553755185819,0,False,0.0,Low,3662,54.57260273972603,67.10326823635724
2023-11-17,Store003,SKU001,33,50,305.84,367.01,7,SUP001,Electronics,,0,None,20.0,0.47559981845990906,C,13.637857369667923,28.284271247461902,153.63785736966793,0,True,103.63785736966793,Medium,5340,54.12876712328767,98.65364174722883
2023-11-17,Store003,SKU002,16,49,69.57,144.82,5,SUP002,Clothing,,0,None,12.0,0.44687170121026343,C,10.484026374443221,21.908902300206645,70.48402637444322,0,True,21.484026374443218,Low,4369,54.772602739726025,79.76615646258503
2023-11-17,Store003,SKU003,15,51,27.47,32.96,3,SUP003,Books,,0,None,13.571428571428571,0.49263346168064476,C,9.626516732683555,23.299294900428702,50.34080244696927,0,False,0.0,Low,3639,54.92602739726028,66.25274341580207
2023-11-18,Store001,SKU001,27,87,305.84,367.01,7,SUP001,Electronics,,0,None,14.714285714285714,0.4469480032434872,C,12.78266391216064,24.26049110326146,115.78266391216064,0,True,28.782663912160643,Low,5326,55.054794520547944,96.73998507091316
2023-11-18,Store001,SKU002,23,48,69.57,144.82,5,SUP002,Clothing,,0,None,17.142857142857142,0.4888827050106926,C,11.603530548078444,26.186146828319085,97.31781626236415,0,True,49.31781626236415,Low,4420,53.88219178082192,82.03081303706716
2023-11-18,Store001,SKU003,16,54,27.47,32.96,3,SUP003,Books,,0,None,13.714285714285714,0.5124098617067465,C,10.087258421679966,23.421601750764797,51.2301155645371,0,False,0.0,Low,3666,55.73424657534247,65.77643415425453
2023-11-18,Store002,SKU001,10,51,305.84,367.01,7,SUP001,Electronics,,0,None,17.857142857142858,0.48777608644303344,C,14.036779212620559,26.72612419124244,139.03677921262056,0,True,88.03677921262056,Medium,5359,54.868493150684934,97.6698956408848
2023-11-18,Store002,SKU002,27,18,69.57,144.82,5,SUP002,Clothing,,0,None,16.142857142857142,0.5114843407900957,C,12.823879339210837,25.410908793553325,93.53816505349654,0,True,75.53816505349654,Medium,4669,52.778082191780825,88.46475290697674
2023-11-18,Store002,SKU003,7,93,27.47,32.96,3,SUP003,Books,,0,None,9.428571428571429,0.5196382683114912,C,10.218394694715325,19.42016624910449,38.504108980429606,0,False,0.0,Low,3662,54.57260273972603,67.10326823635724
2023-11-18,Store003,SKU001,22,69,305.84,367.01,7,SUP001,Electronics,,0,None,20.714285714285715,0.47559981845990906,C,13.637857369667923,28.78491668515698,158.63785736966793,0,True,89.63785736966793,Medium,5340,54.12876712328767,98.65364174722883
2023-11-18,Store003,SKU002,15,17,69.57,144.82,5,SUP002,Clothing,,0,None,11.857142857142858,0.44687170121026343,C,10.484026374443221,21.778101714468008,69.76974066015751,0,True,52.76974066015751,Medium,4369,54.772602739726025,79.76615646258503
2023-11-18,Store003,SKU003,16,66,27.47,32.96,3,SUP003,Books,,0,None,13.0,0.49263346168064476,C,9.626516732683555,22.80350850198276,48.626516732683555,0,False,0.0,Low,3639,54.92602739726028,66.25274341580207
2023-11-19,Store001,SKU001,26,83,305.84,367.01,7,SUP001,Electronics,2023-10-27,14,Delivered,16.571428571428573,0.4469480032434872,C,12.78266391216064,25.746012173871566,128.78266391216064,0,True,45.78266391216064,Low,5326,55.054794520547944,96.73998507091316
2023-11-19,Store001,SKU002,12,36,69.57,144.82,5,SUP002,Clothing,,0,None,16.285714285714285,0.4888827050106926,C,11.603530548078444,25.523098781859762,93.03210197664986,0,True,57.032101976649855,Medium,4420,53.88219178082192,82.03081303706716
2023-11-19,Store001,SKU003,14,83,27.47,32.96,3,SUP003,Books,,0,None,13.428571428571429,0.5124098617067465,C,10.087258421679966,23.176342617912283,50.372972707394254,0,False,0.0,Low,3666,55.73424657534247,65.77643415425453
2023-11-19,Store002,SKU001,34,64,305.84,367.01,7,SUP001,Electronics,,0,None,19.0,0.48777608644303344,C,14.036779212620559,27.568097504180443,147.03677921262056,0,True,83.03677921262056,Medium,5359,54.868493150684934,97.6698956408848
2023-11-19,Store002,SKU002,18,73,69.57,144.82,5,SUP002,Clothing,2023-11-05,13,Delivered,17.714285714285715,0.5114843407900957,C,12.823879339210837,26.619005025947697,101.39530791063942,0,True,28.395307910639417,Low,4669,52.778082191780825,88.46475290697674
2023-11-19,Store002,SKU003,24,42,27.47,32.96,3,SUP003,Books,,0,None,11.285714285714286,0.5196382683114912,C,10.218394694715325,21.246848505803666,44.07553755185819,0,True,2.07553755185819,Low,3662,54.57260273972603,67.10326823635724
2023-11-19,Store003,SKU001,16,74,305.84,367.01,7,SUP001,Electronics,,0,None,18.428571428571427,0.47559981845990906,C,13.637857369667923,27.15037489875337,142.63785736966793,0,True,68.63785736966793,Medium,5340,54.12876712328767,98.65364174722883
2023-11-19,Store003,SKU002,20,64,69.57,144.82,5,SUP002,Clothing,,0,None,13.428571428571429,0.44687170121026343,C,10.484026374443221,23.176342617912283,77.62688351730036,0,True,13.626883517300357,Low,4369,54.772602739726025,79.76615646258503
2023-11-19,Store003,SKU003,9,51,27.47,32.96,3,SUP003,Books,,0,None,12.571428571428571,0.49263346168064476,C,9.626516732683555,22.424476423255523,47.34080244696927,0,False,0.0,Low,3639,54.92602739726028,66.25274341580207
2023-11-20,Store001,SKU001,25,62,305.84,367.01,7,SUP001,Electronics,,0,None,18.428571428571427,0.4469480032434872,C,12.78266391216064,27.15037489875337,141.78266391216064,0,True,79.78266391216064,Medium,5326,55.054794520547944,96.73998507091316
2023-11-20,Store001,SKU002,15,89,69.57,144.82,5,SUP002,Clothing,,0,None,17.428571428571427,0.4888827050106926,C,11.603530548078444,26.403462976338105,98.74638769093558,0,True,9.746387690935578,Low,4420,53.88219178082192,82.03081303706716
2023-11-20,Store001,SKU003,14,38,27.47,32.96,3,SUP003,Books,,0,None,13.714285714285714,0.5124098617067465,C,10.087258421679966,23.421601750764797,51.2301155645371,0,True,13.230115564537101,Low,3666,55.73424657534247,65.77643415425453
2023-11-20,Store002,SKU001,15,59,305.84,367.01,7,SUP001,Electronics,,0,None,18.857142857142858,0.48777608644303344,C,14.036779212620559,27.46426249302381,146.03677921262056,0,True,87.03677921262056,Medium,5359,54.868493150684934,97.6698956408848
2023-11-20,Store002,SKU002,15,48,69.57,144.82,5,SUP002,Clothing,,0,None,17.857142857142858,0.5114843407900957,C,12.823879339210837,26.72612419124244,102.10959362492513,0,True,54.109593624925125,Medium,4669,52.778082191780825,88.46475290697674
2023-11-20,Store002,SKU003,6,38,27.47,32.96,3,SUP003,Books,,0,None,10.857142857142858,0.5196382683114912,C,10.218394694715325,20.83952289006911,42.7898232661439,0,True,4.789823266143898,Low,3662,54.57260273972603,67.10326823635724
2023-11-20,Store003,SKU001,13,68,305.84,367.01,7,SUP001,Electronics,,0,None,18.285714285714285,0.47559981845990906,C,13.637857369667923,27.04493615131253,141.63785736966793,0,True,73.63785736966793,Medium,5340,54.12876712328767,98.65364174722883
2023-11-20,Store003,SKU002,13,97,69.57,144.82,5,SUP002,Clothing,,0,None,13.428571428571429,0.44687170121026343,C,10.484026374443221,23.176342617912283,77.62688351730036,0,False,0.0,Low,4369,54.772602739726025,79.76615646258503
2023-11-20,Store003,SKU003,13,55,27.47,32.96,3,SUP003,Books,,0,None,12.142857142857142,0.49263346168064476,C,9.626516732683555,22.03892660077359,46.055088161254986,0,False,0.0,Low,3639,54.92602739726028,66.25274341580207
2023-11-21,Store001,SKU001,33,50,305.84,367.01,7,SUP001,Electronics,,0,None,21.428571428571427,0.4469480032434872,C,12.78266391216064,29.277002188455995,162.78266391216064,0,True,112.78266391216064,Medium,5326,55.054794520547944,96.73998507091316
2023-11-21,Store001,SKU002,14,61,69.57,144.82,5,SUP002,Clothing,,0,None,17.0,0.4888827050106926,C,11.603530548078444,26.076809620810597,96.60353054807844,0,True,35.60353054807844,Low,4420,53.88219178082192,82.03081303706716
2023-11-21,Store001,SKU003,10,37,27.47,32.96,3,SUP003,Books,,0,None,14.0,0.5124098617067465,C,10.087258421679966,23.664319132398465,52.08725842167996,0,True,15.087258421679962,Low,3666,55.73424657534247,65.77643415425453
2023-11-21,Store002,SKU001,16,51,305.84,367.01,7,SUP001,Electronics,,0,None,18.142857142857142,0.48777608644303344,C,14.036779212620559,26.939084723024383,141.03677921262056,0,True,90.03677921262056,Medium,5359,54.868493150684934,97.6698956408848
2023-11-21,Store002,SKU002,26,71,69.57,144.82,5,SUP002,Clothing,,0,None,20.0,0.5114843407900957,C,12.823879339210837,28.284271247461902,112.82387933921083,0,True,41.82387933921083,Low,4669,52.778082191780825,88.46475290697674
2023-11-21,Store002,SKU003,18,39,27.47,32.96,3,SUP003,Books,,0,None,11.714285714285714,0.5196382683114912,C,10.218394694715325,21.64651077128664,45.36125183757247,0,True,6.361251837572468,Low,3662,54.57260273972603,67.10326823635724
2023-11-21,Store003,SKU001,8,47,305.84,367.01,7,SUP001,Electronics,,0,None,16.285714285714285,0.47559981845990906,C,13.637857369667923,25.523098781859762,127.63785736966793,0,True,80.63785736966793,Medium,5340,54.12876712328767,98.65364174722883
2023-11-21,Store003,SKU002,19,55,69.57,144.82,5,SUP002,Clothing,,0,None,15.714285714285714,0.44687170121026343,C,10.484026374443221,25.071326821120348,89.05545494587179,0,True,34.05545494587179,Low,4369,54.772602739726025,79.76615646258503
2023-11-21,Store003,SKU003,7,92,27.47,32.96,3,SUP003,Books,,0,None,11.714285714285714,0.49263346168064476,C,9.626516732683555,21.64651077128664,44.769373875540694,0,False,0.0,Low,3639,54.92602739726028,66.25274341580207
2023-11-22,Store001,SKU001,8,32,305.84,367.01,7,SUP001,Electronics,,0,None,19.714285714285715,0.4469480032434872,C,12.78266391216064,28.08151400069855,150.78266391216064,0,True,118.78266391216064,Medium,5326,55.054794520547944,96.73998507091316
2023-11-22,Store001,SKU002,19,83,69.57,144.82,5,SUP002,Clothing,,0,None,18.857142857142858,0.4888827050106926,C,11.603530548078444,27.46426249302381,105.88924483379273,0,True,22.88924483379273,Low,4420,53.88219178082192,82.03081303706716
2023-11-22,Store001,SKU003,23,28,27.47,32.96,3,SUP003,Books,,0,None,15.571428571428571,0.5124098617067465,C,10.087258421679966,24.95710605933995,56.801544135965685,0,True,28.801544135965685,Low,3666,55.73424657534247,65.77643415425453
2023-11-22,Store002,SKU001,7,99,305.84,367.01,7,SUP001,Electronics,,0,None,16.571428571428573,0.48777608644303344,C,14.036779212620559,25.746012173871566,130.03677921262056,0,True,31.03677921262056,Low,5359,54.868493150684934,97.6698956408848
2023-11-22,Store002,SKU002,26,90,69.57,144.82,5,SUP002,Clothing,2023-11-06,73,Delivered,21.857142857142858,0.5114843407900957,C,12.823879339210837,29.56832281827487,122.10959362492513,0,True,32.109593624925125,Low,4669,52.778082191780825,88.46475290697674
2023-11-22,Store002,SKU003,19,87,27.47,32.96,3,SUP003,Books,,0,None,13.285714285714286,0.5196382683114912,C,10.218394694715325,23.052734575936352,50.07553755185819,0,False,0.0,Low,3662,54.57260273972603,67.10326823635724
2023-11-22,Store003,SKU001,21,83,305.84,367.01,7,SUP001,Electronics,,0,None,17.0,0.47559981845990906,C,13.637857369667923,26.076809620810597,132.63785736966793,0,True,49.63785736966793,Low,5340,54.12876712328767,98.65364174722883
2023-11-22,Store003,SKU002,13,38,69.57,144.82,5,SUP002,Clothing,,0,None,14.857142857142858,0.44687170121026343,C,10.484026374443221,24.377976008801763,84.76974066015751,0,True,46.76974066015751,Medium,4369,54.772602739726025,79.76615646258503
2023-11-22,Store003,SKU003,7,24,27.47,32.96,3,SUP003,Books,,0,None,10.714285714285714,0.49263346168064476,C,9.626516732683555,20.701966780270627,41.769373875540694,0,True,17.769373875540694,Low,3639,54.92602739726028,66.25274341580207
2023-11-23,Store001,SKU001,33,60,305.84,367.01,7,SUP001,Electronics,2023-11-20,98,Pending,23.0,0.4469480032434872,C,12.78266391216064,30.331501776206203,75.78266391216064,98,True,0.0,Low,5326,55.054794520547944,96.73998507091316
2023-11-23,Store001,SKU002,24,77,69.57,144.82,5,SUP002,Clothing,,0,None,19.285714285714285,0.4888827050106926,C,11.603530548078444,27.774602993176543,108.03210197664986,0,True,31.032101976649855,Low,4420,53.88219178082192,82.03081303706716
2023-11-23,Store001,SKU003,20,79,27.47,32.96,3,SUP003,Books,,0,None,16.142857142857142,0.5124098617067465,C,10.087258421679966,25.410908793553325,58.51582985025139,0,False,0.0,Low,3666,55.73424657534247,65.77643415425453
2023-11-23,Store002,SKU001,19,80,305.84,367.01,7,SUP001,Electronics,,0,None,16.428571428571427,0.48777608644303344,C,14.036779212620559,25.63479777846623,129.03677921262056,0,True,49.03677921262056,Low,5359,54.868493150684934,97.6698956408848
2023-11-23,Store002,SKU002,14,40,69.57,144.82,5,SUP002,Clothing,,0,None,21.285714285714285,0.5114843407900957,C,12.823879339210837,29.17924898671265,119.25245076778225,0,True,79.25245076778225,Medium,4669,52.778082191780825,88.46475290697674
2023-11-23,Store002,SKU003,6,17,27.47,32.96,3,SUP003,Books,,0,None,13.428571428571429,0.5196382683114912,C,10.218394694715325,23.176342617912283,50.504108980429606,0,True,33.504108980429606,Low,3662,54.57260273972603,67.10326823635724
2023-11-23,Store003,SKU001,10,95,305.84,367.01,7,SUP001,Electronics,,0,None,17.571428571428573,0.47559981845990906,C,13.637857369667923,26.511453050656105,136.63785736966793,0,True,41.63785736966793,Low,5340,54.12876712328767,98.65364174722883
2023-11-23,Store003,SKU002,11,90,69.57,144.82,5,SUP002,Clothing,,0,None,15.285714285714286,0.44687170121026343,C,10.484026374443221,24.727081741050064,86.91259780301465,0,False,0.0,Low,4369,54.772602739726025,79.76615646258503
2023-11-23,Store003,SKU003,12,71,27.47,32.96,3,SUP003,Books,,0,None,11.285714285714286,0.49263346168064476,C,9.626516732683555,21.246848505803666,43.483659589826416,0,False,0.0,Low,3639,54.92602739726028,66.25274341580207
2023-11-24,Store001,SKU001,33,46,305.84,367.01,7,SUP001,Electronics,,0,None,26.428571428571427,0.4469480032434872,C,12.78266391216064,32.513733362117264,197.78266391216064,0,True,151.78266391216064,Medium,5326,55.054794520547944,96.73998507091316
2023-11-24,Store001,SKU002,14,67,69.57,144.82,5,SUP002,Clothing,,0,None,17.285714285714285,0.4888827050106926,C,11.603530548078444,26.295029405356658,98.03210197664986,0,True,31.032101976649855,Low,4420,53.88219178082192,82.03081303706716
2023-11-24,Store001,SKU003,13,50,27.47,32.96,3,SUP003,Books,,0,None,15.714285714285714,0.5124098617067465,C,10.087258421679966,25.071326821120348,57.2301155645371,0,True,7.230115564537101,Low,3666,55.73424657534247,65.77643415425453
2023-11-24,Store002,SKU001,29,11,305.84,367.01,7,SUP001,Electronics,,0,None,18.571428571428573,0.48777608644303344,C,14.036779212620559,27.255405754769875,144.03677921262056,0,True,133.03677921262056,High,5359,54.868493150684934,97.6698956408848
2023-11-24,Store002,SKU002,14,78,69.57,144.82,5,SUP002,Clothing,,0,None,20.0,0.5114843407900957,C,12.823879339210837,28.284271247461902,112.82387933921083,0,True,34.82387933921083,Low,4669,52.778082191780825,88.46475290697674
2023-11-24,Store002,SKU003,6,24,27.47,32.96,3,SUP003,Books,,0,None,12.285714285714286,0.5196382683114912,C,10.218394694715325,22.168188275738085,47.07553755185819,0,True,23.07553755185819,Low,3662,54.57260273972603,67.10326823635724
2023-11-24,Store003,SKU001,7,80,305.84,367.01,7,SUP001,Electronics,,0,None,13.857142857142858,0.47559981845990906,C,13.637857369667923,23.543273227945903,110.63785736966793,0,True,30.637857369667927,Low,5340,54.12876712328767,98.65364174722883
2023-11-24,Store003,SKU002,15,22,69.57,144.82,5,SUP002,Clothing,,0,None,15.142857142857142,0.44687170121026343,C,10.484026374443221,24.611263391266316,86.19831208872893,0,True,64.19831208872893,Medium,4369,54.772602739726025,79.76615646258503
2023-11-24,Store003,SKU003,7,64,27.47,32.96,3,SUP003,Books,2023-11-21,74,Shipped,10.142857142857142,0.49263346168064476,C,9.626516732683555,20.14235055087379,0.0,74,False,0.0,Low,3639,54.92602739726028,66.25274341580207
2023-11-25,Store001,SKU001,23,15,305.84,367.01,7,SUP001,Electronics,,0,None,25.857142857142858,0.4469480032434872,C,12.78266391216064,32.160312720583335,193.78266391216064,0,True,178.78266391216064,Medium,5326,55.054794520547944,96.73998507091316
2023-11-25,Store001,SKU002,21,24,69.57,144.82,5,SUP002,Clothing,,0,None,17.0,0.4888827050106926,C,11.603530548078444,26.076809620810597,96.60353054807844,0,True,72.60353054807844,Medium,4420,53.88219178082192,82.03081303706716
2023-11-25,Store001,SKU003,13,97,27.47,32.96,3,SUP003,Books,,0,None,15.285714285714286,0.5124098617067465,C,10.087258421679966,24.727081741050064,55.94440127882282,0,False,0.0,Low,3666,55.73424657534247,65.77643415425453
2023-11-25,Store002,SKU001,28,93,305.84,367.01,7,SUP001,Electronics,,0,None,21.142857142857142,0.48777608644303344,C,14.036779212620559,29.081167199998795,162.03677921262056,0,True,69.03677921262056,Medium,5359,54.868493150684934,97.6698956408848
2023-11-25,Store002,SKU002,15,71,69.57,144.82,5,SUP002,Clothing,,0,None,18.285714285714285,0.5114843407900957,C,12.823879339210837,27.04493615131253,104.25245076778225,0,True,33.25245076778225,Low,4669,52.778082191780825,88.46475290697674
2023-11-25,Store002,SKU003,18,67,27.47,32.96,3,SUP003,Books,,0,None,13.857142857142858,0.5196382683114912,C,10.218394694715325,23.543273227945903,51.7898232661439,0,False,0.0,Low,3662,54.57260273972603,67.10326823635724
2023-11-25,Store003,SKU001,18,16,305.84,367.01,7,SUP001,Electronics,,0,None,13.285714285714286,0.47559981845990906,C,13.637857369667923,23.052734575936352,106.63785736966793,0,True,90.63785736966793,Medium,5340,54.12876712328767,98.65364174722883
2023-11-25,Store003,SKU002,27,65,69.57,144.82,5,SUP002,Clothing,,0,None,16.857142857142858,0.44687170121026343,C,10.484026374443221,25.967012040004033,94.76974066015751,0,True,29.76974066015751,Low,4369,54.772602739726025,79.76615646258503
2023-11-25,Store003,SKU003,23,65,27.47,32.96,3,SUP003,Books,2023-11-07,64,Delivered,11.142857142857142,0.49263346168064476,C,9.626516732683555,21.111946516469903,43.055088161254986,0,False,0.0,Low,3639,54.92602739726028,66.25274341580207
2023-11-26,Store001,SKU001,8,92,305.84,367.01,7,SUP001,Electronics,,0,None,23.285714285714285,0.4469480032434872,C,12.78266391216064,30.519314727375047,175.78266391216064,0,True,83.78266391216064,Medium,5326,55.054794520547944,96.73998507091316
2023-11-26,Store001,SKU002,16,73,69.57,144.82,5,SUP002,Clothing,,0,None,17.571428571428573,0.4888827050106926,C,11.603530548078444,26.511453050656105,99.4606734052213,0,True,26.4606734052213,Low,4420,53.88219178082192,82.03081303706716
2023-11-26,Store001,SKU003,19,31,27.47,32.96,3,SUP003,Books,,0,None,16.0,0.5124098617067465,C,10.087258421679966,25.298221281347036,58.08725842167996,0,True,27.087258421679962,Low,3666,55.73424657534247,65.77643415425453
2023-11-26,Store002,SKU001,34,61,305.84,367.01,7,SUP001,Electronics,,0,None,21.142857142857142,0.48777608644303344,C,14.036779212620559,29.081167199998795,162.03677921262056,0,True,101.03677921262056,Medium,5359,54.868493150684934,97.6698956408848
2023-11-26,Store002,SKU002,21,19,69.57,144.82,5,SUP002,Clothing,,0,None,18.714285714285715,0.5114843407900957,C,12.823879339210837,27.360033416855117,106.39530791063942,0,True,87.39530791063942,Medium,4669,52.778082191780825,88.46475290697674
2023-11-26,Store002,SKU003,18,69,27.47,32.96,3,SUP003,Books,,0,None,13.0,0.5196382683114912,C,10.218394694715325,22.80350850198276,49.21839469471533,0,False,0.0,Low,3662,54.57260273972603,67.10326823635724
2023-11-26,Store003,SKU001,19,43,305.84,367.01,7,SUP001,Electronics,,0,None,13.714285714285714,0.47559981845990906,C,13.637857369667923,23.421601750764797,109.63785736966793,0,True,66.63785736966793,Medium,5340,54.12876712328767,98.65364174722883
2023-11-26,Store003,SKU002,19,50,69.57,144.82,5,SUP002,Clothing,,0,None,16.714285714285715,0.44687170121026343,C,10.484026374443221,25.85674822114004,94.0554549458718,0,True,44.0554549458718,Low,4369,54.772602739726025,79.76615646258503
2023-11-26,Store003,SKU003,11,61,27.47,32.96,3,SUP003,Books,,0,None,11.428571428571429,0.49263346168064476,C,9.626516732683555,21.38089935299395,43.91223101839784,0,False,0.0,Low,3639,54.92602739726028,66.25274341580207
2023-11-27,Store001,SKU001,23,72,305.84,367.01,7,SUP001,Electronics,,0,None,23.0,0.4469480032434872,C,12.78266391216064,30.331501776206203,173.78266391216064,0,True,101.78266391216064,Medium,5326,55.054794520547944,96.73998507091316
2023-11-27,Store001,SKU002,7,86,69.57,144.82,5,SUP002,Clothing,,0,None,16.428571428571427,0.4888827050106926,C,11.603530548078444,25.63479777846623,93.74638769093558,0,True,7.7463876909355776,Low,4420,53.88219178082192,82.03081303706716
2023-11-27,Store001,SKU003,20,16,27.47,32.96,3,SUP003,Books,,0,None,16.857142857142858,0.5124098617067465,C,10.087258421679966,25.967012040004033,60.65868699310853,0,True,44.65868699310853,Low,3666,55.73424657534247,65.77643415425453
2023-11-27,Store002,SKU001,23,54,305.84,367.01,7,SUP001,Electronics,,0,None,22.285714285714285,0.48777608644303344,C,14.036779212620559,29.856801091687156,170.03677921262056,0,True,116.03677921262056,Medium,5359,54.868493150684934,97.6698956408848
2023-11-27,Store002,SKU002,18,54,69.57,144.82,5,SUP002,Clothing,,0,None,19.142857142857142,0.5114843407900957,C,12.823879339210837,27.67154288640743,108.53816505349654,0,True,54.53816505349654,Low,4669,52.778082191780825,88.46475290697674
2023-11-27,Store002,SKU003,24,75,27.47,32.96,3,SUP003,Books,,0,None,15.571428571428571,0.5196382683114912,C,10.218394694715325,24.95710605933995,56.93268040900104,0,False,0.0,Low,3662,54.57260273972603,67.10326823635724
2023-11-27,Store003,SKU001,18,42,305.84,367.01,7,SUP001,Electronics,,0,None,14.428571428571429,0.47559981845990906,C,13.637857369667923,24.023797725231894,114.63785736966793,0,True,72.63785736966793,Medium,5340,54.12876712328767,98.65364174722883
2023-11-27,Store003,SKU002,9,41,69.57,144.82,5,SUP002,Clothing,,0,None,16.142857142857142,0.44687170121026343,C,10.484026374443221,25.410908793553325,91.19831208872893,0,True,50.198312088728926,Medium,4369,54.772602739726025,79.76615646258503
2023-11-27,Store003,SKU003,16,65,27.47,32.96,3,SUP003,Books,,0,None,11.857142857142858,0.49263346168064476,C,9.626516732683555,21.778101714468008,45.197945304112125,0,False,0.0,Low,3639,54.92602739726028,66.25274341580207
2023-11-28,Store001,SKU001,15,68,305.84,367.01,7,SUP001,Electronics,,0,None,20.428571428571427,0.4469480032434872,C,12.78266391216064,28.585710716070313,155.78266391216064,0,True,87.78266391216064,Medium,5326,55.054794520547944,96.73998507091316
2023-11-28,Store001,SKU002,8,25,69.57,144.82,5,SUP002,Clothing,,0,None,15.571428571428571,0.4888827050106926,C,11.603530548078444,24.95710605933995,89.4606734052213,0,True,64.4606734052213,Medium,4420,53.88219178082192,82.03081303706716
2023-11-28,Store001,SKU003,24,76,27.47,32.96,3,SUP003,Books,,0,None,18.857142857142858,0.5124098617067465,C,10.087258421679966,27.46426249302381,66.65868699310853,0,False,0.0,Low,3666,55.73424657534247,65.77643415425453
2023-11-28,Store002,SKU001,30,72,305.84,367.01,7,SUP001,Electronics,,0,None,24.285714285714285,0.48777608644303344,C,14.036779212620559,31.167748898959182,184.03677921262056,0,True,112.03677921262056,Medium,5359,54.868493150684934,97.6698956408848
2023-11-28,Store002,SKU002,3,43,69.57,144.82,5,SUP002,Clothing,,0,None,15.857142857142858,0.5114843407900957,C,12.823879339210837,25.18502956690173,92.10959362492513,0,True,49.109593624925125,Medium,4669,52.778082191780825,88.46475290697674
2023-11-28,Store002,SKU003,15,44,27.47,32.96,3,SUP003,Books,,0,None,15.142857142857142,0.5196382683114912,C,10.218394694715325,24.611263391266316,55.64696612328676,0,True,11.64696612328676,Low,3662,54.57260273972603,67.10326823635724
2023-11-28,Store003,SKU001,24,61,305.84,367.01,7,SUP001,Electronics,,0,None,16.714285714285715,0.47559981845990906,C,13.637857369667923,25.85674822114004,130.63785736966793,0,True,69.63785736966793,Medium,5340,54.12876712328767,98.65364174722883
2023-11-28,Store003,SKU002,9,17,69.57,144.82,5,SUP002,Clothing,2023-11-27,53,Confirmed,14.714285714285714,0.44687170121026343,C,10.484026374443221,24.26049110326146,31.055454945871787,53,True,0.0,Low,4369,54.772602739726025,79.76615646258503
2023-11-28,Store003,SKU003,19,90,27.47,32.96,3,SUP003,Books,,0,None,13.571428571428571,0.49263346168064476,C,9.626516732683555,23.299294900428702,50.34080244696927,0,False,0.0,Low,3639,54.92602739726028,66.25274341580207
2023-11-29,Store001,SKU001,21,16,305.84,367.01,7,SUP001,Electronics,,0,None,22.285714285714285,0.4469480032434872,C,12.78266391216064,29.856801091687156,168.78266391216064,0,True,152.78266391216064,Medium,5326,55.054794520547944,96.73998507091316
2023-11-29,Store001,SKU002,22,76,69.57,144.82,5,SUP002,Clothing,,0,None,16.0,0.4888827050106926,C,11.603530548078444,25.298221281347036,91.60353054807844,0,True,15.603530548078439,Low,4420,53.88219178082192,82.03081303706716
2023-11-29,Store001,SKU003,14,73,27.47,32.96,3,SUP003,Books,,0,None,17.571428571428573,0.5124098617067465,C,10.087258421679966,26.511453050656105,62.801544135965685,0,False,0.0,Low,3666,55.73424657534247,65.77643415425453
2023-11-29,Store002,SKU001,30,60,305.84,367.01,7,SUP001,Electronics,,0,None,27.571428571428573,0.48777608644303344,C,14.036779212620559,33.20929301953209,207.03677921262056,0,True,147.03677921262056,Medium,5359,54.868493150684934,97.6698956408848
2023-11-29,Store002,SKU002,4,55,69.57,144.82,5,SUP002,Clothing,,0,None,12.714285714285714,0.5114843407900957,C,12.823879339210837,22.551528297909847,76.3953079106394,0,True,21.395307910639403,Low,4669,52.778082191780825,88.46475290697674
2023-11-29,Store002,SKU003,5,55,27.47,32.96,3,SUP003,Books,,0,None,13.142857142857142,0.5196382683114912,C,10.218394694715325,22.92846016884443,49.64696612328676,0,False,0.0,Low,3662,54.57260273972603,67.10326823635724
2023-11-29,Store003,SKU001,18,22,305.84,367.01,7,SUP001,Electronics,,0,None,16.285714285714285,0.47559981845990906,C,13.637857369667923,25.523098781859762,127.63785736966793,0,True,105.63785736966793,Medium,5340,54.12876712328767,98.65364174722883
2023-11-29,Store003,SKU002,4,38,69.57,144.82,5,SUP002,Clothing,,0,None,13.428571428571429,0.44687170121026343,C,10.484026374443221,23.176342617912283,77.62688351730036,0,True,39.62688351730036,Low,4369,54.772602739726025,79.76615646258503
2023-11-29,Store003,SKU003,6,40,27.47,32.96,3,SUP003,Books,,0,None,13.428571428571429,0.49263346168064476,C,9.626516732683555,23.176342617912283,49.91223101839784,0,True,9.91223101839784,Low,3639,54.92602739726028,66.25274341580207
2023-11-30,Store001,SKU001,20,82,305.84,367.01,7,SUP001,Electronics,,0,None,20.428571428571427,0.4469480032434872,C,12.78266391216064,28.585710716070313,155.78266391216064,0,True,73.78266391216064,Medium,5326,55.054794520547944,96.73998507091316
2023-11-30,Store001,SKU002,4,33,69.57,144.82,5,SUP002,Clothing,,0,None,13.142857142857142,0.4888827050106926,C,11.603530548078444,22.92846016884443,77.31781626236415,0,True,44.31781626236415,Medium,4420,53.88219178082192,82.03081303706716
2023-11-30,Store001,SKU003,8,53,27.47,32.96,3,SUP003,Books,,0,None,15.857142857142858,0.5124098617067465,C,10.087258421679966,25.18502956690173,57.65868699310853,0,True,4.658686993108532,Low,3666,55.73424657534247,65.77643415425453
2023-11-30,Store002,SKU001,15,12,305.84,367.01,7,SUP001,Electronics,,0,None,27.0,0.48777608644303344,C,14.036779212620559,32.863353450309965,203.03677921262056,0,True,191.03677921262056,High,5359,54.868493150684934,97.6698956408848
2023-11-30,Store002,SKU002,11,57,69.57,144.82,5,SUP002,Clothing,,0,None,12.285714285714286,0.5114843407900957,C,12.823879339210837,22.168188275738085,74.25245076778226,0,True,17.252450767782264,Low,4669,52.778082191780825,88.46475290697674
2023-11-30,Store002,SKU003,7,42,27.47,32.96,3,SUP003,Books,,0,None,13.285714285714286,0.5196382683114912,C,10.218394694715325,23.052734575936352,50.07553755185819,0,True,8.07553755185819,Low,3662,54.57260273972603,67.10326823635724
2023-11-30,Store003,SKU001,14,83,305.84,367.01,7,SUP001,Electronics,,0,None,16.857142857142858,0.47559981845990906,C,13.637857369667923,25.967012040004033,131.63785736966793,0,True,48.63785736966793,Low,5340,54.12876712328767,98.65364174722883
2023-11-30,Store003,SKU002,16,54,69.57,144.82,5,SUP002,Clothing,,0,None,14.142857142857142,0.44687170121026343,C,10.484026374443221,23.784749015162756,81.19831208872893,0,True,27.198312088728926,Low,4369,54.772602739726025,79.76615646258503
2023-11-30,Store003,SKU003,11,41,27.47,32.96,3,SUP003,Books,,0,None,13.285714285714286,0.49263346168064476,C,9.626516732683555,23.052734575936352,49.483659589826416,0,True,8.483659589826416,Low,3639,54.92602739726028,66.25274341580207
2023-12-01,Store001,SKU001,28,62,305.84,367.01,7,SUP001,Electronics,,0,None,19.714285714285715,0.4469480032434872,C,12.78266391216064,28.08151400069855,150.78266391216064,0,True,88.78266391216064,Medium,5326,55.054794520547944,96.73998507091316
2023-12-01,Store001,SKU002,24,35,69.57,144.82,5,SUP002,Clothing,,0,None,14.571428571428571,0.4888827050106926,C,11.603530548078444,24.142434484888696,84.4606734052213,0,True,49.4606734052213,Medium,4420,53.88219178082192,82.03081303706716
2023-12-01,Store001,SKU003,16,11,27.47,32.96,3,SUP003,Books,,0,None,16.285714285714285,0.5124098617067465,C,10.087258421679966,25.523098781859762,58.94440127882282,0,True,47.94440127882282,Low,3666,55.73424657534247,65.77643415425453
2023-12-01,Store002,SKU001,8,92,305.84,367.01,7,SUP001,Electronics,,0,None,24.0,0.48777608644303344,C,14.036779212620559,30.983866769659336,182.03677921262056,0,True,90.03677921262056,Medium,5359,54.868493150684934,97.6698956408848
2023-12-01,Store002,SKU002,4,34,69.57,144.82,5,SUP002,Clothing,,0,None,10.857142857142858,0.5114843407900957,C,12.823879339210837,20.83952289006911,67.10959362492513,0,True,33.109593624925125,Medium,4669,52.778082191780825,88.46475290697674
2023-12-01,Store002,SKU003,15,27,27.47,32.96,3,SUP003,Books,2023-11-29,98,Pending,14.571428571428571,0.5196382683114912,C,10.218394694715325,24.142434484888696,0.0,98,False,0.0,Low,3662,54.57260273972603,67.10326823635724
2023-12-01,Store003,SKU001,23,60,305.84,367.01,7,SUP001,Electronics,,0,None,19.142857142857142,0.47559981845990906,C,13.637857369667923,27.67154288640743,147.63785736966793,0,True,87.63785736966793,Medium,5340,54.12876712328767,98.65364174722883
2023-12-01,Store003,SKU002,9,53,69.57,144.82,5,SUP002,Clothing,,0,None,13.285714285714286,0.44687170121026343,C,10.484026374443221,23.052734575936352,76.91259780301465,0,True,23.91259780301465,Low,4369,54.772602739726025,79.76615646258503
2023-12-01,Store003,SKU003,13,83,27.47,32.96,3,SUP003,Books,,0,None,14.142857142857142,0.49263346168064476,C,9.626516732683555,23.784749015162756,52.055088161254986,0,False,0.0,Low,3639,54.92602739726028,66.25274341580207
2023-12-02,Store001,SKU001,30,44,305.84,367.01,7,SUP001,Electronics,,0,None,20.714285714285715,0.4469480032434872,C,12.78266391216064,28.78491668515698,157.78266391216064,0,True,113.78266391216064,Medium,5326,55.054794520547944,96.73998507091316
2023-12-02,Store001,SKU002,12,79,69.57,144.82,5,SUP002,Clothing,,0,None,13.285714285714286,0.4888827050106926,C,11.603530548078444,23.052734575936352,78.03210197664987,0,False,0.0,Low,4420,53.88219178082192,82.03081303706716
2023-12-02,Store001,SKU003,11,55,27.47,32.96,3,SUP003,Books,,0,None,16.0,0.5124098617067465,C,10.087258421679966,25.298221281347036,58.08725842167996,0,True,3.0872584216799623,Low,3666,55.73424657534247,65.77643415425453
2023-12-02,Store002,SKU001,32,16,305.84,367.01,7,SUP001,Electronics,,0,None,24.571428571428573,0.48777608644303344,C,14.036779212620559,31.350552512789037,186.03677921262056,0,True,170.03677921262056,Medium,5359,54.868493150684934,97.6698956408848
2023-12-02,Store002,SKU002,14,67,69.57,144.82,5,SUP002,Clothing,,0,None,10.714285714285714,0.5114843407900957,C,12.823879339210837,20.701966780270627,66.3953079106394,0,False,0.0,Low,4669,52.778082191780825,88.46475290697674
2023-12-02,Store002,SKU003,17,95,27.47,32.96,3,SUP003,Books,,0,None,14.428571428571429,0.5196382683114912,C,10.218394694715325,24.023797725231894,53.504108980429606,0,False,0.0,Low,3662,54.57260273972603,67.10326823635724
2023-12-02,Store003,SKU001,17,38,305.84,367.01,7,SUP001,Electronics,,0,None,19.0,0.47559981845990906,C,13.637857369667923,27.568097504180443,146.63785736966793,0,True,108.63785736966793,Medium,5340,54.12876712328767,98.65364174722883
2023-12-02,Store003,SKU002,11,56,69.57,144.82,5,SUP002,Clothing,,0,None,11.0,0.44687170121026343,C,10.484026374443221,20.97617696340303,65.48402637444322,0,True,9.484026374443218,Low,4369,54.772602739726025,79.76615646258503
2023-12-02,Store003,SKU003,10,29,27.47,32.96,3,SUP003,Books,,0,None,12.285714285714286,0.49263346168064476,C,9.626516732683555,22.168188275738085,46.483659589826416,0,True,17.483659589826416,Low,3639,54.92602739726028,66.25274341580207
2023-12-03,Store001,SKU001,32,83,305.84,367.01,7,SUP001,Electronics,2023-11-25,85,Shipped,24.142857142857142,0.4469480032434872,C,12.78266391216064,31.075943842694233,96.78266391216064,85,True,0.0,Low,5326,55.054794520547944,96.73998507091316
2023-12-03,Store001,SKU002,15,77,69.57,144.82,5,SUP002,Clothing,2023-11-30,27,Confirmed,13.142857142857142,0.4888827050106926,C,11.603530548078444,22.92846016884443,50.31781626236415,27,False,0.0,Low,4420,53.88219178082192,82.03081303706716
2023-12-03,Store001,SKU003,24,99,27.47,32.96,3,SUP003,Books,,0,None,16.714285714285715,0.5124098617067465,C,10.087258421679966,25.85674822114004,60.230115564537115,0,False,0.0,Low,3666,55.73424657534247,65.77643415425453
2023-12-03,Store002,SKU001,23,11,305.84,367.01,7,SUP001,Electronics,,0,None,23.0,0.48777608644303344,C,14.036779212620559,30.331501776206203,175.03677921262056,0,True,164.03677921262056,High,5359,54.868493150684934,97.6698956408848
2023-12-03,Store002,SKU002,17,22,69.57,144.82,5,SUP002,Clothing,,0,None,10.142857142857142,0.5114843407900957,C,12.823879339210837,20.14235055087379,63.53816505349654,0,True,41.53816505349654,Medium,4669,52.778082191780825,88.46475290697674
2023-12-03,Store002,SKU003,8,85,27.47,32.96,3,SUP003,Books,,0,None,13.0,0.5196382683114912,C,10.218394694715325,22.80350850198276,49.21839469471533,0,False,0.0,Low,3662,54.57260273972603,67.10326823635724
2023-12-03,Store003,SKU001,22,84,305.84,367.01,7,SUP001,Electronics,,0,None,19.428571428571427,0.47559981845990906,C,13.637857369667923,27.877282097486784,149.63785736966793,0,True,65.63785736966793,Medium,5340,54.12876712328767,98.65364174722883
2023-12-03,Store003,SKU002,16,90,69.57,144.82,5,SUP002,Clothing,,0,None,10.571428571428571,0.44687170121026343,C,10.484026374443221,20.56349053193895,63.34116923158608,0,False,0.0,Low,4369,54.772602739726025,79.76615646258503
2023-12-03,Store003,SKU003,3,99,27.47,32.96,3,SUP003,Books,2023-11-19,58,Delivered,11.142857142857142,0.49263346168064476,C,9.626516732683555,21.111946516469903,43.055088161254986,0,False,0.0,Low,3639,54.92602739726028,66.25274341580207
2023-12-04,Store001,SKU001,14,75,305.84,367.01,7,SUP001,Electronics,,0,None,22.857142857142858,0.4469480032434872,C,12.78266391216064,30.237157840738178,172.78266391216064,0,True,97.78266391216064,Medium,5326,55.054794520547944,96.73998507091316
2023-12-04,Store001,SKU002,17,81,69.57,144.82,5,SUP002,Clothing,2023-11-27,52,In Transit,14.571428571428571,0.4888827050106926,C,11.603530548078444,24.142434484888696,32.4606734052213,52,False,0.0,Low,4420,53.88219178082192,82.03081303706716
2023-12-04,Store001,SKU003,13,48,27.47,32.96,3,SUP003,Books,,0,None,15.714285714285714,0.5124098617067465,C,10.087258421679966,25.071326821120348,57.2301155645371,0,True,9.230115564537101,Low,3666,55.73424657534247,65.77643415425453
2023-12-04,Store002,SKU001,25,88,305.84,367.01,7,SUP001,Electronics,,0,None,23.285714285714285,0.48777608644303344,C,14.036779212620559,30.519314727375047,177.03677921262056,0,True,89.03677921262056,Medium,5359,54.868493150684934,97.6698956408848
2023-12-04,Store002,SKU002,24,99,69.57,144.82,5,SUP002,Clothing,,0,None,11.0,0.5114843407900957,C,12.823879339210837,20.97617696340303,67.82387933921083,0,False,0.0,Low,4669,52.778082191780825,88.46475290697674
2023-12-04,Store002,SKU003,15,70,27.47,32.96,3,SUP003,Books,,0,None,11.714285714285714,0.5196382683114912,C,10.218394694715325,21.64651077128664,45.36125183757247,0,False,0.0,Low,3662,54.57260273972603,67.10326823635724
2023-12-04,Store003,SKU001,20,95,305.84,367.01,7,SUP001,Electronics,,0,None,19.714285714285715,0.47559981845990906,C,13.637857369667923,28.08151400069855,151.63785736966793,0,True,56.63785736966793,Low,5340,54.12876712328767,98.65364174722883
2023-12-04,Store003,SKU002,17,18,69.57,144.82,5,SUP002,Clothing,,0,None,11.714285714285714,0.44687170121026343,C,10.484026374443221,21.64651077128664,69.05545494587179,0,True,51.05545494587179,Medium,4369,54.772602739726025,79.76615646258503
2023-12-04,Store003,SKU003,12,35,27.47,32.96,3,SUP003,Books,2023-11-08,43,Delivered,10.571428571428571,0.49263346168064476,C,9.626516732683555,20.56349053193895,41.34080244696927,0,True,6.3408024469692705,Low,3639,54.92602739726028,66.25274341580207
2023-12-05,Store001,SKU001,16,41,305.84,367.01,7,SUP001,Electronics,,0,None,23.0,0.4469480032434872,C,12.78266391216064,30.331501776206203,173.78266391216064,0,True,132.78266391216064,Medium,5326,55.054794520547944,96.73998507091316
2023-12-05,Store001,SKU002,7,83,69.57,144.82,5,SUP002,Clothing,,0,None,14.428571428571429,0.4888827050106926,C,11.603530548078444,24.023797725231894,83.74638769093558,0,True,0.7463876909355776,Low,4420,53.88219178082192,82.03081303706716
2023-12-05,Store001,SKU003,14,78,27.47,32.96,3,SUP003,Books,,0,None,14.285714285714286,0.5124098617067465,C,10.087258421679966,23.904572186687872,52.94440127882282,0,False,0.0,Low,3666,55.73424657534247,65.77643415425453
2023-12-05,Store002,SKU001,20,86,305.84,367.01,7,SUP001,Electronics,,0,None,21.857142857142858,0.48777608644303344,C,14.036779212620559,29.56832281827487,167.03677921262056,0,True,81.03677921262056,Medium,5359,54.868493150684934,97.6698956408848
2023-12-05,Store002,SKU002,2,57,69.57,144.82,5,SUP002,Clothing,,0,None,10.857142857142858,0.5114843407900957,C,12.823879339210837,20.83952289006911,67.10959362492513,0,True,10.109593624925125,Low,4669,52.778082191780825,88.46475290697674
2023-12-05,Store002,SKU003,12,34,27.47,32.96,3,SUP003,Books,,0,None,11.285714285714286,0.5196382683114912,C,10.218394694715325,21.246848505803666,44.07553755185819,0,True,10.07553755185819,Low,3662,54.57260273972603,67.10326823635724
2023-12-05,Store003,SKU001,19,46,305.84,367.01,7,SUP001,Electronics,,0,None,19.0,0.47559981845990906,C,13.637857369667923,27.568097504180443,146.63785736966793,0,True,100.63785736966793,Medium,5340,54.12876712328767,98.65364174722883
2023-12-05,Store003,SKU002,11,94,69.57,144.82,5,SUP002,Clothing,,0,None,12.0,0.44687170121026343,C,10.484026374443221,21.908902300206645,70.48402637444322,0,False,0.0,Low,4369,54.772602739726025,79.76615646258503
2023-12-05,Store003,SKU003,6,52,27.47,32.96,3,SUP003,Books,,0,None,8.714285714285714,0.49263346168064476,C,9.626516732683555,18.670067717376618,35.769373875540694,0,False,0.0,Low,3639,54.92602739726028,66.25274341580207
2023-12-06,Store001,SKU001,17,29,305.84,367.01,7,SUP001,Electronics,,0,None,22.428571428571427,0.4469480032434872,C,12.78266391216064,29.952343099378005,169.78266391216064,0,True,140.78266391216064,Medium,5326,55.054794520547944,96.73998507091316
2023-12-06,Store001,SKU002,10,66,69.57,144.82,5,SUP002,Clothing,,0,None,12.714285714285714,0.4888827050106926,C,11.603530548078444,22.551528297909847,75.17495911950701,0,True,9.174959119507008,Low,4420,53.88219178082192,82.03081303706716
2023-12-06,Store001,SKU003,10,63,27.47,32.96,3,SUP003,Books,,0,None,13.714285714285714,0.5124098617067465,C,10.087258421679966,23.421601750764797,51.2301155645371,0,False,0.0,Low,3666,55.73424657534247,65.77643415425453
2023-12-06,Store002,SKU001,10,46,305.84,367.01,7,SUP001,Electronics,,0,None,19.0,0.48777608644303344,C,14.036779212620559,27.568097504180443,147.03677921262056,0,True,101.03677921262056,Medium,5359,54.868493150684934,97.6698956408848
2023-12-06,Store002,SKU002,22,92,69.57,144.82,5,SUP002,Clothing,,0,None,13.428571428571429,0.5114843407900957,C,12.823879339210837,23.176342617912283,79.96673648206797,0,False,0.0,Low,4669,52.778082191780825,88.46475290697674
2023-12-06,Store002,SKU003,8,34,27.47,32.96,3,SUP003,Books,,0,None,11.714285714285714,0.5196382683114912,C,10.218394694715325,21.64651077128664,45.36125183757247,0,True,11.361251837572468,Low,3662,54.57260273972603,67.10326823635724
2023-12-06,Store003,SKU001,12,71,305.84,367.01,7,SUP001,Electronics,,0,None,18.142857142857142,0.47559981845990906,C,13.637857369667923,26.939084723024383,140.63785736966793,0,True,69.63785736966793,Medium,5340,54.12876712328767,98.65364174722883
2023-12-06,Store003,SKU002,26,34,69.57,144.82,5,SUP002,Clothing,2023-11-28,21,Delivered,15.142857142857142,0.44687170121026343,C,10.484026374443221,24.611263391266316,86.19831208872893,0,True,52.198312088728926,Medium,4369,54.772602739726025,79.76615646258503
2023-12-06,Store003,SKU003,9,45,27.47,32.96,3,SUP003,Books,2023-11-29,62,Delivered,9.142857142857142,0.49263346168064476,C,9.626516732683555,19.123657749350297,37.055088161254986,0,False,0.0,Low,3639,54.92602739726028,66.25274341580207
2023-12-07,Store001,SKU001,17,94,305.84,367.01,7,SUP001,Electronics,,0,None,22.0,0.4469480032434872,C,12.78266391216064,29.664793948382652,166.78266391216064,0,True,72.78266391216064,Medium,5326,55.054794520547944,96.73998507091316
2023-12-07,Store001,SKU002,18,66,69.57,144.82,5,SUP002,Clothing,,0,None,14.714285714285714,0.4888827050106926,C,11.603530548078444,24.26049110326146,85.17495911950701,0,True,19.174959119507008,Low,4420,53.88219178082192,82.03081303706716
2023-12-07,Store001,SKU003,10,23,27.47,32.96,3,SUP003,Books,,0,None,14.0,0.5124098617067465,C,10.087258421679966,23.664319132398465,52.08725842167996,0,True,29.087258421679962,Low,3666,55.73424657534247,65.77643415425453
2023-12-07,Store002,SKU001,16,90,305.84,367.01,7,SUP001,Electronics,,0,None,19.142857142857142,0.48777608644303344,C,14.036779212620559,27.67154288640743,148.03677921262056,0,True,58.03677921262056,Medium,5359,54.868493150684934,97.6698956408848
2023-12-07,Store002,SKU002,23,49,69.57,144.82,5,SUP002,Clothing,2023-11-08,37,Delivered,15.142857142857142,0.5114843407900957,C,12.823879339210837,24.611263391266316,88.53816505349654,0,True,39.53816505349654,Low,4669,52.778082191780825,88.46475290697674
2023-12-07,Store002,SKU003,20,10,27.47,32.96,3,SUP003,Books,,0,None,13.571428571428571,0.5196382683114912,C,10.218394694715325,23.299294900428702,50.93268040900104,0,True,40.93268040900104,Medium,3662,54.57260273972603,67.10326823635724
2023-12-07,Store003,SKU001,10,26,305.84,367.01,7,SUP001,Electronics,,0,None,17.571428571428573,0.47559981845990906,C,13.637857369667923,26.511453050656105,136.63785736966793,0,True,110.63785736966793,Medium,5340,54.12876712328767,98.65364174722883
2023-12-07,Store003,SKU002,12,23,69.57,144.82,5,SUP002,Clothing,,0,None,14.571428571428571,0.44687170121026343,C,10.484026374443221,24.142434484888696,83.34116923158608,0,True,60.34116923158608,Medium,4369,54.772602739726025,79.76615646258503
2023-12-07,Store003,SKU003,7,32,27.47,32.96,3,SUP003,Books,,0,None,8.571428571428571,0.49263346168064476,C,9.626516732683555,18.51640199545103,35.34080244696927,0,True,3.3408024469692705,Low,3639,54.92602739726028,66.25274341580207
2023-12-08,Store001,SKU001,13,96,305.84,367.01,7,SUP001,Electronics,,0,None,19.857142857142858,0.4469480032434872,C,12.78266391216064,28.1830749615033,151.78266391216064,0,True,55.78266391216064,Low,5326,55.054794520547944,96.73998507091316
2023-12-08,Store001,SKU002,10,97,69.57,144.82,5,SUP002,Clothing,,0,None,12.714285714285714,0.4888827050106926,C,11.603530548078444,22.551528297909847,75.17495911950701,0,False,0.0,Low,4420,53.88219178082192,82.03081303706716
2023-12-08,Store001,SKU003,9,49,27.47,32.96,3,SUP003,Books,,0,None,13.0,0.5124098617067465,C,10.087258421679966,22.80350850198276,49.08725842167996,0,True,0.08725842167996234,Low,3666,55.73424657534247,65.77643415425453
2023-12-08,Store002,SKU001,18,45,305.84,367.01,7,SUP001,Electronics,,0,None,20.571428571428573,0.48777608644303344,C,14.036779212620559,28.685486624025447,158.03677921262056,0,True,113.03677921262056,Medium,5359,54.868493150684934,97.6698956408848
2023-12-08,Store002,SKU002,12,16,69.57,144.82,5,SUP002,Clothing,,0,None,16.285714285714285,0.5114843407900957,C,12.823879339210837,25.523098781859762,94.25245076778225,0,True,78.25245076778225,Medium,4669,52.778082191780825,88.46475290697674
2023-12-08,Store002,SKU003,10,98,27.47,32.96,3,SUP003,Books,,0,None,12.857142857142858,0.5196382683114912,C,10.218394694715325,22.677868380553633,48.7898232661439,0,False,0.0,Low,3662,54.57260273972603,67.10326823635724
2023-12-08,Store003,SKU001,28,96,305.84,367.01,7,SUP001,Electronics,,0,None,18.285714285714285,0.47559981845990906,C,13.637857369667923,27.04493615131253,141.63785736966793,0,True,45.63785736966793,Low,5340,54.12876712328767,98.65364174722883
2023-12-08,Store003,SKU002,15,74,69.57,144.82,5,SUP002,Clothing,,0,None,15.428571428571429,0.44687170121026343,C,10.484026374443221,24.84236013632475,87.62688351730036,0,True,13.626883517300357,Low,4369,54.772602739726025,79.76615646258503
2023-12-08,Store003,SKU003,9,12,27.47,32.96,3,SUP003,Books,,0,None,8.0,0.49263346168064476,C,9.626516732683555,17.88854381999832,33.626516732683555,0,True,21.626516732683555,Low,3639,54.92602739726028,66.25274341580207
2023-12-09,Store001,SKU001,21,62,305.84,367.01,7,SUP001,Electronics,,0,None,18.571428571428573,0.4469480032434872,C,12.78266391216064,27.255405754769875,142.78266391216064,0,True,80.78266391216064,Medium,5326,55.054794520547944,96.73998507091316
2023-12-09,Store001,SKU002,26,17,69.57,144.82,5,SUP002,Clothing,,0,None,14.714285714285714,0.4888827050106926,C,11.603530548078444,24.26049110326146,85.17495911950701,0,True,68.17495911950701,Medium,4420,53.88219178082192,82.03081303706716
2023-12-09,Store001,SKU003,22,46,27.47,32.96,3,SUP003,Books,,0,None,14.571428571428571,0.5124098617067465,C,10.087258421679966,24.142434484888696,53.801544135965685,0,True,7.801544135965685,Low,3666,55.73424657534247,65.77643415425453
2023-12-09,Store002,SKU001,26,42,305.84,367.01,7,SUP001,Electronics,,0,None,19.714285714285715,0.48777608644303344,C,14.036779212620559,28.08151400069855,152.03677921262056,0,True,110.03677921262056,Medium,5359,54.868493150684934,97.6698956408848
2023-12-09,Store002,SKU002,19,13,69.57,144.82,5,SUP002,Clothing,,0,None,17.0,0.5114843407900957,C,12.823879339210837,26.076809620810597,97.82387933921083,0,True,84.82387933921083,Medium,4669,52.778082191780825,88.46475290697674
2023-12-09,Store002,SKU003,12,30,27.47,32.96,3,SUP003,Books,,0,None,12.142857142857142,0.5196382683114912,C,10.218394694715325,22.03892660077359,46.64696612328676,0,True,16.64696612328676,Low,3662,54.57260273972603,67.10326823635724
2023-12-09,Store003,SKU001,34,88,305.84,367.01,7,SUP001,Electronics,,0,None,20.714285714285715,0.47559981845990906,C,13.637857369667923,28.78491668515698,158.63785736966793,0,True,70.63785736966793,Medium,5340,54.12876712328767,98.65364174722883
2023-12-09,Store003,SKU002,17,37,69.57,144.82,5,SUP002,Clothing,,0,None,16.285714285714285,0.44687170121026343,C,10.484026374443221,25.523098781859762,91.91259780301463,0,True,54.912597803014634,Medium,4369,54.772602739726025,79.76615646258503
2023-12-09,Store003,SKU003,16,76,27.47,32.96,3,SUP003,Books,,0,None,8.857142857142858,0.49263346168064476,C,9.626516732683555,18.822478962286407,36.197945304112125,0,False,0.0,Low,3639,54.92602739726028,66.25274341580207
2023-12-10,Store001,SKU001,19,14,305.84,367.01,7,SUP001,Electronics,,0,None,16.714285714285715,0.4469480032434872,C,12.78266391216064,25.85674822114004,129.78266391216064,0,True,115.78266391216064,Medium,5326,55.054794520547944,96.73998507091316
2023-12-10,Store001,SKU002,18,32,69.57,144.82,5,SUP002,Clothing,,0,None,15.142857142857142,0.4888827050106926,C,11.603530548078444,24.611263391266316,87.31781626236415,0,True,55.31781626236415,Medium,4420,53.88219178082192,82.03081303706716
2023-12-10,Store001,SKU003,14,21,27.47,32.96,3,SUP003,Books,,0,None,13.142857142857142,0.5124098617067465,C,10.087258421679966,22.92846016884443,49.51582985025139,0,True,28.515829850251393,Low,3666,55.73424657534247,65.77643415425453
2023-12-10,Store002,SKU001,33,14,305.84,367.01,7,SUP001,Electronics,,0,None,21.142857142857142,0.48777608644303344,C,14.036779212620559,29.081167199998795,162.03677921262056,0,True,148.03677921262056,High,5359,54.868493150684934,97.6698956408848
2023-12-10,Store002,SKU002,16,11,69.57,144.82,5,SUP002,Clothing,,0,None,16.857142857142858,0.5114843407900957,C,12.823879339210837,25.967012040004033,97.10959362492513,0,True,86.10959362492513,Medium,4669,52.778082191780825,88.46475290697674
2023-12-10,Store002,SKU003,26,39,27.47,32.96,3,SUP003,Books,,0,None,14.714285714285714,0.5196382683114912,C,10.218394694715325,24.26049110326146,54.36125183757247,0,True,15.361251837572468,Low,3662,54.57260273972603,67.10326823635724
2023-12-10,Store003,SKU001,31,34,305.84,367.01,7,SUP001,Electronics,,0,None,22.0,0.47559981845990906,C,13.637857369667923,29.664793948382652,167.63785736966793,0,True,133.63785736966793,Medium,5340,54.12876712328767,98.65364174722883
2023-12-10,Store003,SKU002,26,62,69.57,144.82,5,SUP002,Clothing,,0,None,17.714285714285715,0.44687170121026343,C,10.484026374443221,26.619005025947697,99.0554549458718,0,True,37.0554549458718,Low,4369,54.772602739726025,79.76615646258503
2023-12-10,Store003,SKU003,17,37,27.47,32.96,3,SUP003,Books,,0,None,10.857142857142858,0.49263346168064476,C,9.626516732683555,20.83952289006911,42.197945304112125,0,True,5.197945304112125,Low,3639,54.92602739726028,66.25274341580207
2023-12-11,Store001,SKU001,17,11,305.84,367.01,7,SUP001,Electronics,,0,None,17.142857142857142,0.4469480032434872,C,12.78266391216064,26.186146828319085,132.78266391216064,0,True,121.78266391216064,High,5326,55.054794520547944,96.73998507091316
2023-12-11,Store001,SKU002,21,94,69.57,144.82,5,SUP002,Clothing,2023-11-18,35,Delivered,15.714285714285714,0.4888827050106926,C,11.603530548078444,25.071326821120348,90.17495911950701,0,False,0.0,Low,4420,53.88219178082192,82.03081303706716
2023-12-11,Store001,SKU003,16,27,27.47,32.96,3,SUP003,Books,,0,None,13.571428571428571,0.5124098617067465,C,10.087258421679966,23.299294900428702,50.801544135965685,0,True,23.801544135965685,Low,3666,55.73424657534247,65.77643415425453
2023-12-11,Store002,SKU001,22,89,305.84,367.01,7,SUP001,Electronics,,0,None,20.714285714285715,0.48777608644303344,C,14.036779212620559,28.78491668515698,159.03677921262056,0,True,70.03677921262056,Medium,5359,54.868493150684934,97.6698956408848
2023-12-11,Store002,SKU002,20,83,69.57,144.82,5,SUP002,Clothing,,0,None,16.285714285714285,0.5114843407900957,C,12.823879339210837,25.523098781859762,94.25245076778225,0,True,11.25245076778225,Low,4669,52.778082191780825,88.46475290697674
2023-12-11,Store002,SKU003,11,34,27.47,32.96,3,SUP003,Books,,0,None,14.142857142857142,0.5196382683114912,C,10.218394694715325,23.784749015162756,52.64696612328676,0,True,18.64696612328676,Low,3662,54.57260273972603,67.10326823635724
2023-12-11,Store003,SKU001,18,68,305.84,367.01,7,SUP001,Electronics,,0,None,21.714285714285715,0.47559981845990906,C,13.637857369667923,29.47153590452029,165.63785736966793,0,True,97.63785736966793,Medium,5340,54.12876712328767,98.65364174722883
2023-12-11,Store003,SKU002,5,23,69.57,144.82,5,SUP002,Clothing,,0,None,16.0,0.44687170121026343,C,10.484026374443221,25.298221281347036,90.48402637444322,0,True,67.48402637444322,Medium,4369,54.772602739726025,79.76615646258503
2023-12-11,Store003,SKU003,15,93,27.47,32.96,3,SUP003,Books,,0,None,11.285714285714286,0.49263346168064476,C,9.626516732683555,21.246848505803666,43.483659589826416,0,False,0.0,Low,3639,54.92602739726028,66.25274341580207
2023-12-12,Store001,SKU001,25,59,305.84,367.01,7,SUP001,Electronics,,0,None,18.428571428571427,0.4469480032434872,C,12.78266391216064,27.15037489875337,141.78266391216064,0,True,82.78266391216064,Medium,5326,55.054794520547944,96.73998507091316
2023-12-12,Store001,SKU002,14,89,69.57,144.82,5,SUP002,Clothing,,0,None,16.714285714285715,0.4888827050106926,C,11.603530548078444,25.85674822114004,95.17495911950702,0,True,6.174959119507022,Low,4420,53.88219178082192,82.03081303706716
2023-12-12,Store001,SKU003,10,62,27.47,32.96,3,SUP003,Books,,0,None,13.0,0.5124098617067465,C,10.087258421679966,22.80350850198276,49.08725842167996,0,False,0.0,Low,3666,55.73424657534247,65.77643415425453
2023-12-12,Store002,SKU001,20,69,305.84,367.01,7,SUP001,Electronics,,0,None,20.714285714285715,0.48777608644303344,C,14.036779212620559,28.78491668515698,159.03677921262056,0,True,90.03677921262056,Medium,5359,54.868493150684934,97.6698956408848
2023-12-12,Store002,SKU002,37,12,69.57,144.82,5,SUP002,Clothing,,0,None,21.285714285714285,0.5114843407900957,C,12.823879339210837,29.17924898671265,119.25245076778225,0,True,107.25245076778225,Medium,4669,52.778082191780825,88.46475290697674
2023-12-12,Store002,SKU003,16,23,27.47,32.96,3,SUP003,Books,,0,None,14.714285714285714,0.5196382683114912,C,10.218394694715325,24.26049110326146,54.36125183757247,0,True,31.361251837572468,Low,3662,54.57260273972603,67.10326823635724
2023-12-12,Store003,SKU001,21,84,305.84,367.01,7,SUP001,Electronics,,0,None,22.0,0.47559981845990906,C,13.637857369667923,29.664793948382652,167.63785736966793,0,True,83.63785736966793,Medium,5340,54.12876712328767,98.65364174722883
2023-12-12,Store003,SKU002,18,64,69.57,144.82,5,SUP002,Clothing,,0,None,17.0,0.44687170121026343,C,10.484026374443221,26.076809620810597,95.48402637444322,0,True,31.484026374443218,Low,4369,54.772602739726025,79.76615646258503
2023-12-12,Store003,SKU003,13,34,27.47,32.96,3,SUP003,Books,,0,None,12.285714285714286,0.49263346168064476,C,9.626516732683555,22.168188275738085,46.483659589826416,0,True,12.483659589826416,Low,3639,54.92602739726028,66.25274341580207
2023-12-13,Store001,SKU001,17,40,305.84,367.01,7,SUP001,Electronics,,0,None,18.428571428571427,0.4469480032434872,C,12.78266391216064,27.15037489875337,141.78266391216064,0,True,101.78266391216064,Medium,5326,55.054794520547944,96.73998507091316
2023-12-13,Store001,SKU002,37,65,69.57,144.82,5,SUP002,Clothing,,0,None,20.571428571428573,0.4888827050106926,C,11.603530548078444,28.685486624025447,114.4606734052213,0,True,49.4606734052213,Low,4420,53.88219178082192,82.03081303706716
2023-12-13,Store001,SKU003,14,40,27.47,32.96,3,SUP003,Books,,0,None,13.571428571428571,0.5124098617067465,C,10.087258421679966,23.299294900428702,50.801544135965685,0,True,10.801544135965685,Low,3666,55.73424657534247,65.77643415425453
2023-12-13,Store002,SKU001,34,98,305.84,367.01,7,SUP001,Electronics,,0,None,24.142857142857142,0.48777608644303344,C,14.036779212620559,31.075943842694233,183.03677921262056,0,True,85.03677921262056,Medium,5359,54.868493150684934,97.6698956408848
2023-12-13,Store002,SKU002,35,92,69.57,144.82,5,SUP002,Clothing,,0,None,23.142857142857142,0.5114843407900957,C,12.823879339210837,30.425553170226596,128.53816505349656,0,True,36.538165053496556,Low,4669,52.778082191780825,88.46475290697674
2023-12-13,Store002,SKU003,15,77,27.47,32.96,3,SUP003,Books,,0,None,15.714285714285714,0.5196382683114912,C,10.218394694715325,25.071326821120348,57.36125183757247,0,False,0.0,Low,3662,54.57260273972603,67.10326823635724
2023-12-13,Store003,SKU001,28,29,305.84,367.01,7,SUP001,Electronics,,0,None,24.285714285714285,0.47559981845990906,C,13.637857369667923,31.167748898959182,183.63785736966793,0,True,154.63785736966793,Medium,5340,54.12876712328767,98.65364174722883
2023-12-13,Store003,SKU002,16,92,69.57,144.82,5,SUP002,Clothing,,0,None,15.571428571428571,0.44687170121026343,C,10.484026374443221,24.95710605933995,88.34116923158608,0,False,0.0,Low,4369,54.772602739726025,79.76615646258503
2023-12-13,Store003,SKU003,15,31,27.47,32.96,3,SUP003,Books,,0,None,13.142857142857142,0.49263346168064476,C,9.626516732683555,22.92846016884443,49.055088161254986,0,True,18.055088161254986,Low,3639,54.92602739726028,66.25274341580207
2023-12-14,Store001,SKU001,18,77,305.84,367.01,7,SUP001,Electronics,,0,None,18.571428571428573,0.4469480032434872,C,12.78266391216064,27.255405754769875,142.78266391216064,0,True,65.78266391216064,Medium,5326,55.054794520547944,96.73998507091316
2023-12-14,Store001,SKU002,10,90,69.57,144.82,5,SUP002,Clothing,,0,None,19.428571428571427,0.4888827050106926,C,11.603530548078444,27.877282097486784,108.74638769093558,0,True,18.746387690935578,Low,4420,53.88219178082192,82.03081303706716
2023-12-14,Store001,SKU003,22,61,27.47,32.96,3,SUP003,Books,,0,None,15.285714285714286,0.5124098617067465,C,10.087258421679966,24.727081741050064,55.94440127882282,0,False,0.0,Low,3666,55.73424657534247,65.77643415425453
2023-12-14,Store002,SKU001,22,19,305.84,367.01,7,SUP001,Electronics,,0,None,25.0,0.48777608644303344,C,14.036779212620559,31.622776601683793,189.03677921262056,0,True,170.03677921262056,Medium,5359,54.868493150684934,97.6698956408848
2023-12-14,Store002,SKU002,22,55,69.57,144.82,5,SUP002,Clothing,,0,None,23.0,0.5114843407900957,C,12.823879339210837,30.331501776206203,127.82387933921083,0,True,72.82387933921083,Medium,4669,52.778082191780825,88.46475290697674
2023-12-14,Store002,SKU003,10,91,27.47,32.96,3,SUP003,Books,,0,None,14.285714285714286,0.5196382683114912,C,10.218394694715325,23.904572186687872,53.07553755185819,0,False,0.0,Low,3662,54.57260273972603,67.10326823635724
2023-12-14,Store003,SKU001,13,74,305.84,367.01,7,SUP001,Electronics,,0,None,24.714285714285715,0.47559981845990906,C,13.637857369667923,31.441555759399513,186.63785736966793,0,True,112.63785736966793,Medium,5340,54.12876712328767,98.65364174722883
2023-12-14,Store003,SKU002,25,42,69.57,144.82,5,SUP002,Clothing,,0,None,17.428571428571427,0.44687170121026343,C,10.484026374443221,26.403462976338105,97.62688351730036,0,True,55.62688351730036,Medium,4369,54.772602739726025,79.76615646258503
2023-12-14,Store003,SKU003,17,40,27.47,32.96,3,SUP003,Books,,0,None,14.571428571428571,0.49263346168064476,C,9.626516732683555,24.142434484888696,53.34080244696927,0,True,13.34080244696927,Low,3639,54.92602739726028,66.25274341580207
2023-12-15,Store001,SKU001,15,84,305.84,367.01,7,SUP001,Electronics,,0,None,18.857142857142858,0.4469480032434872,C,12.78266391216064,27.46426249302381,144.78266391216064,0,True,60.78266391216064,Medium,5326,55.054794520547944,96.73998507091316
2023-12-15,Store001,SKU002,23,51,69.57,144.82,5,SUP002,Clothing,,0,None,21.285714285714285,0.4888827050106926,C,11.603530548078444,29.17924898671265,118.03210197664986,0,True,67.03210197664986,Medium,4420,53.88219178082192,82.03081303706716
2023-12-15,Store001,SKU003,12,48,27.47,32.96,3,SUP003,Books,2023-11-22,87,Delivered,15.714285714285714,0.5124098617067465,C,10.087258421679966,25.071326821120348,57.2301155645371,0,True,9.230115564537101,Low,3666,55.73424657534247,65.77643415425453
2023-12-15,Store002,SKU001,19,51,305.84,367.01,7,SUP001,Electronics,,0,None,25.142857142857142,0.48777608644303344,C,14.036779212620559,31.712998686883676,190.03677921262056,0,True,139.03677921262056,Medium,5359,54.868493150684934,97.6698956408848
2023-12-15,Store002,SKU002,21,28,69.57,144.82,5,SUP002,Clothing,,0,None,24.285714285714285,0.5114843407900957,C,12.823879339210837,31.167748898959182,134.25245076778225,0,True,106.25245076778225,Medium,4669,52.778082191780825,88.46475290697674
2023-12-15,Store002,SKU003,4,71,27.47,32.96,3,SUP003,Books,,0,None,13.428571428571429,0.5196382683114912,C,10.218394694715325,23.176342617912283,50.504108980429606,0,False,0.0,Low,3662,54.57260273972603,67.10326823635724
2023-12-15,Store003,SKU001,8,34,305.84,367.01,7,SUP001,Electronics,,0,None,21.857142857142858,0.47559981845990906,C,13.637857369667923,29.56832281827487,166.63785736966793,0,True,132.63785736966793,Medium,5340,54.12876712328767,98.65364174722883
2023-12-15,Store003,SKU002,18,94,69.57,144.82,5,SUP002,Clothing,,0,None,17.857142857142858,0.44687170121026343,C,10.484026374443221,26.72612419124244,99.76974066015751,0,True,5.76974066015751,Low,4369,54.772602739726025,79.76615646258503
2023-12-15,Store003,SKU003,12,77,27.47,32.96,3,SUP003,Books,,0,None,15.0,0.49263346168064476,C,9.626516732683555,24.49489742783178,54.626516732683555,0,False,0.0,Low,3639,54.92602739726028,66.25274341580207
2023-12-16,Store001,SKU001,26,74,305.84,367.01,7,SUP001,Electronics,,0,None,19.571428571428573,0.4469480032434872,C,12.78266391216064,27.97958439393164,149.78266391216064,0,True,75.78266391216064,Medium,5326,55.054794520547944,96.73998507091316
2023-12-16,Store001,SKU002,1,19,69.57,144.82,5,SUP002,Clothing,,0,None,17.714285714285715,0.4888827050106926,C,11.603530548078444,26.619005025947697,100.17495911950702,0,True,81.17495911950702,Medium,4420,53.88219178082192,82.03081303706716
2023-12-16,Store001,SKU003,26,49,27.47,32.96,3,SUP003,Books,,0,None,16.285714285714285,0.5124098617067465,C,10.087258421679966,25.523098781859762,58.94440127882282,0,True,9.944401278822824,Low,3666,55.73424657534247,65.77643415425453
2023-12-16,Store002,SKU001,14,11,305.84,367.01,7,SUP001,Electronics,,0,None,23.428571428571427,0.48777608644303344,C,14.036779212620559,30.612789110808855,178.03677921262056,0,True,167.03677921262056,High,5359,54.868493150684934,97.6698956408848
2023-12-16,Store002,SKU002,23,32,69.57,144.82,5,SUP002,Clothing,,0,None,24.857142857142858,0.5114843407900957,C,12.823879339210837,31.532296368734617,137.10959362492514,0,True,105.10959362492514,Medium,4669,52.778082191780825,88.46475290697674
2023-12-16,Store002,SKU003,9,65,27.47,32.96,3,SUP003,Books,,0,None,13.0,0.5196382683114912,C,10.218394694715325,22.80350850198276,49.21839469471533,0,False,0.0,Low,3662,54.57260273972603,67.10326823635724
2023-12-16,Store003,SKU001,26,81,305.84,367.01,7,SUP001,Electronics,2023-12-08,56,Shipped,20.714285714285715,0.47559981845990906,C,13.637857369667923,28.78491668515698,102.63785736966793,56,True,0.0,Low,5340,54.12876712328767,98.65364174722883
2023-12-16,Store003,SKU002,25,95,69.57,144.82,5,SUP002,Clothing,,0,None,19.0,0.44687170121026343,C,10.484026374443221,27.568097504180443,105.48402637444322,0,True,10.484026374443218,Low,4369,54.772602739726025,79.76615646258503
2023-12-16,Store003,SKU003,20,62,27.47,32.96,3,SUP003,Books,,0,None,15.571428571428571,0.49263346168064476,C,9.626516732683555,24.95710605933995,56.34080244696927,0,False,0.0,Low,3639,54.92602739726028,66.25274341580207
2023-12-17,Store001,SKU001,23,95,305.84,367.01,7,SUP001,Electronics,,0,None,20.142857142857142,0.4469480032434872,C,12.78266391216064,28.38510675890238,153.78266391216064,0,True,58.78266391216064,Low,5326,55.054794520547944,96.73998507091316
2023-12-17,Store001,SKU002,23,23,69.57,144.82,5,SUP002,Clothing,,0,None,18.428571428571427,0.4888827050106926,C,11.603530548078444,27.15037489875337,103.74638769093558,0,True,80.74638769093558,Medium,4420,53.88219178082192,82.03081303706716
2023-12-17,Store001,SKU003,21,14,27.47,32.96,3,SUP003,Books,,0,None,17.285714285714285,0.5124098617067465,C,10.087258421679966,26.295029405356658,61.94440127882282,0,True,47.94440127882282,Low,3666,55.73424657534247,65.77643415425453
2023-12-17,Store002,SKU001,15,16,305.84,367.01,7,SUP001,Electronics,,0,None,20.857142857142858,0.48777608644303344,C,14.036779212620559,28.88400447108597,160.03677921262056,0,True,144.03677921262056,Medium,5359,54.868493150684934,97.6698956408848
2023-12-17,Store002,SKU002,6,52,69.57,144.82,5,SUP002,Clothing,,0,None,23.428571428571427,0.5114843407900957,C,12.823879339210837,30.612789110808855,129.96673648206797,0,True,77.96673648206797,Medium,4669,52.778082191780825,88.46475290697674
2023-12-17,Store002,SKU003,5,55,27.47,32.96,3,SUP003,Books,,0,None,10.0,0.5196382683114912,C,10.218394694715325,20.0,40.21839469471533,0,False,0.0,Low,3662,54.57260273972603,67.10326823635724
2023-12-17,Store003,SKU001,15,48,305.84,367.01,7,SUP001,Electronics,,0,None,18.428571428571427,0.47559981845990906,C,13.637857369667923,27.15037489875337,142.63785736966793,0,True,94.63785736966793,Medium,5340,54.12876712328767,98.65364174722883
2023-12-17,Store003,SKU002,14,15,69.57,144.82,5,SUP002,Clothing,,0,None,17.285714285714285,0.44687170121026343,C,10.484026374443221,26.295029405356658,96.91259780301463,0,True,81.91259780301463,Medium,4369,54.772602739726025,79.76615646258503
2023-12-17,Store003,SKU003,28,21,27.47,32.96,3,SUP003,Books,2023-11-27,37,Delivered,17.142857142857142,0.49263346168064476,C,9.626516732683555,26.186146828319085,61.055088161254986,0,True,40.055088161254986,Low,3639,54.92602739726028,66.25274341580207
2023-12-18,Store001,SKU001,18,67,305.84,367.01,7,SUP001,Electronics,,0,None,20.285714285714285,0.4469480032434872,C,12.78266391216064,28.485585327118894,154.78266391216064,0,True,87.78266391216064,Medium,5326,55.054794520547944,96.73998507091316
2023-12-18,Store001,SKU002,14,12,69.57,144.82,5,SUP002,Clothing,,0,None,17.428571428571427,0.4888827050106926,C,11.603530548078444,26.403462976338105,98.74638769093558,0,True,86.74638769093558,Medium,4420,53.88219178082192,82.03081303706716
2023-12-18,Store001,SKU003,16,49,27.47,32.96,3,SUP003,Books,,0,None,17.285714285714285,0.5124098617067465,C,10.087258421679966,26.295029405356658,61.94440127882282,0,True,12.944401278822824,Low,3666,55.73424657534247,65.77643415425453
2023-12-18,Store002,SKU001,24,72,305.84,367.01,7,SUP001,Electronics,,0,None,21.142857142857142,0.48777608644303344,C,14.036779212620559,29.081167199998795,162.03677921262056,0,True,90.03677921262056,Medium,5359,54.868493150684934,97.6698956408848
2023-12-18,Store002,SKU002,14,68,69.57,144.82,5,SUP002,Clothing,2023-12-05,72,Delivered,22.571428571428573,0.5114843407900957,C,12.823879339210837,30.047581314594073,125.6810221963537,0,True,57.681022196353695,Low,4669,52.778082191780825,88.46475290697674
2023-12-18,Store002,SKU003,9,78,27.47,32.96,3,SUP003,Books,,0,None,9.714285714285714,0.5196382683114912,C,10.218394694715325,19.712215212183246,39.36125183757247,0,False,0.0,Low,3662,54.57260273972603,67.10326823635724
2023-12-18,Store003,SKU001,20,20,305.84,367.01,7,SUP001,Electronics,,0,None,18.714285714285715,0.47559981845990906,C,13.637857369667923,27.360033416855117,144.63785736966793,0,True,124.63785736966793,Medium,5340,54.12876712328767,98.65364174722883
2023-12-18,Store003,SKU002,23,86,69.57,144.82,5,SUP002,Clothing,,0,None,19.857142857142858,0.44687170121026343,C,10.484026374443221,28.1830749615033,109.76974066015751,0,True,23.76974066015751,Low,4369,54.772602739726025,79.76615646258503
2023-12-18,Store003,SKU003,10,16,27.47,32.96,3,SUP003,Books,,0,None,16.428571428571427,0.49263346168064476,C,9.626516732683555,25.63479777846623,58.91223101839783,0,True,42.91223101839783,Low,3639,54.92602739726028,66.25274341580207
2023-12-19,Store001,SKU001,21,84,305.84,367.01,7,SUP001,Electronics,,0,None,19.714285714285715,0.4469480032434872,C,12.78266391216064,28.08151400069855,150.78266391216064,0,True,66.78266391216064,Medium,5326,55.054794520547944,96.73998507091316
2023-12-19,Store001,SKU002,6,85,69.57,144.82,5,SUP002,Clothing,,0,None,16.285714285714285,0.4888827050106926,C,11.603530548078444,25.523098781859762,93.03210197664986,0,True,8.032101976649855,Low,4420,53.88219178082192,82.03081303706716
2023-12-19,Store001,SKU003,19,95,27.47,32.96,3,SUP003,Books,,0,None,18.571428571428573,0.5124098617067465,C,10.087258421679966,27.255405754769875,65.80154413596568,0,False,0.0,Low,3666,55.73424657534247,65.77643415425453
2023-12-19,Store002,SKU001,16,14,305.84,367.01,7,SUP001,Electronics,,0,None,20.571428571428573,0.48777608644303344,C,14.036779212620559,28.685486624025447,158.03677921262056,0,True,144.03677921262056,High,5359,54.868493150684934,97.6698956408848
2023-12-19,Store002,SKU002,26,30,69.57,144.82,5,SUP002,Clothing,,0,None,21.0,0.5114843407900957,C,12.823879339210837,28.982753492378876,117.82387933921083,0,True,87.82387933921083,Medium,4669,52.778082191780825,88.46475290697674
2023-12-19,Store002,SKU003,7,99,27.47,32.96,3,SUP003,Books,,0,None,8.428571428571429,0.5196382683114912,C,10.218394694715325,18.361450300639575,35.504108980429606,0,False,0.0,Low,3662,54.57260273972603,67.10326823635724
2023-12-19,Store003,SKU001,16,58,305.84,367.01,7,SUP001,Electronics,,0,None,18.0,0.47559981845990906,C,13.637857369667923,26.832815729997478,139.63785736966793,0,True,81.63785736966793,Medium,5340,54.12876712328767,98.65364174722883
2023-12-19,Store003,SKU002,21,65,69.57,144.82,5,SUP002,Clothing,,0,None,20.285714285714285,0.44687170121026343,C,10.484026374443221,28.485585327118894,111.91259780301463,0,True,46.912597803014634,Low,4369,54.772602739726025,79.76615646258503
2023-12-19,Store003,SKU003,12,60,27.47,32.96,3,SUP003,Books,,0,None,16.285714285714285,0.49263346168064476,C,9.626516732683555,25.523098781859762,58.48365958982641,0,False,0.0,Low,3639,54.92602739726028,66.25274341580207
2023-12-20,Store001,SKU001,23,17,305.84,367.01,7,SUP001,Electronics,,0,None,20.571428571428573,0.4469480032434872,C,12.78266391216064,28.685486624025447,156.78266391216064,0,True,139.78266391216064,Medium,5326,55.054794520547944,96.73998507091316
2023-12-20,Store001,SKU002,26,52,69.57,144.82,5,SUP002,Clothing,2023-12-07,93,Delivered,14.714285714285714,0.4888827050106926,C,11.603530548078444,24.26049110326146,85.17495911950701,0,True,33.17495911950701,Low,4420,53.88219178082192,82.03081303706716
2023-12-20,Store001,SKU003,12,72,27.47,32.96,3,SUP003,Books,,0,None,18.285714285714285,0.5124098617067465,C,10.087258421679966,27.04493615131253,64.94440127882282,0,False,0.0,Low,3666,55.73424657534247,65.77643415425453
2023-12-20,Store002,SKU001,27,10,305.84,367.01,7,SUP001,Electronics,,0,None,19.571428571428573,0.48777608644303344,C,14.036779212620559,27.97958439393164,151.03677921262056,0,True,141.03677921262056,High,5359,54.868493150684934,97.6698956408848
2023-12-20,Store002,SKU002,11,59,69.57,144.82,5,SUP002,Clothing,,0,None,17.571428571428573,0.5114843407900957,C,12.823879339210837,26.511453050656105,100.6810221963537,0,True,41.681022196353695,Low,4669,52.778082191780825,88.46475290697674
2023-12-20,Store002,SKU003,11,88,27.47,32.96,3,SUP003,Books,,0,None,7.857142857142857,0.5196382683114912,C,10.218394694715325,17.728105208558365,33.7898232661439,0,False,0.0,Low,3662,54.57260273972603,67.10326823635724
2023-12-20,Store003,SKU001,33,81,305.84,367.01,7,SUP001,Electronics,,0,None,18.714285714285715,0.47559981845990906,C,13.637857369667923,27.360033416855117,144.63785736966793,0,True,63.63785736966793,Medium,5340,54.12876712328767,98.65364174722883
2023-12-20,Store003,SKU002,23,13,69.57,144.82,5,SUP002,Clothing,,0,None,21.285714285714285,0.44687170121026343,C,10.484026374443221,29.17924898671265,116.91259780301463,0,True,103.91259780301463,Medium,4369,54.772602739726025,79.76615646258503
2023-12-20,Store003,SKU003,12,82,27.47,32.96,3,SUP003,Books,,0,None,15.857142857142858,0.49263346168064476,C,9.626516732683555,25.18502956690173,57.197945304112125,0,False,0.0,Low,3639,54.92602739726028,66.25274341580207
2023-12-21,Store001,SKU001,28,20,305.84,367.01,7,SUP001,Electronics,,0,None,22.0,0.4469480032434872,C,12.78266391216064,29.664793948382652,166.78266391216064,0,True,146.78266391216064,Medium,5326,55.054794520547944,96.73998507091316
2023-12-21,Store001,SKU002,7,82,69.57,144.82,5,SUP002,Clothing,,0,None,14.285714285714286,0.4888827050106926,C,11.603530548078444,23.904572186687872,83.03210197664987,0,True,1.0321019766498694,Low,4420,53.88219178082192,82.03081303706716
2023-12-21,Store001,SKU003,8,37,27.47,32.96,3,SUP003,Books,,0,None,16.285714285714285,0.5124098617067465,C,10.087258421679966,25.523098781859762,58.94440127882282,0,True,21.944401278822824,Low,3666,55.73424657534247,65.77643415425453
2023-12-21,Store002,SKU001,12,96,305.84,367.01,7,SUP001,Electronics,,0,None,18.142857142857142,0.48777608644303344,C,14.036779212620559,26.939084723024383,141.03677921262056,0,True,45.03677921262056,Low,5359,54.868493150684934,97.6698956408848
2023-12-21,Store002,SKU002,7,52,69.57,144.82,5,SUP002,Clothing,,0,None,15.428571428571429,0.5114843407900957,C,12.823879339210837,24.84236013632475,89.96673648206797,0,True,37.96673648206797,Low,4669,52.778082191780825,88.46475290697674
2023-12-21,Store002,SKU003,2,70,27.47,32.96,3,SUP003,Books,,0,None,6.714285714285714,0.5196382683114912,C,10.218394694715325,16.388149028228554,30.361251837572468,0,False,0.0,Low,3662,54.57260273972603,67.10326823635724
2023-12-21,Store003,SKU001,19,48,305.84,367.01,7,SUP001,Electronics,,0,None,19.571428571428573,0.47559981845990906,C,13.637857369667923,27.97958439393164,150.63785736966793,0,True,102.63785736966793,Medium,5340,54.12876712328767,98.65364174722883
2023-12-21,Store003,SKU002,15,21,69.57,144.82,5,SUP002,Clothing,,0,None,19.857142857142858,0.44687170121026343,C,10.484026374443221,28.1830749615033,109.76974066015751,0,True,88.76974066015751,Medium,4369,54.772602739726025,79.76615646258503
2023-12-21,Store003,SKU003,13,10,27.47,32.96,3,SUP003,Books,,0,None,15.285714285714286,0.49263346168064476,C,9.626516732683555,24.727081741050064,55.483659589826416,0,True,45.483659589826416,Low,3639,54.92602739726028,66.25274341580207
2023-12-22,Store001,SKU001,27,12,305.84,367.01,7,SUP001,Electronics,,0,None,23.714285714285715,0.4469480032434872,C,12.78266391216064,30.798886807341407,178.78266391216064,0,True,166.78266391216064,High,5326,55.054794520547944,96.73998507091316
2023-12-22,Store001,SKU002,11,94,69.57,144.82,5,SUP002,Clothing,2023-11-28,48,Delivered,12.571428571428571,0.4888827050106926,C,11.603530548078444,22.424476423255523,74.4606734052213,0,False,0.0,Low,4420,53.88219178082192,82.03081303706716
2023-12-22,Store001,SKU003,12,37,27.47,32.96,3,SUP003,Books,,0,None,16.285714285714285,0.5124098617067465,C,10.087258421679966,25.523098781859762,58.94440127882282,0,True,21.944401278822824,Low,3666,55.73424657534247,65.77643415425453
2023-12-22,Store002,SKU001,17,19,305.84,367.01,7,SUP001,Electronics,,0,None,17.857142857142858,0.48777608644303344,C,14.036779212620559,26.72612419124244,139.03677921262056,0,True,120.03677921262056,Medium,5359,54.868493150684934,97.6698956408848
2023-12-22,Store002,SKU002,22,16,69.57,144.82,5,SUP002,Clothing,,0,None,15.571428571428571,0.5114843407900957,C,12.823879339210837,24.95710605933995,90.6810221963537,0,True,74.6810221963537,Medium,4669,52.778082191780825,88.46475290697674
2023-12-22,Store002,SKU003,11,94,27.47,32.96,3,SUP003,Books,,0,None,7.714285714285714,0.5196382683114912,C,10.218394694715325,17.566201313073595,33.36125183757247,0,False,0.0,Low,3662,54.57260273972603,67.10326823635724
2023-12-22,Store003,SKU001,12,70,305.84,367.01,7,SUP001,Electronics,,0,None,20.142857142857142,0.47559981845990906,C,13.637857369667923,28.38510675890238,154.63785736966793,0,True,84.63785736966793,Medium,5340,54.12876712328767,98.65364174722883
2023-12-22,Store003,SKU002,22,43,69.57,144.82,5,SUP002,Clothing,,0,None,20.428571428571427,0.44687170121026343,C,10.484026374443221,28.585710716070313,112.62688351730036,0,True,69.62688351730036,Medium,4369,54.772602739726025,79.76615646258503
2023-12-22,Store003,SKU003,12,71,27.47,32.96,3,SUP003,Books,,0,None,15.285714285714286,0.49263346168064476,C,9.626516732683555,24.727081741050064,55.483659589826416,0,False,0.0,Low,3639,54.92602739726028,66.25274341580207
2023-12-23,Store001,SKU001,19,99,305.84,367.01,7,SUP001,Electronics,,0,None,22.714285714285715,0.4469480032434872,C,12.78266391216064,30.14251861692099,171.78266391216064,0,True,72.78266391216064,Medium,5326,55.054794520547944,96.73998507091316
2023-12-23,Store001,SKU002,16,72,69.57,144.82,5,SUP002,Clothing,,0,None,14.714285714285714,0.4888827050106926,C,11.603530548078444,24.26049110326146,85.17495911950701,0,True,13.174959119507008,Low,4420,53.88219178082192,82.03081303706716
2023-12-23,Store001,SKU003,8,21,27.47,32.96,3,SUP003,Books,,0,None,13.714285714285714,0.5124098617067465,C,10.087258421679966,23.421601750764797,51.2301155645371,0,True,30.2301155645371,Low,3666,55.73424657534247,65.77643415425453
2023-12-23,Store002,SKU001,20,44,305.84,367.01,7,SUP001,Electronics,,0,None,18.714285714285715,0.48777608644303344,C,14.036779212620559,27.360033416855117,145.03677921262056,0,True,101.03677921262056,Medium,5359,54.868493150684934,97.6698956408848
2023-12-23,Store002,SKU002,24,50,69.57,144.82,5,SUP002,Clothing,,0,None,15.714285714285714,0.5114843407900957,C,12.823879339210837,25.071326821120348,91.3953079106394,0,True,41.3953079106394,Low,4669,52.778082191780825,88.46475290697674
2023-12-23,Store002,SKU003,10,59,27.47,32.96,3,SUP003,Books,,0,None,7.857142857142857,0.5196382683114912,C,10.218394694715325,17.728105208558365,33.7898232661439,0,False,0.0,Low,3662,54.57260273972603,67.10326823635724
2023-12-23,Store003,SKU001,26,91,305.84,367.01,7,SUP001,Electronics,,0,None,20.142857142857142,0.47559981845990906,C,13.637857369667923,28.38510675890238,154.63785736966793,0,True,63.63785736966793,Medium,5340,54.12876712328767,98.65364174722883
2023-12-23,Store003,SKU002,17,29,69.57,144.82,5,SUP002,Clothing,2023-12-13,83,Delivered,19.285714285714285,0.44687170121026343,C,10.484026374443221,27.774602993176543,106.91259780301463,0,True,77.91259780301463,Medium,4369,54.772602739726025,79.76615646258503
2023-12-23,Store003,SKU003,15,53,27.47,32.96,3,SUP003,Books,,0,None,14.571428571428571,0.49263346168064476,C,9.626516732683555,24.142434484888696,53.34080244696927,0,True,0.34080244696927053,Low,3639,54.92602739726028,66.25274341580207
2023-12-24,Store001,SKU001,23,63,305.84,367.01,7,SUP001,Electronics,2023-12-05,11,Delivered,22.714285714285715,0.4469480032434872,C,12.78266391216064,30.14251861692099,171.78266391216064,0,True,108.78266391216064,Medium,5326,55.054794520547944,96.73998507091316
2023-12-24,Store001,SKU002,13,73,69.57,144.82,5,SUP002,Clothing,,0,None,13.285714285714286,0.4888827050106926,C,11.603530548078444,23.052734575936352,78.03210197664987,0,True,5.032101976649869,Low,4420,53.88219178082192,82.03081303706716
2023-12-24,Store001,SKU003,20,26,27.47,32.96,3,SUP003,Books,,0,None,13.571428571428571,0.5124098617067465,C,10.087258421679966,23.299294900428702,50.801544135965685,0,True,24.801544135965685,Low,3666,55.73424657534247,65.77643415425453
2023-12-24,Store002,SKU001,20,39,305.84,367.01,7,SUP001,Electronics,,0,None,19.428571428571427,0.48777608644303344,C,14.036779212620559,27.877282097486784,150.03677921262056,0,True,111.03677921262056,Medium,5359,54.868493150684934,97.6698956408848
2023-12-24,Store002,SKU002,13,30,69.57,144.82,5,SUP002,Clothing,,0,None,16.714285714285715,0.5114843407900957,C,12.823879339210837,25.85674822114004,96.39530791063942,0,True,66.39530791063942,Medium,4669,52.778082191780825,88.46475290697674
2023-12-24,Store002,SKU003,5,48,27.47,32.96,3,SUP003,Books,,0,None,7.857142857142857,0.5196382683114912,C,10.218394694715325,17.728105208558365,33.7898232661439,0,False,0.0,Low,3662,54.57260273972603,67.10326823635724
2023-12-24,Store003,SKU001,21,19,305.84,367.01,7,SUP001,Electronics,,0,None,21.0,0.47559981845990906,C,13.637857369667923,28.982753492378876,160.63785736966793,0,True,141.63785736966793,Medium,5340,54.12876712328767,98.65364174722883
2023-12-24,Store003,SKU002,26,47,69.57,144.82,5,SUP002,Clothing,,0,None,21.0,0.44687170121026343,C,10.484026374443221,28.982753492378876,115.48402637444322,0,True,68.48402637444322,Medium,4369,54.772602739726025,79.76615646258503
2023-12-24,Store003,SKU003,18,13,27.47,32.96,3,SUP003,Books,,0,None,13.142857142857142,0.49263346168064476,C,9.626516732683555,22.92846016884443,49.055088161254986,0,True,36.055088161254986,Low,3639,54.92602739726028,66.25274341580207
2023-12-25,Store001,SKU001,12,11,305.84,367.01,7,SUP001,Electronics,,0,None,21.857142857142858,0.4469480032434872,C,12.78266391216064,29.56832281827487,165.78266391216064,0,True,154.78266391216064,High,5326,55.054794520547944,96.73998507091316
2023-12-25,Store001,SKU002,10,54,69.57,144.82,5,SUP002,Clothing,2023-12-22,11,Confirmed,12.714285714285714,0.4888827050106926,C,11.603530548078444,22.551528297909847,64.17495911950701,11,True,0.0,Low,4420,53.88219178082192,82.03081303706716
2023-12-25,Store001,SKU003,9,37,27.47,32.96,3,SUP003,Books,,0,None,12.571428571428571,0.5124098617067465,C,10.087258421679966,22.424476423255523,47.801544135965685,0,True,10.801544135965685,Low,3666,55.73424657534247,65.77643415425453
2023-12-25,Store002,SKU001,16,45,305.84,367.01,7,SUP001,Electronics,,0,None,18.285714285714285,0.48777608644303344,C,14.036779212620559,27.04493615131253,142.03677921262056,0,True,97.03677921262056,Medium,5359,54.868493150684934,97.6698956408848
2023-12-25,Store002,SKU002,11,63,69.57,144.82,5,SUP002,Clothing,2023-11-26,40,Delivered,16.285714285714285,0.5114843407900957,C,12.823879339210837,25.523098781859762,94.25245076778225,0,True,31.25245076778225,Low,4669,52.778082191780825,88.46475290697674
2023-12-25,Store002,SKU003,14,59,27.47,32.96,3,SUP003,Books,,0,None,8.571428571428571,0.5196382683114912,C,10.218394694715325,18.51640199545103,35.93268040900104,0,False,0.0,Low,3662,54.57260273972603,67.10326823635724
2023-12-25,Store003,SKU001,5,37,305.84,367.01,7,SUP001,Electronics,,0,None,18.857142857142858,0.47559981845990906,C,13.637857369667923,27.46426249302381,145.63785736966793,0,True,108.63785736966793,Medium,5340,54.12876712328767,98.65364174722883
2023-12-25,Store003,SKU002,12,63,69.57,144.82,5,SUP002,Clothing,,0,None,19.428571428571427,0.44687170121026343,C,10.484026374443221,27.877282097486784,107.62688351730036,0,True,44.62688351730036,Low,4369,54.772602739726025,79.76615646258503
2023-12-25,Store003,SKU003,7,15,27.47,32.96,3,SUP003,Books,2023-12-16,44,Delivered,12.714285714285714,0.49263346168064476,C,9.626516732683555,22.551528297909847,47.769373875540694,0,True,32.769373875540694,Low,3639,54.92602739726028,66.25274341580207
2023-12-26,Store001,SKU001,13,67,305.84,367.01,7,SUP001,Electronics,,0,None,20.714285714285715,0.4469480032434872,C,12.78266391216064,28.78491668515698,157.78266391216064,0,True,90.78266391216064,Medium,5326,55.054794520547944,96.73998507091316
2023-12-26,Store001,SKU002,24,82,69.57,144.82,5,SUP002,Clothing,,0,None,15.285714285714286,0.4888827050106926,C,11.603530548078444,24.727081741050064,88.03210197664987,0,True,6.032101976649869,Low,4420,53.88219178082192,82.03081303706716
2023-12-26,Store001,SKU003,18,58,27.47,32.96,3,SUP003,Books,,0,None,12.428571428571429,0.5124098617067465,C,10.087258421679966,22.296700588716195,47.372972707394254,0,False,0.0,Low,3666,55.73424657534247,65.77643415425453
2023-12-26,Store002,SKU001,14,84,305.84,367.01,7,SUP001,Electronics,2023-12-11,96,Delivered,18.0,0.48777608644303344,C,14.036779212620559,26.832815729997478,140.03677921262056,0,True,56.03677921262056,Medium,5359,54.868493150684934,97.6698956408848
2023-12-26,Store002,SKU002,23,64,69.57,144.82,5,SUP002,Clothing,,0,None,15.857142857142858,0.5114843407900957,C,12.823879339210837,25.18502956690173,92.10959362492513,0,True,28.109593624925125,Low,4669,52.778082191780825,88.46475290697674
2023-12-26,Store002,SKU003,5,39,27.47,32.96,3,SUP003,Books,,0,None,8.285714285714286,0.5196382683114912,C,10.218394694715325,18.20517979665599,35.07553755185819,0,False,0.0,Low,3662,54.57260273972603,67.10326823635724
2023-12-26,Store003,SKU001,19,59,305.84,367.01,7,SUP001,Electronics,,0,None,19.285714285714285,0.47559981845990906,C,13.637857369667923,27.774602993176543,148.63785736966793,0,True,89.63785736966793,Medium,5340,54.12876712328767,98.65364174722883
2023-12-26,Store003,SKU002,4,59,69.57,144.82,5,SUP002,Clothing,,0,None,17.0,0.44687170121026343,C,10.484026374443221,26.076809620810597,95.48402637444322,0,True,36.48402637444322,Low,4369,54.772602739726025,79.76615646258503
2023-12-26,Store003,SKU003,14,34,27.47,32.96,3,SUP003,Books,,0,None,13.0,0.49263346168064476,C,9.626516732683555,22.80350850198276,48.626516732683555,0,True,14.626516732683555,Low,3639,54.92602739726028,66.25274341580207
2023-12-27,Store001,SKU001,25,55,305.84,367.01,7,SUP001,Electronics,,0,None,21.0,0.4469480032434872,C,12.78266391216064,28.982753492378876,159.78266391216064,0,True,104.78266391216064,Medium,5326,55.054794520547944,96.73998507091316
2023-12-27,Store001,SKU002,22,42,69.57,144.82,5,SUP002,Clothing,,0,None,14.714285714285714,0.4888827050106926,C,11.603530548078444,24.26049110326146,85.17495911950701,0,True,43.17495911950701,Low,4420,53.88219178082192,82.03081303706716
2023-12-27,Store001,SKU003,13,99,27.47,32.96,3,SUP003,Books,,0,None,12.571428571428571,0.5124098617067465,C,10.087258421679966,22.424476423255523,47.801544135965685,0,False,0.0,Low,3666,55.73424657534247,65.77643415425453
2023-12-27,Store002,SKU001,32,57,305.84,367.01,7,SUP001,Electronics,,0,None,18.714285714285715,0.48777608644303344,C,14.036779212620559,27.360033416855117,145.03677921262056,0,True,88.03677921262056,Medium,5359,54.868493150684934,97.6698956408848
2023-12-27,Store002,SKU002,7,12,69.57,144.82,5,SUP002,Clothing,,0,None,15.285714285714286,0.5114843407900957,C,12.823879339210837,24.727081741050064,89.25245076778226,0,True,77.25245076778226,Medium,4669,52.778082191780825,88.46475290697674
2023-12-27,Store002,SKU003,20,27,27.47,32.96,3,SUP003,Books,,0,None,9.571428571428571,0.5196382683114912,C,10.218394694715325,19.566735620873065,38.93268040900104,0,True,11.932680409001037,Low,3662,54.57260273972603,67.10326823635724
2023-12-27,Store003,SKU001,17,93,305.84,367.01,7,SUP001,Electronics,2023-11-28,98,Delivered,17.0,0.47559981845990906,C,13.637857369667923,26.076809620810597,132.63785736966793,0,True,39.63785736966793,Low,5340,54.12876712328767,98.65364174722883
2023-12-27,Store003,SKU002,9,34,69.57,144.82,5,SUP002,Clothing,,0,None,15.0,0.44687170121026343,C,10.484026374443221,24.49489742783178,85.48402637444322,0,True,51.48402637444322,Medium,4369,54.772602739726025,79.76615646258503
2023-12-27,Store003,SKU003,16,51,27.47,32.96,3,SUP003,Books,,0,None,13.571428571428571,0.49263346168064476,C,9.626516732683555,23.299294900428702,50.34080244696927,0,False,0.0,Low,3639,54.92602739726028,66.25274341580207
2023-12-28,Store001,SKU001,10,50,305.84,367.01,7,SUP001,Electronics,,0,None,18.428571428571427,0.4469480032434872,C,12.78266391216064,27.15037489875337,141.78266391216064,0,True,91.78266391216064,Medium,5326,55.054794520547944,96.73998507091316
2023-12-28,Store001,SKU002,33,51,69.57,144.82,5,SUP002,Clothing,,0,None,18.428571428571427,0.4888827050106926,C,11.603530548078444,27.15037489875337,103.74638769093558,0,True,52.74638769093558,Low,4420,53.88219178082192,82.03081303706716
2023-12-28,Store001,SKU003,17,88,27.47,32.96,3,SUP003,Books,,0,None,13.857142857142858,0.5124098617067465,C,10.087258421679966,23.543273227945903,51.65868699310853,0,False,0.0,Low,3666,55.73424657534247,65.77643415425453
2023-12-28,Store002,SKU001,19,21,305.84,367.01,7,SUP001,Electronics,,0,None,19.714285714285715,0.48777608644303344,C,14.036779212620559,28.08151400069855,152.03677921262056,0,True,131.03677921262056,Medium,5359,54.868493150684934,97.6698956408848
2023-12-28,Store002,SKU002,18,32,69.57,144.82,5,SUP002,Clothing,,0,None,16.857142857142858,0.5114843407900957,C,12.823879339210837,25.967012040004033,97.10959362492513,0,True,65.10959362492513,Medium,4669,52.778082191780825,88.46475290697674
2023-12-28,Store002,SKU003,15,37,27.47,32.96,3,SUP003,Books,,0,None,11.428571428571429,0.5196382683114912,C,10.218394694715325,21.38089935299395,44.504108980429606,0,True,7.504108980429606,Low,3662,54.57260273972603,67.10326823635724
2023-12-28,Store003,SKU001,8,78,305.84,367.01,7,SUP001,Electronics,,0,None,15.428571428571429,0.47559981845990906,C,13.637857369667923,24.84236013632475,121.63785736966793,0,True,43.63785736966793,Low,5340,54.12876712328767,98.65364174722883
2023-12-28,Store003,SKU002,18,92,69.57,144.82,5,SUP002,Clothing,,0,None,15.428571428571429,0.44687170121026343,C,10.484026374443221,24.84236013632475,87.62688351730036,0,False,0.0,Low,4369,54.772602739726025,79.76615646258503
2023-12-28,Store003,SKU003,11,39,27.47,32.96,3,SUP003,Books,,0,None,13.285714285714286,0.49263346168064476,C,9.626516732683555,23.052734575936352,49.483659589826416,0,True,10.483659589826416,Low,3639,54.92602739726028,66.25274341580207
2023-12-29,Store001,SKU001,25,34,305.84,367.01,7,SUP001,Electronics,,0,None,18.142857142857142,0.4469480032434872,C,12.78266391216064,26.939084723024383,139.78266391216064,0,True,105.78266391216064,Medium,5326,55.054794520547944,96.73998507091316
2023-12-29,Store001,SKU002,8,92,69.57,144.82,5,SUP002,Clothing,,0,None,18.0,0.4888827050106926,C,11.603530548078444,26.832815729997478,101.60353054807844,0,True,9.603530548078439,Low,4420,53.88219178082192,82.03081303706716
2023-12-29,Store001,SKU003,9,58,27.47,32.96,3,SUP003,Books,,0,None,13.428571428571429,0.5124098617067465,C,10.087258421679966,23.176342617912283,50.372972707394254,0,False,0.0,Low,3666,55.73424657534247,65.77643415425453
2023-12-29,Store002,SKU001,10,18,305.84,367.01,7,SUP001,Electronics,,0,None,18.714285714285715,0.48777608644303344,C,14.036779212620559,27.360033416855117,145.03677921262056,0,True,127.03677921262056,Medium,5359,54.868493150684934,97.6698956408848
2023-12-29,Store002,SKU002,25,67,69.57,144.82,5,SUP002,Clothing,,0,None,17.285714285714285,0.5114843407900957,C,12.823879339210837,26.295029405356658,99.25245076778225,0,True,32.25245076778225,Low,4669,52.778082191780825,88.46475290697674
2023-12-29,Store002,SKU003,11,83,27.47,32.96,3,SUP003,Books,,0,None,11.428571428571429,0.5196382683114912,C,10.218394694715325,21.38089935299395,44.504108980429606,0,False,0.0,Low,3662,54.57260273972603,67.10326823635724
2023-12-29,Store003,SKU001,16,78,305.84,367.01,7,SUP001,Electronics,,0,None,16.0,0.47559981845990906,C,13.637857369667923,25.298221281347036,125.63785736966793,0,True,47.63785736966793,Low,5340,54.12876712328767,98.65364174722883
2023-12-29,Store003,SKU002,11,61,69.57,144.82,5,SUP002,Clothing,,0,None,13.857142857142858,0.44687170121026343,C,10.484026374443221,23.543273227945903,79.76974066015751,0,True,18.76974066015751,Low,4369,54.772602739726025,79.76615646258503
2023-12-29,Store003,SKU003,9,74,27.47,32.96,3,SUP003,Books,,0,None,12.857142857142858,0.49263346168064476,C,9.626516732683555,22.677868380553633,48.197945304112125,0,False,0.0,Low,3639,54.92602739726028,66.25274341580207
2023-12-30,Store001,SKU001,14,20,305.84,367.01,7,SUP001,Electronics,,0,None,17.428571428571427,0.4469480032434872,C,12.78266391216064,26.403462976338105,134.78266391216061,0,True,114.78266391216061,Medium,5326,55.054794520547944,96.73998507091316
2023-12-30,Store001,SKU002,19,18,69.57,144.82,5,SUP002,Clothing,,0,None,18.428571428571427,0.4888827050106926,C,11.603530548078444,27.15037489875337,103.74638769093558,0,True,85.74638769093558,Medium,4420,53.88219178082192,82.03081303706716
2023-12-30,Store001,SKU003,12,61,27.47,32.96,3,SUP003,Books,,0,None,14.0,0.5124098617067465,C,10.087258421679966,23.664319132398465,52.08725842167996,0,False,0.0,Low,3666,55.73424657534247,65.77643415425453
2023-12-30,Store002,SKU001,42,60,305.84,367.01,7,SUP001,Electronics,,0,None,21.857142857142858,0.48777608644303344,C,14.036779212620559,29.56832281827487,167.03677921262056,0,True,107.03677921262056,Medium,5359,54.868493150684934,97.6698956408848
2023-12-30,Store002,SKU002,9,72,69.57,144.82,5,SUP002,Clothing,,0,None,15.142857142857142,0.5114843407900957,C,12.823879339210837,24.611263391266316,88.53816505349654,0,True,16.53816505349654,Low,4669,52.778082191780825,88.46475290697674
2023-12-30,Store002,SKU003,14,41,27.47,32.96,3,SUP003,Books,,0,None,12.0,0.5196382683114912,C,10.218394694715325,21.908902300206645,46.21839469471533,0,True,5.218394694715329,Low,3662,54.57260273972603,67.10326823635724
2023-12-30,Store003,SKU001,23,37,305.84,367.01,7,SUP001,Electronics,,0,None,15.571428571428571,0.47559981845990906,C,13.637857369667923,24.95710605933995,122.63785736966793,0,True,85.63785736966793,Medium,5340,54.12876712328767,98.65364174722883
2023-12-30,Store003,SKU002,30,75,69.57,144.82,5,SUP002,Clothing,,0,None,15.714285714285714,0.44687170121026343,C,10.484026374443221,25.071326821120348,89.05545494587179,0,True,14.055454945871787,Low,4369,54.772602739726025,79.76615646258503
2023-12-30,Store003,SKU003,8,68,27.47,32.96,3,SUP003,Books,,0,None,11.857142857142858,0.49263346168064476,C,9.626516732683555,21.778101714468008,45.197945304112125,0,False,0.0,Low,3639,54.92602739726028,66.25274341580207
2023-12-31,Store001,SKU001,37,17,305.84,367.01,7,SUP001,Electronics,,0,None,19.428571428571427,0.4469480032434872,C,12.78266391216064,27.877282097486784,148.78266391216064,0,True,131.78266391216064,Medium,5326,55.054794520547944,96.73998507091316
2023-12-31,Store001,SKU002,18,88,69.57,144.82,5,SUP002,Clothing,,0,None,19.142857142857142,0.4888827050106926,C,11.603530548078444,27.67154288640743,107.31781626236415,0,True,19.317816262364147,Low,4420,53.88219178082192,82.03081303706716
2023-12-31,Store001,SKU003,25,24,27.47,32.96,3,SUP003,Books,,0,None,14.714285714285714,0.5124098617067465,C,10.087258421679966,24.26049110326146,54.2301155645371,0,True,30.2301155645371,Low,3666,55.73424657534247,65.77643415425453
2023-12-31,Store002,SKU001,13,72,305.84,367.01,7,SUP001,Electronics,,0,None,20.857142857142858,0.48777608644303344,C,14.036779212620559,28.88400447108597,160.03677921262056,0,True,88.03677921262056,Medium,5359,54.868493150684934,97.6698956408848
2023-12-31,Store002,SKU002,20,15,69.57,144.82,5,SUP002,Clothing,,0,None,16.142857142857142,0.5114843407900957,C,12.823879339210837,25.410908793553325,93.53816505349654,0,True,78.53816505349654,Medium,4669,52.778082191780825,88.46475290697674
2023-12-31,Store002,SKU003,14,67,27.47,32.96,3,SUP003,Books,2023-12-13,70,Delivered,13.285714285714286,0.5196382683114912,C,10.218394694715325,23.052734575936352,50.07553755185819,0,False,0.0,Low,3662,54.57260273972603,67.10326823635724
2023-12-31,Store003,SKU001,25,15,305.84,367.01,7,SUP001,Electronics,,0,None,16.142857142857142,0.47559981845990906,C,13.637857369667923,25.410908793553325,126.63785736966793,0,True,111.63785736966793,Medium,5340,54.12876712328767,98.65364174722883
2023-12-31,Store003,SKU002,33,44,69.57,144.82,5,SUP002,Clothing,,0,None,16.714285714285715,0.44687170121026343,C,10.484026374443221,25.85674822114004,94.0554549458718,0,True,50.0554549458718,Low,4369,54.772602739726025,79.76615646258503
2023-12-31,Store003,SKU003,17,16,27.47,32.96,3,SUP003,Books,,0,None,11.714285714285714,0.49263346168064476,C,9.626516732683555,21.64651077128664,44.769373875540694,0,True,28.769373875540694,Low,3639,54.92602739726028,66.25274341580207
