Date,Store,SKU,SalesQuantity,InventoryLevel,UnitCost,SellingPrice,LeadTime,SupplierID,Category,OrderedDate,OrderedQuantity,OrderStatus
2023-01-01,Store001,SKU001,31,49,305.84,367.01,7,SUP001,Electronics,,0,None
2023-01-01,Store001,SKU002,8,42,69.57,144.82,5,SUP002,Clothing,,0,None
2023-01-01,Store001,SKU003,9,85,27.47,32.96,3,SUP003,Books,,0,None
2023-01-01,Store002,SKU001,13,27,305.84,367.01,7,SUP001,Electronics,,0,None
2023-01-01,Store002,SKU002,21,51,69.57,144.82,5,SUP002,Clothing,,0,None
2023-01-01,Store002,SKU003,14,63,27.47,32.96,3,SUP003,Books,,0,None
2023-01-01,Store003,SKU001,23,89,305.84,367.01,7,SUP001,Electronics,,0,None
2023-01-01,Store003,SKU002,15,79,69.57,144.82,5,SUP002,Clothing,2022-12-14,60,Delivered
2023-01-01,Store003,SKU003,11,10,27.47,32.96,3,SUP003,Books,,0,None
2023-01-02,Store001,SKU001,14,30,305.84,367.01,7,SUP001,Electronics,,0,None
2023-01-02,Store001,SKU002,13,61,69.57,144.82,5,SUP002,Clothing,,0,None
2023-01-02,Store001,SKU003,15,70,27.47,32.96,3,SUP003,Books,,0,None
2023-01-02,Store002,SKU001,24,29,305.84,367.01,7,SUP001,Electronics,,0,None
2023-01-02,Store002,SKU002,10,35,69.57,144.82,5,SUP002,Clothing,,0,None
2023-01-02,Store002,SKU003,11,80,27.47,32.96,3,SUP003,Books,,0,None
2023-01-02,Store003,SKU001,23,64,305.84,367.01,7,SUP001,Electronics,,0,None
2023-01-02,Store003,SKU002,5,86,69.57,144.82,5,SUP002,Clothing,,0,None
2023-01-02,Store003,SKU003,21,47,27.47,32.96,3,SUP003,Books,,0,None
2023-01-03,Store001,SKU001,27,61,305.84,367.01,7,SUP001,Electronics,,0,None
2023-01-03,Store001,SKU002,12,60,69.57,144.82,5,SUP002,Clothing,,0,None
2023-01-03,Store001,SKU003,15,46,27.47,32.96,3,SUP003,Books,,0,None
2023-01-03,Store002,SKU001,27,71,305.84,367.01,7,SUP001,Electronics,2022-12-17,45,Delivered
2023-01-03,Store002,SKU002,18,40,69.57,144.82,5,SUP002,Clothing,,0,None
2023-01-03,Store002,SKU003,17,22,27.47,32.96,3,SUP003,Books,,0,None
2023-01-03,Store003,SKU001,12,81,305.84,367.01,7,SUP001,Electronics,,0,None
2023-01-03,Store003,SKU002,15,83,69.57,144.82,5,SUP002,Clothing,,0,None
2023-01-03,Store003,SKU003,14,46,27.47,32.96,3,SUP003,Books,2022-12-13,73,Delivered
2023-01-04,Store001,SKU001,15,97,305.84,367.01,7,SUP001,Electronics,2022-12-26,81,Shipped
2023-01-04,Store001,SKU002,20,46,69.57,144.82,5,SUP002,Clothing,,0,None
2023-01-04,Store001,SKU003,11,93,27.47,32.96,3,SUP003,Books,,0,None
2023-01-04,Store002,SKU001,17,21,305.84,367.01,7,SUP001,Electronics,,0,None
2023-01-04,Store002,SKU002,6,53,69.57,144.82,5,SUP002,Clothing,,0,None
2023-01-04,Store002,SKU003,4,83,27.47,32.96,3,SUP003,Books,,0,None
2023-01-04,Store003,SKU001,7,16,305.84,367.01,7,SUP001,Electronics,,0,None
2023-01-04,Store003,SKU002,16,33,69.57,144.82,5,SUP002,Clothing,,0,None
2023-01-04,Store003,SKU003,21,67,27.47,32.96,3,SUP003,Books,,0,None
2023-01-05,Store001,SKU001,20,46,305.84,367.01,7,SUP001,Electronics,,0,None
2023-01-05,Store001,SKU002,8,78,69.57,144.82,5,SUP002,Clothing,,0,None
2023-01-05,Store001,SKU003,8,53,27.47,32.96,3,SUP003,Books,,0,None
2023-01-05,Store002,SKU001,28,46,305.84,367.01,7,SUP001,Electronics,,0,None
2023-01-05,Store002,SKU002,18,78,69.57,144.82,5,SUP002,Clothing,,0,None
2023-01-05,Store002,SKU003,11,82,27.47,32.96,3,SUP003,Books,,0,None
2023-01-05,Store003,SKU001,20,81,305.84,367.01,7,SUP001,Electronics,,0,None
2023-01-05,Store003,SKU002,8,36,69.57,144.82,5,SUP002,Clothing,,0,None
2023-01-05,Store003,SKU003,14,30,27.47,32.96,3,SUP003,Books,,0,None
2023-01-06,Store001,SKU001,6,87,305.84,367.01,7,SUP001,Electronics,,0,None
2023-01-06,Store001,SKU002,24,32,69.57,144.82,5,SUP002,Clothing,,0,None
2023-01-06,Store001,SKU003,14,57,27.47,32.96,3,SUP003,Books,,0,None
2023-01-06,Store002,SKU001,34,48,305.84,367.01,7,SUP001,Electronics,2022-12-18,17,Delivered
2023-01-06,Store002,SKU002,14,60,69.57,144.82,5,SUP002,Clothing,,0,None
2023-01-06,Store002,SKU003,13,82,27.47,32.96,3,SUP003,Books,,0,None
2023-01-06,Store003,SKU001,12,79,305.84,367.01,7,SUP001,Electronics,,0,None
2023-01-06,Store003,SKU002,10,80,69.57,144.82,5,SUP002,Clothing,,0,None
2023-01-06,Store003,SKU003,6,64,27.47,32.96,3,SUP003,Books,,0,None
2023-01-07,Store001,SKU001,8,35,305.84,367.01,7,SUP001,Electronics,,0,None
2023-01-07,Store001,SKU002,18,11,69.57,144.82,5,SUP002,Clothing,,0,None
2023-01-07,Store001,SKU003,10,69,27.47,32.96,3,SUP003,Books,,0,None
2023-01-07,Store002,SKU001,16,92,305.84,367.01,7,SUP001,Electronics,,0,None
2023-01-07,Store002,SKU002,32,50,69.57,144.82,5,SUP002,Clothing,,0,None
2023-01-07,Store002,SKU003,17,56,27.47,32.96,3,SUP003,Books,,0,None
2023-01-07,Store003,SKU001,35,62,305.84,367.01,7,SUP001,Electronics,,0,None
2023-01-07,Store003,SKU002,16,58,69.57,144.82,5,SUP002,Clothing,,0,None
2023-01-07,Store003,SKU003,12,59,27.47,32.96,3,SUP003,Books,,0,None
2023-01-08,Store001,SKU001,12,52,305.84,367.01,7,SUP001,Electronics,,0,None
2023-01-08,Store001,SKU002,8,47,69.57,144.82,5,SUP002,Clothing,,0,None
2023-01-08,Store001,SKU003,19,28,27.47,32.96,3,SUP003,Books,,0,None
2023-01-08,Store002,SKU001,18,93,305.84,367.01,7,SUP001,Electronics,,0,None
2023-01-08,Store002,SKU002,43,29,69.57,144.82,5,SUP002,Clothing,,0,None
2023-01-08,Store002,SKU003,13,76,27.47,32.96,3,SUP003,Books,,0,None
2023-01-08,Store003,SKU001,23,20,305.84,367.01,7,SUP001,Electronics,,0,None
2023-01-08,Store003,SKU002,19,60,69.57,144.82,5,SUP002,Clothing,,0,None
2023-01-08,Store003,SKU003,4,57,27.47,32.96,3,SUP003,Books,2022-12-14,28,Delivered
2023-01-09,Store001,SKU001,17,58,305.84,367.01,7,SUP001,Electronics,,0,None
2023-01-09,Store001,SKU002,20,42,69.57,144.82,5,SUP002,Clothing,,0,None
2023-01-09,Store001,SKU003,5,36,27.47,32.96,3,SUP003,Books,,0,None
2023-01-09,Store002,SKU001,15,89,305.84,367.01,7,SUP001,Electronics,,0,None
2023-01-09,Store002,SKU002,17,67,69.57,144.82,5,SUP002,Clothing,,0,None
2023-01-09,Store002,SKU003,19,81,27.47,32.96,3,SUP003,Books,,0,None
2023-01-09,Store003,SKU001,18,21,305.84,367.01,7,SUP001,Electronics,2023-01-01,40,In Transit
2023-01-09,Store003,SKU002,15,91,69.57,144.82,5,SUP002,Clothing,,0,None
2023-01-09,Store003,SKU003,11,50,27.47,32.96,3,SUP003,Books,,0,None
2023-01-10,Store001,SKU001,14,96,305.84,367.01,7,SUP001,Electronics,,0,None
2023-01-10,Store001,SKU002,12,69,69.57,144.82,5,SUP002,Clothing,,0,None
2023-01-10,Store001,SKU003,17,75,27.47,32.96,3,SUP003,Books,,0,None
2023-01-10,Store002,SKU001,4,79,305.84,367.01,7,SUP001,Electronics,,0,None
2023-01-10,Store002,SKU002,21,64,69.57,144.82,5,SUP002,Clothing,,0,None
2023-01-10,Store002,SKU003,7,48,27.47,32.96,3,SUP003,Books,,0,None
2023-01-10,Store003,SKU001,26,59,305.84,367.01,7,SUP001,Electronics,,0,None
2023-01-10,Store003,SKU002,8,31,69.57,144.82,5,SUP002,Clothing,,0,None
2023-01-10,Store003,SKU003,3,21,27.47,32.96,3,SUP003,Books,,0,None
2023-01-11,Store001,SKU001,20,48,305.84,367.01,7,SUP001,Electronics,,0,None
2023-01-11,Store001,SKU002,15,15,69.57,144.82,5,SUP002,Clothing,2022-12-26,88,Delivered
2023-01-11,Store001,SKU003,12,13,27.47,32.96,3,SUP003,Books,2022-12-27,21,Delivered
2023-01-11,Store002,SKU001,7,61,305.84,367.01,7,SUP001,Electronics,,0,None
2023-01-11,Store002,SKU002,31,21,69.57,144.82,5,SUP002,Clothing,,0,None
2023-01-11,Store002,SKU003,15,50,27.47,32.96,3,SUP003,Books,,0,None
2023-01-11,Store003,SKU001,11,93,305.84,367.01,7,SUP001,Electronics,,0,None
2023-01-11,Store003,SKU002,22,74,69.57,144.82,5,SUP002,Clothing,,0,None
2023-01-11,Store003,SKU003,17,98,27.47,32.96,3,SUP003,Books,,0,None
2023-01-12,Store001,SKU001,14,54,305.84,367.01,7,SUP001,Electronics,,0,None
2023-01-12,Store001,SKU002,16,51,69.57,144.82,5,SUP002,Clothing,,0,None
2023-01-12,Store001,SKU003,10,32,27.47,32.96,3,SUP003,Books,,0,None
2023-01-12,Store002,SKU001,6,51,305.84,367.01,7,SUP001,Electronics,,0,None
2023-01-12,Store002,SKU002,18,40,69.57,144.82,5,SUP002,Clothing,,0,None
2023-01-12,Store002,SKU003,8,27,27.47,32.96,3,SUP003,Books,,0,None
2023-01-12,Store003,SKU001,20,13,305.84,367.01,7,SUP001,Electronics,,0,None
2023-01-12,Store003,SKU002,15,16,69.57,144.82,5,SUP002,Clothing,2022-12-19,47,Delivered
2023-01-12,Store003,SKU003,7,82,27.47,32.96,3,SUP003,Books,,0,None
2023-01-13,Store001,SKU001,6,87,305.84,367.01,7,SUP001,Electronics,,0,None
2023-01-13,Store001,SKU002,3,45,69.57,144.82,5,SUP002,Clothing,,0,None
2023-01-13,Store001,SKU003,13,80,27.47,32.96,3,SUP003,Books,,0,None
2023-01-13,Store002,SKU001,28,54,305.84,367.01,7,SUP001,Electronics,,0,None
2023-01-13,Store002,SKU002,22,37,69.57,144.82,5,SUP002,Clothing,,0,None
2023-01-13,Store002,SKU003,18,68,27.47,32.96,3,SUP003,Books,,0,None
2023-01-13,Store003,SKU001,17,12,305.84,367.01,7,SUP001,Electronics,,0,None
2023-01-13,Store003,SKU002,16,74,69.57,144.82,5,SUP002,Clothing,,0,None
2023-01-13,Store003,SKU003,9,92,27.47,32.96,3,SUP003,Books,,0,None
2023-01-14,Store001,SKU001,22,66,305.84,367.01,7,SUP001,Electronics,,0,None
2023-01-14,Store001,SKU002,24,61,69.57,144.82,5,SUP002,Clothing,,0,None
2023-01-14,Store001,SKU003,10,29,27.47,32.96,3,SUP003,Books,,0,None
2023-01-14,Store002,SKU001,23,49,305.84,367.01,7,SUP001,Electronics,,0,None
2023-01-14,Store002,SKU002,19,90,69.57,144.82,5,SUP002,Clothing,2022-12-24,33,Delivered
2023-01-14,Store002,SKU003,8,91,27.47,32.96,3,SUP003,Books,,0,None
2023-01-14,Store003,SKU001,19,43,305.84,367.01,7,SUP001,Electronics,,0,None
2023-01-14,Store003,SKU002,16,53,69.57,144.82,5,SUP002,Clothing,,0,None
2023-01-14,Store003,SKU003,11,30,27.47,32.96,3,SUP003,Books,,0,None
2023-01-15,Store001,SKU001,17,85,305.84,367.01,7,SUP001,Electronics,,0,None
2023-01-15,Store001,SKU002,31,79,69.57,144.82,5,SUP002,Clothing,,0,None
2023-01-15,Store001,SKU003,22,98,27.47,32.96,3,SUP003,Books,,0,None
2023-01-15,Store002,SKU001,12,52,305.84,367.01,7,SUP001,Electronics,,0,None
2023-01-15,Store002,SKU002,11,24,69.57,144.82,5,SUP002,Clothing,,0,None
2023-01-15,Store002,SKU003,4,44,27.47,32.96,3,SUP003,Books,,0,None
2023-01-15,Store003,SKU001,27,98,305.84,367.01,7,SUP001,Electronics,,0,None
2023-01-15,Store003,SKU002,11,42,69.57,144.82,5,SUP002,Clothing,,0,None
2023-01-15,Store003,SKU003,10,12,27.47,32.96,3,SUP003,Books,,0,None
2023-01-16,Store001,SKU001,17,92,305.84,367.01,7,SUP001,Electronics,,0,None
2023-01-16,Store001,SKU002,13,93,69.57,144.82,5,SUP002,Clothing,,0,None
2023-01-16,Store001,SKU003,6,55,27.47,32.96,3,SUP003,Books,2022-12-22,26,Delivered
2023-01-16,Store002,SKU001,17,50,305.84,367.01,7,SUP001,Electronics,,0,None
2023-01-16,Store002,SKU002,13,72,69.57,144.82,5,SUP002,Clothing,,0,None
2023-01-16,Store002,SKU003,11,62,27.47,32.96,3,SUP003,Books,,0,None
2023-01-16,Store003,SKU001,20,75,305.84,367.01,7,SUP001,Electronics,,0,None
2023-01-16,Store003,SKU002,9,77,69.57,144.82,5,SUP002,Clothing,,0,None
2023-01-16,Store003,SKU003,14,72,27.47,32.96,3,SUP003,Books,,0,None
2023-01-17,Store001,SKU001,17,21,305.84,367.01,7,SUP001,Electronics,,0,None
2023-01-17,Store001,SKU002,11,98,69.57,144.82,5,SUP002,Clothing,,0,None
2023-01-17,Store001,SKU003,8,72,27.47,32.96,3,SUP003,Books,2023-01-05,36,Delivered
2023-01-17,Store002,SKU001,7,56,305.84,367.01,7,SUP001,Electronics,,0,None
2023-01-17,Store002,SKU002,13,65,69.57,144.82,5,SUP002,Clothing,,0,None
2023-01-17,Store002,SKU003,18,28,27.47,32.96,3,SUP003,Books,,0,None
2023-01-17,Store003,SKU001,17,21,305.84,367.01,7,SUP001,Electronics,,0,None
2023-01-17,Store003,SKU002,17,35,69.57,144.82,5,SUP002,Clothing,,0,None
2023-01-17,Store003,SKU003,18,45,27.47,32.96,3,SUP003,Books,,0,None
2023-01-18,Store001,SKU001,16,49,305.84,367.01,7,SUP001,Electronics,,0,None
2023-01-18,Store001,SKU002,18,99,69.57,144.82,5,SUP002,Clothing,,0,None
2023-01-18,Store001,SKU003,8,86,27.47,32.96,3,SUP003,Books,,0,None
2023-01-18,Store002,SKU001,18,49,305.84,367.01,7,SUP001,Electronics,,0,None
2023-01-18,Store002,SKU002,18,13,69.57,144.82,5,SUP002,Clothing,,0,None
2023-01-18,Store002,SKU003,10,81,27.47,32.96,3,SUP003,Books,2022-12-26,70,Delivered
2023-01-18,Store003,SKU001,25,98,305.84,367.01,7,SUP001,Electronics,,0,None
2023-01-18,Store003,SKU002,13,79,69.57,144.82,5,SUP002,Clothing,,0,None
2023-01-18,Store003,SKU003,21,24,27.47,32.96,3,SUP003,Books,,0,None
2023-01-19,Store001,SKU001,17,95,305.84,367.01,7,SUP001,Electronics,2023-01-07,96,Delivered
2023-01-19,Store001,SKU002,12,57,69.57,144.82,5,SUP002,Clothing,,0,None
2023-01-19,Store001,SKU003,14,93,27.47,32.96,3,SUP003,Books,,0,None
2023-01-19,Store002,SKU001,17,66,305.84,367.01,7,SUP001,Electronics,,0,None
2023-01-19,Store002,SKU002,23,91,69.57,144.82,5,SUP002,Clothing,,0,None
2023-01-19,Store002,SKU003,16,38,27.47,32.96,3,SUP003,Books,,0,None
2023-01-19,Store003,SKU001,20,53,305.84,367.01,7,SUP001,Electronics,,0,None
2023-01-19,Store003,SKU002,4,57,69.57,144.82,5,SUP002,Clothing,,0,None
2023-01-19,Store003,SKU003,8,53,27.47,32.96,3,SUP003,Books,2022-12-22,24,Delivered
2023-01-20,Store001,SKU001,21,97,305.84,367.01,7,SUP001,Electronics,,0,None
2023-01-20,Store001,SKU002,16,55,69.57,144.82,5,SUP002,Clothing,,0,None
2023-01-20,Store001,SKU003,17,81,27.47,32.96,3,SUP003,Books,,0,None
2023-01-20,Store002,SKU001,36,35,305.84,367.01,7,SUP001,Electronics,,0,None
2023-01-20,Store002,SKU002,22,17,69.57,144.82,5,SUP002,Clothing,,0,None
2023-01-20,Store002,SKU003,8,69,27.47,32.96,3,SUP003,Books,2023-01-09,39,Delivered
2023-01-20,Store003,SKU001,16,94,305.84,367.01,7,SUP001,Electronics,,0,None
2023-01-20,Store003,SKU002,8,21,69.57,144.82,5,SUP002,Clothing,,0,None
2023-01-20,Store003,SKU003,11,91,27.47,32.96,3,SUP003,Books,,0,None
2023-01-21,Store001,SKU001,19,71,305.84,367.01,7,SUP001,Electronics,,0,None
2023-01-21,Store001,SKU002,5,31,69.57,144.82,5,SUP002,Clothing,,0,None
2023-01-21,Store001,SKU003,20,57,27.47,32.96,3,SUP003,Books,,0,None
2023-01-21,Store002,SKU001,19,16,305.84,367.01,7,SUP001,Electronics,,0,None
2023-01-21,Store002,SKU002,33,39,69.57,144.82,5,SUP002,Clothing,,0,None
2023-01-21,Store002,SKU003,18,67,27.47,32.96,3,SUP003,Books,,0,None
2023-01-21,Store003,SKU001,34,39,305.84,367.01,7,SUP001,Electronics,,0,None
2023-01-21,Store003,SKU002,9,37,69.57,144.82,5,SUP002,Clothing,,0,None
2023-01-21,Store003,SKU003,5,85,27.47,32.96,3,SUP003,Books,,0,None
2023-01-22,Store001,SKU001,20,27,305.84,367.01,7,SUP001,Electronics,,0,None
2023-01-22,Store001,SKU002,11,77,69.57,144.82,5,SUP002,Clothing,,0,None
2023-01-22,Store001,SKU003,5,71,27.47,32.96,3,SUP003,Books,,0,None
2023-01-22,Store002,SKU001,14,10,305.84,367.01,7,SUP001,Electronics,,0,None
2023-01-22,Store002,SKU002,26,36,69.57,144.82,5,SUP002,Clothing,,0,None
2023-01-22,Store002,SKU003,19,87,27.47,32.96,3,SUP003,Books,,0,None
2023-01-22,Store003,SKU001,27,82,305.84,367.01,7,SUP001,Electronics,,0,None
2023-01-22,Store003,SKU002,9,47,69.57,144.82,5,SUP002,Clothing,,0,None
2023-01-22,Store003,SKU003,18,67,27.47,32.96,3,SUP003,Books,,0,None
2023-01-23,Store001,SKU001,16,15,305.84,367.01,7,SUP001,Electronics,,0,None
2023-01-23,Store001,SKU002,14,41,69.57,144.82,5,SUP002,Clothing,,0,None
2023-01-23,Store001,SKU003,10,38,27.47,32.96,3,SUP003,Books,2023-01-14,27,Delivered
2023-01-23,Store002,SKU001,14,69,305.84,367.01,7,SUP001,Electronics,,0,None
2023-01-23,Store002,SKU002,20,16,69.57,144.82,5,SUP002,Clothing,,0,None
2023-01-23,Store002,SKU003,15,23,27.47,32.96,3,SUP003,Books,,0,None
2023-01-23,Store003,SKU001,9,15,305.84,367.01,7,SUP001,Electronics,,0,None
2023-01-23,Store003,SKU002,11,39,69.57,144.82,5,SUP002,Clothing,2023-01-06,23,Delivered
2023-01-23,Store003,SKU003,20,47,27.47,32.96,3,SUP003,Books,,0,None
2023-01-24,Store001,SKU001,22,26,305.84,367.01,7,SUP001,Electronics,2023-01-18,33,Pending
2023-01-24,Store001,SKU002,12,31,69.57,144.82,5,SUP002,Clothing,,0,None
2023-01-24,Store001,SKU003,13,64,27.47,32.96,3,SUP003,Books,,0,None
2023-01-24,Store002,SKU001,26,86,305.84,367.01,7,SUP001,Electronics,,0,None
2023-01-24,Store002,SKU002,21,35,69.57,144.82,5,SUP002,Clothing,,0,None
2023-01-24,Store002,SKU003,13,22,27.47,32.96,3,SUP003,Books,,0,None
2023-01-24,Store003,SKU001,28,48,305.84,367.01,7,SUP001,Electronics,,0,None
2023-01-24,Store003,SKU002,13,31,69.57,144.82,5,SUP002,Clothing,,0,None
2023-01-24,Store003,SKU003,8,53,27.47,32.96,3,SUP003,Books,2022-12-30,19,Delivered
2023-01-25,Store001,SKU001,18,16,305.84,367.01,7,SUP001,Electronics,,0,None
2023-01-25,Store001,SKU002,26,90,69.57,144.82,5,SUP002,Clothing,,0,None
2023-01-25,Store001,SKU003,4,95,27.47,32.96,3,SUP003,Books,2023-01-03,33,Delivered
2023-01-25,Store002,SKU001,30,18,305.84,367.01,7,SUP001,Electronics,,0,None
2023-01-25,Store002,SKU002,14,14,69.57,144.82,5,SUP002,Clothing,,0,None
2023-01-25,Store002,SKU003,14,23,27.47,32.96,3,SUP003,Books,,0,None
2023-01-25,Store003,SKU001,16,82,305.84,367.01,7,SUP001,Electronics,,0,None
2023-01-25,Store003,SKU002,11,21,69.57,144.82,5,SUP002,Clothing,,0,None
2023-01-25,Store003,SKU003,31,40,27.47,32.96,3,SUP003,Books,,0,None
2023-01-26,Store001,SKU001,26,68,305.84,367.01,7,SUP001,Electronics,,0,None
2023-01-26,Store001,SKU002,23,97,69.57,144.82,5,SUP002,Clothing,,0,None
2023-01-26,Store001,SKU003,13,57,27.47,32.96,3,SUP003,Books,,0,None
2023-01-26,Store002,SKU001,28,60,305.84,367.01,7,SUP001,Electronics,,0,None
2023-01-26,Store002,SKU002,14,58,69.57,144.82,5,SUP002,Clothing,,0,None
2023-01-26,Store002,SKU003,3,80,27.47,32.96,3,SUP003,Books,,0,None
2023-01-26,Store003,SKU001,19,95,305.84,367.01,7,SUP001,Electronics,2023-01-24,24,Confirmed
2023-01-26,Store003,SKU002,19,77,69.57,144.82,5,SUP002,Clothing,,0,None
2023-01-26,Store003,SKU003,8,48,27.47,32.96,3,SUP003,Books,,0,None
2023-01-27,Store001,SKU001,14,60,305.84,367.01,7,SUP001,Electronics,,0,None
2023-01-27,Store001,SKU002,15,81,69.57,144.82,5,SUP002,Clothing,2023-01-16,42,Delivered
2023-01-27,Store001,SKU003,10,56,27.47,32.96,3,SUP003,Books,,0,None
2023-01-27,Store002,SKU001,36,51,305.84,367.01,7,SUP001,Electronics,,0,None
2023-01-27,Store002,SKU002,23,80,69.57,144.82,5,SUP002,Clothing,2023-01-19,37,Delivered
2023-01-27,Store002,SKU003,8,99,27.47,32.96,3,SUP003,Books,,0,None
2023-01-27,Store003,SKU001,34,47,305.84,367.01,7,SUP001,Electronics,,0,None
2023-01-27,Store003,SKU002,25,27,69.57,144.82,5,SUP002,Clothing,,0,None
2023-01-27,Store003,SKU003,13,18,27.47,32.96,3,SUP003,Books,,0,None
2023-01-28,Store001,SKU001,21,67,305.84,367.01,7,SUP001,Electronics,,0,None
2023-01-28,Store001,SKU002,18,90,69.57,144.82,5,SUP002,Clothing,,0,None
2023-01-28,Store001,SKU003,11,57,27.47,32.96,3,SUP003,Books,,0,None
2023-01-28,Store002,SKU001,24,76,305.84,367.01,7,SUP001,Electronics,,0,None
2023-01-28,Store002,SKU002,18,47,69.57,144.82,5,SUP002,Clothing,,0,None
2023-01-28,Store002,SKU003,24,56,27.47,32.96,3,SUP003,Books,,0,None
2023-01-28,Store003,SKU001,52,61,305.84,367.01,7,SUP001,Electronics,,0,None
2023-01-28,Store003,SKU002,12,28,69.57,144.82,5,SUP002,Clothing,,0,None
2023-01-28,Store003,SKU003,18,38,27.47,32.96,3,SUP003,Books,2023-01-04,68,Delivered
2023-01-29,Store001,SKU001,22,34,305.84,367.01,7,SUP001,Electronics,,0,None
2023-01-29,Store001,SKU002,28,22,69.57,144.82,5,SUP002,Clothing,,0,None
2023-01-29,Store001,SKU003,11,57,27.47,32.96,3,SUP003,Books,,0,None
2023-01-29,Store002,SKU001,19,26,305.84,367.01,7,SUP001,Electronics,,0,None
2023-01-29,Store002,SKU002,29,76,69.57,144.82,5,SUP002,Clothing,,0,None
2023-01-29,Store002,SKU003,9,14,27.47,32.96,3,SUP003,Books,,0,None
2023-01-29,Store003,SKU001,30,12,305.84,367.01,7,SUP001,Electronics,,0,None
2023-01-29,Store003,SKU002,19,89,69.57,144.82,5,SUP002,Clothing,,0,None
2023-01-29,Store003,SKU003,7,99,27.47,32.96,3,SUP003,Books,,0,None
2023-01-30,Store001,SKU001,17,32,305.84,367.01,7,SUP001,Electronics,,0,None
2023-01-30,Store001,SKU002,11,30,69.57,144.82,5,SUP002,Clothing,,0,None
2023-01-30,Store001,SKU003,8,58,27.47,32.96,3,SUP003,Books,,0,None
2023-01-30,Store002,SKU001,11,84,305.84,367.01,7,SUP001,Electronics,,0,None
2023-01-30,Store002,SKU002,15,61,69.57,144.82,5,SUP002,Clothing,,0,None
2023-01-30,Store002,SKU003,13,22,27.47,32.96,3,SUP003,Books,,0,None
2023-01-30,Store003,SKU001,14,80,305.84,367.01,7,SUP001,Electronics,,0,None
2023-01-30,Store003,SKU002,20,92,69.57,144.82,5,SUP002,Clothing,,0,None
2023-01-30,Store003,SKU003,9,59,27.47,32.96,3,SUP003,Books,,0,None
2023-01-31,Store001,SKU001,15,58,305.84,367.01,7,SUP001,Electronics,,0,None
2023-01-31,Store001,SKU002,25,87,69.57,144.82,5,SUP002,Clothing,,0,None
2023-01-31,Store001,SKU003,6,72,27.47,32.96,3,SUP003,Books,,0,None
2023-01-31,Store002,SKU001,18,31,305.84,367.01,7,SUP001,Electronics,,0,None
2023-01-31,Store002,SKU002,14,16,69.57,144.82,5,SUP002,Clothing,,0,None
2023-01-31,Store002,SKU003,8,50,27.47,32.96,3,SUP003,Books,,0,None
2023-01-31,Store003,SKU001,20,28,305.84,367.01,7,SUP001,Electronics,,0,None
2023-01-31,Store003,SKU002,23,81,69.57,144.82,5,SUP002,Clothing,,0,None
2023-01-31,Store003,SKU003,6,57,27.47,32.96,3,SUP003,Books,,0,None
2023-02-01,Store001,SKU001,7,32,305.84,367.01,7,SUP001,Electronics,,0,None
2023-02-01,Store001,SKU002,8,13,69.57,144.82,5,SUP002,Clothing,,0,None
2023-02-01,Store001,SKU003,6,56,27.47,32.96,3,SUP003,Books,,0,None
2023-02-01,Store002,SKU001,7,81,305.84,367.01,7,SUP001,Electronics,,0,None
2023-02-01,Store002,SKU002,5,43,69.57,144.82,5,SUP002,Clothing,,0,None
2023-02-01,Store002,SKU003,10,12,27.47,32.96,3,SUP003,Books,,0,None
2023-02-01,Store003,SKU001,11,26,305.84,367.01,7,SUP001,Electronics,,0,None
2023-02-01,Store003,SKU002,12,49,69.57,144.82,5,SUP002,Clothing,,0,None
2023-02-01,Store003,SKU003,10,62,27.47,32.96,3,SUP003,Books,,0,None
2023-02-02,Store001,SKU001,12,58,305.84,367.01,7,SUP001,Electronics,,0,None
2023-02-02,Store001,SKU002,16,80,69.57,144.82,5,SUP002,Clothing,,0,None
2023-02-02,Store001,SKU003,7,62,27.47,32.96,3,SUP003,Books,,0,None
2023-02-02,Store002,SKU001,18,12,305.84,367.01,7,SUP001,Electronics,,0,None
2023-02-02,Store002,SKU002,16,69,69.57,144.82,5,SUP002,Clothing,,0,None
2023-02-02,Store002,SKU003,2,16,27.47,32.96,3,SUP003,Books,,0,None
2023-02-02,Store003,SKU001,10,93,305.84,367.01,7,SUP001,Electronics,,0,None
2023-02-02,Store003,SKU002,10,15,69.57,144.82,5,SUP002,Clothing,,0,None
2023-02-02,Store003,SKU003,16,92,27.47,32.96,3,SUP003,Books,,0,None
2023-02-03,Store001,SKU001,9,95,305.84,367.01,7,SUP001,Electronics,,0,None
2023-02-03,Store001,SKU002,9,46,69.57,144.82,5,SUP002,Clothing,,0,None
2023-02-03,Store001,SKU003,7,59,27.47,32.96,3,SUP003,Books,,0,None
2023-02-03,Store002,SKU001,8,80,305.84,367.01,7,SUP001,Electronics,,0,None
2023-02-03,Store002,SKU002,1,97,69.57,144.82,5,SUP002,Clothing,,0,None
2023-02-03,Store002,SKU003,15,30,27.47,32.96,3,SUP003,Books,,0,None
2023-02-03,Store003,SKU001,12,96,305.84,367.01,7,SUP001,Electronics,,0,None
2023-02-03,Store003,SKU002,5,44,69.57,144.82,5,SUP002,Clothing,,0,None
2023-02-03,Store003,SKU003,15,48,27.47,32.96,3,SUP003,Books,,0,None
2023-02-04,Store001,SKU001,23,77,305.84,367.01,7,SUP001,Electronics,,0,None
2023-02-04,Store001,SKU002,8,43,69.57,144.82,5,SUP002,Clothing,,0,None
2023-02-04,Store001,SKU003,8,96,27.47,32.96,3,SUP003,Books,,0,None
2023-02-04,Store002,SKU001,6,71,305.84,367.01,7,SUP001,Electronics,,0,None
2023-02-04,Store002,SKU002,18,88,69.57,144.82,5,SUP002,Clothing,,0,None
2023-02-04,Store002,SKU003,15,14,27.47,32.96,3,SUP003,Books,,0,None
2023-02-04,Store003,SKU001,13,77,305.84,367.01,7,SUP001,Electronics,,0,None
2023-02-04,Store003,SKU002,10,29,69.57,144.82,5,SUP002,Clothing,,0,None
2023-02-04,Store003,SKU003,10,10,27.47,32.96,3,SUP003,Books,,0,None
2023-02-05,Store001,SKU001,18,89,305.84,367.01,7,SUP001,Electronics,,0,None
2023-02-05,Store001,SKU002,7,30,69.57,144.82,5,SUP002,Clothing,,0,None
2023-02-05,Store001,SKU003,12,19,27.47,32.96,3,SUP003,Books,,0,None
2023-02-05,Store002,SKU001,13,72,305.84,367.01,7,SUP001,Electronics,,0,None
2023-02-05,Store002,SKU002,5,10,69.57,144.82,5,SUP002,Clothing,,0,None
2023-02-05,Store002,SKU003,6,51,27.47,32.96,3,SUP003,Books,,0,None
2023-02-05,Store003,SKU001,12,39,305.84,367.01,7,SUP001,Electronics,,0,None
2023-02-05,Store003,SKU002,6,72,69.57,144.82,5,SUP002,Clothing,,0,None
2023-02-05,Store003,SKU003,10,21,27.47,32.96,3,SUP003,Books,,0,None
2023-02-06,Store001,SKU001,11,33,305.84,367.01,7,SUP001,Electronics,,0,None
2023-02-06,Store001,SKU002,14,34,69.57,144.82,5,SUP002,Clothing,,0,None
2023-02-06,Store001,SKU003,10,62,27.47,32.96,3,SUP003,Books,,0,None
2023-02-06,Store002,SKU001,15,74,305.84,367.01,7,SUP001,Electronics,,0,None
2023-02-06,Store002,SKU002,21,48,69.57,144.82,5,SUP002,Clothing,,0,None
2023-02-06,Store002,SKU003,10,85,27.47,32.96,3,SUP003,Books,,0,None
2023-02-06,Store003,SKU001,21,50,305.84,367.01,7,SUP001,Electronics,,0,None
2023-02-06,Store003,SKU002,10,44,69.57,144.82,5,SUP002,Clothing,,0,None
2023-02-06,Store003,SKU003,5,53,27.47,32.96,3,SUP003,Books,,0,None
2023-02-07,Store001,SKU001,6,50,305.84,367.01,7,SUP001,Electronics,,0,None
2023-02-07,Store001,SKU002,14,14,69.57,144.82,5,SUP002,Clothing,,0,None
2023-02-07,Store001,SKU003,9,66,27.47,32.96,3,SUP003,Books,,0,None
2023-02-07,Store002,SKU001,9,49,305.84,367.01,7,SUP001,Electronics,,0,None
2023-02-07,Store002,SKU002,5,51,69.57,144.82,5,SUP002,Clothing,,0,None
2023-02-07,Store002,SKU003,6,88,27.47,32.96,3,SUP003,Books,,0,None
2023-02-07,Store003,SKU001,14,10,305.84,367.01,7,SUP001,Electronics,,0,None
2023-02-07,Store003,SKU002,10,17,69.57,144.82,5,SUP002,Clothing,,0,None
2023-02-07,Store003,SKU003,7,90,27.47,32.96,3,SUP003,Books,2023-01-13,97,Delivered
2023-02-08,Store001,SKU001,15,30,305.84,367.01,7,SUP001,Electronics,,0,None
2023-02-08,Store001,SKU002,10,44,69.57,144.82,5,SUP002,Clothing,,0,None
2023-02-08,Store001,SKU003,17,44,27.47,32.96,3,SUP003,Books,,0,None
2023-02-08,Store002,SKU001,11,78,305.84,367.01,7,SUP001,Electronics,,0,None
2023-02-08,Store002,SKU002,9,74,69.57,144.82,5,SUP002,Clothing,,0,None
2023-02-08,Store002,SKU003,11,85,27.47,32.96,3,SUP003,Books,,0,None
2023-02-08,Store003,SKU001,9,40,305.84,367.01,7,SUP001,Electronics,,0,None
2023-02-08,Store003,SKU002,8,96,69.57,144.82,5,SUP002,Clothing,,0,None
2023-02-08,Store003,SKU003,4,75,27.47,32.96,3,SUP003,Books,,0,None
2023-02-09,Store001,SKU001,8,35,305.84,367.01,7,SUP001,Electronics,,0,None
2023-02-09,Store001,SKU002,10,40,69.57,144.82,5,SUP002,Clothing,2023-01-12,81,Delivered
2023-02-09,Store001,SKU003,19,63,27.47,32.96,3,SUP003,Books,,0,None
2023-02-09,Store002,SKU001,13,91,305.84,367.01,7,SUP001,Electronics,,0,None
2023-02-09,Store002,SKU002,8,75,69.57,144.82,5,SUP002,Clothing,,0,None
2023-02-09,Store002,SKU003,6,71,27.47,32.96,3,SUP003,Books,,0,None
2023-02-09,Store003,SKU001,16,85,305.84,367.01,7,SUP001,Electronics,,0,None
2023-02-09,Store003,SKU002,11,98,69.57,144.82,5,SUP002,Clothing,,0,None
2023-02-09,Store003,SKU003,6,43,27.47,32.96,3,SUP003,Books,,0,None
2023-02-10,Store001,SKU001,8,68,305.84,367.01,7,SUP001,Electronics,,0,None
2023-02-10,Store001,SKU002,5,30,69.57,144.82,5,SUP002,Clothing,,0,None
2023-02-10,Store001,SKU003,7,94,27.47,32.96,3,SUP003,Books,2023-02-02,33,Delivered
2023-02-10,Store002,SKU001,11,93,305.84,367.01,7,SUP001,Electronics,,0,None
2023-02-10,Store002,SKU002,5,51,69.57,144.82,5,SUP002,Clothing,,0,None
2023-02-10,Store002,SKU003,11,72,27.47,32.96,3,SUP003,Books,,0,None
2023-02-10,Store003,SKU001,8,34,305.84,367.01,7,SUP001,Electronics,,0,None
2023-02-10,Store003,SKU002,11,26,69.57,144.82,5,SUP002,Clothing,,0,None
2023-02-10,Store003,SKU003,13,51,27.47,32.96,3,SUP003,Books,2023-01-27,62,Delivered
2023-02-11,Store001,SKU001,16,94,305.84,367.01,7,SUP001,Electronics,,0,None
2023-02-11,Store001,SKU002,13,36,69.57,144.82,5,SUP002,Clothing,,0,None
2023-02-11,Store001,SKU003,11,72,27.47,32.96,3,SUP003,Books,,0,None
2023-02-11,Store002,SKU001,24,48,305.84,367.01,7,SUP001,Electronics,,0,None
2023-02-11,Store002,SKU002,11,49,69.57,144.82,5,SUP002,Clothing,,0,None
2023-02-11,Store002,SKU003,7,59,27.47,32.96,3,SUP003,Books,,0,None
2023-02-11,Store003,SKU001,9,69,305.84,367.01,7,SUP001,Electronics,,0,None
2023-02-11,Store003,SKU002,15,88,69.57,144.82,5,SUP002,Clothing,,0,None
2023-02-11,Store003,SKU003,7,15,27.47,32.96,3,SUP003,Books,,0,None
2023-02-12,Store001,SKU001,17,37,305.84,367.01,7,SUP001,Electronics,,0,None
2023-02-12,Store001,SKU002,6,27,69.57,144.82,5,SUP002,Clothing,,0,None
2023-02-12,Store001,SKU003,10,93,27.47,32.96,3,SUP003,Books,,0,None
2023-02-12,Store002,SKU001,7,54,305.84,367.01,7,SUP001,Electronics,,0,None
2023-02-12,Store002,SKU002,11,39,69.57,144.82,5,SUP002,Clothing,,0,None
2023-02-12,Store002,SKU003,6,86,27.47,32.96,3,SUP003,Books,,0,None
2023-02-12,Store003,SKU001,7,14,305.84,367.01,7,SUP001,Electronics,,0,None
2023-02-12,Store003,SKU002,1,55,69.57,144.82,5,SUP002,Clothing,,0,None
2023-02-12,Store003,SKU003,9,65,27.47,32.96,3,SUP003,Books,,0,None
2023-02-13,Store001,SKU001,7,56,305.84,367.01,7,SUP001,Electronics,,0,None
2023-02-13,Store001,SKU002,11,37,69.57,144.82,5,SUP002,Clothing,,0,None
2023-02-13,Store001,SKU003,8,56,27.47,32.96,3,SUP003,Books,,0,None
2023-02-13,Store002,SKU001,3,44,305.84,367.01,7,SUP001,Electronics,,0,None
2023-02-13,Store002,SKU002,12,26,69.57,144.82,5,SUP002,Clothing,2023-01-21,57,Delivered
2023-02-13,Store002,SKU003,6,28,27.47,32.96,3,SUP003,Books,,0,None
2023-02-13,Store003,SKU001,10,68,305.84,367.01,7,SUP001,Electronics,,0,None
2023-02-13,Store003,SKU002,12,23,69.57,144.82,5,SUP002,Clothing,,0,None
2023-02-13,Store003,SKU003,3,85,27.47,32.96,3,SUP003,Books,,0,None
2023-02-14,Store001,SKU001,17,67,305.84,367.01,7,SUP001,Electronics,,0,None
2023-02-14,Store001,SKU002,15,78,69.57,144.82,5,SUP002,Clothing,,0,None
2023-02-14,Store001,SKU003,9,18,27.47,32.96,3,SUP003,Books,,0,None
2023-02-14,Store002,SKU001,8,85,305.84,367.01,7,SUP001,Electronics,,0,None
2023-02-14,Store002,SKU002,10,20,69.57,144.82,5,SUP002,Clothing,,0,None
2023-02-14,Store002,SKU003,9,61,27.47,32.96,3,SUP003,Books,,0,None
2023-02-14,Store003,SKU001,9,35,305.84,367.01,7,SUP001,Electronics,,0,None
2023-02-14,Store003,SKU002,10,72,69.57,144.82,5,SUP002,Clothing,,0,None
2023-02-14,Store003,SKU003,5,86,27.47,32.96,3,SUP003,Books,,0,None
2023-02-15,Store001,SKU001,15,79,305.84,367.01,7,SUP001,Electronics,,0,None
2023-02-15,Store001,SKU002,19,88,69.57,144.82,5,SUP002,Clothing,,0,None
2023-02-15,Store001,SKU003,12,71,27.47,32.96,3,SUP003,Books,,0,None
2023-02-15,Store002,SKU001,14,96,305.84,367.01,7,SUP001,Electronics,,0,None
2023-02-15,Store002,SKU002,7,42,69.57,144.82,5,SUP002,Clothing,,0,None
2023-02-15,Store002,SKU003,5,55,27.47,32.96,3,SUP003,Books,,0,None
2023-02-15,Store003,SKU001,9,85,305.84,367.01,7,SUP001,Electronics,,0,None
2023-02-15,Store003,SKU002,7,42,69.57,144.82,5,SUP002,Clothing,2023-01-23,35,Delivered
2023-02-15,Store003,SKU003,9,29,27.47,32.96,3,SUP003,Books,,0,None
2023-02-16,Store001,SKU001,14,66,305.84,367.01,7,SUP001,Electronics,,0,None
2023-02-16,Store001,SKU002,6,65,69.57,144.82,5,SUP002,Clothing,,0,None
2023-02-16,Store001,SKU003,1,23,27.47,32.96,3,SUP003,Books,,0,None
2023-02-16,Store002,SKU001,9,19,305.84,367.01,7,SUP001,Electronics,,0,None
2023-02-16,Store002,SKU002,8,31,69.57,144.82,5,SUP002,Clothing,,0,None
2023-02-16,Store002,SKU003,20,21,27.47,32.96,3,SUP003,Books,,0,None
2023-02-16,Store003,SKU001,8,30,305.84,367.01,7,SUP001,Electronics,,0,None
2023-02-16,Store003,SKU002,13,75,69.57,144.82,5,SUP002,Clothing,,0,None
2023-02-16,Store003,SKU003,11,54,27.47,32.96,3,SUP003,Books,,0,None
2023-02-17,Store001,SKU001,5,90,305.84,367.01,7,SUP001,Electronics,,0,None
2023-02-17,Store001,SKU002,3,77,69.57,144.82,5,SUP002,Clothing,,0,None
2023-02-17,Store001,SKU003,10,62,27.47,32.96,3,SUP003,Books,,0,None
2023-02-17,Store002,SKU001,15,52,305.84,367.01,7,SUP001,Electronics,,0,None
2023-02-17,Store002,SKU002,9,45,69.57,144.82,5,SUP002,Clothing,2023-02-03,28,Delivered
2023-02-17,Store002,SKU003,8,22,27.47,32.96,3,SUP003,Books,,0,None
2023-02-17,Store003,SKU001,10,10,305.84,367.01,7,SUP001,Electronics,2023-02-06,14,Delivered
2023-02-17,Store003,SKU002,8,89,69.57,144.82,5,SUP002,Clothing,,0,None
2023-02-17,Store003,SKU003,11,56,27.47,32.96,3,SUP003,Books,,0,None
2023-02-18,Store001,SKU001,19,91,305.84,367.01,7,SUP001,Electronics,,0,None
2023-02-18,Store001,SKU002,4,89,69.57,144.82,5,SUP002,Clothing,,0,None
2023-02-18,Store001,SKU003,11,26,27.47,32.96,3,SUP003,Books,,0,None
2023-02-18,Store002,SKU001,8,74,305.84,367.01,7,SUP001,Electronics,,0,None
2023-02-18,Store002,SKU002,4,99,69.57,144.82,5,SUP002,Clothing,,0,None
2023-02-18,Store002,SKU003,7,70,27.47,32.96,3,SUP003,Books,,0,None
2023-02-18,Store003,SKU001,12,26,305.84,367.01,7,SUP001,Electronics,,0,None
2023-02-18,Store003,SKU002,22,85,69.57,144.82,5,SUP002,Clothing,,0,None
2023-02-18,Store003,SKU003,11,75,27.47,32.96,3,SUP003,Books,,0,None
2023-02-19,Store001,SKU001,4,48,305.84,367.01,7,SUP001,Electronics,,0,None
2023-02-19,Store001,SKU002,18,13,69.57,144.82,5,SUP002,Clothing,,0,None
2023-02-19,Store001,SKU003,12,62,27.47,32.96,3,SUP003,Books,,0,None
2023-02-19,Store002,SKU001,16,50,305.84,367.01,7,SUP001,Electronics,,0,None
2023-02-19,Store002,SKU002,13,13,69.57,144.82,5,SUP002,Clothing,,0,None
2023-02-19,Store002,SKU003,17,46,27.47,32.96,3,SUP003,Books,,0,None
2023-02-19,Store003,SKU001,13,79,305.84,367.01,7,SUP001,Electronics,,0,None
2023-02-19,Store003,SKU002,4,46,69.57,144.82,5,SUP002,Clothing,,0,None
2023-02-19,Store003,SKU003,8,99,27.47,32.96,3,SUP003,Books,,0,None
2023-02-20,Store001,SKU001,15,97,305.84,367.01,7,SUP001,Electronics,,0,None
2023-02-20,Store001,SKU002,9,54,69.57,144.82,5,SUP002,Clothing,,0,None
2023-02-20,Store001,SKU003,10,66,27.47,32.96,3,SUP003,Books,,0,None
2023-02-20,Store002,SKU001,14,37,305.84,367.01,7,SUP001,Electronics,,0,None
2023-02-20,Store002,SKU002,6,49,69.57,144.82,5,SUP002,Clothing,,0,None
2023-02-20,Store002,SKU003,6,92,27.47,32.96,3,SUP003,Books,,0,None
2023-02-20,Store003,SKU001,17,46,305.84,367.01,7,SUP001,Electronics,,0,None
2023-02-20,Store003,SKU002,11,69,69.57,144.82,5,SUP002,Clothing,,0,None
2023-02-20,Store003,SKU003,8,57,27.47,32.96,3,SUP003,Books,,0,None
2023-02-21,Store001,SKU001,21,59,305.84,367.01,7,SUP001,Electronics,,0,None
2023-02-21,Store001,SKU002,3,46,69.57,144.82,5,SUP002,Clothing,,0,None
2023-02-21,Store001,SKU003,4,62,27.47,32.96,3,SUP003,Books,,0,None
2023-02-21,Store002,SKU001,12,38,305.84,367.01,7,SUP001,Electronics,,0,None
2023-02-21,Store002,SKU002,8,17,69.57,144.82,5,SUP002,Clothing,,0,None
2023-02-21,Store002,SKU003,10,41,27.47,32.96,3,SUP003,Books,,0,None
2023-02-21,Store003,SKU001,9,50,305.84,367.01,7,SUP001,Electronics,,0,None
2023-02-21,Store003,SKU002,11,76,69.57,144.82,5,SUP002,Clothing,,0,None
2023-02-21,Store003,SKU003,11,47,27.47,32.96,3,SUP003,Books,,0,None
2023-02-22,Store001,SKU001,12,28,305.84,367.01,7,SUP001,Electronics,,0,None
2023-02-22,Store001,SKU002,10,22,69.57,144.82,5,SUP002,Clothing,,0,None
2023-02-22,Store001,SKU003,9,42,27.47,32.96,3,SUP003,Books,,0,None
2023-02-22,Store002,SKU001,3,74,305.84,367.01,7,SUP001,Electronics,,0,None
2023-02-22,Store002,SKU002,5,48,69.57,144.82,5,SUP002,Clothing,,0,None
2023-02-22,Store002,SKU003,11,83,27.47,32.96,3,SUP003,Books,,0,None
2023-02-22,Store003,SKU001,10,75,305.84,367.01,7,SUP001,Electronics,,0,None
2023-02-22,Store003,SKU002,12,86,69.57,144.82,5,SUP002,Clothing,,0,None
2023-02-22,Store003,SKU003,11,69,27.47,32.96,3,SUP003,Books,,0,None
2023-02-23,Store001,SKU001,8,97,305.84,367.01,7,SUP001,Electronics,,0,None
2023-02-23,Store001,SKU002,7,71,69.57,144.82,5,SUP002,Clothing,,0,None
2023-02-23,Store001,SKU003,4,50,27.47,32.96,3,SUP003,Books,,0,None
2023-02-23,Store002,SKU001,18,10,305.84,367.01,7,SUP001,Electronics,2023-02-07,62,Delivered
2023-02-23,Store002,SKU002,9,32,69.57,144.82,5,SUP002,Clothing,,0,None
2023-02-23,Store002,SKU003,8,28,27.47,32.96,3,SUP003,Books,,0,None
2023-02-23,Store003,SKU001,7,76,305.84,367.01,7,SUP001,Electronics,,0,None
2023-02-23,Store003,SKU002,18,79,69.57,144.82,5,SUP002,Clothing,,0,None
2023-02-23,Store003,SKU003,8,42,27.47,32.96,3,SUP003,Books,,0,None
2023-02-24,Store001,SKU001,7,44,305.84,367.01,7,SUP001,Electronics,,0,None
2023-02-24,Store001,SKU002,4,91,69.57,144.82,5,SUP002,Clothing,,0,None
2023-02-24,Store001,SKU003,9,23,27.47,32.96,3,SUP003,Books,,0,None
2023-02-24,Store002,SKU001,7,36,305.84,367.01,7,SUP001,Electronics,2023-02-09,75,Delivered
2023-02-24,Store002,SKU002,16,32,69.57,144.82,5,SUP002,Clothing,,0,None
2023-02-24,Store002,SKU003,5,81,27.47,32.96,3,SUP003,Books,,0,None
2023-02-24,Store003,SKU001,11,87,305.84,367.01,7,SUP001,Electronics,,0,None
2023-02-24,Store003,SKU002,9,92,69.57,144.82,5,SUP002,Clothing,,0,None
2023-02-24,Store003,SKU003,4,28,27.47,32.96,3,SUP003,Books,,0,None
2023-02-25,Store001,SKU001,16,51,305.84,367.01,7,SUP001,Electronics,,0,None
2023-02-25,Store001,SKU002,12,40,69.57,144.82,5,SUP002,Clothing,,0,None
2023-02-25,Store001,SKU003,12,68,27.47,32.96,3,SUP003,Books,,0,None
2023-02-25,Store002,SKU001,14,90,305.84,367.01,7,SUP001,Electronics,,0,None
2023-02-25,Store002,SKU002,15,82,69.57,144.82,5,SUP002,Clothing,2023-01-30,32,Delivered
2023-02-25,Store002,SKU003,5,40,27.47,32.96,3,SUP003,Books,,0,None
2023-02-25,Store003,SKU001,12,43,305.84,367.01,7,SUP001,Electronics,,0,None
2023-02-25,Store003,SKU002,16,36,69.57,144.82,5,SUP002,Clothing,,0,None
2023-02-25,Store003,SKU003,4,16,27.47,32.96,3,SUP003,Books,,0,None
2023-02-26,Store001,SKU001,14,73,305.84,367.01,7,SUP001,Electronics,,0,None
2023-02-26,Store001,SKU002,6,81,69.57,144.82,5,SUP002,Clothing,,0,None
2023-02-26,Store001,SKU003,4,61,27.47,32.96,3,SUP003,Books,,0,None
2023-02-26,Store002,SKU001,10,54,305.84,367.01,7,SUP001,Electronics,,0,None
2023-02-26,Store002,SKU002,13,40,69.57,144.82,5,SUP002,Clothing,,0,None
2023-02-26,Store002,SKU003,7,65,27.47,32.96,3,SUP003,Books,,0,None
2023-02-26,Store003,SKU001,10,23,305.84,367.01,7,SUP001,Electronics,,0,None
2023-02-26,Store003,SKU002,16,83,69.57,144.82,5,SUP002,Clothing,,0,None
2023-02-26,Store003,SKU003,9,50,27.47,32.96,3,SUP003,Books,,0,None
2023-02-27,Store001,SKU001,10,69,305.84,367.01,7,SUP001,Electronics,,0,None
2023-02-27,Store001,SKU002,13,97,69.57,144.82,5,SUP002,Clothing,,0,None
2023-02-27,Store001,SKU003,12,97,27.47,32.96,3,SUP003,Books,,0,None
2023-02-27,Store002,SKU001,19,79,305.84,367.01,7,SUP001,Electronics,,0,None
2023-02-27,Store002,SKU002,4,91,69.57,144.82,5,SUP002,Clothing,,0,None
2023-02-27,Store002,SKU003,10,51,27.47,32.96,3,SUP003,Books,,0,None
2023-02-27,Store003,SKU001,13,32,305.84,367.01,7,SUP001,Electronics,,0,None
2023-02-27,Store003,SKU002,10,93,69.57,144.82,5,SUP002,Clothing,,0,None
2023-02-27,Store003,SKU003,6,34,27.47,32.96,3,SUP003,Books,,0,None
2023-02-28,Store001,SKU001,20,39,305.84,367.01,7,SUP001,Electronics,,0,None
2023-02-28,Store001,SKU002,11,81,69.57,144.82,5,SUP002,Clothing,2023-02-27,17,Confirmed
2023-02-28,Store001,SKU003,3,54,27.47,32.96,3,SUP003,Books,,0,None
2023-02-28,Store002,SKU001,7,10,305.84,367.01,7,SUP001,Electronics,,0,None
2023-02-28,Store002,SKU002,7,87,69.57,144.82,5,SUP002,Clothing,,0,None
2023-02-28,Store002,SKU003,10,25,27.47,32.96,3,SUP003,Books,,0,None
2023-02-28,Store003,SKU001,20,60,305.84,367.01,7,SUP001,Electronics,,0,None
2023-02-28,Store003,SKU002,9,85,69.57,144.82,5,SUP002,Clothing,,0,None
2023-02-28,Store003,SKU003,7,42,27.47,32.96,3,SUP003,Books,,0,None
2023-03-01,Store001,SKU001,17,73,305.84,367.01,7,SUP001,Electronics,,0,None
2023-03-01,Store001,SKU002,8,20,69.57,144.82,5,SUP002,Clothing,,0,None
2023-03-01,Store001,SKU003,9,37,27.47,32.96,3,SUP003,Books,,0,None
2023-03-01,Store002,SKU001,20,30,305.84,367.01,7,SUP001,Electronics,,0,None
2023-03-01,Store002,SKU002,7,41,69.57,144.82,5,SUP002,Clothing,,0,None
2023-03-01,Store002,SKU003,4,14,27.47,32.96,3,SUP003,Books,,0,None
2023-03-01,Store003,SKU001,10,52,305.84,367.01,7,SUP001,Electronics,,0,None
2023-03-01,Store003,SKU002,10,95,69.57,144.82,5,SUP002,Clothing,,0,None
2023-03-01,Store003,SKU003,7,23,27.47,32.96,3,SUP003,Books,,0,None
2023-03-02,Store001,SKU001,16,41,305.84,367.01,7,SUP001,Electronics,,0,None
2023-03-02,Store001,SKU002,8,77,69.57,144.82,5,SUP002,Clothing,,0,None
2023-03-02,Store001,SKU003,8,34,27.47,32.96,3,SUP003,Books,,0,None
2023-03-02,Store002,SKU001,7,57,305.84,367.01,7,SUP001,Electronics,,0,None
2023-03-02,Store002,SKU002,17,40,69.57,144.82,5,SUP002,Clothing,,0,None
2023-03-02,Store002,SKU003,10,46,27.47,32.96,3,SUP003,Books,,0,None
2023-03-02,Store003,SKU001,11,66,305.84,367.01,7,SUP001,Electronics,,0,None
2023-03-02,Store003,SKU002,5,15,69.57,144.82,5,SUP002,Clothing,,0,None
2023-03-02,Store003,SKU003,13,43,27.47,32.96,3,SUP003,Books,2023-02-15,66,Delivered
2023-03-03,Store001,SKU001,13,58,305.84,367.01,7,SUP001,Electronics,,0,None
2023-03-03,Store001,SKU002,3,49,69.57,144.82,5,SUP002,Clothing,,0,None
2023-03-03,Store001,SKU003,8,51,27.47,32.96,3,SUP003,Books,,0,None
2023-03-03,Store002,SKU001,17,66,305.84,367.01,7,SUP001,Electronics,,0,None
2023-03-03,Store002,SKU002,12,73,69.57,144.82,5,SUP002,Clothing,,0,None
2023-03-03,Store002,SKU003,6,61,27.47,32.96,3,SUP003,Books,,0,None
2023-03-03,Store003,SKU001,9,43,305.84,367.01,7,SUP001,Electronics,,0,None
2023-03-03,Store003,SKU002,9,59,69.57,144.82,5,SUP002,Clothing,,0,None
2023-03-03,Store003,SKU003,7,66,27.47,32.96,3,SUP003,Books,,0,None
2023-03-04,Store001,SKU001,24,44,305.84,367.01,7,SUP001,Electronics,,0,None
2023-03-04,Store001,SKU002,17,33,69.57,144.82,5,SUP002,Clothing,2023-02-12,16,Delivered
2023-03-04,Store001,SKU003,5,52,27.47,32.96,3,SUP003,Books,,0,None
2023-03-04,Store002,SKU001,17,91,305.84,367.01,7,SUP001,Electronics,,0,None
2023-03-04,Store002,SKU002,11,66,69.57,144.82,5,SUP002,Clothing,,0,None
2023-03-04,Store002,SKU003,4,25,27.47,32.96,3,SUP003,Books,,0,None
2023-03-04,Store003,SKU001,20,89,305.84,367.01,7,SUP001,Electronics,,0,None
2023-03-04,Store003,SKU002,12,88,69.57,144.82,5,SUP002,Clothing,,0,None
2023-03-04,Store003,SKU003,2,90,27.47,32.96,3,SUP003,Books,,0,None
2023-03-05,Store001,SKU001,7,37,305.84,367.01,7,SUP001,Electronics,,0,None
2023-03-05,Store001,SKU002,11,67,69.57,144.82,5,SUP002,Clothing,,0,None
2023-03-05,Store001,SKU003,6,79,27.47,32.96,3,SUP003,Books,,0,None
2023-03-05,Store002,SKU001,18,70,305.84,367.01,7,SUP001,Electronics,,0,None
2023-03-05,Store002,SKU002,21,71,69.57,144.82,5,SUP002,Clothing,,0,None
2023-03-05,Store002,SKU003,4,13,27.47,32.96,3,SUP003,Books,,0,None
2023-03-05,Store003,SKU001,14,59,305.84,367.01,7,SUP001,Electronics,,0,None
2023-03-05,Store003,SKU002,5,68,69.57,144.82,5,SUP002,Clothing,,0,None
2023-03-05,Store003,SKU003,20,93,27.47,32.96,3,SUP003,Books,,0,None
2023-03-06,Store001,SKU001,10,18,305.84,367.01,7,SUP001,Electronics,,0,None
2023-03-06,Store001,SKU002,13,54,69.57,144.82,5,SUP002,Clothing,,0,None
2023-03-06,Store001,SKU003,4,53,27.47,32.96,3,SUP003,Books,2023-02-21,46,Delivered
2023-03-06,Store002,SKU001,25,12,305.84,367.01,7,SUP001,Electronics,,0,None
2023-03-06,Store002,SKU002,12,29,69.57,144.82,5,SUP002,Clothing,2023-02-28,20,Shipped
2023-03-06,Store002,SKU003,6,68,27.47,32.96,3,SUP003,Books,,0,None
2023-03-06,Store003,SKU001,13,42,305.84,367.01,7,SUP001,Electronics,,0,None
2023-03-06,Store003,SKU002,18,86,69.57,144.82,5,SUP002,Clothing,,0,None
2023-03-06,Store003,SKU003,2,59,27.47,32.96,3,SUP003,Books,,0,None
2023-03-07,Store001,SKU001,18,60,305.84,367.01,7,SUP001,Electronics,,0,None
2023-03-07,Store001,SKU002,7,16,69.57,144.82,5,SUP002,Clothing,,0,None
2023-03-07,Store001,SKU003,9,83,27.47,32.96,3,SUP003,Books,,0,None
2023-03-07,Store002,SKU001,7,84,305.84,367.01,7,SUP001,Electronics,,0,None
2023-03-07,Store002,SKU002,9,50,69.57,144.82,5,SUP002,Clothing,,0,None
2023-03-07,Store002,SKU003,7,40,27.47,32.96,3,SUP003,Books,,0,None
2023-03-07,Store003,SKU001,16,26,305.84,367.01,7,SUP001,Electronics,,0,None
2023-03-07,Store003,SKU002,4,19,69.57,144.82,5,SUP002,Clothing,,0,None
2023-03-07,Store003,SKU003,6,30,27.47,32.96,3,SUP003,Books,,0,None
2023-03-08,Store001,SKU001,13,86,305.84,367.01,7,SUP001,Electronics,,0,None
2023-03-08,Store001,SKU002,10,27,69.57,144.82,5,SUP002,Clothing,,0,None
2023-03-08,Store001,SKU003,6,89,27.47,32.96,3,SUP003,Books,,0,None
2023-03-08,Store002,SKU001,15,56,305.84,367.01,7,SUP001,Electronics,,0,None
2023-03-08,Store002,SKU002,15,11,69.57,144.82,5,SUP002,Clothing,,0,None
2023-03-08,Store002,SKU003,13,55,27.47,32.96,3,SUP003,Books,,0,None
2023-03-08,Store003,SKU001,24,69,305.84,367.01,7,SUP001,Electronics,,0,None
2023-03-08,Store003,SKU002,15,93,69.57,144.82,5,SUP002,Clothing,,0,None
2023-03-08,Store003,SKU003,10,57,27.47,32.96,3,SUP003,Books,,0,None
2023-03-09,Store001,SKU001,15,45,305.84,367.01,7,SUP001,Electronics,,0,None
2023-03-09,Store001,SKU002,17,25,69.57,144.82,5,SUP002,Clothing,,0,None
2023-03-09,Store001,SKU003,8,14,27.47,32.96,3,SUP003,Books,2023-02-09,94,Delivered
2023-03-09,Store002,SKU001,15,13,305.84,367.01,7,SUP001,Electronics,2023-02-24,85,Delivered
2023-03-09,Store002,SKU002,10,53,69.57,144.82,5,SUP002,Clothing,,0,None
2023-03-09,Store002,SKU003,2,82,27.47,32.96,3,SUP003,Books,,0,None
2023-03-09,Store003,SKU001,10,66,305.84,367.01,7,SUP001,Electronics,2023-03-05,65,Confirmed
2023-03-09,Store003,SKU002,12,29,69.57,144.82,5,SUP002,Clothing,,0,None
2023-03-09,Store003,SKU003,7,99,27.47,32.96,3,SUP003,Books,,0,None
2023-03-10,Store001,SKU001,13,13,305.84,367.01,7,SUP001,Electronics,,0,None
2023-03-10,Store001,SKU002,17,44,69.57,144.82,5,SUP002,Clothing,,0,None
2023-03-10,Store001,SKU003,4,84,27.47,32.96,3,SUP003,Books,,0,None
2023-03-10,Store002,SKU001,4,45,305.84,367.01,7,SUP001,Electronics,,0,None
2023-03-10,Store002,SKU002,8,67,69.57,144.82,5,SUP002,Clothing,,0,None
2023-03-10,Store002,SKU003,4,58,27.47,32.96,3,SUP003,Books,,0,None
2023-03-10,Store003,SKU001,18,30,305.84,367.01,7,SUP001,Electronics,,0,None
2023-03-10,Store003,SKU002,10,51,69.57,144.82,5,SUP002,Clothing,,0,None
2023-03-10,Store003,SKU003,8,24,27.47,32.96,3,SUP003,Books,,0,None
2023-03-11,Store001,SKU001,11,64,305.84,367.01,7,SUP001,Electronics,,0,None
2023-03-11,Store001,SKU002,13,68,69.57,144.82,5,SUP002,Clothing,,0,None
2023-03-11,Store001,SKU003,7,73,27.47,32.96,3,SUP003,Books,,0,None
2023-03-11,Store002,SKU001,11,66,305.84,367.01,7,SUP001,Electronics,,0,None
2023-03-11,Store002,SKU002,4,14,69.57,144.82,5,SUP002,Clothing,,0,None
2023-03-11,Store002,SKU003,6,30,27.47,32.96,3,SUP003,Books,,0,None
2023-03-11,Store003,SKU001,13,84,305.84,367.01,7,SUP001,Electronics,,0,None
2023-03-11,Store003,SKU002,4,44,69.57,144.82,5,SUP002,Clothing,,0,None
2023-03-11,Store003,SKU003,7,28,27.47,32.96,3,SUP003,Books,,0,None
2023-03-12,Store001,SKU001,6,43,305.84,367.01,7,SUP001,Electronics,,0,None
2023-03-12,Store001,SKU002,31,88,69.57,144.82,5,SUP002,Clothing,2023-02-24,26,Delivered
2023-03-12,Store001,SKU003,10,29,27.47,32.96,3,SUP003,Books,,0,None
2023-03-12,Store002,SKU001,16,94,305.84,367.01,7,SUP001,Electronics,,0,None
2023-03-12,Store002,SKU002,9,58,69.57,144.82,5,SUP002,Clothing,,0,None
2023-03-12,Store002,SKU003,11,89,27.47,32.96,3,SUP003,Books,,0,None
2023-03-12,Store003,SKU001,9,19,305.84,367.01,7,SUP001,Electronics,,0,None
2023-03-12,Store003,SKU002,12,55,69.57,144.82,5,SUP002,Clothing,,0,None
2023-03-12,Store003,SKU003,9,86,27.47,32.96,3,SUP003,Books,,0,None
2023-03-13,Store001,SKU001,14,24,305.84,367.01,7,SUP001,Electronics,,0,None
2023-03-13,Store001,SKU002,3,60,69.57,144.82,5,SUP002,Clothing,,0,None
2023-03-13,Store001,SKU003,3,38,27.47,32.96,3,SUP003,Books,,0,None
2023-03-13,Store002,SKU001,18,87,305.84,367.01,7,SUP001,Electronics,,0,None
2023-03-13,Store002,SKU002,7,14,69.57,144.82,5,SUP002,Clothing,2023-02-12,57,Delivered
2023-03-13,Store002,SKU003,4,72,27.47,32.96,3,SUP003,Books,,0,None
2023-03-13,Store003,SKU001,12,14,305.84,367.01,7,SUP001,Electronics,,0,None
2023-03-13,Store003,SKU002,2,88,69.57,144.82,5,SUP002,Clothing,2023-02-17,34,Delivered
2023-03-13,Store003,SKU003,5,20,27.47,32.96,3,SUP003,Books,,0,None
2023-03-14,Store001,SKU001,17,63,305.84,367.01,7,SUP001,Electronics,2023-02-26,71,Delivered
2023-03-14,Store001,SKU002,11,21,69.57,144.82,5,SUP002,Clothing,,0,None
2023-03-14,Store001,SKU003,8,21,27.47,32.96,3,SUP003,Books,,0,None
2023-03-14,Store002,SKU001,21,37,305.84,367.01,7,SUP001,Electronics,,0,None
2023-03-14,Store002,SKU002,10,83,69.57,144.82,5,SUP002,Clothing,,0,None
2023-03-14,Store002,SKU003,7,41,27.47,32.96,3,SUP003,Books,,0,None
2023-03-14,Store003,SKU001,8,23,305.84,367.01,7,SUP001,Electronics,,0,None
2023-03-14,Store003,SKU002,12,98,69.57,144.82,5,SUP002,Clothing,,0,None
2023-03-14,Store003,SKU003,11,12,27.47,32.96,3,SUP003,Books,,0,None
2023-03-15,Store001,SKU001,10,19,305.84,367.01,7,SUP001,Electronics,2023-03-03,37,Delivered
2023-03-15,Store001,SKU002,2,21,69.57,144.82,5,SUP002,Clothing,,0,None
2023-03-15,Store001,SKU003,12,77,27.47,32.96,3,SUP003,Books,,0,None
2023-03-15,Store002,SKU001,4,76,305.84,367.01,7,SUP001,Electronics,,0,None
2023-03-15,Store002,SKU002,18,63,69.57,144.82,5,SUP002,Clothing,,0,None
2023-03-15,Store002,SKU003,5,79,27.47,32.96,3,SUP003,Books,,0,None
2023-03-15,Store003,SKU001,9,29,305.84,367.01,7,SUP001,Electronics,,0,None
2023-03-15,Store003,SKU002,15,65,69.57,144.82,5,SUP002,Clothing,,0,None
2023-03-15,Store003,SKU003,10,41,27.47,32.96,3,SUP003,Books,,0,None
2023-03-16,Store001,SKU001,15,82,305.84,367.01,7,SUP001,Electronics,,0,None
2023-03-16,Store001,SKU002,11,21,69.57,144.82,5,SUP002,Clothing,,0,None
2023-03-16,Store001,SKU003,6,96,27.47,32.96,3,SUP003,Books,,0,None
2023-03-16,Store002,SKU001,8,12,305.84,367.01,7,SUP001,Electronics,,0,None
2023-03-16,Store002,SKU002,14,23,69.57,144.82,5,SUP002,Clothing,,0,None
2023-03-16,Store002,SKU003,9,54,27.47,32.96,3,SUP003,Books,,0,None
2023-03-16,Store003,SKU001,7,37,305.84,367.01,7,SUP001,Electronics,,0,None
2023-03-16,Store003,SKU002,14,33,69.57,144.82,5,SUP002,Clothing,,0,None
2023-03-16,Store003,SKU003,16,20,27.47,32.96,3,SUP003,Books,,0,None
2023-03-17,Store001,SKU001,13,89,305.84,367.01,7,SUP001,Electronics,,0,None
2023-03-17,Store001,SKU002,6,89,69.57,144.82,5,SUP002,Clothing,,0,None
2023-03-17,Store001,SKU003,0,39,27.47,32.96,3,SUP003,Books,,0,None
2023-03-17,Store002,SKU001,11,38,305.84,367.01,7,SUP001,Electronics,,0,None
2023-03-17,Store002,SKU002,16,37,69.57,144.82,5,SUP002,Clothing,,0,None
2023-03-17,Store002,SKU003,6,68,27.47,32.96,3,SUP003,Books,,0,None
2023-03-17,Store003,SKU001,19,19,305.84,367.01,7,SUP001,Electronics,,0,None
2023-03-17,Store003,SKU002,13,39,69.57,144.82,5,SUP002,Clothing,,0,None
2023-03-17,Store003,SKU003,3,51,27.47,32.96,3,SUP003,Books,,0,None
2023-03-18,Store001,SKU001,14,68,305.84,367.01,7,SUP001,Electronics,,0,None
2023-03-18,Store001,SKU002,16,78,69.57,144.82,5,SUP002,Clothing,,0,None
2023-03-18,Store001,SKU003,20,67,27.47,32.96,3,SUP003,Books,,0,None
2023-03-18,Store002,SKU001,11,58,305.84,367.01,7,SUP001,Electronics,,0,None
2023-03-18,Store002,SKU002,12,23,69.57,144.82,5,SUP002,Clothing,,0,None
2023-03-18,Store002,SKU003,9,24,27.47,32.96,3,SUP003,Books,,0,None
2023-03-18,Store003,SKU001,16,81,305.84,367.01,7,SUP001,Electronics,,0,None
2023-03-18,Store003,SKU002,16,65,69.57,144.82,5,SUP002,Clothing,,0,None
2023-03-18,Store003,SKU003,9,23,27.47,32.96,3,SUP003,Books,2023-03-10,49,Delivered
2023-03-19,Store001,SKU001,20,92,305.84,367.01,7,SUP001,Electronics,,0,None
2023-03-19,Store001,SKU002,13,49,69.57,144.82,5,SUP002,Clothing,2023-03-16,75,Confirmed
2023-03-19,Store001,SKU003,13,13,27.47,32.96,3,SUP003,Books,,0,None
2023-03-19,Store002,SKU001,15,61,305.84,367.01,7,SUP001,Electronics,,0,None
2023-03-19,Store002,SKU002,7,63,69.57,144.82,5,SUP002,Clothing,,0,None
2023-03-19,Store002,SKU003,17,40,27.47,32.96,3,SUP003,Books,,0,None
2023-03-19,Store003,SKU001,19,76,305.84,367.01,7,SUP001,Electronics,,0,None
2023-03-19,Store003,SKU002,12,88,69.57,144.82,5,SUP002,Clothing,,0,None
2023-03-19,Store003,SKU003,4,78,27.47,32.96,3,SUP003,Books,,0,None
2023-03-20,Store001,SKU001,10,48,305.84,367.01,7,SUP001,Electronics,,0,None
2023-03-20,Store001,SKU002,13,48,69.57,144.82,5,SUP002,Clothing,,0,None
2023-03-20,Store001,SKU003,7,92,27.47,32.96,3,SUP003,Books,,0,None
2023-03-20,Store002,SKU001,18,11,305.84,367.01,7,SUP001,Electronics,,0,None
2023-03-20,Store002,SKU002,8,88,69.57,144.82,5,SUP002,Clothing,,0,None
2023-03-20,Store002,SKU003,6,83,27.47,32.96,3,SUP003,Books,,0,None
2023-03-20,Store003,SKU001,12,98,305.84,367.01,7,SUP001,Electronics,,0,None
2023-03-20,Store003,SKU002,6,10,69.57,144.82,5,SUP002,Clothing,,0,None
2023-03-20,Store003,SKU003,16,42,27.47,32.96,3,SUP003,Books,,0,None
2023-03-21,Store001,SKU001,16,83,305.84,367.01,7,SUP001,Electronics,,0,None
2023-03-21,Store001,SKU002,6,74,69.57,144.82,5,SUP002,Clothing,,0,None
2023-03-21,Store001,SKU003,3,16,27.47,32.96,3,SUP003,Books,2023-02-20,26,Delivered
2023-03-21,Store002,SKU001,16,49,305.84,367.01,7,SUP001,Electronics,,0,None
2023-03-21,Store002,SKU002,18,20,69.57,144.82,5,SUP002,Clothing,,0,None
2023-03-21,Store002,SKU003,8,82,27.47,32.96,3,SUP003,Books,,0,None
2023-03-21,Store003,SKU001,11,17,305.84,367.01,7,SUP001,Electronics,,0,None
2023-03-21,Store003,SKU002,5,29,69.57,144.82,5,SUP002,Clothing,,0,None
2023-03-21,Store003,SKU003,9,41,27.47,32.96,3,SUP003,Books,,0,None
2023-03-22,Store001,SKU001,8,57,305.84,367.01,7,SUP001,Electronics,,0,None
2023-03-22,Store001,SKU002,11,82,69.57,144.82,5,SUP002,Clothing,,0,None
2023-03-22,Store001,SKU003,12,13,27.47,32.96,3,SUP003,Books,,0,None
2023-03-22,Store002,SKU001,15,47,305.84,367.01,7,SUP001,Electronics,,0,None
2023-03-22,Store002,SKU002,2,64,69.57,144.82,5,SUP002,Clothing,,0,None
2023-03-22,Store002,SKU003,9,32,27.47,32.96,3,SUP003,Books,,0,None
2023-03-22,Store003,SKU001,16,50,305.84,367.01,7,SUP001,Electronics,,0,None
2023-03-22,Store003,SKU002,5,28,69.57,144.82,5,SUP002,Clothing,,0,None
2023-03-22,Store003,SKU003,8,64,27.47,32.96,3,SUP003,Books,,0,None
2023-03-23,Store001,SKU001,11,91,305.84,367.01,7,SUP001,Electronics,,0,None
2023-03-23,Store001,SKU002,6,38,69.57,144.82,5,SUP002,Clothing,,0,None
2023-03-23,Store001,SKU003,5,99,27.47,32.96,3,SUP003,Books,,0,None
2023-03-23,Store002,SKU001,11,32,305.84,367.01,7,SUP001,Electronics,,0,None
2023-03-23,Store002,SKU002,13,78,69.57,144.82,5,SUP002,Clothing,,0,None
2023-03-23,Store002,SKU003,7,81,27.47,32.96,3,SUP003,Books,,0,None
2023-03-23,Store003,SKU001,13,27,305.84,367.01,7,SUP001,Electronics,,0,None
2023-03-23,Store003,SKU002,10,83,69.57,144.82,5,SUP002,Clothing,,0,None
2023-03-23,Store003,SKU003,9,36,27.47,32.96,3,SUP003,Books,,0,None
2023-03-24,Store001,SKU001,4,64,305.84,367.01,7,SUP001,Electronics,,0,None
2023-03-24,Store001,SKU002,5,79,69.57,144.82,5,SUP002,Clothing,,0,None
2023-03-24,Store001,SKU003,7,66,27.47,32.96,3,SUP003,Books,,0,None
2023-03-24,Store002,SKU001,10,61,305.84,367.01,7,SUP001,Electronics,,0,None
2023-03-24,Store002,SKU002,9,92,69.57,144.82,5,SUP002,Clothing,,0,None
2023-03-24,Store002,SKU003,6,41,27.47,32.96,3,SUP003,Books,,0,None
2023-03-24,Store003,SKU001,16,95,305.84,367.01,7,SUP001,Electronics,,0,None
2023-03-24,Store003,SKU002,8,44,69.57,144.82,5,SUP002,Clothing,,0,None
2023-03-24,Store003,SKU003,8,73,27.47,32.96,3,SUP003,Books,,0,None
2023-03-25,Store001,SKU001,3,42,305.84,367.01,7,SUP001,Electronics,,0,None
2023-03-25,Store001,SKU002,11,92,69.57,144.82,5,SUP002,Clothing,2023-03-05,66,Delivered
2023-03-25,Store001,SKU003,1,67,27.47,32.96,3,SUP003,Books,,0,None
2023-03-25,Store002,SKU001,16,95,305.84,367.01,7,SUP001,Electronics,,0,None
2023-03-25,Store002,SKU002,16,86,69.57,144.82,5,SUP002,Clothing,2023-03-15,85,Delivered
2023-03-25,Store002,SKU003,12,39,27.47,32.96,3,SUP003,Books,,0,None
2023-03-25,Store003,SKU001,13,51,305.84,367.01,7,SUP001,Electronics,,0,None
2023-03-25,Store003,SKU002,12,21,69.57,144.82,5,SUP002,Clothing,,0,None
2023-03-25,Store003,SKU003,12,52,27.47,32.96,3,SUP003,Books,,0,None
2023-03-26,Store001,SKU001,21,36,305.84,367.01,7,SUP001,Electronics,,0,None
2023-03-26,Store001,SKU002,13,18,69.57,144.82,5,SUP002,Clothing,2023-03-14,98,Delivered
2023-03-26,Store001,SKU003,9,43,27.47,32.96,3,SUP003,Books,,0,None
2023-03-26,Store002,SKU001,10,54,305.84,367.01,7,SUP001,Electronics,,0,None
2023-03-26,Store002,SKU002,14,69,69.57,144.82,5,SUP002,Clothing,2023-02-28,45,Delivered
2023-03-26,Store002,SKU003,12,23,27.47,32.96,3,SUP003,Books,,0,None
2023-03-26,Store003,SKU001,12,57,305.84,367.01,7,SUP001,Electronics,,0,None
2023-03-26,Store003,SKU002,11,25,69.57,144.82,5,SUP002,Clothing,,0,None
2023-03-26,Store003,SKU003,3,77,27.47,32.96,3,SUP003,Books,,0,None
2023-03-27,Store001,SKU001,19,16,305.84,367.01,7,SUP001,Electronics,,0,None
2023-03-27,Store001,SKU002,12,65,69.57,144.82,5,SUP002,Clothing,,0,None
2023-03-27,Store001,SKU003,3,75,27.47,32.96,3,SUP003,Books,,0,None
2023-03-27,Store002,SKU001,15,31,305.84,367.01,7,SUP001,Electronics,,0,None
2023-03-27,Store002,SKU002,21,74,69.57,144.82,5,SUP002,Clothing,,0,None
2023-03-27,Store002,SKU003,18,80,27.47,32.96,3,SUP003,Books,,0,None
2023-03-27,Store003,SKU001,0,91,305.84,367.01,7,SUP001,Electronics,,0,None
2023-03-27,Store003,SKU002,8,73,69.57,144.82,5,SUP002,Clothing,,0,None
2023-03-27,Store003,SKU003,5,82,27.47,32.96,3,SUP003,Books,,0,None
2023-03-28,Store001,SKU001,8,62,305.84,367.01,7,SUP001,Electronics,,0,None
2023-03-28,Store001,SKU002,5,39,69.57,144.82,5,SUP002,Clothing,2023-03-23,43,In Transit
2023-03-28,Store001,SKU003,5,71,27.47,32.96,3,SUP003,Books,,0,None
2023-03-28,Store002,SKU001,10,80,305.84,367.01,7,SUP001,Electronics,,0,None
2023-03-28,Store002,SKU002,10,47,69.57,144.82,5,SUP002,Clothing,,0,None
2023-03-28,Store002,SKU003,3,13,27.47,32.96,3,SUP003,Books,,0,None
2023-03-28,Store003,SKU001,10,64,305.84,367.01,7,SUP001,Electronics,,0,None
2023-03-28,Store003,SKU002,4,25,69.57,144.82,5,SUP002,Clothing,,0,None
2023-03-28,Store003,SKU003,14,43,27.47,32.96,3,SUP003,Books,,0,None
2023-03-29,Store001,SKU001,13,19,305.84,367.01,7,SUP001,Electronics,,0,None
2023-03-29,Store001,SKU002,3,43,69.57,144.82,5,SUP002,Clothing,,0,None
2023-03-29,Store001,SKU003,10,29,27.47,32.96,3,SUP003,Books,,0,None
2023-03-29,Store002,SKU001,14,56,305.84,367.01,7,SUP001,Electronics,,0,None
2023-03-29,Store002,SKU002,10,74,69.57,144.82,5,SUP002,Clothing,,0,None
2023-03-29,Store002,SKU003,4,79,27.47,32.96,3,SUP003,Books,,0,None
2023-03-29,Store003,SKU001,13,80,305.84,367.01,7,SUP001,Electronics,,0,None
2023-03-29,Store003,SKU002,11,11,69.57,144.82,5,SUP002,Clothing,,0,None
2023-03-29,Store003,SKU003,6,75,27.47,32.96,3,SUP003,Books,,0,None
2023-03-30,Store001,SKU001,17,96,305.84,367.01,7,SUP001,Electronics,,0,None
2023-03-30,Store001,SKU002,8,90,69.57,144.82,5,SUP002,Clothing,,0,None
2023-03-30,Store001,SKU003,14,19,27.47,32.96,3,SUP003,Books,,0,None
2023-03-30,Store002,SKU001,13,18,305.84,367.01,7,SUP001,Electronics,,0,None
2023-03-30,Store002,SKU002,10,40,69.57,144.82,5,SUP002,Clothing,,0,None
2023-03-30,Store002,SKU003,9,33,27.47,32.96,3,SUP003,Books,,0,None
2023-03-30,Store003,SKU001,18,63,305.84,367.01,7,SUP001,Electronics,,0,None
2023-03-30,Store003,SKU002,11,94,69.57,144.82,5,SUP002,Clothing,,0,None
2023-03-30,Store003,SKU003,7,98,27.47,32.96,3,SUP003,Books,,0,None
2023-03-31,Store001,SKU001,7,37,305.84,367.01,7,SUP001,Electronics,,0,None
2023-03-31,Store001,SKU002,12,45,69.57,144.82,5,SUP002,Clothing,,0,None
2023-03-31,Store001,SKU003,8,18,27.47,32.96,3,SUP003,Books,,0,None
2023-03-31,Store002,SKU001,7,89,305.84,367.01,7,SUP001,Electronics,,0,None
2023-03-31,Store002,SKU002,4,80,69.57,144.82,5,SUP002,Clothing,,0,None
2023-03-31,Store002,SKU003,7,38,27.47,32.96,3,SUP003,Books,,0,None
2023-03-31,Store003,SKU001,6,41,305.84,367.01,7,SUP001,Electronics,2023-03-21,38,Delivered
2023-03-31,Store003,SKU002,7,33,69.57,144.82,5,SUP002,Clothing,,0,None
2023-03-31,Store003,SKU003,8,23,27.47,32.96,3,SUP003,Books,,0,None
2023-04-01,Store001,SKU001,15,16,305.84,367.01,7,SUP001,Electronics,,0,None
2023-04-01,Store001,SKU002,9,32,69.57,144.82,5,SUP002,Clothing,,0,None
2023-04-01,Store001,SKU003,15,53,27.47,32.96,3,SUP003,Books,,0,None
2023-04-01,Store002,SKU001,11,56,305.84,367.01,7,SUP001,Electronics,,0,None
2023-04-01,Store002,SKU002,12,60,69.57,144.82,5,SUP002,Clothing,,0,None
2023-04-01,Store002,SKU003,5,29,27.47,32.96,3,SUP003,Books,,0,None
2023-04-01,Store003,SKU001,17,30,305.84,367.01,7,SUP001,Electronics,,0,None
2023-04-01,Store003,SKU002,14,60,69.57,144.82,5,SUP002,Clothing,,0,None
2023-04-01,Store003,SKU003,12,81,27.47,32.96,3,SUP003,Books,,0,None
2023-04-02,Store001,SKU001,12,91,305.84,367.01,7,SUP001,Electronics,,0,None
2023-04-02,Store001,SKU002,17,34,69.57,144.82,5,SUP002,Clothing,,0,None
2023-04-02,Store001,SKU003,14,96,27.47,32.96,3,SUP003,Books,,0,None
2023-04-02,Store002,SKU001,12,10,305.84,367.01,7,SUP001,Electronics,,0,None
2023-04-02,Store002,SKU002,16,21,69.57,144.82,5,SUP002,Clothing,,0,None
2023-04-02,Store002,SKU003,9,45,27.47,32.96,3,SUP003,Books,,0,None
2023-04-02,Store003,SKU001,15,56,305.84,367.01,7,SUP001,Electronics,,0,None
2023-04-02,Store003,SKU002,4,49,69.57,144.82,5,SUP002,Clothing,,0,None
2023-04-02,Store003,SKU003,8,88,27.47,32.96,3,SUP003,Books,,0,None
2023-04-03,Store001,SKU001,5,56,305.84,367.01,7,SUP001,Electronics,,0,None
2023-04-03,Store001,SKU002,11,16,69.57,144.82,5,SUP002,Clothing,,0,None
2023-04-03,Store001,SKU003,6,19,27.47,32.96,3,SUP003,Books,,0,None
2023-04-03,Store002,SKU001,6,19,305.84,367.01,7,SUP001,Electronics,,0,None
2023-04-03,Store002,SKU002,17,93,69.57,144.82,5,SUP002,Clothing,2023-03-27,16,Shipped
2023-04-03,Store002,SKU003,8,71,27.47,32.96,3,SUP003,Books,,0,None
2023-04-03,Store003,SKU001,12,88,305.84,367.01,7,SUP001,Electronics,,0,None
2023-04-03,Store003,SKU002,10,40,69.57,144.82,5,SUP002,Clothing,,0,None
2023-04-03,Store003,SKU003,8,48,27.47,32.96,3,SUP003,Books,,0,None
2023-04-04,Store001,SKU001,16,45,305.84,367.01,7,SUP001,Electronics,2023-03-16,42,Delivered
2023-04-04,Store001,SKU002,2,23,69.57,144.82,5,SUP002,Clothing,,0,None
2023-04-04,Store001,SKU003,8,89,27.47,32.96,3,SUP003,Books,,0,None
2023-04-04,Store002,SKU001,6,81,305.84,367.01,7,SUP001,Electronics,,0,None
2023-04-04,Store002,SKU002,11,87,69.57,144.82,5,SUP002,Clothing,,0,None
2023-04-04,Store002,SKU003,5,44,27.47,32.96,3,SUP003,Books,,0,None
2023-04-04,Store003,SKU001,18,59,305.84,367.01,7,SUP001,Electronics,2023-03-31,20,Confirmed
2023-04-04,Store003,SKU002,10,81,69.57,144.82,5,SUP002,Clothing,,0,None
2023-04-04,Store003,SKU003,9,65,27.47,32.96,3,SUP003,Books,,0,None
2023-04-05,Store001,SKU001,15,38,305.84,367.01,7,SUP001,Electronics,,0,None
2023-04-05,Store001,SKU002,1,28,69.57,144.82,5,SUP002,Clothing,2023-03-07,19,Delivered
2023-04-05,Store001,SKU003,3,52,27.47,32.96,3,SUP003,Books,,0,None
2023-04-05,Store002,SKU001,14,16,305.84,367.01,7,SUP001,Electronics,,0,None
2023-04-05,Store002,SKU002,12,59,69.57,144.82,5,SUP002,Clothing,,0,None
2023-04-05,Store002,SKU003,5,84,27.47,32.96,3,SUP003,Books,,0,None
2023-04-05,Store003,SKU001,12,98,305.84,367.01,7,SUP001,Electronics,,0,None
2023-04-05,Store003,SKU002,3,57,69.57,144.82,5,SUP002,Clothing,,0,None
2023-04-05,Store003,SKU003,8,46,27.47,32.96,3,SUP003,Books,,0,None
2023-04-06,Store001,SKU001,7,20,305.84,367.01,7,SUP001,Electronics,,0,None
2023-04-06,Store001,SKU002,11,89,69.57,144.82,5,SUP002,Clothing,,0,None
2023-04-06,Store001,SKU003,12,27,27.47,32.96,3,SUP003,Books,2023-03-30,89,Delivered
2023-04-06,Store002,SKU001,15,86,305.84,367.01,7,SUP001,Electronics,,0,None
2023-04-06,Store002,SKU002,14,68,69.57,144.82,5,SUP002,Clothing,,0,None
2023-04-06,Store002,SKU003,9,43,27.47,32.96,3,SUP003,Books,,0,None
2023-04-06,Store003,SKU001,7,71,305.84,367.01,7,SUP001,Electronics,2023-03-09,38,Delivered
2023-04-06,Store003,SKU002,17,77,69.57,144.82,5,SUP002,Clothing,,0,None
2023-04-06,Store003,SKU003,8,98,27.47,32.96,3,SUP003,Books,,0,None
2023-04-07,Store001,SKU001,15,11,305.84,367.01,7,SUP001,Electronics,,0,None
2023-04-07,Store001,SKU002,11,48,69.57,144.82,5,SUP002,Clothing,,0,None
2023-04-07,Store001,SKU003,10,90,27.47,32.96,3,SUP003,Books,,0,None
2023-04-07,Store002,SKU001,6,86,305.84,367.01,7,SUP001,Electronics,,0,None
2023-04-07,Store002,SKU002,11,28,69.57,144.82,5,SUP002,Clothing,,0,None
2023-04-07,Store002,SKU003,8,95,27.47,32.96,3,SUP003,Books,,0,None
2023-04-07,Store003,SKU001,15,36,305.84,367.01,7,SUP001,Electronics,,0,None
2023-04-07,Store003,SKU002,16,28,69.57,144.82,5,SUP002,Clothing,2023-03-24,54,Delivered
2023-04-07,Store003,SKU003,6,84,27.47,32.96,3,SUP003,Books,,0,None
2023-04-08,Store001,SKU001,17,46,305.84,367.01,7,SUP001,Electronics,,0,None
2023-04-08,Store001,SKU002,13,46,69.57,144.82,5,SUP002,Clothing,2023-03-11,69,Delivered
2023-04-08,Store001,SKU003,12,71,27.47,32.96,3,SUP003,Books,,0,None
2023-04-08,Store002,SKU001,23,69,305.84,367.01,7,SUP001,Electronics,,0,None
2023-04-08,Store002,SKU002,24,77,69.57,144.82,5,SUP002,Clothing,,0,None
2023-04-08,Store002,SKU003,8,31,27.47,32.96,3,SUP003,Books,,0,None
2023-04-08,Store003,SKU001,9,71,305.84,367.01,7,SUP001,Electronics,,0,None
2023-04-08,Store003,SKU002,10,60,69.57,144.82,5,SUP002,Clothing,,0,None
2023-04-08,Store003,SKU003,7,48,27.47,32.96,3,SUP003,Books,,0,None
2023-04-09,Store001,SKU001,18,64,305.84,367.01,7,SUP001,Electronics,2023-03-16,72,Delivered
2023-04-09,Store001,SKU002,12,16,69.57,144.82,5,SUP002,Clothing,,0,None
2023-04-09,Store001,SKU003,5,56,27.47,32.96,3,SUP003,Books,,0,None
2023-04-09,Store002,SKU001,10,17,305.84,367.01,7,SUP001,Electronics,,0,None
2023-04-09,Store002,SKU002,2,94,69.57,144.82,5,SUP002,Clothing,,0,None
2023-04-09,Store002,SKU003,16,89,27.47,32.96,3,SUP003,Books,,0,None
2023-04-09,Store003,SKU001,14,23,305.84,367.01,7,SUP001,Electronics,,0,None
2023-04-09,Store003,SKU002,4,98,69.57,144.82,5,SUP002,Clothing,,0,None
2023-04-09,Store003,SKU003,15,85,27.47,32.96,3,SUP003,Books,,0,None
2023-04-10,Store001,SKU001,11,63,305.84,367.01,7,SUP001,Electronics,,0,None
2023-04-10,Store001,SKU002,12,21,69.57,144.82,5,SUP002,Clothing,,0,None
2023-04-10,Store001,SKU003,8,22,27.47,32.96,3,SUP003,Books,,0,None
2023-04-10,Store002,SKU001,11,14,305.84,367.01,7,SUP001,Electronics,,0,None
2023-04-10,Store002,SKU002,6,15,69.57,144.82,5,SUP002,Clothing,,0,None
2023-04-10,Store002,SKU003,11,50,27.47,32.96,3,SUP003,Books,,0,None
2023-04-10,Store003,SKU001,16,43,305.84,367.01,7,SUP001,Electronics,,0,None
2023-04-10,Store003,SKU002,14,26,69.57,144.82,5,SUP002,Clothing,2023-03-23,50,Delivered
2023-04-10,Store003,SKU003,12,41,27.47,32.96,3,SUP003,Books,,0,None
2023-04-11,Store001,SKU001,8,50,305.84,367.01,7,SUP001,Electronics,,0,None
2023-04-11,Store001,SKU002,5,31,69.57,144.82,5,SUP002,Clothing,,0,None
2023-04-11,Store001,SKU003,6,88,27.47,32.96,3,SUP003,Books,,0,None
2023-04-11,Store002,SKU001,11,51,305.84,367.01,7,SUP001,Electronics,2023-03-17,63,Delivered
2023-04-11,Store002,SKU002,13,13,69.57,144.82,5,SUP002,Clothing,,0,None
2023-04-11,Store002,SKU003,11,38,27.47,32.96,3,SUP003,Books,,0,None
2023-04-11,Store003,SKU001,14,79,305.84,367.01,7,SUP001,Electronics,,0,None
2023-04-11,Store003,SKU002,1,14,69.57,144.82,5,SUP002,Clothing,,0,None
2023-04-11,Store003,SKU003,12,52,27.47,32.96,3,SUP003,Books,,0,None
2023-04-12,Store001,SKU001,10,12,305.84,367.01,7,SUP001,Electronics,,0,None
2023-04-12,Store001,SKU002,10,66,69.57,144.82,5,SUP002,Clothing,,0,None
2023-04-12,Store001,SKU003,11,70,27.47,32.96,3,SUP003,Books,,0,None
2023-04-12,Store002,SKU001,7,49,305.84,367.01,7,SUP001,Electronics,,0,None
2023-04-12,Store002,SKU002,10,95,69.57,144.82,5,SUP002,Clothing,,0,None
2023-04-12,Store002,SKU003,5,20,27.47,32.96,3,SUP003,Books,,0,None
2023-04-12,Store003,SKU001,25,56,305.84,367.01,7,SUP001,Electronics,,0,None
2023-04-12,Store003,SKU002,10,88,69.57,144.82,5,SUP002,Clothing,,0,None
2023-04-12,Store003,SKU003,15,12,27.47,32.96,3,SUP003,Books,,0,None
2023-04-13,Store001,SKU001,16,78,305.84,367.01,7,SUP001,Electronics,,0,None
2023-04-13,Store001,SKU002,5,61,69.57,144.82,5,SUP002,Clothing,,0,None
2023-04-13,Store001,SKU003,13,95,27.47,32.96,3,SUP003,Books,,0,None
2023-04-13,Store002,SKU001,17,36,305.84,367.01,7,SUP001,Electronics,,0,None
2023-04-13,Store002,SKU002,19,31,69.57,144.82,5,SUP002,Clothing,,0,None
2023-04-13,Store002,SKU003,19,85,27.47,32.96,3,SUP003,Books,,0,None
2023-04-13,Store003,SKU001,8,35,305.84,367.01,7,SUP001,Electronics,,0,None
2023-04-13,Store003,SKU002,12,45,69.57,144.82,5,SUP002,Clothing,,0,None
2023-04-13,Store003,SKU003,2,16,27.47,32.96,3,SUP003,Books,,0,None
2023-04-14,Store001,SKU001,10,20,305.84,367.01,7,SUP001,Electronics,,0,None
2023-04-14,Store001,SKU002,4,99,69.57,144.82,5,SUP002,Clothing,,0,None
2023-04-14,Store001,SKU003,9,14,27.47,32.96,3,SUP003,Books,2023-04-01,60,Delivered
2023-04-14,Store002,SKU001,10,62,305.84,367.01,7,SUP001,Electronics,,0,None
2023-04-14,Store002,SKU002,7,72,69.57,144.82,5,SUP002,Clothing,,0,None
2023-04-14,Store002,SKU003,6,86,27.47,32.96,3,SUP003,Books,,0,None
2023-04-14,Store003,SKU001,19,54,305.84,367.01,7,SUP001,Electronics,,0,None
2023-04-14,Store003,SKU002,21,92,69.57,144.82,5,SUP002,Clothing,,0,None
2023-04-14,Store003,SKU003,3,63,27.47,32.96,3,SUP003,Books,,0,None
2023-04-15,Store001,SKU001,11,23,305.84,367.01,7,SUP001,Electronics,,0,None
2023-04-15,Store001,SKU002,9,31,69.57,144.82,5,SUP002,Clothing,,0,None
2023-04-15,Store001,SKU003,15,14,27.47,32.96,3,SUP003,Books,,0,None
2023-04-15,Store002,SKU001,11,11,305.84,367.01,7,SUP001,Electronics,,0,None
2023-04-15,Store002,SKU002,15,37,69.57,144.82,5,SUP002,Clothing,,0,None
2023-04-15,Store002,SKU003,6,12,27.47,32.96,3,SUP003,Books,,0,None
2023-04-15,Store003,SKU001,12,50,305.84,367.01,7,SUP001,Electronics,,0,None
2023-04-15,Store003,SKU002,6,49,69.57,144.82,5,SUP002,Clothing,,0,None
2023-04-15,Store003,SKU003,1,91,27.47,32.96,3,SUP003,Books,,0,None
2023-04-16,Store001,SKU001,6,91,305.84,367.01,7,SUP001,Electronics,,0,None
2023-04-16,Store001,SKU002,7,62,69.57,144.82,5,SUP002,Clothing,,0,None
2023-04-16,Store001,SKU003,11,45,27.47,32.96,3,SUP003,Books,,0,None
2023-04-16,Store002,SKU001,11,84,305.84,367.01,7,SUP001,Electronics,,0,None
2023-04-16,Store002,SKU002,7,86,69.57,144.82,5,SUP002,Clothing,,0,None
2023-04-16,Store002,SKU003,11,10,27.47,32.96,3,SUP003,Books,,0,None
2023-04-16,Store003,SKU001,25,17,305.84,367.01,7,SUP001,Electronics,,0,None
2023-04-16,Store003,SKU002,21,55,69.57,144.82,5,SUP002,Clothing,,0,None
2023-04-16,Store003,SKU003,10,10,27.47,32.96,3,SUP003,Books,,0,None
2023-04-17,Store001,SKU001,16,94,305.84,367.01,7,SUP001,Electronics,,0,None
2023-04-17,Store001,SKU002,13,61,69.57,144.82,5,SUP002,Clothing,,0,None
2023-04-17,Store001,SKU003,3,65,27.47,32.96,3,SUP003,Books,,0,None
2023-04-17,Store002,SKU001,15,57,305.84,367.01,7,SUP001,Electronics,,0,None
2023-04-17,Store002,SKU002,8,24,69.57,144.82,5,SUP002,Clothing,,0,None
2023-04-17,Store002,SKU003,12,24,27.47,32.96,3,SUP003,Books,,0,None
2023-04-17,Store003,SKU001,7,42,305.84,367.01,7,SUP001,Electronics,,0,None
2023-04-17,Store003,SKU002,12,69,69.57,144.82,5,SUP002,Clothing,,0,None
2023-04-17,Store003,SKU003,3,11,27.47,32.96,3,SUP003,Books,2023-04-07,26,Delivered
2023-04-18,Store001,SKU001,20,46,305.84,367.01,7,SUP001,Electronics,,0,None
2023-04-18,Store001,SKU002,16,59,69.57,144.82,5,SUP002,Clothing,,0,None
2023-04-18,Store001,SKU003,3,63,27.47,32.96,3,SUP003,Books,,0,None
2023-04-18,Store002,SKU001,9,64,305.84,367.01,7,SUP001,Electronics,2023-04-17,69,Pending
2023-04-18,Store002,SKU002,17,82,69.57,144.82,5,SUP002,Clothing,,0,None
2023-04-18,Store002,SKU003,5,47,27.47,32.96,3,SUP003,Books,,0,None
2023-04-18,Store003,SKU001,1,76,305.84,367.01,7,SUP001,Electronics,,0,None
2023-04-18,Store003,SKU002,4,26,69.57,144.82,5,SUP002,Clothing,,0,None
2023-04-18,Store003,SKU003,7,84,27.47,32.96,3,SUP003,Books,,0,None
2023-04-19,Store001,SKU001,11,68,305.84,367.01,7,SUP001,Electronics,,0,None
2023-04-19,Store001,SKU002,16,15,69.57,144.82,5,SUP002,Clothing,,0,None
2023-04-19,Store001,SKU003,8,30,27.47,32.96,3,SUP003,Books,2023-04-13,99,Delivered
2023-04-19,Store002,SKU001,17,52,305.84,367.01,7,SUP001,Electronics,,0,None
2023-04-19,Store002,SKU002,5,24,69.57,144.82,5,SUP002,Clothing,,0,None
2023-04-19,Store002,SKU003,2,68,27.47,32.96,3,SUP003,Books,,0,None
2023-04-19,Store003,SKU001,1,48,305.84,367.01,7,SUP001,Electronics,,0,None
2023-04-19,Store003,SKU002,11,22,69.57,144.82,5,SUP002,Clothing,,0,None
2023-04-19,Store003,SKU003,10,33,27.47,32.96,3,SUP003,Books,,0,None
2023-04-20,Store001,SKU001,18,62,305.84,367.01,7,SUP001,Electronics,,0,None
2023-04-20,Store001,SKU002,12,53,69.57,144.82,5,SUP002,Clothing,,0,None
2023-04-20,Store001,SKU003,7,34,27.47,32.96,3,SUP003,Books,,0,None
2023-04-20,Store002,SKU001,6,70,305.84,367.01,7,SUP001,Electronics,,0,None
2023-04-20,Store002,SKU002,11,54,69.57,144.82,5,SUP002,Clothing,,0,None
2023-04-20,Store002,SKU003,6,73,27.47,32.96,3,SUP003,Books,,0,None
2023-04-20,Store003,SKU001,8,82,305.84,367.01,7,SUP001,Electronics,2023-04-15,24,Pending
2023-04-20,Store003,SKU002,4,77,69.57,144.82,5,SUP002,Clothing,,0,None
2023-04-20,Store003,SKU003,18,47,27.47,32.96,3,SUP003,Books,,0,None
2023-04-21,Store001,SKU001,5,74,305.84,367.01,7,SUP001,Electronics,,0,None
2023-04-21,Store001,SKU002,10,32,69.57,144.82,5,SUP002,Clothing,,0,None
2023-04-21,Store001,SKU003,11,69,27.47,32.96,3,SUP003,Books,,0,None
2023-04-21,Store002,SKU001,20,97,305.84,367.01,7,SUP001,Electronics,,0,None
2023-04-21,Store002,SKU002,17,60,69.57,144.82,5,SUP002,Clothing,,0,None
2023-04-21,Store002,SKU003,9,24,27.47,32.96,3,SUP003,Books,,0,None
2023-04-21,Store003,SKU001,14,99,305.84,367.01,7,SUP001,Electronics,2023-03-27,89,Delivered
2023-04-21,Store003,SKU002,22,28,69.57,144.82,5,SUP002,Clothing,2023-03-28,55,Delivered
2023-04-21,Store003,SKU003,9,16,27.47,32.96,3,SUP003,Books,,0,None
2023-04-22,Store001,SKU001,15,60,305.84,367.01,7,SUP001,Electronics,,0,None
2023-04-22,Store001,SKU002,19,99,69.57,144.82,5,SUP002,Clothing,,0,None
2023-04-22,Store001,SKU003,6,59,27.47,32.96,3,SUP003,Books,,0,None
2023-04-22,Store002,SKU001,9,74,305.84,367.01,7,SUP001,Electronics,,0,None
2023-04-22,Store002,SKU002,14,12,69.57,144.82,5,SUP002,Clothing,,0,None
2023-04-22,Store002,SKU003,8,85,27.47,32.96,3,SUP003,Books,,0,None
2023-04-22,Store003,SKU001,24,18,305.84,367.01,7,SUP001,Electronics,,0,None
2023-04-22,Store003,SKU002,7,49,69.57,144.82,5,SUP002,Clothing,,0,None
2023-04-22,Store003,SKU003,7,54,27.47,32.96,3,SUP003,Books,2023-04-15,22,Delivered
2023-04-23,Store001,SKU001,21,22,305.84,367.01,7,SUP001,Electronics,,0,None
2023-04-23,Store001,SKU002,20,53,69.57,144.82,5,SUP002,Clothing,2023-04-16,64,Shipped
2023-04-23,Store001,SKU003,13,58,27.47,32.96,3,SUP003,Books,,0,None
2023-04-23,Store002,SKU001,13,47,305.84,367.01,7,SUP001,Electronics,,0,None
2023-04-23,Store002,SKU002,9,26,69.57,144.82,5,SUP002,Clothing,,0,None
2023-04-23,Store002,SKU003,3,88,27.47,32.96,3,SUP003,Books,,0,None
2023-04-23,Store003,SKU001,12,49,305.84,367.01,7,SUP001,Electronics,,0,None
2023-04-23,Store003,SKU002,17,50,69.57,144.82,5,SUP002,Clothing,,0,None
2023-04-23,Store003,SKU003,6,21,27.47,32.96,3,SUP003,Books,,0,None
2023-04-24,Store001,SKU001,6,53,305.84,367.01,7,SUP001,Electronics,,0,None
2023-04-24,Store001,SKU002,12,96,69.57,144.82,5,SUP002,Clothing,,0,None
2023-04-24,Store001,SKU003,12,98,27.47,32.96,3,SUP003,Books,,0,None
2023-04-24,Store002,SKU001,10,51,305.84,367.01,7,SUP001,Electronics,2023-04-11,19,Delivered
2023-04-24,Store002,SKU002,10,45,69.57,144.82,5,SUP002,Clothing,,0,None
2023-04-24,Store002,SKU003,9,11,27.47,32.96,3,SUP003,Books,,0,None
2023-04-24,Store003,SKU001,6,47,305.84,367.01,7,SUP001,Electronics,,0,None
2023-04-24,Store003,SKU002,13,78,69.57,144.82,5,SUP002,Clothing,,0,None
2023-04-24,Store003,SKU003,1,89,27.47,32.96,3,SUP003,Books,,0,None
2023-04-25,Store001,SKU001,15,30,305.84,367.01,7,SUP001,Electronics,,0,None
2023-04-25,Store001,SKU002,3,31,69.57,144.82,5,SUP002,Clothing,,0,None
2023-04-25,Store001,SKU003,15,26,27.47,32.96,3,SUP003,Books,2023-04-17,95,Delivered
2023-04-25,Store002,SKU001,12,55,305.84,367.01,7,SUP001,Electronics,,0,None
2023-04-25,Store002,SKU002,13,52,69.57,144.82,5,SUP002,Clothing,,0,None
2023-04-25,Store002,SKU003,13,60,27.47,32.96,3,SUP003,Books,,0,None
2023-04-25,Store003,SKU001,4,13,305.84,367.01,7,SUP001,Electronics,,0,None
2023-04-25,Store003,SKU002,13,73,69.57,144.82,5,SUP002,Clothing,,0,None
2023-04-25,Store003,SKU003,10,44,27.47,32.96,3,SUP003,Books,,0,None
2023-04-26,Store001,SKU001,13,42,305.84,367.01,7,SUP001,Electronics,,0,None
2023-04-26,Store001,SKU002,17,44,69.57,144.82,5,SUP002,Clothing,,0,None
2023-04-26,Store001,SKU003,10,19,27.47,32.96,3,SUP003,Books,2023-04-08,78,Delivered
2023-04-26,Store002,SKU001,10,51,305.84,367.01,7,SUP001,Electronics,,0,None
2023-04-26,Store002,SKU002,2,26,69.57,144.82,5,SUP002,Clothing,,0,None
2023-04-26,Store002,SKU003,12,30,27.47,32.96,3,SUP003,Books,,0,None
2023-04-26,Store003,SKU001,6,41,305.84,367.01,7,SUP001,Electronics,,0,None
2023-04-26,Store003,SKU002,10,97,69.57,144.82,5,SUP002,Clothing,,0,None
2023-04-26,Store003,SKU003,0,37,27.47,32.96,3,SUP003,Books,,0,None
2023-04-27,Store001,SKU001,13,92,305.84,367.01,7,SUP001,Electronics,,0,None
2023-04-27,Store001,SKU002,10,24,69.57,144.82,5,SUP002,Clothing,,0,None
2023-04-27,Store001,SKU003,5,47,27.47,32.96,3,SUP003,Books,,0,None
2023-04-27,Store002,SKU001,20,82,305.84,367.01,7,SUP001,Electronics,,0,None
2023-04-27,Store002,SKU002,13,59,69.57,144.82,5,SUP002,Clothing,,0,None
2023-04-27,Store002,SKU003,7,30,27.47,32.96,3,SUP003,Books,,0,None
2023-04-27,Store003,SKU001,12,85,305.84,367.01,7,SUP001,Electronics,,0,None
2023-04-27,Store003,SKU002,6,29,69.57,144.82,5,SUP002,Clothing,,0,None
2023-04-27,Store003,SKU003,8,17,27.47,32.96,3,SUP003,Books,2023-03-31,27,Delivered
2023-04-28,Store001,SKU001,12,59,305.84,367.01,7,SUP001,Electronics,,0,None
2023-04-28,Store001,SKU002,11,30,69.57,144.82,5,SUP002,Clothing,,0,None
2023-04-28,Store001,SKU003,3,20,27.47,32.96,3,SUP003,Books,,0,None
2023-04-28,Store002,SKU001,21,10,305.84,367.01,7,SUP001,Electronics,,0,None
2023-04-28,Store002,SKU002,13,97,69.57,144.82,5,SUP002,Clothing,,0,None
2023-04-28,Store002,SKU003,8,64,27.47,32.96,3,SUP003,Books,,0,None
2023-04-28,Store003,SKU001,12,99,305.84,367.01,7,SUP001,Electronics,,0,None
2023-04-28,Store003,SKU002,6,91,69.57,144.82,5,SUP002,Clothing,,0,None
2023-04-28,Store003,SKU003,3,10,27.47,32.96,3,SUP003,Books,,0,None
2023-04-29,Store001,SKU001,26,86,305.84,367.01,7,SUP001,Electronics,,0,None
2023-04-29,Store001,SKU002,7,40,69.57,144.82,5,SUP002,Clothing,,0,None
2023-04-29,Store001,SKU003,4,52,27.47,32.96,3,SUP003,Books,2023-04-23,90,Delivered
2023-04-29,Store002,SKU001,23,55,305.84,367.01,7,SUP001,Electronics,,0,None
2023-04-29,Store002,SKU002,12,52,69.57,144.82,5,SUP002,Clothing,,0,None
2023-04-29,Store002,SKU003,23,20,27.47,32.96,3,SUP003,Books,,0,None
2023-04-29,Store003,SKU001,8,90,305.84,367.01,7,SUP001,Electronics,,0,None
2023-04-29,Store003,SKU002,14,48,69.57,144.82,5,SUP002,Clothing,,0,None
2023-04-29,Store003,SKU003,6,76,27.47,32.96,3,SUP003,Books,,0,None
2023-04-30,Store001,SKU001,7,74,305.84,367.01,7,SUP001,Electronics,2023-04-04,40,Delivered
2023-04-30,Store001,SKU002,13,32,69.57,144.82,5,SUP002,Clothing,,0,None
2023-04-30,Store001,SKU003,17,25,27.47,32.96,3,SUP003,Books,,0,None
2023-04-30,Store002,SKU001,14,63,305.84,367.01,7,SUP001,Electronics,,0,None
2023-04-30,Store002,SKU002,24,34,69.57,144.82,5,SUP002,Clothing,,0,None
2023-04-30,Store002,SKU003,13,71,27.47,32.96,3,SUP003,Books,,0,None
2023-04-30,Store003,SKU001,13,72,305.84,367.01,7,SUP001,Electronics,,0,None
2023-04-30,Store003,SKU002,3,61,69.57,144.82,5,SUP002,Clothing,,0,None
2023-04-30,Store003,SKU003,9,22,27.47,32.96,3,SUP003,Books,,0,None
2023-05-01,Store001,SKU001,8,63,305.84,367.01,7,SUP001,Electronics,,0,None
2023-05-01,Store001,SKU002,10,32,69.57,144.82,5,SUP002,Clothing,,0,None
2023-05-01,Store001,SKU003,9,75,27.47,32.96,3,SUP003,Books,,0,None
2023-05-01,Store002,SKU001,7,56,305.84,367.01,7,SUP001,Electronics,2023-04-23,96,In Transit
2023-05-01,Store002,SKU002,7,33,69.57,144.82,5,SUP002,Clothing,,0,None
2023-05-01,Store002,SKU003,9,95,27.47,32.96,3,SUP003,Books,2023-04-18,99,Delivered
2023-05-01,Store003,SKU001,10,41,305.84,367.01,7,SUP001,Electronics,,0,None
2023-05-01,Store003,SKU002,20,97,69.57,144.82,5,SUP002,Clothing,,0,None
2023-05-01,Store003,SKU003,9,17,27.47,32.96,3,SUP003,Books,,0,None
2023-05-02,Store001,SKU001,15,10,305.84,367.01,7,SUP001,Electronics,,0,None
2023-05-02,Store001,SKU002,14,68,69.57,144.82,5,SUP002,Clothing,,0,None
2023-05-02,Store001,SKU003,3,69,27.47,32.96,3,SUP003,Books,,0,None
2023-05-02,Store002,SKU001,13,34,305.84,367.01,7,SUP001,Electronics,,0,None
2023-05-02,Store002,SKU002,3,89,69.57,144.82,5,SUP002,Clothing,,0,None
2023-05-02,Store002,SKU003,2,94,27.47,32.96,3,SUP003,Books,,0,None
2023-05-02,Store003,SKU001,17,91,305.84,367.01,7,SUP001,Electronics,,0,None
2023-05-02,Store003,SKU002,10,78,69.57,144.82,5,SUP002,Clothing,,0,None
2023-05-02,Store003,SKU003,9,68,27.47,32.96,3,SUP003,Books,,0,None
2023-05-03,Store001,SKU001,12,38,305.84,367.01,7,SUP001,Electronics,,0,None
2023-05-03,Store001,SKU002,4,71,69.57,144.82,5,SUP002,Clothing,,0,None
2023-05-03,Store001,SKU003,4,68,27.47,32.96,3,SUP003,Books,,0,None
2023-05-03,Store002,SKU001,7,25,305.84,367.01,7,SUP001,Electronics,,0,None
2023-05-03,Store002,SKU002,7,32,69.57,144.82,5,SUP002,Clothing,,0,None
2023-05-03,Store002,SKU003,7,95,27.47,32.96,3,SUP003,Books,,0,None
2023-05-03,Store003,SKU001,8,75,305.84,367.01,7,SUP001,Electronics,,0,None
2023-05-03,Store003,SKU002,12,74,69.57,144.82,5,SUP002,Clothing,,0,None
2023-05-03,Store003,SKU003,9,61,27.47,32.96,3,SUP003,Books,,0,None
2023-05-04,Store001,SKU001,10,37,305.84,367.01,7,SUP001,Electronics,,0,None
2023-05-04,Store001,SKU002,7,58,69.57,144.82,5,SUP002,Clothing,2023-04-09,94,Delivered
2023-05-04,Store001,SKU003,8,71,27.47,32.96,3,SUP003,Books,,0,None
2023-05-04,Store002,SKU001,3,29,305.84,367.01,7,SUP001,Electronics,,0,None
2023-05-04,Store002,SKU002,11,86,69.57,144.82,5,SUP002,Clothing,2023-04-19,41,Delivered
2023-05-04,Store002,SKU003,0,10,27.47,32.96,3,SUP003,Books,,0,None
2023-05-04,Store003,SKU001,6,67,305.84,367.01,7,SUP001,Electronics,,0,None
2023-05-04,Store003,SKU002,13,31,69.57,144.82,5,SUP002,Clothing,,0,None
2023-05-04,Store003,SKU003,5,75,27.47,32.96,3,SUP003,Books,,0,None
2023-05-05,Store001,SKU001,9,50,305.84,367.01,7,SUP001,Electronics,,0,None
2023-05-05,Store001,SKU002,10,67,69.57,144.82,5,SUP002,Clothing,,0,None
2023-05-05,Store001,SKU003,3,97,27.47,32.96,3,SUP003,Books,,0,None
2023-05-05,Store002,SKU001,7,72,305.84,367.01,7,SUP001,Electronics,2023-04-14,91,Delivered
2023-05-05,Store002,SKU002,18,99,69.57,144.82,5,SUP002,Clothing,,0,None
2023-05-05,Store002,SKU003,7,42,27.47,32.96,3,SUP003,Books,2023-05-04,69,Confirmed
2023-05-05,Store003,SKU001,23,30,305.84,367.01,7,SUP001,Electronics,,0,None
2023-05-05,Store003,SKU002,3,66,69.57,144.82,5,SUP002,Clothing,,0,None
2023-05-05,Store003,SKU003,4,43,27.47,32.96,3,SUP003,Books,,0,None
2023-05-06,Store001,SKU001,10,25,305.84,367.01,7,SUP001,Electronics,,0,None
2023-05-06,Store001,SKU002,22,45,69.57,144.82,5,SUP002,Clothing,,0,None
2023-05-06,Store001,SKU003,14,78,27.47,32.96,3,SUP003,Books,,0,None
2023-05-06,Store002,SKU001,19,25,305.84,367.01,7,SUP001,Electronics,,0,None
2023-05-06,Store002,SKU002,8,35,69.57,144.82,5,SUP002,Clothing,,0,None
2023-05-06,Store002,SKU003,9,64,27.47,32.96,3,SUP003,Books,,0,None
2023-05-06,Store003,SKU001,20,86,305.84,367.01,7,SUP001,Electronics,,0,None
2023-05-06,Store003,SKU002,12,21,69.57,144.82,5,SUP002,Clothing,,0,None
2023-05-06,Store003,SKU003,21,80,27.47,32.96,3,SUP003,Books,,0,None
2023-05-07,Store001,SKU001,15,34,305.84,367.01,7,SUP001,Electronics,,0,None
2023-05-07,Store001,SKU002,13,34,69.57,144.82,5,SUP002,Clothing,,0,None
2023-05-07,Store001,SKU003,9,71,27.47,32.96,3,SUP003,Books,,0,None
2023-05-07,Store002,SKU001,22,26,305.84,367.01,7,SUP001,Electronics,,0,None
2023-05-07,Store002,SKU002,11,53,69.57,144.82,5,SUP002,Clothing,,0,None
2023-05-07,Store002,SKU003,9,64,27.47,32.96,3,SUP003,Books,,0,None
2023-05-07,Store003,SKU001,17,54,305.84,367.01,7,SUP001,Electronics,,0,None
2023-05-07,Store003,SKU002,15,78,69.57,144.82,5,SUP002,Clothing,,0,None
2023-05-07,Store003,SKU003,19,68,27.47,32.96,3,SUP003,Books,,0,None
2023-05-08,Store001,SKU001,5,87,305.84,367.01,7,SUP001,Electronics,,0,None
2023-05-08,Store001,SKU002,9,43,69.57,144.82,5,SUP002,Clothing,,0,None
2023-05-08,Store001,SKU003,3,77,27.47,32.96,3,SUP003,Books,,0,None
2023-05-08,Store002,SKU001,16,67,305.84,367.01,7,SUP001,Electronics,,0,None
2023-05-08,Store002,SKU002,6,32,69.57,144.82,5,SUP002,Clothing,,0,None
2023-05-08,Store002,SKU003,8,24,27.47,32.96,3,SUP003,Books,,0,None
2023-05-08,Store003,SKU001,10,34,305.84,367.01,7,SUP001,Electronics,,0,None
2023-05-08,Store003,SKU002,13,13,69.57,144.82,5,SUP002,Clothing,,0,None
2023-05-08,Store003,SKU003,11,72,27.47,32.96,3,SUP003,Books,,0,None
2023-05-09,Store001,SKU001,14,67,305.84,367.01,7,SUP001,Electronics,,0,None
2023-05-09,Store001,SKU002,6,40,69.57,144.82,5,SUP002,Clothing,,0,None
2023-05-09,Store001,SKU003,6,48,27.47,32.96,3,SUP003,Books,,0,None
2023-05-09,Store002,SKU001,13,14,305.84,367.01,7,SUP001,Electronics,,0,None
2023-05-09,Store002,SKU002,18,93,69.57,144.82,5,SUP002,Clothing,,0,None
2023-05-09,Store002,SKU003,7,93,27.47,32.96,3,SUP003,Books,2023-04-19,42,Delivered
2023-05-09,Store003,SKU001,10,22,305.84,367.01,7,SUP001,Electronics,,0,None
2023-05-09,Store003,SKU002,13,40,69.57,144.82,5,SUP002,Clothing,,0,None
2023-05-09,Store003,SKU003,6,24,27.47,32.96,3,SUP003,Books,,0,None
2023-05-10,Store001,SKU001,13,65,305.84,367.01,7,SUP001,Electronics,,0,None
2023-05-10,Store001,SKU002,1,30,69.57,144.82,5,SUP002,Clothing,,0,None
2023-05-10,Store001,SKU003,7,62,27.47,32.96,3,SUP003,Books,,0,None
2023-05-10,Store002,SKU001,16,74,305.84,367.01,7,SUP001,Electronics,,0,None
2023-05-10,Store002,SKU002,12,51,69.57,144.82,5,SUP002,Clothing,,0,None
2023-05-10,Store002,SKU003,6,59,27.47,32.96,3,SUP003,Books,,0,None
2023-05-10,Store003,SKU001,9,19,305.84,367.01,7,SUP001,Electronics,,0,None
2023-05-10,Store003,SKU002,11,97,69.57,144.82,5,SUP002,Clothing,,0,None
2023-05-10,Store003,SKU003,19,24,27.47,32.96,3,SUP003,Books,,0,None
2023-05-11,Store001,SKU001,13,72,305.84,367.01,7,SUP001,Electronics,,0,None
2023-05-11,Store001,SKU002,10,95,69.57,144.82,5,SUP002,Clothing,,0,None
2023-05-11,Store001,SKU003,3,66,27.47,32.96,3,SUP003,Books,,0,None
2023-05-11,Store002,SKU001,7,61,305.84,367.01,7,SUP001,Electronics,,0,None
2023-05-11,Store002,SKU002,11,18,69.57,144.82,5,SUP002,Clothing,,0,None
2023-05-11,Store002,SKU003,8,28,27.47,32.96,3,SUP003,Books,,0,None
2023-05-11,Store003,SKU001,9,49,305.84,367.01,7,SUP001,Electronics,,0,None
2023-05-11,Store003,SKU002,5,86,69.57,144.82,5,SUP002,Clothing,,0,None
2023-05-11,Store003,SKU003,6,29,27.47,32.96,3,SUP003,Books,,0,None
2023-05-12,Store001,SKU001,8,58,305.84,367.01,7,SUP001,Electronics,,0,None
2023-05-12,Store001,SKU002,8,67,69.57,144.82,5,SUP002,Clothing,2023-04-28,29,Delivered
2023-05-12,Store001,SKU003,5,54,27.47,32.96,3,SUP003,Books,,0,None
2023-05-12,Store002,SKU001,9,85,305.84,367.01,7,SUP001,Electronics,,0,None
2023-05-12,Store002,SKU002,9,21,69.57,144.82,5,SUP002,Clothing,,0,None
2023-05-12,Store002,SKU003,5,91,27.47,32.96,3,SUP003,Books,,0,None
2023-05-12,Store003,SKU001,15,21,305.84,367.01,7,SUP001,Electronics,,0,None
2023-05-12,Store003,SKU002,13,58,69.57,144.82,5,SUP002,Clothing,,0,None
2023-05-12,Store003,SKU003,6,18,27.47,32.96,3,SUP003,Books,,0,None
2023-05-13,Store001,SKU001,14,96,305.84,367.01,7,SUP001,Electronics,2023-04-24,10,Delivered
2023-05-13,Store001,SKU002,14,68,69.57,144.82,5,SUP002,Clothing,,0,None
2023-05-13,Store001,SKU003,11,96,27.47,32.96,3,SUP003,Books,2023-05-12,42,Pending
2023-05-13,Store002,SKU001,15,10,305.84,367.01,7,SUP001,Electronics,2023-05-11,17,Confirmed
2023-05-13,Store002,SKU002,9,32,69.57,144.82,5,SUP002,Clothing,,0,None
2023-05-13,Store002,SKU003,11,51,27.47,32.96,3,SUP003,Books,,0,None
2023-05-13,Store003,SKU001,12,58,305.84,367.01,7,SUP001,Electronics,,0,None
2023-05-13,Store003,SKU002,15,38,69.57,144.82,5,SUP002,Clothing,,0,None
2023-05-13,Store003,SKU003,13,98,27.47,32.96,3,SUP003,Books,,0,None
2023-05-14,Store001,SKU001,8,11,305.84,367.01,7,SUP001,Electronics,2023-05-10,41,Confirmed
2023-05-14,Store001,SKU002,11,49,69.57,144.82,5,SUP002,Clothing,,0,None
2023-05-14,Store001,SKU003,16,87,27.47,32.96,3,SUP003,Books,,0,None
2023-05-14,Store002,SKU001,8,51,305.84,367.01,7,SUP001,Electronics,,0,None
2023-05-14,Store002,SKU002,14,17,69.57,144.82,5,SUP002,Clothing,,0,None
2023-05-14,Store002,SKU003,5,38,27.47,32.96,3,SUP003,Books,2023-05-07,81,Delivered
2023-05-14,Store003,SKU001,13,66,305.84,367.01,7,SUP001,Electronics,,0,None
2023-05-14,Store003,SKU002,6,60,69.57,144.82,5,SUP002,Clothing,,0,None
2023-05-14,Store003,SKU003,11,51,27.47,32.96,3,SUP003,Books,,0,None
2023-05-15,Store001,SKU001,10,82,305.84,367.01,7,SUP001,Electronics,2023-04-16,62,Delivered
2023-05-15,Store001,SKU002,5,66,69.57,144.82,5,SUP002,Clothing,,0,None
2023-05-15,Store001,SKU003,6,34,27.47,32.96,3,SUP003,Books,,0,None
2023-05-15,Store002,SKU001,7,34,305.84,367.01,7,SUP001,Electronics,,0,None
2023-05-15,Store002,SKU002,16,78,69.57,144.82,5,SUP002,Clothing,,0,None
2023-05-15,Store002,SKU003,12,87,27.47,32.96,3,SUP003,Books,,0,None
2023-05-15,Store003,SKU001,6,49,305.84,367.01,7,SUP001,Electronics,,0,None
2023-05-15,Store003,SKU002,8,38,69.57,144.82,5,SUP002,Clothing,,0,None
2023-05-15,Store003,SKU003,11,23,27.47,32.96,3,SUP003,Books,,0,None
2023-05-16,Store001,SKU001,14,56,305.84,367.01,7,SUP001,Electronics,,0,None
2023-05-16,Store001,SKU002,9,58,69.57,144.82,5,SUP002,Clothing,,0,None
2023-05-16,Store001,SKU003,9,41,27.47,32.96,3,SUP003,Books,,0,None
2023-05-16,Store002,SKU001,9,21,305.84,367.01,7,SUP001,Electronics,,0,None
2023-05-16,Store002,SKU002,8,21,69.57,144.82,5,SUP002,Clothing,,0,None
2023-05-16,Store002,SKU003,5,42,27.47,32.96,3,SUP003,Books,2023-04-30,54,Delivered
2023-05-16,Store003,SKU001,15,94,305.84,367.01,7,SUP001,Electronics,,0,None
2023-05-16,Store003,SKU002,15,25,69.57,144.82,5,SUP002,Clothing,,0,None
2023-05-16,Store003,SKU003,11,66,27.47,32.96,3,SUP003,Books,,0,None
2023-05-17,Store001,SKU001,16,91,305.84,367.01,7,SUP001,Electronics,,0,None
2023-05-17,Store001,SKU002,19,58,69.57,144.82,5,SUP002,Clothing,,0,None
2023-05-17,Store001,SKU003,5,96,27.47,32.96,3,SUP003,Books,,0,None
2023-05-17,Store002,SKU001,19,99,305.84,367.01,7,SUP001,Electronics,2023-04-27,45,Delivered
2023-05-17,Store002,SKU002,17,45,69.57,144.82,5,SUP002,Clothing,,0,None
2023-05-17,Store002,SKU003,6,49,27.47,32.96,3,SUP003,Books,,0,None
2023-05-17,Store003,SKU001,15,14,305.84,367.01,7,SUP001,Electronics,,0,None
2023-05-17,Store003,SKU002,8,28,69.57,144.82,5,SUP002,Clothing,,0,None
2023-05-17,Store003,SKU003,3,55,27.47,32.96,3,SUP003,Books,,0,None
2023-05-18,Store001,SKU001,1,23,305.84,367.01,7,SUP001,Electronics,,0,None
2023-05-18,Store001,SKU002,5,14,69.57,144.82,5,SUP002,Clothing,,0,None
2023-05-18,Store001,SKU003,4,82,27.47,32.96,3,SUP003,Books,,0,None
2023-05-18,Store002,SKU001,11,32,305.84,367.01,7,SUP001,Electronics,,0,None
2023-05-18,Store002,SKU002,13,76,69.57,144.82,5,SUP002,Clothing,,0,None
2023-05-18,Store002,SKU003,4,58,27.47,32.96,3,SUP003,Books,,0,None
2023-05-18,Store003,SKU001,17,69,305.84,367.01,7,SUP001,Electronics,,0,None
2023-05-18,Store003,SKU002,3,58,69.57,144.82,5,SUP002,Clothing,,0,None
2023-05-18,Store003,SKU003,5,85,27.47,32.96,3,SUP003,Books,,0,None
2023-05-19,Store001,SKU001,1,24,305.84,367.01,7,SUP001,Electronics,,0,None
2023-05-19,Store001,SKU002,21,69,69.57,144.82,5,SUP002,Clothing,,0,None
2023-05-19,Store001,SKU003,6,26,27.47,32.96,3,SUP003,Books,,0,None
2023-05-19,Store002,SKU001,12,53,305.84,367.01,7,SUP001,Electronics,,0,None
2023-05-19,Store002,SKU002,14,75,69.57,144.82,5,SUP002,Clothing,,0,None
2023-05-19,Store002,SKU003,10,44,27.47,32.96,3,SUP003,Books,,0,None
2023-05-19,Store003,SKU001,11,79,305.84,367.01,7,SUP001,Electronics,,0,None
2023-05-19,Store003,SKU002,10,20,69.57,144.82,5,SUP002,Clothing,,0,None
2023-05-19,Store003,SKU003,7,49,27.47,32.96,3,SUP003,Books,,0,None
2023-05-20,Store001,SKU001,13,15,305.84,367.01,7,SUP001,Electronics,,0,None
2023-05-20,Store001,SKU002,6,55,69.57,144.82,5,SUP002,Clothing,,0,None
2023-05-20,Store001,SKU003,6,10,27.47,32.96,3,SUP003,Books,,0,None
2023-05-20,Store002,SKU001,9,50,305.84,367.01,7,SUP001,Electronics,2023-04-29,33,Delivered
2023-05-20,Store002,SKU002,5,33,69.57,144.82,5,SUP002,Clothing,,0,None
2023-05-20,Store002,SKU003,4,74,27.47,32.96,3,SUP003,Books,,0,None
2023-05-20,Store003,SKU001,11,57,305.84,367.01,7,SUP001,Electronics,,0,None
2023-05-20,Store003,SKU002,5,99,69.57,144.82,5,SUP002,Clothing,,0,None
2023-05-20,Store003,SKU003,12,82,27.47,32.96,3,SUP003,Books,,0,None
2023-05-21,Store001,SKU001,17,57,305.84,367.01,7,SUP001,Electronics,,0,None
2023-05-21,Store001,SKU002,20,53,69.57,144.82,5,SUP002,Clothing,,0,None
2023-05-21,Store001,SKU003,7,41,27.47,32.96,3,SUP003,Books,,0,None
2023-05-21,Store002,SKU001,18,58,305.84,367.01,7,SUP001,Electronics,,0,None
2023-05-21,Store002,SKU002,9,27,69.57,144.82,5,SUP002,Clothing,,0,None
2023-05-21,Store002,SKU003,4,98,27.47,32.96,3,SUP003,Books,,0,None
2023-05-21,Store003,SKU001,15,14,305.84,367.01,7,SUP001,Electronics,2023-05-16,75,Confirmed
2023-05-21,Store003,SKU002,9,97,69.57,144.82,5,SUP002,Clothing,,0,None
2023-05-21,Store003,SKU003,3,68,27.47,32.96,3,SUP003,Books,,0,None
2023-05-22,Store001,SKU001,16,81,305.84,367.01,7,SUP001,Electronics,,0,None
2023-05-22,Store001,SKU002,18,13,69.57,144.82,5,SUP002,Clothing,,0,None
2023-05-22,Store001,SKU003,9,75,27.47,32.96,3,SUP003,Books,2023-05-20,56,Confirmed
2023-05-22,Store002,SKU001,7,69,305.84,367.01,7,SUP001,Electronics,,0,None
2023-05-22,Store002,SKU002,4,45,69.57,144.82,5,SUP002,Clothing,,0,None
2023-05-22,Store002,SKU003,5,58,27.47,32.96,3,SUP003,Books,,0,None
2023-05-22,Store003,SKU001,12,76,305.84,367.01,7,SUP001,Electronics,,0,None
2023-05-22,Store003,SKU002,7,30,69.57,144.82,5,SUP002,Clothing,,0,None
2023-05-22,Store003,SKU003,7,86,27.47,32.96,3,SUP003,Books,,0,None
2023-05-23,Store001,SKU001,13,95,305.84,367.01,7,SUP001,Electronics,,0,None
2023-05-23,Store001,SKU002,8,69,69.57,144.82,5,SUP002,Clothing,,0,None
2023-05-23,Store001,SKU003,12,82,27.47,32.96,3,SUP003,Books,,0,None
2023-05-23,Store002,SKU001,11,87,305.84,367.01,7,SUP001,Electronics,,0,None
2023-05-23,Store002,SKU002,5,70,69.57,144.82,5,SUP002,Clothing,2023-05-09,44,Delivered
2023-05-23,Store002,SKU003,15,84,27.47,32.96,3,SUP003,Books,,0,None
2023-05-23,Store003,SKU001,10,29,305.84,367.01,7,SUP001,Electronics,,0,None
2023-05-23,Store003,SKU002,9,50,69.57,144.82,5,SUP002,Clothing,2023-05-03,27,Delivered
2023-05-23,Store003,SKU003,9,70,27.47,32.96,3,SUP003,Books,,0,None
2023-05-24,Store001,SKU001,21,11,305.84,367.01,7,SUP001,Electronics,2023-05-23,25,Confirmed
2023-05-24,Store001,SKU002,15,85,69.57,144.82,5,SUP002,Clothing,,0,None
2023-05-24,Store001,SKU003,7,67,27.47,32.96,3,SUP003,Books,,0,None
2023-05-24,Store002,SKU001,12,37,305.84,367.01,7,SUP001,Electronics,2023-05-08,95,Delivered
2023-05-24,Store002,SKU002,10,96,69.57,144.82,5,SUP002,Clothing,,0,None
2023-05-24,Store002,SKU003,7,57,27.47,32.96,3,SUP003,Books,,0,None
2023-05-24,Store003,SKU001,4,23,305.84,367.01,7,SUP001,Electronics,,0,None
2023-05-24,Store003,SKU002,11,90,69.57,144.82,5,SUP002,Clothing,,0,None
2023-05-24,Store003,SKU003,6,23,27.47,32.96,3,SUP003,Books,,0,None
2023-05-25,Store001,SKU001,19,17,305.84,367.01,7,SUP001,Electronics,,0,None
2023-05-25,Store001,SKU002,17,82,69.57,144.82,5,SUP002,Clothing,,0,None
2023-05-25,Store001,SKU003,6,69,27.47,32.96,3,SUP003,Books,,0,None
2023-05-25,Store002,SKU001,8,75,305.84,367.01,7,SUP001,Electronics,,0,None
2023-05-25,Store002,SKU002,7,39,69.57,144.82,5,SUP002,Clothing,,0,None
2023-05-25,Store002,SKU003,6,93,27.47,32.96,3,SUP003,Books,2023-05-02,85,Delivered
2023-05-25,Store003,SKU001,8,67,305.84,367.01,7,SUP001,Electronics,,0,None
2023-05-25,Store003,SKU002,5,14,69.57,144.82,5,SUP002,Clothing,,0,None
2023-05-25,Store003,SKU003,5,52,27.47,32.96,3,SUP003,Books,,0,None
2023-05-26,Store001,SKU001,7,41,305.84,367.01,7,SUP001,Electronics,,0,None
2023-05-26,Store001,SKU002,5,20,69.57,144.82,5,SUP002,Clothing,,0,None
2023-05-26,Store001,SKU003,13,38,27.47,32.96,3,SUP003,Books,,0,None
2023-05-26,Store002,SKU001,18,20,305.84,367.01,7,SUP001,Electronics,,0,None
2023-05-26,Store002,SKU002,5,55,69.57,144.82,5,SUP002,Clothing,,0,None
2023-05-26,Store002,SKU003,2,65,27.47,32.96,3,SUP003,Books,,0,None
2023-05-26,Store003,SKU001,19,75,305.84,367.01,7,SUP001,Electronics,,0,None
2023-05-26,Store003,SKU002,9,73,69.57,144.82,5,SUP002,Clothing,,0,None
2023-05-26,Store003,SKU003,9,47,27.47,32.96,3,SUP003,Books,,0,None
2023-05-27,Store001,SKU001,14,66,305.84,367.01,7,SUP001,Electronics,,0,None
2023-05-27,Store001,SKU002,13,20,69.57,144.82,5,SUP002,Clothing,,0,None
2023-05-27,Store001,SKU003,6,69,27.47,32.96,3,SUP003,Books,,0,None
2023-05-27,Store002,SKU001,8,99,305.84,367.01,7,SUP001,Electronics,,0,None
2023-05-27,Store002,SKU002,8,35,69.57,144.82,5,SUP002,Clothing,,0,None
2023-05-27,Store002,SKU003,7,60,27.47,32.96,3,SUP003,Books,,0,None
2023-05-27,Store003,SKU001,12,33,305.84,367.01,7,SUP001,Electronics,,0,None
2023-05-27,Store003,SKU002,18,16,69.57,144.82,5,SUP002,Clothing,,0,None
2023-05-27,Store003,SKU003,2,79,27.47,32.96,3,SUP003,Books,,0,None
2023-05-28,Store001,SKU001,16,73,305.84,367.01,7,SUP001,Electronics,,0,None
2023-05-28,Store001,SKU002,7,24,69.57,144.82,5,SUP002,Clothing,,0,None
2023-05-28,Store001,SKU003,8,32,27.47,32.96,3,SUP003,Books,,0,None
2023-05-28,Store002,SKU001,9,56,305.84,367.01,7,SUP001,Electronics,,0,None
2023-05-28,Store002,SKU002,12,70,69.57,144.82,5,SUP002,Clothing,,0,None
2023-05-28,Store002,SKU003,7,32,27.47,32.96,3,SUP003,Books,,0,None
2023-05-28,Store003,SKU001,18,45,305.84,367.01,7,SUP001,Electronics,,0,None
2023-05-28,Store003,SKU002,10,94,69.57,144.82,5,SUP002,Clothing,,0,None
2023-05-28,Store003,SKU003,14,14,27.47,32.96,3,SUP003,Books,,0,None
2023-05-29,Store001,SKU001,13,15,305.84,367.01,7,SUP001,Electronics,,0,None
2023-05-29,Store001,SKU002,12,14,69.57,144.82,5,SUP002,Clothing,,0,None
2023-05-29,Store001,SKU003,8,73,27.47,32.96,3,SUP003,Books,,0,None
2023-05-29,Store002,SKU001,13,14,305.84,367.01,7,SUP001,Electronics,,0,None
2023-05-29,Store002,SKU002,12,61,69.57,144.82,5,SUP002,Clothing,2023-05-18,43,Delivered
2023-05-29,Store002,SKU003,5,56,27.47,32.96,3,SUP003,Books,,0,None
2023-05-29,Store003,SKU001,13,53,305.84,367.01,7,SUP001,Electronics,,0,None
2023-05-29,Store003,SKU002,6,51,69.57,144.82,5,SUP002,Clothing,2023-04-30,82,Delivered
2023-05-29,Store003,SKU003,5,87,27.47,32.96,3,SUP003,Books,,0,None
2023-05-30,Store001,SKU001,4,29,305.84,367.01,7,SUP001,Electronics,,0,None
2023-05-30,Store001,SKU002,8,96,69.57,144.82,5,SUP002,Clothing,,0,None
2023-05-30,Store001,SKU003,5,87,27.47,32.96,3,SUP003,Books,,0,None
2023-05-30,Store002,SKU001,4,39,305.84,367.01,7,SUP001,Electronics,,0,None
2023-05-30,Store002,SKU002,8,74,69.57,144.82,5,SUP002,Clothing,,0,None
2023-05-30,Store002,SKU003,9,15,27.47,32.96,3,SUP003,Books,,0,None
2023-05-30,Store003,SKU001,5,27,305.84,367.01,7,SUP001,Electronics,,0,None
2023-05-30,Store003,SKU002,10,28,69.57,144.82,5,SUP002,Clothing,,0,None
2023-05-30,Store003,SKU003,10,68,27.47,32.96,3,SUP003,Books,,0,None
2023-05-31,Store001,SKU001,20,55,305.84,367.01,7,SUP001,Electronics,,0,None
2023-05-31,Store001,SKU002,12,45,69.57,144.82,5,SUP002,Clothing,,0,None
2023-05-31,Store001,SKU003,10,48,27.47,32.96,3,SUP003,Books,,0,None
2023-05-31,Store002,SKU001,10,40,305.84,367.01,7,SUP001,Electronics,,0,None
2023-05-31,Store002,SKU002,12,71,69.57,144.82,5,SUP002,Clothing,2023-05-23,28,Delivered
2023-05-31,Store002,SKU003,7,22,27.47,32.96,3,SUP003,Books,,0,None
2023-05-31,Store003,SKU001,18,62,305.84,367.01,7,SUP001,Electronics,,0,None
2023-05-31,Store003,SKU002,13,15,69.57,144.82,5,SUP002,Clothing,2023-05-09,29,Delivered
2023-05-31,Store003,SKU003,9,76,27.47,32.96,3,SUP003,Books,,0,None
2023-06-01,Store001,SKU001,6,19,305.84,367.01,7,SUP001,Electronics,,0,None
2023-06-01,Store001,SKU002,11,65,69.57,144.82,5,SUP002,Clothing,,0,None
2023-06-01,Store001,SKU003,5,51,27.47,32.96,3,SUP003,Books,,0,None
2023-06-01,Store002,SKU001,9,71,305.84,367.01,7,SUP001,Electronics,,0,None
2023-06-01,Store002,SKU002,8,74,69.57,144.82,5,SUP002,Clothing,,0,None
2023-06-01,Store002,SKU003,8,76,27.47,32.96,3,SUP003,Books,,0,None
2023-06-01,Store003,SKU001,12,63,305.84,367.01,7,SUP001,Electronics,,0,None
2023-06-01,Store003,SKU002,4,64,69.57,144.82,5,SUP002,Clothing,,0,None
2023-06-01,Store003,SKU003,8,92,27.47,32.96,3,SUP003,Books,,0,None
2023-06-02,Store001,SKU001,8,67,305.84,367.01,7,SUP001,Electronics,,0,None
2023-06-02,Store001,SKU002,22,86,69.57,144.82,5,SUP002,Clothing,,0,None
2023-06-02,Store001,SKU003,12,86,27.47,32.96,3,SUP003,Books,,0,None
2023-06-02,Store002,SKU001,13,28,305.84,367.01,7,SUP001,Electronics,,0,None
2023-06-02,Store002,SKU002,6,19,69.57,144.82,5,SUP002,Clothing,,0,None
2023-06-02,Store002,SKU003,5,87,27.47,32.96,3,SUP003,Books,,0,None
2023-06-02,Store003,SKU001,17,51,305.84,367.01,7,SUP001,Electronics,,0,None
2023-06-02,Store003,SKU002,9,92,69.57,144.82,5,SUP002,Clothing,,0,None
2023-06-02,Store003,SKU003,8,83,27.47,32.96,3,SUP003,Books,2023-05-24,36,Delivered
2023-06-03,Store001,SKU001,11,45,305.84,367.01,7,SUP001,Electronics,,0,None
2023-06-03,Store001,SKU002,19,79,69.57,144.82,5,SUP002,Clothing,,0,None
2023-06-03,Store001,SKU003,2,86,27.47,32.96,3,SUP003,Books,,0,None
2023-06-03,Store002,SKU001,24,36,305.84,367.01,7,SUP001,Electronics,,0,None
2023-06-03,Store002,SKU002,8,52,69.57,144.82,5,SUP002,Clothing,,0,None
2023-06-03,Store002,SKU003,6,75,27.47,32.96,3,SUP003,Books,,0,None
2023-06-03,Store003,SKU001,19,84,305.84,367.01,7,SUP001,Electronics,,0,None
2023-06-03,Store003,SKU002,17,24,69.57,144.82,5,SUP002,Clothing,,0,None
2023-06-03,Store003,SKU003,15,49,27.47,32.96,3,SUP003,Books,,0,None
2023-06-04,Store001,SKU001,15,70,305.84,367.01,7,SUP001,Electronics,,0,None
2023-06-04,Store001,SKU002,12,49,69.57,144.82,5,SUP002,Clothing,,0,None
2023-06-04,Store001,SKU003,11,30,27.47,32.96,3,SUP003,Books,,0,None
2023-06-04,Store002,SKU001,15,75,305.84,367.01,7,SUP001,Electronics,,0,None
2023-06-04,Store002,SKU002,20,52,69.57,144.82,5,SUP002,Clothing,,0,None
2023-06-04,Store002,SKU003,25,96,27.47,32.96,3,SUP003,Books,,0,None
2023-06-04,Store003,SKU001,13,33,305.84,367.01,7,SUP001,Electronics,,0,None
2023-06-04,Store003,SKU002,13,27,69.57,144.82,5,SUP002,Clothing,,0,None
2023-06-04,Store003,SKU003,7,97,27.47,32.96,3,SUP003,Books,,0,None
2023-06-05,Store001,SKU001,8,38,305.84,367.01,7,SUP001,Electronics,,0,None
2023-06-05,Store001,SKU002,14,25,69.57,144.82,5,SUP002,Clothing,,0,None
2023-06-05,Store001,SKU003,9,12,27.47,32.96,3,SUP003,Books,,0,None
2023-06-05,Store002,SKU001,17,77,305.84,367.01,7,SUP001,Electronics,2023-05-31,43,Confirmed
2023-06-05,Store002,SKU002,21,92,69.57,144.82,5,SUP002,Clothing,,0,None
2023-06-05,Store002,SKU003,15,67,27.47,32.96,3,SUP003,Books,,0,None
2023-06-05,Store003,SKU001,30,13,305.84,367.01,7,SUP001,Electronics,,0,None
2023-06-05,Store003,SKU002,11,36,69.57,144.82,5,SUP002,Clothing,,0,None
2023-06-05,Store003,SKU003,0,30,27.47,32.96,3,SUP003,Books,,0,None
2023-06-06,Store001,SKU001,18,64,305.84,367.01,7,SUP001,Electronics,,0,None
2023-06-06,Store001,SKU002,14,50,69.57,144.82,5,SUP002,Clothing,,0,None
2023-06-06,Store001,SKU003,12,80,27.47,32.96,3,SUP003,Books,,0,None
2023-06-06,Store002,SKU001,8,69,305.84,367.01,7,SUP001,Electronics,,0,None
2023-06-06,Store002,SKU002,2,58,69.57,144.82,5,SUP002,Clothing,,0,None
2023-06-06,Store002,SKU003,14,31,27.47,32.96,3,SUP003,Books,,0,None
2023-06-06,Store003,SKU001,24,42,305.84,367.01,7,SUP001,Electronics,,0,None
2023-06-06,Store003,SKU002,6,48,69.57,144.82,5,SUP002,Clothing,,0,None
2023-06-06,Store003,SKU003,11,12,27.47,32.96,3,SUP003,Books,,0,None
2023-06-07,Store001,SKU001,4,92,305.84,367.01,7,SUP001,Electronics,,0,None
2023-06-07,Store001,SKU002,19,72,69.57,144.82,5,SUP002,Clothing,,0,None
2023-06-07,Store001,SKU003,4,59,27.47,32.96,3,SUP003,Books,,0,None
2023-06-07,Store002,SKU001,6,31,305.84,367.01,7,SUP001,Electronics,,0,None
2023-06-07,Store002,SKU002,7,34,69.57,144.82,5,SUP002,Clothing,,0,None
2023-06-07,Store002,SKU003,23,74,27.47,32.96,3,SUP003,Books,,0,None
2023-06-07,Store003,SKU001,12,22,305.84,367.01,7,SUP001,Electronics,,0,None
2023-06-07,Store003,SKU002,18,72,69.57,144.82,5,SUP002,Clothing,,0,None
2023-06-07,Store003,SKU003,7,58,27.47,32.96,3,SUP003,Books,,0,None
2023-06-08,Store001,SKU001,16,64,305.84,367.01,7,SUP001,Electronics,,0,None
2023-06-08,Store001,SKU002,14,50,69.57,144.82,5,SUP002,Clothing,2023-05-13,92,Delivered
2023-06-08,Store001,SKU003,12,27,27.47,32.96,3,SUP003,Books,,0,None
2023-06-08,Store002,SKU001,18,29,305.84,367.01,7,SUP001,Electronics,,0,None
2023-06-08,Store002,SKU002,11,67,69.57,144.82,5,SUP002,Clothing,,0,None
2023-06-08,Store002,SKU003,16,48,27.47,32.96,3,SUP003,Books,,0,None
2023-06-08,Store003,SKU001,11,49,305.84,367.01,7,SUP001,Electronics,,0,None
2023-06-08,Store003,SKU002,11,26,69.57,144.82,5,SUP002,Clothing,,0,None
2023-06-08,Store003,SKU003,19,20,27.47,32.96,3,SUP003,Books,,0,None
2023-06-09,Store001,SKU001,9,55,305.84,367.01,7,SUP001,Electronics,,0,None
2023-06-09,Store001,SKU002,7,63,69.57,144.82,5,SUP002,Clothing,,0,None
2023-06-09,Store001,SKU003,6,12,27.47,32.96,3,SUP003,Books,,0,None
2023-06-09,Store002,SKU001,6,27,305.84,367.01,7,SUP001,Electronics,,0,None
2023-06-09,Store002,SKU002,9,53,69.57,144.82,5,SUP002,Clothing,,0,None
2023-06-09,Store002,SKU003,13,51,27.47,32.96,3,SUP003,Books,,0,None
2023-06-09,Store003,SKU001,15,76,305.84,367.01,7,SUP001,Electronics,2023-06-04,23,Confirmed
2023-06-09,Store003,SKU002,2,15,69.57,144.82,5,SUP002,Clothing,,0,None
2023-06-09,Store003,SKU003,18,80,27.47,32.96,3,SUP003,Books,,0,None
2023-06-10,Store001,SKU001,14,80,305.84,367.01,7,SUP001,Electronics,,0,None
2023-06-10,Store001,SKU002,18,24,69.57,144.82,5,SUP002,Clothing,2023-06-02,66,Delivered
2023-06-10,Store001,SKU003,3,43,27.47,32.96,3,SUP003,Books,,0,None
2023-06-10,Store002,SKU001,19,28,305.84,367.01,7,SUP001,Electronics,,0,None
2023-06-10,Store002,SKU002,15,62,69.57,144.82,5,SUP002,Clothing,2023-05-15,90,Delivered
2023-06-10,Store002,SKU003,9,83,27.47,32.96,3,SUP003,Books,2023-05-15,49,Delivered
2023-06-10,Store003,SKU001,25,23,305.84,367.01,7,SUP001,Electronics,,0,None
2023-06-10,Store003,SKU002,16,17,69.57,144.82,5,SUP002,Clothing,,0,None
2023-06-10,Store003,SKU003,15,45,27.47,32.96,3,SUP003,Books,,0,None
2023-06-11,Store001,SKU001,16,61,305.84,367.01,7,SUP001,Electronics,,0,None
2023-06-11,Store001,SKU002,14,58,69.57,144.82,5,SUP002,Clothing,,0,None
2023-06-11,Store001,SKU003,13,53,27.47,32.96,3,SUP003,Books,,0,None
2023-06-11,Store002,SKU001,34,86,305.84,367.01,7,SUP001,Electronics,,0,None
2023-06-11,Store002,SKU002,3,61,69.57,144.82,5,SUP002,Clothing,,0,None
2023-06-11,Store002,SKU003,9,11,27.47,32.96,3,SUP003,Books,,0,None
2023-06-11,Store003,SKU001,13,51,305.84,367.01,7,SUP001,Electronics,2023-05-19,82,Delivered
2023-06-11,Store003,SKU002,13,70,69.57,144.82,5,SUP002,Clothing,,0,None
2023-06-11,Store003,SKU003,10,31,27.47,32.96,3,SUP003,Books,,0,None
2023-06-12,Store001,SKU001,6,98,305.84,367.01,7,SUP001,Electronics,,0,None
2023-06-12,Store001,SKU002,16,21,69.57,144.82,5,SUP002,Clothing,,0,None
2023-06-12,Store001,SKU003,19,12,27.47,32.96,3,SUP003,Books,2023-05-14,30,Delivered
2023-06-12,Store002,SKU001,19,85,305.84,367.01,7,SUP001,Electronics,,0,None
2023-06-12,Store002,SKU002,11,81,69.57,144.82,5,SUP002,Clothing,,0,None
2023-06-12,Store002,SKU003,14,47,27.47,32.96,3,SUP003,Books,,0,None
2023-06-12,Store003,SKU001,12,20,305.84,367.01,7,SUP001,Electronics,,0,None
2023-06-12,Store003,SKU002,16,17,69.57,144.82,5,SUP002,Clothing,,0,None
2023-06-12,Store003,SKU003,9,42,27.47,32.96,3,SUP003,Books,,0,None
2023-06-13,Store001,SKU001,7,72,305.84,367.01,7,SUP001,Electronics,,0,None
2023-06-13,Store001,SKU002,16,51,69.57,144.82,5,SUP002,Clothing,,0,None
2023-06-13,Store001,SKU003,11,95,27.47,32.96,3,SUP003,Books,,0,None
2023-06-13,Store002,SKU001,15,70,305.84,367.01,7,SUP001,Electronics,,0,None
2023-06-13,Store002,SKU002,13,75,69.57,144.82,5,SUP002,Clothing,,0,None
2023-06-13,Store002,SKU003,6,24,27.47,32.96,3,SUP003,Books,,0,None
2023-06-13,Store003,SKU001,17,20,305.84,367.01,7,SUP001,Electronics,,0,None
2023-06-13,Store003,SKU002,4,61,69.57,144.82,5,SUP002,Clothing,,0,None
2023-06-13,Store003,SKU003,13,44,27.47,32.96,3,SUP003,Books,,0,None
2023-06-14,Store001,SKU001,25,35,305.84,367.01,7,SUP001,Electronics,,0,None
2023-06-14,Store001,SKU002,12,55,69.57,144.82,5,SUP002,Clothing,,0,None
2023-06-14,Store001,SKU003,5,76,27.47,32.96,3,SUP003,Books,,0,None
2023-06-14,Store002,SKU001,9,25,305.84,367.01,7,SUP001,Electronics,,0,None
2023-06-14,Store002,SKU002,5,44,69.57,144.82,5,SUP002,Clothing,,0,None
2023-06-14,Store002,SKU003,15,99,27.47,32.96,3,SUP003,Books,,0,None
2023-06-14,Store003,SKU001,9,38,305.84,367.01,7,SUP001,Electronics,,0,None
2023-06-14,Store003,SKU002,6,95,69.57,144.82,5,SUP002,Clothing,,0,None
2023-06-14,Store003,SKU003,13,33,27.47,32.96,3,SUP003,Books,,0,None
2023-06-15,Store001,SKU001,12,87,305.84,367.01,7,SUP001,Electronics,,0,None
2023-06-15,Store001,SKU002,7,19,69.57,144.82,5,SUP002,Clothing,,0,None
2023-06-15,Store001,SKU003,26,73,27.47,32.96,3,SUP003,Books,,0,None
2023-06-15,Store002,SKU001,4,27,305.84,367.01,7,SUP001,Electronics,,0,None
2023-06-15,Store002,SKU002,9,48,69.57,144.82,5,SUP002,Clothing,,0,None
2023-06-15,Store002,SKU003,8,32,27.47,32.96,3,SUP003,Books,,0,None
2023-06-15,Store003,SKU001,13,97,305.84,367.01,7,SUP001,Electronics,,0,None
2023-06-15,Store003,SKU002,17,53,69.57,144.82,5,SUP002,Clothing,,0,None
2023-06-15,Store003,SKU003,20,56,27.47,32.96,3,SUP003,Books,,0,None
2023-06-16,Store001,SKU001,11,79,305.84,367.01,7,SUP001,Electronics,2023-06-03,87,Delivered
2023-06-16,Store001,SKU002,11,64,69.57,144.82,5,SUP002,Clothing,2023-06-03,37,Delivered
2023-06-16,Store001,SKU003,6,20,27.47,32.96,3,SUP003,Books,,0,None
2023-06-16,Store002,SKU001,11,79,305.84,367.01,7,SUP001,Electronics,,0,None
2023-06-16,Store002,SKU002,10,53,69.57,144.82,5,SUP002,Clothing,,0,None
2023-06-16,Store002,SKU003,8,46,27.47,32.96,3,SUP003,Books,,0,None
2023-06-16,Store003,SKU001,16,82,305.84,367.01,7,SUP001,Electronics,,0,None
2023-06-16,Store003,SKU002,13,49,69.57,144.82,5,SUP002,Clothing,,0,None
2023-06-16,Store003,SKU003,15,43,27.47,32.96,3,SUP003,Books,,0,None
2023-06-17,Store001,SKU001,13,82,305.84,367.01,7,SUP001,Electronics,,0,None
2023-06-17,Store001,SKU002,10,75,69.57,144.82,5,SUP002,Clothing,,0,None
2023-06-17,Store001,SKU003,3,84,27.47,32.96,3,SUP003,Books,,0,None
2023-06-17,Store002,SKU001,11,17,305.84,367.01,7,SUP001,Electronics,,0,None
2023-06-17,Store002,SKU002,13,77,69.57,144.82,5,SUP002,Clothing,,0,None
2023-06-17,Store002,SKU003,0,18,27.47,32.96,3,SUP003,Books,,0,None
2023-06-17,Store003,SKU001,19,39,305.84,367.01,7,SUP001,Electronics,,0,None
2023-06-17,Store003,SKU002,11,82,69.57,144.82,5,SUP002,Clothing,,0,None
2023-06-17,Store003,SKU003,7,84,27.47,32.96,3,SUP003,Books,,0,None
2023-06-18,Store001,SKU001,11,27,305.84,367.01,7,SUP001,Electronics,,0,None
2023-06-18,Store001,SKU002,10,14,69.57,144.82,5,SUP002,Clothing,,0,None
2023-06-18,Store001,SKU003,5,88,27.47,32.96,3,SUP003,Books,,0,None
2023-06-18,Store002,SKU001,13,97,305.84,367.01,7,SUP001,Electronics,,0,None
2023-06-18,Store002,SKU002,12,72,69.57,144.82,5,SUP002,Clothing,,0,None
2023-06-18,Store002,SKU003,17,15,27.47,32.96,3,SUP003,Books,,0,None
2023-06-18,Store003,SKU001,18,47,305.84,367.01,7,SUP001,Electronics,,0,None
2023-06-18,Store003,SKU002,18,86,69.57,144.82,5,SUP002,Clothing,,0,None
2023-06-18,Store003,SKU003,15,76,27.47,32.96,3,SUP003,Books,,0,None
2023-06-19,Store001,SKU001,17,20,305.84,367.01,7,SUP001,Electronics,,0,None
2023-06-19,Store001,SKU002,7,41,69.57,144.82,5,SUP002,Clothing,,0,None
2023-06-19,Store001,SKU003,4,75,27.47,32.96,3,SUP003,Books,,0,None
2023-06-19,Store002,SKU001,16,44,305.84,367.01,7,SUP001,Electronics,2023-06-03,84,Delivered
2023-06-19,Store002,SKU002,12,48,69.57,144.82,5,SUP002,Clothing,,0,None
2023-06-19,Store002,SKU003,9,72,27.47,32.96,3,SUP003,Books,,0,None
2023-06-19,Store003,SKU001,14,39,305.84,367.01,7,SUP001,Electronics,,0,None
2023-06-19,Store003,SKU002,8,15,69.57,144.82,5,SUP002,Clothing,,0,None
2023-06-19,Store003,SKU003,12,25,27.47,32.96,3,SUP003,Books,,0,None
2023-06-20,Store001,SKU001,11,92,305.84,367.01,7,SUP001,Electronics,,0,None
2023-06-20,Store001,SKU002,22,83,69.57,144.82,5,SUP002,Clothing,2023-05-22,17,Delivered
2023-06-20,Store001,SKU003,8,42,27.47,32.96,3,SUP003,Books,,0,None
2023-06-20,Store002,SKU001,14,39,305.84,367.01,7,SUP001,Electronics,2023-05-30,92,Delivered
2023-06-20,Store002,SKU002,9,65,69.57,144.82,5,SUP002,Clothing,,0,None
2023-06-20,Store002,SKU003,15,96,27.47,32.96,3,SUP003,Books,,0,None
2023-06-20,Store003,SKU001,18,45,305.84,367.01,7,SUP001,Electronics,,0,None
2023-06-20,Store003,SKU002,12,49,69.57,144.82,5,SUP002,Clothing,,0,None
2023-06-20,Store003,SKU003,11,29,27.47,32.96,3,SUP003,Books,,0,None
2023-06-21,Store001,SKU001,14,39,305.84,367.01,7,SUP001,Electronics,,0,None
2023-06-21,Store001,SKU002,10,60,69.57,144.82,5,SUP002,Clothing,,0,None
2023-06-21,Store001,SKU003,9,66,27.47,32.96,3,SUP003,Books,,0,None
2023-06-21,Store002,SKU001,23,29,305.84,367.01,7,SUP001,Electronics,,0,None
2023-06-21,Store002,SKU002,12,26,69.57,144.82,5,SUP002,Clothing,,0,None
2023-06-21,Store002,SKU003,14,21,27.47,32.96,3,SUP003,Books,,0,None
2023-06-21,Store003,SKU001,18,27,305.84,367.01,7,SUP001,Electronics,2023-06-14,14,In Transit
2023-06-21,Store003,SKU002,13,30,69.57,144.82,5,SUP002,Clothing,,0,None
2023-06-21,Store003,SKU003,10,44,27.47,32.96,3,SUP003,Books,,0,None
2023-06-22,Store001,SKU001,18,85,305.84,367.01,7,SUP001,Electronics,,0,None
2023-06-22,Store001,SKU002,7,57,69.57,144.82,5,SUP002,Clothing,,0,None
2023-06-22,Store001,SKU003,10,55,27.47,32.96,3,SUP003,Books,,0,None
2023-06-22,Store002,SKU001,18,64,305.84,367.01,7,SUP001,Electronics,,0,None
2023-06-22,Store002,SKU002,10,75,69.57,144.82,5,SUP002,Clothing,,0,None
2023-06-22,Store002,SKU003,13,86,27.47,32.96,3,SUP003,Books,,0,None
2023-06-22,Store003,SKU001,10,39,305.84,367.01,7,SUP001,Electronics,,0,None
2023-06-22,Store003,SKU002,12,48,69.57,144.82,5,SUP002,Clothing,,0,None
2023-06-22,Store003,SKU003,6,34,27.47,32.96,3,SUP003,Books,,0,None
2023-06-23,Store001,SKU001,17,92,305.84,367.01,7,SUP001,Electronics,,0,None
2023-06-23,Store001,SKU002,3,52,69.57,144.82,5,SUP002,Clothing,,0,None
2023-06-23,Store001,SKU003,4,25,27.47,32.96,3,SUP003,Books,,0,None
2023-06-23,Store002,SKU001,14,27,305.84,367.01,7,SUP001,Electronics,,0,None
2023-06-23,Store002,SKU002,5,74,69.57,144.82,5,SUP002,Clothing,,0,None
2023-06-23,Store002,SKU003,14,57,27.47,32.96,3,SUP003,Books,,0,None
2023-06-23,Store003,SKU001,12,87,305.84,367.01,7,SUP001,Electronics,,0,None
2023-06-23,Store003,SKU002,7,99,69.57,144.82,5,SUP002,Clothing,2023-05-28,10,Delivered
2023-06-23,Store003,SKU003,8,85,27.47,32.96,3,SUP003,Books,,0,None
2023-06-24,Store001,SKU001,11,30,305.84,367.01,7,SUP001,Electronics,,0,None
2023-06-24,Store001,SKU002,6,94,69.57,144.82,5,SUP002,Clothing,,0,None
2023-06-24,Store001,SKU003,15,32,27.47,32.96,3,SUP003,Books,,0,None
2023-06-24,Store002,SKU001,12,56,305.84,367.01,7,SUP001,Electronics,,0,None
2023-06-24,Store002,SKU002,8,75,69.57,144.82,5,SUP002,Clothing,,0,None
2023-06-24,Store002,SKU003,5,73,27.47,32.96,3,SUP003,Books,,0,None
2023-06-24,Store003,SKU001,11,14,305.84,367.01,7,SUP001,Electronics,,0,None
2023-06-24,Store003,SKU002,11,24,69.57,144.82,5,SUP002,Clothing,,0,None
2023-06-24,Store003,SKU003,13,58,27.47,32.96,3,SUP003,Books,,0,None
2023-06-25,Store001,SKU001,9,83,305.84,367.01,7,SUP001,Electronics,,0,None
2023-06-25,Store001,SKU002,10,35,69.57,144.82,5,SUP002,Clothing,,0,None
2023-06-25,Store001,SKU003,5,62,27.47,32.96,3,SUP003,Books,,0,None
2023-06-25,Store002,SKU001,11,45,305.84,367.01,7,SUP001,Electronics,,0,None
2023-06-25,Store002,SKU002,15,33,69.57,144.82,5,SUP002,Clothing,,0,None
2023-06-25,Store002,SKU003,7,88,27.47,32.96,3,SUP003,Books,,0,None
2023-06-25,Store003,SKU001,13,58,305.84,367.01,7,SUP001,Electronics,,0,None
2023-06-25,Store003,SKU002,8,55,69.57,144.82,5,SUP002,Clothing,,0,None
2023-06-25,Store003,SKU003,6,60,27.47,32.96,3,SUP003,Books,,0,None
2023-06-26,Store001,SKU001,6,72,305.84,367.01,7,SUP001,Electronics,,0,None
2023-06-26,Store001,SKU002,22,43,69.57,144.82,5,SUP002,Clothing,,0,None
2023-06-26,Store001,SKU003,22,64,27.47,32.96,3,SUP003,Books,,0,None
2023-06-26,Store002,SKU001,1,81,305.84,367.01,7,SUP001,Electronics,,0,None
2023-06-26,Store002,SKU002,6,70,69.57,144.82,5,SUP002,Clothing,,0,None
2023-06-26,Store002,SKU003,4,16,27.47,32.96,3,SUP003,Books,2023-06-02,55,Delivered
2023-06-26,Store003,SKU001,11,26,305.84,367.01,7,SUP001,Electronics,,0,None
2023-06-26,Store003,SKU002,18,95,69.57,144.82,5,SUP002,Clothing,,0,None
2023-06-26,Store003,SKU003,11,87,27.47,32.96,3,SUP003,Books,,0,None
2023-06-27,Store001,SKU001,8,27,305.84,367.01,7,SUP001,Electronics,,0,None
2023-06-27,Store001,SKU002,18,69,69.57,144.82,5,SUP002,Clothing,,0,None
2023-06-27,Store001,SKU003,14,27,27.47,32.96,3,SUP003,Books,,0,None
2023-06-27,Store002,SKU001,12,48,305.84,367.01,7,SUP001,Electronics,,0,None
2023-06-27,Store002,SKU002,6,34,69.57,144.82,5,SUP002,Clothing,,0,None
2023-06-27,Store002,SKU003,12,16,27.47,32.96,3,SUP003,Books,,0,None
2023-06-27,Store003,SKU001,7,27,305.84,367.01,7,SUP001,Electronics,,0,None
2023-06-27,Store003,SKU002,18,48,69.57,144.82,5,SUP002,Clothing,,0,None
2023-06-27,Store003,SKU003,20,85,27.47,32.96,3,SUP003,Books,,0,None
2023-06-28,Store001,SKU001,22,78,305.84,367.01,7,SUP001,Electronics,,0,None
2023-06-28,Store001,SKU002,5,50,69.57,144.82,5,SUP002,Clothing,,0,None
2023-06-28,Store001,SKU003,8,16,27.47,32.96,3,SUP003,Books,,0,None
2023-06-28,Store002,SKU001,12,31,305.84,367.01,7,SUP001,Electronics,,0,None
2023-06-28,Store002,SKU002,15,89,69.57,144.82,5,SUP002,Clothing,,0,None
2023-06-28,Store002,SKU003,14,93,27.47,32.96,3,SUP003,Books,,0,None
2023-06-28,Store003,SKU001,28,65,305.84,367.01,7,SUP001,Electronics,,0,None
2023-06-28,Store003,SKU002,18,61,69.57,144.82,5,SUP002,Clothing,,0,None
2023-06-28,Store003,SKU003,17,54,27.47,32.96,3,SUP003,Books,,0,None
2023-06-29,Store001,SKU001,15,95,305.84,367.01,7,SUP001,Electronics,,0,None
2023-06-29,Store001,SKU002,9,75,69.57,144.82,5,SUP002,Clothing,,0,None
2023-06-29,Store001,SKU003,4,75,27.47,32.96,3,SUP003,Books,,0,None
2023-06-29,Store002,SKU001,14,96,305.84,367.01,7,SUP001,Electronics,,0,None
2023-06-29,Store002,SKU002,5,40,69.57,144.82,5,SUP002,Clothing,,0,None
2023-06-29,Store002,SKU003,15,53,27.47,32.96,3,SUP003,Books,,0,None
2023-06-29,Store003,SKU001,18,74,305.84,367.01,7,SUP001,Electronics,2023-06-13,56,Delivered
2023-06-29,Store003,SKU002,9,62,69.57,144.82,5,SUP002,Clothing,,0,None
2023-06-29,Store003,SKU003,7,88,27.47,32.96,3,SUP003,Books,,0,None
2023-06-30,Store001,SKU001,20,12,305.84,367.01,7,SUP001,Electronics,,0,None
2023-06-30,Store001,SKU002,12,88,69.57,144.82,5,SUP002,Clothing,2023-06-08,49,Delivered
2023-06-30,Store001,SKU003,2,13,27.47,32.96,3,SUP003,Books,,0,None
2023-06-30,Store002,SKU001,11,57,305.84,367.01,7,SUP001,Electronics,,0,None
2023-06-30,Store002,SKU002,15,66,69.57,144.82,5,SUP002,Clothing,,0,None
2023-06-30,Store002,SKU003,4,28,27.47,32.96,3,SUP003,Books,,0,None
2023-06-30,Store003,SKU001,23,75,305.84,367.01,7,SUP001,Electronics,,0,None
2023-06-30,Store003,SKU002,12,63,69.57,144.82,5,SUP002,Clothing,,0,None
2023-06-30,Store003,SKU003,17,58,27.47,32.96,3,SUP003,Books,,0,None
2023-07-01,Store001,SKU001,14,95,305.84,367.01,7,SUP001,Electronics,,0,None
2023-07-01,Store001,SKU002,3,53,69.57,144.82,5,SUP002,Clothing,,0,None
2023-07-01,Store001,SKU003,19,24,27.47,32.96,3,SUP003,Books,,0,None
2023-07-01,Store002,SKU001,21,79,305.84,367.01,7,SUP001,Electronics,,0,None
2023-07-01,Store002,SKU002,15,68,69.57,144.82,5,SUP002,Clothing,,0,None
2023-07-01,Store002,SKU003,8,51,27.47,32.96,3,SUP003,Books,,0,None
2023-07-01,Store003,SKU001,11,35,305.84,367.01,7,SUP001,Electronics,,0,None
2023-07-01,Store003,SKU002,13,73,69.57,144.82,5,SUP002,Clothing,,0,None
2023-07-01,Store003,SKU003,4,46,27.47,32.96,3,SUP003,Books,,0,None
2023-07-02,Store001,SKU001,21,95,305.84,367.01,7,SUP001,Electronics,,0,None
2023-07-02,Store001,SKU002,17,91,69.57,144.82,5,SUP002,Clothing,,0,None
2023-07-02,Store001,SKU003,17,41,27.47,32.96,3,SUP003,Books,,0,None
2023-07-02,Store002,SKU001,22,33,305.84,367.01,7,SUP001,Electronics,,0,None
2023-07-02,Store002,SKU002,12,91,69.57,144.82,5,SUP002,Clothing,,0,None
2023-07-02,Store002,SKU003,12,41,27.47,32.96,3,SUP003,Books,,0,None
2023-07-02,Store003,SKU001,8,64,305.84,367.01,7,SUP001,Electronics,,0,None
2023-07-02,Store003,SKU002,11,68,69.57,144.82,5,SUP002,Clothing,,0,None
2023-07-02,Store003,SKU003,10,84,27.47,32.96,3,SUP003,Books,,0,None
2023-07-03,Store001,SKU001,17,65,305.84,367.01,7,SUP001,Electronics,,0,None
2023-07-03,Store001,SKU002,11,71,69.57,144.82,5,SUP002,Clothing,,0,None
2023-07-03,Store001,SKU003,14,18,27.47,32.96,3,SUP003,Books,,0,None
2023-07-03,Store002,SKU001,13,86,305.84,367.01,7,SUP001,Electronics,,0,None
2023-07-03,Store002,SKU002,1,57,69.57,144.82,5,SUP002,Clothing,2023-06-18,46,Delivered
2023-07-03,Store002,SKU003,8,46,27.47,32.96,3,SUP003,Books,,0,None
2023-07-03,Store003,SKU001,26,19,305.84,367.01,7,SUP001,Electronics,,0,None
2023-07-03,Store003,SKU002,13,19,69.57,144.82,5,SUP002,Clothing,,0,None
2023-07-03,Store003,SKU003,11,51,27.47,32.96,3,SUP003,Books,,0,None
2023-07-04,Store001,SKU001,11,25,305.84,367.01,7,SUP001,Electronics,,0,None
2023-07-04,Store001,SKU002,7,10,69.57,144.82,5,SUP002,Clothing,,0,None
2023-07-04,Store001,SKU003,10,73,27.47,32.96,3,SUP003,Books,,0,None
2023-07-04,Store002,SKU001,16,29,305.84,367.01,7,SUP001,Electronics,,0,None
2023-07-04,Store002,SKU002,23,66,69.57,144.82,5,SUP002,Clothing,,0,None
2023-07-04,Store002,SKU003,4,92,27.47,32.96,3,SUP003,Books,,0,None
2023-07-04,Store003,SKU001,11,18,305.84,367.01,7,SUP001,Electronics,,0,None
2023-07-04,Store003,SKU002,17,99,69.57,144.82,5,SUP002,Clothing,,0,None
2023-07-04,Store003,SKU003,12,68,27.47,32.96,3,SUP003,Books,,0,None
2023-07-05,Store001,SKU001,21,93,305.84,367.01,7,SUP001,Electronics,,0,None
2023-07-05,Store001,SKU002,8,61,69.57,144.82,5,SUP002,Clothing,,0,None
2023-07-05,Store001,SKU003,13,42,27.47,32.96,3,SUP003,Books,,0,None
2023-07-05,Store002,SKU001,16,81,305.84,367.01,7,SUP001,Electronics,,0,None
2023-07-05,Store002,SKU002,8,54,69.57,144.82,5,SUP002,Clothing,,0,None
2023-07-05,Store002,SKU003,15,89,27.47,32.96,3,SUP003,Books,,0,None
2023-07-05,Store003,SKU001,12,44,305.84,367.01,7,SUP001,Electronics,,0,None
2023-07-05,Store003,SKU002,6,22,69.57,144.82,5,SUP002,Clothing,,0,None
2023-07-05,Store003,SKU003,14,66,27.47,32.96,3,SUP003,Books,,0,None
2023-07-06,Store001,SKU001,21,17,305.84,367.01,7,SUP001,Electronics,,0,None
2023-07-06,Store001,SKU002,6,38,69.57,144.82,5,SUP002,Clothing,,0,None
2023-07-06,Store001,SKU003,5,34,27.47,32.96,3,SUP003,Books,,0,None
2023-07-06,Store002,SKU001,6,83,305.84,367.01,7,SUP001,Electronics,,0,None
2023-07-06,Store002,SKU002,15,59,69.57,144.82,5,SUP002,Clothing,,0,None
2023-07-06,Store002,SKU003,8,33,27.47,32.96,3,SUP003,Books,,0,None
2023-07-06,Store003,SKU001,4,20,305.84,367.01,7,SUP001,Electronics,,0,None
2023-07-06,Store003,SKU002,6,51,69.57,144.82,5,SUP002,Clothing,,0,None
2023-07-06,Store003,SKU003,7,69,27.47,32.96,3,SUP003,Books,,0,None
2023-07-07,Store001,SKU001,7,80,305.84,367.01,7,SUP001,Electronics,,0,None
2023-07-07,Store001,SKU002,5,42,69.57,144.82,5,SUP002,Clothing,,0,None
2023-07-07,Store001,SKU003,4,81,27.47,32.96,3,SUP003,Books,2023-07-05,73,Pending
2023-07-07,Store002,SKU001,3,57,305.84,367.01,7,SUP001,Electronics,2023-07-03,27,Confirmed
2023-07-07,Store002,SKU002,6,78,69.57,144.82,5,SUP002,Clothing,,0,None
2023-07-07,Store002,SKU003,6,62,27.47,32.96,3,SUP003,Books,,0,None
2023-07-07,Store003,SKU001,5,44,305.84,367.01,7,SUP001,Electronics,,0,None
2023-07-07,Store003,SKU002,10,24,69.57,144.82,5,SUP002,Clothing,,0,None
2023-07-07,Store003,SKU003,8,24,27.47,32.96,3,SUP003,Books,,0,None
2023-07-08,Store001,SKU001,11,24,305.84,367.01,7,SUP001,Electronics,,0,None
2023-07-08,Store001,SKU002,7,81,69.57,144.82,5,SUP002,Clothing,,0,None
2023-07-08,Store001,SKU003,14,93,27.47,32.96,3,SUP003,Books,,0,None
2023-07-08,Store002,SKU001,14,82,305.84,367.01,7,SUP001,Electronics,2023-06-18,77,Delivered
2023-07-08,Store002,SKU002,16,23,69.57,144.82,5,SUP002,Clothing,,0,None
2023-07-08,Store002,SKU003,2,63,27.47,32.96,3,SUP003,Books,,0,None
2023-07-08,Store003,SKU001,27,57,305.84,367.01,7,SUP001,Electronics,,0,None
2023-07-08,Store003,SKU002,7,91,69.57,144.82,5,SUP002,Clothing,,0,None
2023-07-08,Store003,SKU003,17,63,27.47,32.96,3,SUP003,Books,,0,None
2023-07-09,Store001,SKU001,7,21,305.84,367.01,7,SUP001,Electronics,,0,None
2023-07-09,Store001,SKU002,16,81,69.57,144.82,5,SUP002,Clothing,,0,None
2023-07-09,Store001,SKU003,15,16,27.47,32.96,3,SUP003,Books,,0,None
2023-07-09,Store002,SKU001,5,60,305.84,367.01,7,SUP001,Electronics,,0,None
2023-07-09,Store002,SKU002,4,49,69.57,144.82,5,SUP002,Clothing,,0,None
2023-07-09,Store002,SKU003,11,53,27.47,32.96,3,SUP003,Books,,0,None
2023-07-09,Store003,SKU001,14,20,305.84,367.01,7,SUP001,Electronics,,0,None
2023-07-09,Store003,SKU002,11,39,69.57,144.82,5,SUP002,Clothing,,0,None
2023-07-09,Store003,SKU003,8,92,27.47,32.96,3,SUP003,Books,,0,None
2023-07-10,Store001,SKU001,9,36,305.84,367.01,7,SUP001,Electronics,,0,None
2023-07-10,Store001,SKU002,8,29,69.57,144.82,5,SUP002,Clothing,2023-06-30,86,Delivered
2023-07-10,Store001,SKU003,12,50,27.47,32.96,3,SUP003,Books,,0,None
2023-07-10,Store002,SKU001,29,40,305.84,367.01,7,SUP001,Electronics,,0,None
2023-07-10,Store002,SKU002,17,10,69.57,144.82,5,SUP002,Clothing,,0,None
2023-07-10,Store002,SKU003,13,36,27.47,32.96,3,SUP003,Books,,0,None
2023-07-10,Store003,SKU001,10,65,305.84,367.01,7,SUP001,Electronics,,0,None
2023-07-10,Store003,SKU002,14,66,69.57,144.82,5,SUP002,Clothing,,0,None
2023-07-10,Store003,SKU003,4,34,27.47,32.96,3,SUP003,Books,,0,None
2023-07-11,Store001,SKU001,12,37,305.84,367.01,7,SUP001,Electronics,,0,None
2023-07-11,Store001,SKU002,8,34,69.57,144.82,5,SUP002,Clothing,,0,None
2023-07-11,Store001,SKU003,8,94,27.47,32.96,3,SUP003,Books,2023-06-21,26,Delivered
2023-07-11,Store002,SKU001,13,90,305.84,367.01,7,SUP001,Electronics,,0,None
2023-07-11,Store002,SKU002,15,89,69.57,144.82,5,SUP002,Clothing,,0,None
2023-07-11,Store002,SKU003,8,96,27.47,32.96,3,SUP003,Books,,0,None
2023-07-11,Store003,SKU001,8,52,305.84,367.01,7,SUP001,Electronics,,0,None
2023-07-11,Store003,SKU002,16,54,69.57,144.82,5,SUP002,Clothing,,0,None
2023-07-11,Store003,SKU003,9,96,27.47,32.96,3,SUP003,Books,,0,None
2023-07-12,Store001,SKU001,14,58,305.84,367.01,7,SUP001,Electronics,,0,None
2023-07-12,Store001,SKU002,9,33,69.57,144.82,5,SUP002,Clothing,,0,None
2023-07-12,Store001,SKU003,1,50,27.47,32.96,3,SUP003,Books,,0,None
2023-07-12,Store002,SKU001,9,72,305.84,367.01,7,SUP001,Electronics,,0,None
2023-07-12,Store002,SKU002,16,16,69.57,144.82,5,SUP002,Clothing,,0,None
2023-07-12,Store002,SKU003,12,21,27.47,32.96,3,SUP003,Books,,0,None
2023-07-12,Store003,SKU001,16,17,305.84,367.01,7,SUP001,Electronics,,0,None
2023-07-12,Store003,SKU002,14,43,69.57,144.82,5,SUP002,Clothing,,0,None
2023-07-12,Store003,SKU003,12,21,27.47,32.96,3,SUP003,Books,,0,None
2023-07-13,Store001,SKU001,6,13,305.84,367.01,7,SUP001,Electronics,,0,None
2023-07-13,Store001,SKU002,6,93,69.57,144.82,5,SUP002,Clothing,,0,None
2023-07-13,Store001,SKU003,4,74,27.47,32.96,3,SUP003,Books,2023-07-09,44,Shipped
2023-07-13,Store002,SKU001,13,85,305.84,367.01,7,SUP001,Electronics,2023-06-18,81,Delivered
2023-07-13,Store002,SKU002,3,11,69.57,144.82,5,SUP002,Clothing,,0,None
2023-07-13,Store002,SKU003,12,54,27.47,32.96,3,SUP003,Books,,0,None
2023-07-13,Store003,SKU001,7,30,305.84,367.01,7,SUP001,Electronics,,0,None
2023-07-13,Store003,SKU002,18,49,69.57,144.82,5,SUP002,Clothing,,0,None
2023-07-13,Store003,SKU003,8,99,27.47,32.96,3,SUP003,Books,2023-06-26,96,Delivered
2023-07-14,Store001,SKU001,16,85,305.84,367.01,7,SUP001,Electronics,,0,None
2023-07-14,Store001,SKU002,9,35,69.57,144.82,5,SUP002,Clothing,,0,None
2023-07-14,Store001,SKU003,2,99,27.47,32.96,3,SUP003,Books,,0,None
2023-07-14,Store002,SKU001,8,69,305.84,367.01,7,SUP001,Electronics,2023-07-07,57,In Transit
2023-07-14,Store002,SKU002,6,80,69.57,144.82,5,SUP002,Clothing,,0,None
2023-07-14,Store002,SKU003,9,15,27.47,32.96,3,SUP003,Books,,0,None
2023-07-14,Store003,SKU001,10,92,305.84,367.01,7,SUP001,Electronics,,0,None
2023-07-14,Store003,SKU002,12,71,69.57,144.82,5,SUP002,Clothing,,0,None
2023-07-14,Store003,SKU003,14,50,27.47,32.96,3,SUP003,Books,,0,None
2023-07-15,Store001,SKU001,24,65,305.84,367.01,7,SUP001,Electronics,,0,None
2023-07-15,Store001,SKU002,6,68,69.57,144.82,5,SUP002,Clothing,,0,None
2023-07-15,Store001,SKU003,14,12,27.47,32.96,3,SUP003,Books,,0,None
2023-07-15,Store002,SKU001,14,43,305.84,367.01,7,SUP001,Electronics,,0,None
2023-07-15,Store002,SKU002,15,30,69.57,144.82,5,SUP002,Clothing,,0,None
2023-07-15,Store002,SKU003,22,93,27.47,32.96,3,SUP003,Books,,0,None
2023-07-15,Store003,SKU001,14,86,305.84,367.01,7,SUP001,Electronics,2023-07-03,29,Delivered
2023-07-15,Store003,SKU002,14,89,69.57,144.82,5,SUP002,Clothing,,0,None
2023-07-15,Store003,SKU003,10,71,27.47,32.96,3,SUP003,Books,,0,None
2023-07-16,Store001,SKU001,13,24,305.84,367.01,7,SUP001,Electronics,,0,None
2023-07-16,Store001,SKU002,17,12,69.57,144.82,5,SUP002,Clothing,,0,None
2023-07-16,Store001,SKU003,4,38,27.47,32.96,3,SUP003,Books,,0,None
2023-07-16,Store002,SKU001,16,28,305.84,367.01,7,SUP001,Electronics,2023-06-19,14,Delivered
2023-07-16,Store002,SKU002,13,20,69.57,144.82,5,SUP002,Clothing,,0,None
2023-07-16,Store002,SKU003,26,33,27.47,32.96,3,SUP003,Books,,0,None
2023-07-16,Store003,SKU001,14,35,305.84,367.01,7,SUP001,Electronics,,0,None
2023-07-16,Store003,SKU002,10,54,69.57,144.82,5,SUP002,Clothing,,0,None
2023-07-16,Store003,SKU003,10,95,27.47,32.96,3,SUP003,Books,,0,None
2023-07-17,Store001,SKU001,23,23,305.84,367.01,7,SUP001,Electronics,2023-06-30,64,Delivered
2023-07-17,Store001,SKU002,12,34,69.57,144.82,5,SUP002,Clothing,,0,None
2023-07-17,Store001,SKU003,10,45,27.47,32.96,3,SUP003,Books,,0,None
2023-07-17,Store002,SKU001,29,53,305.84,367.01,7,SUP001,Electronics,,0,None
2023-07-17,Store002,SKU002,14,16,69.57,144.82,5,SUP002,Clothing,,0,None
2023-07-17,Store002,SKU003,8,31,27.47,32.96,3,SUP003,Books,2023-06-20,90,Delivered
2023-07-17,Store003,SKU001,19,70,305.84,367.01,7,SUP001,Electronics,,0,None
2023-07-17,Store003,SKU002,13,22,69.57,144.82,5,SUP002,Clothing,,0,None
2023-07-17,Store003,SKU003,6,51,27.47,32.96,3,SUP003,Books,,0,None
2023-07-18,Store001,SKU001,14,71,305.84,367.01,7,SUP001,Electronics,,0,None
2023-07-18,Store001,SKU002,2,96,69.57,144.82,5,SUP002,Clothing,,0,None
2023-07-18,Store001,SKU003,4,95,27.47,32.96,3,SUP003,Books,2023-07-15,99,Shipped
2023-07-18,Store002,SKU001,14,81,305.84,367.01,7,SUP001,Electronics,,0,None
2023-07-18,Store002,SKU002,18,81,69.57,144.82,5,SUP002,Clothing,,0,None
2023-07-18,Store002,SKU003,14,91,27.47,32.96,3,SUP003,Books,,0,None
2023-07-18,Store003,SKU001,8,60,305.84,367.01,7,SUP001,Electronics,,0,None
2023-07-18,Store003,SKU002,21,65,69.57,144.82,5,SUP002,Clothing,,0,None
2023-07-18,Store003,SKU003,3,55,27.47,32.96,3,SUP003,Books,,0,None
2023-07-19,Store001,SKU001,19,22,305.84,367.01,7,SUP001,Electronics,2023-06-26,83,Delivered
2023-07-19,Store001,SKU002,10,98,69.57,144.82,5,SUP002,Clothing,,0,None
2023-07-19,Store001,SKU003,5,11,27.47,32.96,3,SUP003,Books,,0,None
2023-07-19,Store002,SKU001,10,86,305.84,367.01,7,SUP001,Electronics,,0,None
2023-07-19,Store002,SKU002,18,55,69.57,144.82,5,SUP002,Clothing,,0,None
2023-07-19,Store002,SKU003,6,49,27.47,32.96,3,SUP003,Books,,0,None
2023-07-19,Store003,SKU001,13,34,305.84,367.01,7,SUP001,Electronics,,0,None
2023-07-19,Store003,SKU002,7,94,69.57,144.82,5,SUP002,Clothing,2023-07-15,90,Confirmed
2023-07-19,Store003,SKU003,11,66,27.47,32.96,3,SUP003,Books,2023-07-18,81,Confirmed
2023-07-20,Store001,SKU001,17,44,305.84,367.01,7,SUP001,Electronics,,0,None
2023-07-20,Store001,SKU002,10,93,69.57,144.82,5,SUP002,Clothing,2023-07-04,24,Delivered
2023-07-20,Store001,SKU003,9,62,27.47,32.96,3,SUP003,Books,,0,None
2023-07-20,Store002,SKU001,7,90,305.84,367.01,7,SUP001,Electronics,,0,None
2023-07-20,Store002,SKU002,7,98,69.57,144.82,5,SUP002,Clothing,,0,None
2023-07-20,Store002,SKU003,16,27,27.47,32.96,3,SUP003,Books,,0,None
2023-07-20,Store003,SKU001,4,53,305.84,367.01,7,SUP001,Electronics,,0,None
2023-07-20,Store003,SKU002,10,10,69.57,144.82,5,SUP002,Clothing,2023-07-03,53,Delivered
2023-07-20,Store003,SKU003,19,51,27.47,32.96,3,SUP003,Books,,0,None
2023-07-21,Store001,SKU001,13,89,305.84,367.01,7,SUP001,Electronics,,0,None
2023-07-21,Store001,SKU002,6,13,69.57,144.82,5,SUP002,Clothing,,0,None
2023-07-21,Store001,SKU003,7,59,27.47,32.96,3,SUP003,Books,,0,None
2023-07-21,Store002,SKU001,10,68,305.84,367.01,7,SUP001,Electronics,,0,None
2023-07-21,Store002,SKU002,9,65,69.57,144.82,5,SUP002,Clothing,,0,None
2023-07-21,Store002,SKU003,10,83,27.47,32.96,3,SUP003,Books,,0,None
2023-07-21,Store003,SKU001,12,74,305.84,367.01,7,SUP001,Electronics,,0,None
2023-07-21,Store003,SKU002,7,24,69.57,144.82,5,SUP002,Clothing,,0,None
2023-07-21,Store003,SKU003,11,99,27.47,32.96,3,SUP003,Books,,0,None
2023-07-22,Store001,SKU001,19,31,305.84,367.01,7,SUP001,Electronics,,0,None
2023-07-22,Store001,SKU002,8,15,69.57,144.82,5,SUP002,Clothing,,0,None
2023-07-22,Store001,SKU003,10,19,27.47,32.96,3,SUP003,Books,,0,None
2023-07-22,Store002,SKU001,13,69,305.84,367.01,7,SUP001,Electronics,,0,None
2023-07-22,Store002,SKU002,14,28,69.57,144.82,5,SUP002,Clothing,,0,None
2023-07-22,Store002,SKU003,19,43,27.47,32.96,3,SUP003,Books,,0,None
2023-07-22,Store003,SKU001,12,11,305.84,367.01,7,SUP001,Electronics,,0,None
2023-07-22,Store003,SKU002,13,96,69.57,144.82,5,SUP002,Clothing,,0,None
2023-07-22,Store003,SKU003,21,37,27.47,32.96,3,SUP003,Books,,0,None
2023-07-23,Store001,SKU001,15,77,305.84,367.01,7,SUP001,Electronics,,0,None
2023-07-23,Store001,SKU002,14,38,69.57,144.82,5,SUP002,Clothing,,0,None
2023-07-23,Store001,SKU003,12,23,27.47,32.96,3,SUP003,Books,,0,None
2023-07-23,Store002,SKU001,15,55,305.84,367.01,7,SUP001,Electronics,,0,None
2023-07-23,Store002,SKU002,7,61,69.57,144.82,5,SUP002,Clothing,,0,None
2023-07-23,Store002,SKU003,16,51,27.47,32.96,3,SUP003,Books,,0,None
2023-07-23,Store003,SKU001,16,22,305.84,367.01,7,SUP001,Electronics,,0,None
2023-07-23,Store003,SKU002,16,82,69.57,144.82,5,SUP002,Clothing,,0,None
2023-07-23,Store003,SKU003,8,54,27.47,32.96,3,SUP003,Books,,0,None
2023-07-24,Store001,SKU001,19,59,305.84,367.01,7,SUP001,Electronics,,0,None
2023-07-24,Store001,SKU002,5,19,69.57,144.82,5,SUP002,Clothing,,0,None
2023-07-24,Store001,SKU003,6,60,27.47,32.96,3,SUP003,Books,,0,None
2023-07-24,Store002,SKU001,16,80,305.84,367.01,7,SUP001,Electronics,,0,None
2023-07-24,Store002,SKU002,9,78,69.57,144.82,5,SUP002,Clothing,,0,None
2023-07-24,Store002,SKU003,9,18,27.47,32.96,3,SUP003,Books,,0,None
2023-07-24,Store003,SKU001,9,43,305.84,367.01,7,SUP001,Electronics,2023-07-05,77,Delivered
2023-07-24,Store003,SKU002,9,97,69.57,144.82,5,SUP002,Clothing,,0,None
2023-07-24,Store003,SKU003,14,13,27.47,32.96,3,SUP003,Books,,0,None
2023-07-25,Store001,SKU001,21,99,305.84,367.01,7,SUP001,Electronics,,0,None
2023-07-25,Store001,SKU002,9,34,69.57,144.82,5,SUP002,Clothing,,0,None
2023-07-25,Store001,SKU003,12,76,27.47,32.96,3,SUP003,Books,2023-06-30,12,Delivered
2023-07-25,Store002,SKU001,9,60,305.84,367.01,7,SUP001,Electronics,,0,None
2023-07-25,Store002,SKU002,7,50,69.57,144.82,5,SUP002,Clothing,,0,None
2023-07-25,Store002,SKU003,6,80,27.47,32.96,3,SUP003,Books,,0,None
2023-07-25,Store003,SKU001,19,13,305.84,367.01,7,SUP001,Electronics,,0,None
2023-07-25,Store003,SKU002,13,62,69.57,144.82,5,SUP002,Clothing,2023-07-05,93,Delivered
2023-07-25,Store003,SKU003,23,52,27.47,32.96,3,SUP003,Books,,0,None
2023-07-26,Store001,SKU001,11,56,305.84,367.01,7,SUP001,Electronics,,0,None
2023-07-26,Store001,SKU002,11,79,69.57,144.82,5,SUP002,Clothing,,0,None
2023-07-26,Store001,SKU003,12,19,27.47,32.96,3,SUP003,Books,,0,None
2023-07-26,Store002,SKU001,8,64,305.84,367.01,7,SUP001,Electronics,,0,None
2023-07-26,Store002,SKU002,14,92,69.57,144.82,5,SUP002,Clothing,,0,None
2023-07-26,Store002,SKU003,8,64,27.47,32.96,3,SUP003,Books,,0,None
2023-07-26,Store003,SKU001,16,51,305.84,367.01,7,SUP001,Electronics,,0,None
2023-07-26,Store003,SKU002,14,32,69.57,144.82,5,SUP002,Clothing,,0,None
2023-07-26,Store003,SKU003,13,68,27.47,32.96,3,SUP003,Books,,0,None
2023-07-27,Store001,SKU001,15,27,305.84,367.01,7,SUP001,Electronics,,0,None
2023-07-27,Store001,SKU002,4,12,69.57,144.82,5,SUP002,Clothing,2023-07-19,52,Delivered
2023-07-27,Store001,SKU003,11,40,27.47,32.96,3,SUP003,Books,,0,None
2023-07-27,Store002,SKU001,14,19,305.84,367.01,7,SUP001,Electronics,,0,None
2023-07-27,Store002,SKU002,9,16,69.57,144.82,5,SUP002,Clothing,,0,None
2023-07-27,Store002,SKU003,10,34,27.47,32.96,3,SUP003,Books,,0,None
2023-07-27,Store003,SKU001,17,70,305.84,367.01,7,SUP001,Electronics,,0,None
2023-07-27,Store003,SKU002,12,40,69.57,144.82,5,SUP002,Clothing,,0,None
2023-07-27,Store003,SKU003,8,45,27.47,32.96,3,SUP003,Books,,0,None
2023-07-28,Store001,SKU001,16,82,305.84,367.01,7,SUP001,Electronics,,0,None
2023-07-28,Store001,SKU002,11,85,69.57,144.82,5,SUP002,Clothing,,0,None
2023-07-28,Store001,SKU003,5,57,27.47,32.96,3,SUP003,Books,,0,None
2023-07-28,Store002,SKU001,17,12,305.84,367.01,7,SUP001,Electronics,,0,None
2023-07-28,Store002,SKU002,16,38,69.57,144.82,5,SUP002,Clothing,2023-07-24,29,Pending
2023-07-28,Store002,SKU003,7,42,27.47,32.96,3,SUP003,Books,,0,None
2023-07-28,Store003,SKU001,8,70,305.84,367.01,7,SUP001,Electronics,,0,None
2023-07-28,Store003,SKU002,13,55,69.57,144.82,5,SUP002,Clothing,,0,None
2023-07-28,Store003,SKU003,17,51,27.47,32.96,3,SUP003,Books,,0,None
2023-07-29,Store001,SKU001,20,73,305.84,367.01,7,SUP001,Electronics,,0,None
2023-07-29,Store001,SKU002,7,95,69.57,144.82,5,SUP002,Clothing,,0,None
2023-07-29,Store001,SKU003,19,92,27.47,32.96,3,SUP003,Books,,0,None
2023-07-29,Store002,SKU001,8,58,305.84,367.01,7,SUP001,Electronics,,0,None
2023-07-29,Store002,SKU002,10,59,69.57,144.82,5,SUP002,Clothing,,0,None
2023-07-29,Store002,SKU003,18,72,27.47,32.96,3,SUP003,Books,,0,None
2023-07-29,Store003,SKU001,14,63,305.84,367.01,7,SUP001,Electronics,,0,None
2023-07-29,Store003,SKU002,17,35,69.57,144.82,5,SUP002,Clothing,2023-07-14,62,Delivered
2023-07-29,Store003,SKU003,9,73,27.47,32.96,3,SUP003,Books,,0,None
2023-07-30,Store001,SKU001,20,73,305.84,367.01,7,SUP001,Electronics,,0,None
2023-07-30,Store001,SKU002,25,71,69.57,144.82,5,SUP002,Clothing,,0,None
2023-07-30,Store001,SKU003,18,68,27.47,32.96,3,SUP003,Books,,0,None
2023-07-30,Store002,SKU001,16,17,305.84,367.01,7,SUP001,Electronics,,0,None
2023-07-30,Store002,SKU002,20,67,69.57,144.82,5,SUP002,Clothing,,0,None
2023-07-30,Store002,SKU003,20,78,27.47,32.96,3,SUP003,Books,,0,None
2023-07-30,Store003,SKU001,30,44,305.84,367.01,7,SUP001,Electronics,,0,None
2023-07-30,Store003,SKU002,10,85,69.57,144.82,5,SUP002,Clothing,,0,None
2023-07-30,Store003,SKU003,13,28,27.47,32.96,3,SUP003,Books,,0,None
2023-07-31,Store001,SKU001,12,33,305.84,367.01,7,SUP001,Electronics,,0,None
2023-07-31,Store001,SKU002,11,36,69.57,144.82,5,SUP002,Clothing,,0,None
2023-07-31,Store001,SKU003,10,15,27.47,32.96,3,SUP003,Books,,0,None
2023-07-31,Store002,SKU001,24,25,305.84,367.01,7,SUP001,Electronics,,0,None
2023-07-31,Store002,SKU002,19,20,69.57,144.82,5,SUP002,Clothing,,0,None
2023-07-31,Store002,SKU003,7,47,27.47,32.96,3,SUP003,Books,,0,None
2023-07-31,Store003,SKU001,23,11,305.84,367.01,7,SUP001,Electronics,,0,None
2023-07-31,Store003,SKU002,13,23,69.57,144.82,5,SUP002,Clothing,,0,None
2023-07-31,Store003,SKU003,7,23,27.47,32.96,3,SUP003,Books,,0,None
2023-08-01,Store001,SKU001,21,75,305.84,367.01,7,SUP001,Electronics,2023-07-11,34,Delivered
2023-08-01,Store001,SKU002,11,49,69.57,144.82,5,SUP002,Clothing,,0,None
2023-08-01,Store001,SKU003,8,65,27.47,32.96,3,SUP003,Books,,0,None
2023-08-01,Store002,SKU001,22,86,305.84,367.01,7,SUP001,Electronics,,0,None
2023-08-01,Store002,SKU002,7,53,69.57,144.82,5,SUP002,Clothing,,0,None
2023-08-01,Store002,SKU003,4,94,27.47,32.96,3,SUP003,Books,,0,None
2023-08-01,Store003,SKU001,6,10,305.84,367.01,7,SUP001,Electronics,,0,None
2023-08-01,Store003,SKU002,15,13,69.57,144.82,5,SUP002,Clothing,,0,None
2023-08-01,Store003,SKU003,1,52,27.47,32.96,3,SUP003,Books,,0,None
2023-08-02,Store001,SKU001,15,99,305.84,367.01,7,SUP001,Electronics,,0,None
2023-08-02,Store001,SKU002,12,62,69.57,144.82,5,SUP002,Clothing,,0,None
2023-08-02,Store001,SKU003,9,53,27.47,32.96,3,SUP003,Books,,0,None
2023-08-02,Store002,SKU001,9,23,305.84,367.01,7,SUP001,Electronics,,0,None
2023-08-02,Store002,SKU002,14,97,69.57,144.82,5,SUP002,Clothing,,0,None
2023-08-02,Store002,SKU003,11,14,27.47,32.96,3,SUP003,Books,,0,None
2023-08-02,Store003,SKU001,22,69,305.84,367.01,7,SUP001,Electronics,,0,None
2023-08-02,Store003,SKU002,14,76,69.57,144.82,5,SUP002,Clothing,,0,None
2023-08-02,Store003,SKU003,11,93,27.47,32.96,3,SUP003,Books,,0,None
2023-08-03,Store001,SKU001,14,22,305.84,367.01,7,SUP001,Electronics,,0,None
2023-08-03,Store001,SKU002,10,37,69.57,144.82,5,SUP002,Clothing,2023-07-15,25,Delivered
2023-08-03,Store001,SKU003,17,99,27.47,32.96,3,SUP003,Books,,0,None
2023-08-03,Store002,SKU001,18,93,305.84,367.01,7,SUP001,Electronics,,0,None
2023-08-03,Store002,SKU002,9,13,69.57,144.82,5,SUP002,Clothing,,0,None
2023-08-03,Store002,SKU003,16,93,27.47,32.96,3,SUP003,Books,,0,None
2023-08-03,Store003,SKU001,12,59,305.84,367.01,7,SUP001,Electronics,,0,None
2023-08-03,Store003,SKU002,12,76,69.57,144.82,5,SUP002,Clothing,,0,None
2023-08-03,Store003,SKU003,14,67,27.47,32.96,3,SUP003,Books,2023-07-16,56,Delivered
2023-08-04,Store001,SKU001,15,12,305.84,367.01,7,SUP001,Electronics,,0,None
2023-08-04,Store001,SKU002,14,63,69.57,144.82,5,SUP002,Clothing,,0,None
2023-08-04,Store001,SKU003,12,12,27.47,32.96,3,SUP003,Books,,0,None
2023-08-04,Store002,SKU001,15,39,305.84,367.01,7,SUP001,Electronics,,0,None
2023-08-04,Store002,SKU002,20,44,69.57,144.82,5,SUP002,Clothing,,0,None
2023-08-04,Store002,SKU003,11,67,27.47,32.96,3,SUP003,Books,,0,None
2023-08-04,Store003,SKU001,5,90,305.84,367.01,7,SUP001,Electronics,,0,None
2023-08-04,Store003,SKU002,16,39,69.57,144.82,5,SUP002,Clothing,2023-07-22,60,Delivered
2023-08-04,Store003,SKU003,7,32,27.47,32.96,3,SUP003,Books,,0,None
2023-08-05,Store001,SKU001,20,64,305.84,367.01,7,SUP001,Electronics,,0,None
2023-08-05,Store001,SKU002,23,14,69.57,144.82,5,SUP002,Clothing,,0,None
2023-08-05,Store001,SKU003,10,61,27.47,32.96,3,SUP003,Books,,0,None
2023-08-05,Store002,SKU001,21,69,305.84,367.01,7,SUP001,Electronics,,0,None
2023-08-05,Store002,SKU002,14,73,69.57,144.82,5,SUP002,Clothing,,0,None
2023-08-05,Store002,SKU003,6,43,27.47,32.96,3,SUP003,Books,2023-07-21,64,Delivered
2023-08-05,Store003,SKU001,23,78,305.84,367.01,7,SUP001,Electronics,,0,None
2023-08-05,Store003,SKU002,13,71,69.57,144.82,5,SUP002,Clothing,,0,None
2023-08-05,Store003,SKU003,7,43,27.47,32.96,3,SUP003,Books,,0,None
2023-08-06,Store001,SKU001,21,37,305.84,367.01,7,SUP001,Electronics,,0,None
2023-08-06,Store001,SKU002,13,15,69.57,144.82,5,SUP002,Clothing,,0,None
2023-08-06,Store001,SKU003,13,39,27.47,32.96,3,SUP003,Books,,0,None
2023-08-06,Store002,SKU001,18,10,305.84,367.01,7,SUP001,Electronics,,0,None
2023-08-06,Store002,SKU002,16,35,69.57,144.82,5,SUP002,Clothing,,0,None
2023-08-06,Store002,SKU003,13,19,27.47,32.96,3,SUP003,Books,,0,None
2023-08-06,Store003,SKU001,16,80,305.84,367.01,7,SUP001,Electronics,,0,None
2023-08-06,Store003,SKU002,4,58,69.57,144.82,5,SUP002,Clothing,2023-08-04,24,Confirmed
2023-08-06,Store003,SKU003,9,79,27.47,32.96,3,SUP003,Books,,0,None
2023-08-07,Store001,SKU001,16,61,305.84,367.01,7,SUP001,Electronics,,0,None
2023-08-07,Store001,SKU002,12,94,69.57,144.82,5,SUP002,Clothing,,0,None
2023-08-07,Store001,SKU003,13,22,27.47,32.96,3,SUP003,Books,,0,None
2023-08-07,Store002,SKU001,14,49,305.84,367.01,7,SUP001,Electronics,,0,None
2023-08-07,Store002,SKU002,10,13,69.57,144.82,5,SUP002,Clothing,,0,None
2023-08-07,Store002,SKU003,8,41,27.47,32.96,3,SUP003,Books,,0,None
2023-08-07,Store003,SKU001,6,45,305.84,367.01,7,SUP001,Electronics,,0,None
2023-08-07,Store003,SKU002,5,31,69.57,144.82,5,SUP002,Clothing,,0,None
2023-08-07,Store003,SKU003,4,74,27.47,32.96,3,SUP003,Books,,0,None
2023-08-08,Store001,SKU001,9,87,305.84,367.01,7,SUP001,Electronics,,0,None
2023-08-08,Store001,SKU002,17,99,69.57,144.82,5,SUP002,Clothing,,0,None
2023-08-08,Store001,SKU003,20,53,27.47,32.96,3,SUP003,Books,,0,None
2023-08-08,Store002,SKU001,14,41,305.84,367.01,7,SUP001,Electronics,,0,None
2023-08-08,Store002,SKU002,9,45,69.57,144.82,5,SUP002,Clothing,,0,None
2023-08-08,Store002,SKU003,11,84,27.47,32.96,3,SUP003,Books,,0,None
2023-08-08,Store003,SKU001,12,27,305.84,367.01,7,SUP001,Electronics,,0,None
2023-08-08,Store003,SKU002,4,51,69.57,144.82,5,SUP002,Clothing,2023-07-27,93,Delivered
2023-08-08,Store003,SKU003,5,55,27.47,32.96,3,SUP003,Books,,0,None
2023-08-09,Store001,SKU001,5,72,305.84,367.01,7,SUP001,Electronics,,0,None
2023-08-09,Store001,SKU002,12,85,69.57,144.82,5,SUP002,Clothing,,0,None
2023-08-09,Store001,SKU003,6,75,27.47,32.96,3,SUP003,Books,,0,None
2023-08-09,Store002,SKU001,14,61,305.84,367.01,7,SUP001,Electronics,2023-07-17,48,Delivered
2023-08-09,Store002,SKU002,4,88,69.57,144.82,5,SUP002,Clothing,,0,None
2023-08-09,Store002,SKU003,14,14,27.47,32.96,3,SUP003,Books,,0,None
2023-08-09,Store003,SKU001,15,66,305.84,367.01,7,SUP001,Electronics,,0,None
2023-08-09,Store003,SKU002,12,53,69.57,144.82,5,SUP002,Clothing,,0,None
2023-08-09,Store003,SKU003,10,45,27.47,32.96,3,SUP003,Books,,0,None
2023-08-10,Store001,SKU001,15,73,305.84,367.01,7,SUP001,Electronics,,0,None
2023-08-10,Store001,SKU002,18,68,69.57,144.82,5,SUP002,Clothing,,0,None
2023-08-10,Store001,SKU003,5,54,27.47,32.96,3,SUP003,Books,,0,None
2023-08-10,Store002,SKU001,19,14,305.84,367.01,7,SUP001,Electronics,,0,None
2023-08-10,Store002,SKU002,16,70,69.57,144.82,5,SUP002,Clothing,,0,None
2023-08-10,Store002,SKU003,10,32,27.47,32.96,3,SUP003,Books,,0,None
2023-08-10,Store003,SKU001,7,79,305.84,367.01,7,SUP001,Electronics,,0,None
2023-08-10,Store003,SKU002,5,31,69.57,144.82,5,SUP002,Clothing,,0,None
2023-08-10,Store003,SKU003,10,46,27.47,32.96,3,SUP003,Books,,0,None
2023-08-11,Store001,SKU001,2,43,305.84,367.01,7,SUP001,Electronics,,0,None
2023-08-11,Store001,SKU002,4,14,69.57,144.82,5,SUP002,Clothing,,0,None
2023-08-11,Store001,SKU003,9,36,27.47,32.96,3,SUP003,Books,2023-08-05,49,Delivered
2023-08-11,Store002,SKU001,20,92,305.84,367.01,7,SUP001,Electronics,2023-07-15,40,Delivered
2023-08-11,Store002,SKU002,11,80,69.57,144.82,5,SUP002,Clothing,,0,None
2023-08-11,Store002,SKU003,9,71,27.47,32.96,3,SUP003,Books,,0,None
2023-08-11,Store003,SKU001,7,39,305.84,367.01,7,SUP001,Electronics,,0,None
2023-08-11,Store003,SKU002,13,29,69.57,144.82,5,SUP002,Clothing,,0,None
2023-08-11,Store003,SKU003,7,97,27.47,32.96,3,SUP003,Books,,0,None
2023-08-12,Store001,SKU001,25,27,305.84,367.01,7,SUP001,Electronics,,0,None
2023-08-12,Store001,SKU002,13,19,69.57,144.82,5,SUP002,Clothing,,0,None
2023-08-12,Store001,SKU003,16,59,27.47,32.96,3,SUP003,Books,,0,None
2023-08-12,Store002,SKU001,10,63,305.84,367.01,7,SUP001,Electronics,,0,None
2023-08-12,Store002,SKU002,14,21,69.57,144.82,5,SUP002,Clothing,2023-07-31,78,Delivered
2023-08-12,Store002,SKU003,27,91,27.47,32.96,3,SUP003,Books,,0,None
2023-08-12,Store003,SKU001,24,78,305.84,367.01,7,SUP001,Electronics,2023-07-24,26,Delivered
2023-08-12,Store003,SKU002,11,68,69.57,144.82,5,SUP002,Clothing,,0,None
2023-08-12,Store003,SKU003,14,14,27.47,32.96,3,SUP003,Books,,0,None
2023-08-13,Store001,SKU001,8,13,305.84,367.01,7,SUP001,Electronics,,0,None
2023-08-13,Store001,SKU002,7,53,69.57,144.82,5,SUP002,Clothing,,0,None
2023-08-13,Store001,SKU003,15,28,27.47,32.96,3,SUP003,Books,,0,None
2023-08-13,Store002,SKU001,24,25,305.84,367.01,7,SUP001,Electronics,,0,None
2023-08-13,Store002,SKU002,7,22,69.57,144.82,5,SUP002,Clothing,,0,None
2023-08-13,Store002,SKU003,18,26,27.47,32.96,3,SUP003,Books,,0,None
2023-08-13,Store003,SKU001,12,21,305.84,367.01,7,SUP001,Electronics,,0,None
2023-08-13,Store003,SKU002,15,33,69.57,144.82,5,SUP002,Clothing,,0,None
2023-08-13,Store003,SKU003,19,22,27.47,32.96,3,SUP003,Books,,0,None
2023-08-14,Store001,SKU001,13,72,305.84,367.01,7,SUP001,Electronics,,0,None
2023-08-14,Store001,SKU002,10,66,69.57,144.82,5,SUP002,Clothing,,0,None
2023-08-14,Store001,SKU003,15,62,27.47,32.96,3,SUP003,Books,,0,None
2023-08-14,Store002,SKU001,16,99,305.84,367.01,7,SUP001,Electronics,,0,None
2023-08-14,Store002,SKU002,10,21,69.57,144.82,5,SUP002,Clothing,,0,None
2023-08-14,Store002,SKU003,15,47,27.47,32.96,3,SUP003,Books,,0,None
2023-08-14,Store003,SKU001,6,19,305.84,367.01,7,SUP001,Electronics,,0,None
2023-08-14,Store003,SKU002,22,41,69.57,144.82,5,SUP002,Clothing,,0,None
2023-08-14,Store003,SKU003,5,70,27.47,32.96,3,SUP003,Books,,0,None
2023-08-15,Store001,SKU001,11,91,305.84,367.01,7,SUP001,Electronics,,0,None
2023-08-15,Store001,SKU002,8,62,69.57,144.82,5,SUP002,Clothing,,0,None
2023-08-15,Store001,SKU003,13,61,27.47,32.96,3,SUP003,Books,,0,None
2023-08-15,Store002,SKU001,7,19,305.84,367.01,7,SUP001,Electronics,,0,None
2023-08-15,Store002,SKU002,9,73,69.57,144.82,5,SUP002,Clothing,,0,None
2023-08-15,Store002,SKU003,7,88,27.47,32.96,3,SUP003,Books,,0,None
2023-08-15,Store003,SKU001,8,67,305.84,367.01,7,SUP001,Electronics,2023-07-23,67,Delivered
2023-08-15,Store003,SKU002,10,71,69.57,144.82,5,SUP002,Clothing,2023-07-18,30,Delivered
2023-08-15,Store003,SKU003,8,93,27.47,32.96,3,SUP003,Books,,0,None
2023-08-16,Store001,SKU001,11,23,305.84,367.01,7,SUP001,Electronics,,0,None
2023-08-16,Store001,SKU002,15,80,69.57,144.82,5,SUP002,Clothing,,0,None
2023-08-16,Store001,SKU003,6,94,27.47,32.96,3,SUP003,Books,,0,None
2023-08-16,Store002,SKU001,11,89,305.84,367.01,7,SUP001,Electronics,,0,None
2023-08-16,Store002,SKU002,19,80,69.57,144.82,5,SUP002,Clothing,,0,None
2023-08-16,Store002,SKU003,29,72,27.47,32.96,3,SUP003,Books,,0,None
2023-08-16,Store003,SKU001,8,84,305.84,367.01,7,SUP001,Electronics,,0,None
2023-08-16,Store003,SKU002,15,64,69.57,144.82,5,SUP002,Clothing,,0,None
2023-08-16,Store003,SKU003,10,43,27.47,32.96,3,SUP003,Books,,0,None
2023-08-17,Store001,SKU001,15,55,305.84,367.01,7,SUP001,Electronics,,0,None
2023-08-17,Store001,SKU002,9,15,69.57,144.82,5,SUP002,Clothing,2023-08-11,97,Shipped
2023-08-17,Store001,SKU003,9,86,27.47,32.96,3,SUP003,Books,,0,None
2023-08-17,Store002,SKU001,11,99,305.84,367.01,7,SUP001,Electronics,,0,None
2023-08-17,Store002,SKU002,16,87,69.57,144.82,5,SUP002,Clothing,,0,None
2023-08-17,Store002,SKU003,15,52,27.47,32.96,3,SUP003,Books,,0,None
2023-08-17,Store003,SKU001,8,92,305.84,367.01,7,SUP001,Electronics,2023-07-22,25,Delivered
2023-08-17,Store003,SKU002,2,59,69.57,144.82,5,SUP002,Clothing,,0,None
2023-08-17,Store003,SKU003,6,46,27.47,32.96,3,SUP003,Books,,0,None
2023-08-18,Store001,SKU001,27,52,305.84,367.01,7,SUP001,Electronics,,0,None
2023-08-18,Store001,SKU002,17,84,69.57,144.82,5,SUP002,Clothing,,0,None
2023-08-18,Store001,SKU003,7,41,27.47,32.96,3,SUP003,Books,,0,None
2023-08-18,Store002,SKU001,7,96,305.84,367.01,7,SUP001,Electronics,,0,None
2023-08-18,Store002,SKU002,5,77,69.57,144.82,5,SUP002,Clothing,2023-07-28,79,Delivered
2023-08-18,Store002,SKU003,14,65,27.47,32.96,3,SUP003,Books,,0,None
2023-08-18,Store003,SKU001,11,80,305.84,367.01,7,SUP001,Electronics,2023-08-04,95,Delivered
2023-08-18,Store003,SKU002,12,97,69.57,144.82,5,SUP002,Clothing,,0,None
2023-08-18,Store003,SKU003,7,88,27.47,32.96,3,SUP003,Books,,0,None
2023-08-19,Store001,SKU001,32,64,305.84,367.01,7,SUP001,Electronics,2023-07-28,99,Delivered
2023-08-19,Store001,SKU002,9,79,69.57,144.82,5,SUP002,Clothing,,0,None
2023-08-19,Store001,SKU003,7,19,27.47,32.96,3,SUP003,Books,2023-07-27,63,Delivered
2023-08-19,Store002,SKU001,20,64,305.84,367.01,7,SUP001,Electronics,,0,None
2023-08-19,Store002,SKU002,24,48,69.57,144.82,5,SUP002,Clothing,,0,None
2023-08-19,Store002,SKU003,5,73,27.47,32.96,3,SUP003,Books,,0,None
2023-08-19,Store003,SKU001,29,11,305.84,367.01,7,SUP001,Electronics,,0,None
2023-08-19,Store003,SKU002,8,40,69.57,144.82,5,SUP002,Clothing,,0,None
2023-08-19,Store003,SKU003,15,47,27.47,32.96,3,SUP003,Books,,0,None
2023-08-20,Store001,SKU001,15,87,305.84,367.01,7,SUP001,Electronics,,0,None
2023-08-20,Store001,SKU002,17,42,69.57,144.82,5,SUP002,Clothing,,0,None
2023-08-20,Store001,SKU003,8,11,27.47,32.96,3,SUP003,Books,,0,None
2023-08-20,Store002,SKU001,12,80,305.84,367.01,7,SUP001,Electronics,,0,None
2023-08-20,Store002,SKU002,16,77,69.57,144.82,5,SUP002,Clothing,2023-08-11,91,Delivered
2023-08-20,Store002,SKU003,23,98,27.47,32.96,3,SUP003,Books,,0,None
2023-08-20,Store003,SKU001,14,82,305.84,367.01,7,SUP001,Electronics,,0,None
2023-08-20,Store003,SKU002,16,13,69.57,144.82,5,SUP002,Clothing,,0,None
2023-08-20,Store003,SKU003,11,77,27.47,32.96,3,SUP003,Books,,0,None
2023-08-21,Store001,SKU001,10,10,305.84,367.01,7,SUP001,Electronics,2023-08-03,77,Delivered
2023-08-21,Store001,SKU002,6,22,69.57,144.82,5,SUP002,Clothing,2023-08-10,75,Delivered
2023-08-21,Store001,SKU003,8,11,27.47,32.96,3,SUP003,Books,,0,None
2023-08-21,Store002,SKU001,6,85,305.84,367.01,7,SUP001,Electronics,,0,None
2023-08-21,Store002,SKU002,8,82,69.57,144.82,5,SUP002,Clothing,,0,None
2023-08-21,Store002,SKU003,13,67,27.47,32.96,3,SUP003,Books,,0,None
2023-08-21,Store003,SKU001,20,34,305.84,367.01,7,SUP001,Electronics,,0,None
2023-08-21,Store003,SKU002,17,26,69.57,144.82,5,SUP002,Clothing,2023-08-10,36,Delivered
2023-08-21,Store003,SKU003,3,50,27.47,32.96,3,SUP003,Books,,0,None
2023-08-22,Store001,SKU001,4,58,305.84,367.01,7,SUP001,Electronics,,0,None
2023-08-22,Store001,SKU002,9,37,69.57,144.82,5,SUP002,Clothing,,0,None
2023-08-22,Store001,SKU003,14,29,27.47,32.96,3,SUP003,Books,,0,None
2023-08-22,Store002,SKU001,15,55,305.84,367.01,7,SUP001,Electronics,,0,None
2023-08-22,Store002,SKU002,22,90,69.57,144.82,5,SUP002,Clothing,,0,None
2023-08-22,Store002,SKU003,12,58,27.47,32.96,3,SUP003,Books,,0,None
2023-08-22,Store003,SKU001,3,32,305.84,367.01,7,SUP001,Electronics,,0,None
2023-08-22,Store003,SKU002,11,57,69.57,144.82,5,SUP002,Clothing,,0,None
2023-08-22,Store003,SKU003,2,63,27.47,32.96,3,SUP003,Books,,0,None
2023-08-23,Store001,SKU001,17,91,305.84,367.01,7,SUP001,Electronics,,0,None
2023-08-23,Store001,SKU002,14,64,69.57,144.82,5,SUP002,Clothing,,0,None
2023-08-23,Store001,SKU003,3,39,27.47,32.96,3,SUP003,Books,,0,None
2023-08-23,Store002,SKU001,20,14,305.84,367.01,7,SUP001,Electronics,,0,None
2023-08-23,Store002,SKU002,13,59,69.57,144.82,5,SUP002,Clothing,,0,None
2023-08-23,Store002,SKU003,5,57,27.47,32.96,3,SUP003,Books,,0,None
2023-08-23,Store003,SKU001,11,17,305.84,367.01,7,SUP001,Electronics,2023-08-12,35,Delivered
2023-08-23,Store003,SKU002,14,32,69.57,144.82,5,SUP002,Clothing,,0,None
2023-08-23,Store003,SKU003,8,71,27.47,32.96,3,SUP003,Books,,0,None
2023-08-24,Store001,SKU001,16,22,305.84,367.01,7,SUP001,Electronics,,0,None
2023-08-24,Store001,SKU002,5,39,69.57,144.82,5,SUP002,Clothing,2023-08-13,73,Delivered
2023-08-24,Store001,SKU003,8,34,27.47,32.96,3,SUP003,Books,,0,None
2023-08-24,Store002,SKU001,13,43,305.84,367.01,7,SUP001,Electronics,,0,None
2023-08-24,Store002,SKU002,6,40,69.57,144.82,5,SUP002,Clothing,,0,None
2023-08-24,Store002,SKU003,7,22,27.47,32.96,3,SUP003,Books,,0,None
2023-08-24,Store003,SKU001,22,67,305.84,367.01,7,SUP001,Electronics,,0,None
2023-08-24,Store003,SKU002,16,60,69.57,144.82,5,SUP002,Clothing,2023-08-01,43,Delivered
2023-08-24,Store003,SKU003,7,67,27.47,32.96,3,SUP003,Books,,0,None
2023-08-25,Store001,SKU001,21,18,305.84,367.01,7,SUP001,Electronics,,0,None
2023-08-25,Store001,SKU002,11,22,69.57,144.82,5,SUP002,Clothing,2023-08-09,81,Delivered
2023-08-25,Store001,SKU003,22,71,27.47,32.96,3,SUP003,Books,,0,None
2023-08-25,Store002,SKU001,16,83,305.84,367.01,7,SUP001,Electronics,,0,None
2023-08-25,Store002,SKU002,6,21,69.57,144.82,5,SUP002,Clothing,,0,None
2023-08-25,Store002,SKU003,5,73,27.47,32.96,3,SUP003,Books,,0,None
2023-08-25,Store003,SKU001,13,62,305.84,367.01,7,SUP001,Electronics,2023-08-21,43,Confirmed
2023-08-25,Store003,SKU002,6,41,69.57,144.82,5,SUP002,Clothing,,0,None
2023-08-25,Store003,SKU003,11,99,27.47,32.96,3,SUP003,Books,,0,None
2023-08-26,Store001,SKU001,7,85,305.84,367.01,7,SUP001,Electronics,,0,None
2023-08-26,Store001,SKU002,17,13,69.57,144.82,5,SUP002,Clothing,,0,None
2023-08-26,Store001,SKU003,14,11,27.47,32.96,3,SUP003,Books,,0,None
2023-08-26,Store002,SKU001,5,47,305.84,367.01,7,SUP001,Electronics,,0,None
2023-08-26,Store002,SKU002,15,60,69.57,144.82,5,SUP002,Clothing,,0,None
2023-08-26,Store002,SKU003,14,91,27.47,32.96,3,SUP003,Books,,0,None
2023-08-26,Store003,SKU001,20,98,305.84,367.01,7,SUP001,Electronics,,0,None
2023-08-26,Store003,SKU002,14,53,69.57,144.82,5,SUP002,Clothing,,0,None
2023-08-26,Store003,SKU003,7,47,27.47,32.96,3,SUP003,Books,,0,None
2023-08-27,Store001,SKU001,22,66,305.84,367.01,7,SUP001,Electronics,,0,None
2023-08-27,Store001,SKU002,17,72,69.57,144.82,5,SUP002,Clothing,,0,None
2023-08-27,Store001,SKU003,7,29,27.47,32.96,3,SUP003,Books,,0,None
2023-08-27,Store002,SKU001,8,40,305.84,367.01,7,SUP001,Electronics,,0,None
2023-08-27,Store002,SKU002,29,62,69.57,144.82,5,SUP002,Clothing,,0,None
2023-08-27,Store002,SKU003,12,88,27.47,32.96,3,SUP003,Books,,0,None
2023-08-27,Store003,SKU001,38,75,305.84,367.01,7,SUP001,Electronics,,0,None
2023-08-27,Store003,SKU002,13,22,69.57,144.82,5,SUP002,Clothing,,0,None
2023-08-27,Store003,SKU003,18,36,27.47,32.96,3,SUP003,Books,,0,None
2023-08-28,Store001,SKU001,8,98,305.84,367.01,7,SUP001,Electronics,,0,None
2023-08-28,Store001,SKU002,6,57,69.57,144.82,5,SUP002,Clothing,,0,None
2023-08-28,Store001,SKU003,8,92,27.47,32.96,3,SUP003,Books,,0,None
2023-08-28,Store002,SKU001,4,99,305.84,367.01,7,SUP001,Electronics,,0,None
2023-08-28,Store002,SKU002,8,88,69.57,144.82,5,SUP002,Clothing,,0,None
2023-08-28,Store002,SKU003,9,26,27.47,32.96,3,SUP003,Books,,0,None
2023-08-28,Store003,SKU001,12,87,305.84,367.01,7,SUP001,Electronics,,0,None
2023-08-28,Store003,SKU002,8,94,69.57,144.82,5,SUP002,Clothing,,0,None
2023-08-28,Store003,SKU003,12,54,27.47,32.96,3,SUP003,Books,,0,None
2023-08-29,Store001,SKU001,6,48,305.84,367.01,7,SUP001,Electronics,,0,None
2023-08-29,Store001,SKU002,13,78,69.57,144.82,5,SUP002,Clothing,,0,None
2023-08-29,Store001,SKU003,2,39,27.47,32.96,3,SUP003,Books,,0,None
2023-08-29,Store002,SKU001,8,89,305.84,367.01,7,SUP001,Electronics,,0,None
2023-08-29,Store002,SKU002,12,10,69.57,144.82,5,SUP002,Clothing,2023-08-21,31,Delivered
2023-08-29,Store002,SKU003,15,56,27.47,32.96,3,SUP003,Books,,0,None
2023-08-29,Store003,SKU001,8,60,305.84,367.01,7,SUP001,Electronics,,0,None
2023-08-29,Store003,SKU002,11,74,69.57,144.82,5,SUP002,Clothing,,0,None
2023-08-29,Store003,SKU003,8,74,27.47,32.96,3,SUP003,Books,,0,None
2023-08-30,Store001,SKU001,10,62,305.84,367.01,7,SUP001,Electronics,,0,None
2023-08-30,Store001,SKU002,11,83,69.57,144.82,5,SUP002,Clothing,,0,None
2023-08-30,Store001,SKU003,2,17,27.47,32.96,3,SUP003,Books,,0,None
2023-08-30,Store002,SKU001,14,20,305.84,367.01,7,SUP001,Electronics,2023-08-04,41,Delivered
2023-08-30,Store002,SKU002,19,17,69.57,144.82,5,SUP002,Clothing,2023-08-10,90,Delivered
2023-08-30,Store002,SKU003,4,74,27.47,32.96,3,SUP003,Books,,0,None
2023-08-30,Store003,SKU001,14,86,305.84,367.01,7,SUP001,Electronics,,0,None
2023-08-30,Store003,SKU002,10,75,69.57,144.82,5,SUP002,Clothing,,0,None
2023-08-30,Store003,SKU003,24,18,27.47,32.96,3,SUP003,Books,,0,None
2023-08-31,Store001,SKU001,3,69,305.84,367.01,7,SUP001,Electronics,,0,None
2023-08-31,Store001,SKU002,8,34,69.57,144.82,5,SUP002,Clothing,,0,None
2023-08-31,Store001,SKU003,6,61,27.47,32.96,3,SUP003,Books,,0,None
2023-08-31,Store002,SKU001,14,36,305.84,367.01,7,SUP001,Electronics,,0,None
2023-08-31,Store002,SKU002,7,28,69.57,144.82,5,SUP002,Clothing,,0,None
2023-08-31,Store002,SKU003,8,65,27.47,32.96,3,SUP003,Books,2023-08-15,95,Delivered
2023-08-31,Store003,SKU001,7,80,305.84,367.01,7,SUP001,Electronics,,0,None
2023-08-31,Store003,SKU002,5,89,69.57,144.82,5,SUP002,Clothing,,0,None
2023-08-31,Store003,SKU003,7,56,27.47,32.96,3,SUP003,Books,,0,None
2023-09-01,Store001,SKU001,20,40,305.84,367.01,7,SUP001,Electronics,,0,None
2023-09-01,Store001,SKU002,10,47,69.57,144.82,5,SUP002,Clothing,,0,None
2023-09-01,Store001,SKU003,10,91,27.47,32.96,3,SUP003,Books,2023-08-08,61,Delivered
2023-09-01,Store002,SKU001,14,89,305.84,367.01,7,SUP001,Electronics,,0,None
2023-09-01,Store002,SKU002,12,61,69.57,144.82,5,SUP002,Clothing,,0,None
2023-09-01,Store002,SKU003,8,13,27.47,32.96,3,SUP003,Books,,0,None
2023-09-01,Store003,SKU001,10,55,305.84,367.01,7,SUP001,Electronics,,0,None
2023-09-01,Store003,SKU002,16,77,69.57,144.82,5,SUP002,Clothing,,0,None
2023-09-01,Store003,SKU003,3,71,27.47,32.96,3,SUP003,Books,,0,None
2023-09-02,Store001,SKU001,12,89,305.84,367.01,7,SUP001,Electronics,,0,None
2023-09-02,Store001,SKU002,9,86,69.57,144.82,5,SUP002,Clothing,,0,None
2023-09-02,Store001,SKU003,9,88,27.47,32.96,3,SUP003,Books,,0,None
2023-09-02,Store002,SKU001,20,95,305.84,367.01,7,SUP001,Electronics,2023-08-07,66,Delivered
2023-09-02,Store002,SKU002,6,51,69.57,144.82,5,SUP002,Clothing,,0,None
2023-09-02,Store002,SKU003,10,99,27.47,32.96,3,SUP003,Books,,0,None
2023-09-02,Store003,SKU001,20,54,305.84,367.01,7,SUP001,Electronics,,0,None
2023-09-02,Store003,SKU002,9,13,69.57,144.82,5,SUP002,Clothing,2023-09-01,27,Pending
2023-09-02,Store003,SKU003,3,50,27.47,32.96,3,SUP003,Books,,0,None
2023-09-03,Store001,SKU001,31,61,305.84,367.01,7,SUP001,Electronics,,0,None
2023-09-03,Store001,SKU002,23,19,69.57,144.82,5,SUP002,Clothing,,0,None
2023-09-03,Store001,SKU003,10,47,27.47,32.96,3,SUP003,Books,,0,None
2023-09-03,Store002,SKU001,25,47,305.84,367.01,7,SUP001,Electronics,,0,None
2023-09-03,Store002,SKU002,17,27,69.57,144.82,5,SUP002,Clothing,,0,None
2023-09-03,Store002,SKU003,9,64,27.47,32.96,3,SUP003,Books,,0,None
2023-09-03,Store003,SKU001,20,13,305.84,367.01,7,SUP001,Electronics,,0,None
2023-09-03,Store003,SKU002,10,95,69.57,144.82,5,SUP002,Clothing,,0,None
2023-09-03,Store003,SKU003,7,24,27.47,32.96,3,SUP003,Books,,0,None
2023-09-04,Store001,SKU001,11,47,305.84,367.01,7,SUP001,Electronics,,0,None
2023-09-04,Store001,SKU002,10,58,69.57,144.82,5,SUP002,Clothing,,0,None
2023-09-04,Store001,SKU003,11,15,27.47,32.96,3,SUP003,Books,,0,None
2023-09-04,Store002,SKU001,15,28,305.84,367.01,7,SUP001,Electronics,,0,None
2023-09-04,Store002,SKU002,8,38,69.57,144.82,5,SUP002,Clothing,,0,None
2023-09-04,Store002,SKU003,6,61,27.47,32.96,3,SUP003,Books,,0,None
2023-09-04,Store003,SKU001,13,48,305.84,367.01,7,SUP001,Electronics,,0,None
2023-09-04,Store003,SKU002,7,80,69.57,144.82,5,SUP002,Clothing,,0,None
2023-09-04,Store003,SKU003,9,30,27.47,32.96,3,SUP003,Books,,0,None
2023-09-05,Store001,SKU001,10,10,305.84,367.01,7,SUP001,Electronics,,0,None
2023-09-05,Store001,SKU002,10,76,69.57,144.82,5,SUP002,Clothing,,0,None
2023-09-05,Store001,SKU003,3,29,27.47,32.96,3,SUP003,Books,,0,None
2023-09-05,Store002,SKU001,6,99,305.84,367.01,7,SUP001,Electronics,,0,None
2023-09-05,Store002,SKU002,4,59,69.57,144.82,5,SUP002,Clothing,,0,None
2023-09-05,Store002,SKU003,7,81,27.47,32.96,3,SUP003,Books,,0,None
2023-09-05,Store003,SKU001,17,87,305.84,367.01,7,SUP001,Electronics,,0,None
2023-09-05,Store003,SKU002,11,18,69.57,144.82,5,SUP002,Clothing,,0,None
2023-09-05,Store003,SKU003,5,55,27.47,32.96,3,SUP003,Books,,0,None
2023-09-06,Store001,SKU001,14,90,305.84,367.01,7,SUP001,Electronics,,0,None
2023-09-06,Store001,SKU002,11,24,69.57,144.82,5,SUP002,Clothing,,0,None
2023-09-06,Store001,SKU003,13,75,27.47,32.96,3,SUP003,Books,,0,None
2023-09-06,Store002,SKU001,16,90,305.84,367.01,7,SUP001,Electronics,,0,None
2023-09-06,Store002,SKU002,14,72,69.57,144.82,5,SUP002,Clothing,,0,None
2023-09-06,Store002,SKU003,13,59,27.47,32.96,3,SUP003,Books,,0,None
2023-09-06,Store003,SKU001,21,81,305.84,367.01,7,SUP001,Electronics,,0,None
2023-09-06,Store003,SKU002,7,79,69.57,144.82,5,SUP002,Clothing,,0,None
2023-09-06,Store003,SKU003,16,20,27.47,32.96,3,SUP003,Books,,0,None
2023-09-07,Store001,SKU001,12,37,305.84,367.01,7,SUP001,Electronics,,0,None
2023-09-07,Store001,SKU002,14,35,69.57,144.82,5,SUP002,Clothing,,0,None
2023-09-07,Store001,SKU003,5,72,27.47,32.96,3,SUP003,Books,,0,None
2023-09-07,Store002,SKU001,11,20,305.84,367.01,7,SUP001,Electronics,,0,None
2023-09-07,Store002,SKU002,10,87,69.57,144.82,5,SUP002,Clothing,,0,None
2023-09-07,Store002,SKU003,11,31,27.47,32.96,3,SUP003,Books,,0,None
2023-09-07,Store003,SKU001,17,88,305.84,367.01,7,SUP001,Electronics,,0,None
2023-09-07,Store003,SKU002,17,12,69.57,144.82,5,SUP002,Clothing,2023-08-16,17,Delivered
2023-09-07,Store003,SKU003,13,44,27.47,32.96,3,SUP003,Books,,0,None
2023-09-08,Store001,SKU001,22,32,305.84,367.01,7,SUP001,Electronics,,0,None
2023-09-08,Store001,SKU002,12,63,69.57,144.82,5,SUP002,Clothing,,0,None
2023-09-08,Store001,SKU003,8,62,27.47,32.96,3,SUP003,Books,,0,None
2023-09-08,Store002,SKU001,17,85,305.84,367.01,7,SUP001,Electronics,2023-09-04,28,Confirmed
2023-09-08,Store002,SKU002,14,79,69.57,144.82,5,SUP002,Clothing,,0,None
2023-09-08,Store002,SKU003,11,21,27.47,32.96,3,SUP003,Books,,0,None
2023-09-08,Store003,SKU001,15,87,305.84,367.01,7,SUP001,Electronics,,0,None
2023-09-08,Store003,SKU002,6,53,69.57,144.82,5,SUP002,Clothing,,0,None
2023-09-08,Store003,SKU003,9,80,27.47,32.96,3,SUP003,Books,,0,None
2023-09-09,Store001,SKU001,16,77,305.84,367.01,7,SUP001,Electronics,,0,None
2023-09-09,Store001,SKU002,7,65,69.57,144.82,5,SUP002,Clothing,,0,None
2023-09-09,Store001,SKU003,12,71,27.47,32.96,3,SUP003,Books,,0,None
2023-09-09,Store002,SKU001,4,49,305.84,367.01,7,SUP001,Electronics,,0,None
2023-09-09,Store002,SKU002,13,32,69.57,144.82,5,SUP002,Clothing,,0,None
2023-09-09,Store002,SKU003,7,13,27.47,32.96,3,SUP003,Books,,0,None
2023-09-09,Store003,SKU001,11,18,305.84,367.01,7,SUP001,Electronics,,0,None
2023-09-09,Store003,SKU002,15,45,69.57,144.82,5,SUP002,Clothing,,0,None
2023-09-09,Store003,SKU003,14,79,27.47,32.96,3,SUP003,Books,,0,None
2023-09-10,Store001,SKU001,21,75,305.84,367.01,7,SUP001,Electronics,,0,None
2023-09-10,Store001,SKU002,13,99,69.57,144.82,5,SUP002,Clothing,,0,None
2023-09-10,Store001,SKU003,2,30,27.47,32.96,3,SUP003,Books,2023-08-13,13,Delivered
2023-09-10,Store002,SKU001,3,46,305.84,367.01,7,SUP001,Electronics,,0,None
2023-09-10,Store002,SKU002,16,68,69.57,144.82,5,SUP002,Clothing,,0,None
2023-09-10,Store002,SKU003,9,50,27.47,32.96,3,SUP003,Books,,0,None
2023-09-10,Store003,SKU001,12,52,305.84,367.01,7,SUP001,Electronics,2023-09-09,86,Confirmed
2023-09-10,Store003,SKU002,15,99,69.57,144.82,5,SUP002,Clothing,,0,None
2023-09-10,Store003,SKU003,5,73,27.47,32.96,3,SUP003,Books,,0,None
2023-09-11,Store001,SKU001,10,59,305.84,367.01,7,SUP001,Electronics,,0,None
2023-09-11,Store001,SKU002,11,36,69.57,144.82,5,SUP002,Clothing,,0,None
2023-09-11,Store001,SKU003,13,74,27.47,32.96,3,SUP003,Books,,0,None
2023-09-11,Store002,SKU001,14,78,305.84,367.01,7,SUP001,Electronics,,0,None
2023-09-11,Store002,SKU002,12,29,69.57,144.82,5,SUP002,Clothing,,0,None
2023-09-11,Store002,SKU003,4,59,27.47,32.96,3,SUP003,Books,,0,None
2023-09-11,Store003,SKU001,4,80,305.84,367.01,7,SUP001,Electronics,2023-09-06,55,Confirmed
2023-09-11,Store003,SKU002,7,89,69.57,144.82,5,SUP002,Clothing,,0,None
2023-09-11,Store003,SKU003,11,82,27.47,32.96,3,SUP003,Books,2023-09-08,22,Shipped
2023-09-12,Store001,SKU001,10,52,305.84,367.01,7,SUP001,Electronics,,0,None
2023-09-12,Store001,SKU002,7,61,69.57,144.82,5,SUP002,Clothing,,0,None
2023-09-12,Store001,SKU003,12,69,27.47,32.96,3,SUP003,Books,,0,None
2023-09-12,Store002,SKU001,12,35,305.84,367.01,7,SUP001,Electronics,,0,None
2023-09-12,Store002,SKU002,10,68,69.57,144.82,5,SUP002,Clothing,,0,None
2023-09-12,Store002,SKU003,3,14,27.47,32.96,3,SUP003,Books,,0,None
2023-09-12,Store003,SKU001,6,46,305.84,367.01,7,SUP001,Electronics,,0,None
2023-09-12,Store003,SKU002,14,93,69.57,144.82,5,SUP002,Clothing,2023-08-21,46,Delivered
2023-09-12,Store003,SKU003,8,90,27.47,32.96,3,SUP003,Books,,0,None
2023-09-13,Store001,SKU001,6,69,305.84,367.01,7,SUP001,Electronics,,0,None
2023-09-13,Store001,SKU002,8,80,69.57,144.82,5,SUP002,Clothing,,0,None
2023-09-13,Store001,SKU003,4,62,27.47,32.96,3,SUP003,Books,,0,None
2023-09-13,Store002,SKU001,10,90,305.84,367.01,7,SUP001,Electronics,2023-09-11,61,Confirmed
2023-09-13,Store002,SKU002,6,57,69.57,144.82,5,SUP002,Clothing,,0,None
2023-09-13,Store002,SKU003,7,15,27.47,32.96,3,SUP003,Books,,0,None
2023-09-13,Store003,SKU001,10,65,305.84,367.01,7,SUP001,Electronics,,0,None
2023-09-13,Store003,SKU002,16,99,69.57,144.82,5,SUP002,Clothing,,0,None
2023-09-13,Store003,SKU003,9,81,27.47,32.96,3,SUP003,Books,,0,None
2023-09-14,Store001,SKU001,8,71,305.84,367.01,7,SUP001,Electronics,,0,None
2023-09-14,Store001,SKU002,8,38,69.57,144.82,5,SUP002,Clothing,,0,None
2023-09-14,Store001,SKU003,10,73,27.47,32.96,3,SUP003,Books,,0,None
2023-09-14,Store002,SKU001,26,24,305.84,367.01,7,SUP001,Electronics,,0,None
2023-09-14,Store002,SKU002,16,62,69.57,144.82,5,SUP002,Clothing,,0,None
2023-09-14,Store002,SKU003,6,52,27.47,32.96,3,SUP003,Books,,0,None
2023-09-14,Store003,SKU001,10,91,305.84,367.01,7,SUP001,Electronics,,0,None
2023-09-14,Store003,SKU002,13,66,69.57,144.82,5,SUP002,Clothing,,0,None
2023-09-14,Store003,SKU003,7,61,27.47,32.96,3,SUP003,Books,,0,None
2023-09-15,Store001,SKU001,12,33,305.84,367.01,7,SUP001,Electronics,,0,None
2023-09-15,Store001,SKU002,11,21,69.57,144.82,5,SUP002,Clothing,,0,None
2023-09-15,Store001,SKU003,5,86,27.47,32.96,3,SUP003,Books,,0,None
2023-09-15,Store002,SKU001,19,94,305.84,367.01,7,SUP001,Electronics,,0,None
2023-09-15,Store002,SKU002,9,50,69.57,144.82,5,SUP002,Clothing,,0,None
2023-09-15,Store002,SKU003,7,47,27.47,32.96,3,SUP003,Books,,0,None
2023-09-15,Store003,SKU001,12,15,305.84,367.01,7,SUP001,Electronics,,0,None
2023-09-15,Store003,SKU002,14,98,69.57,144.82,5,SUP002,Clothing,,0,None
2023-09-15,Store003,SKU003,7,45,27.47,32.96,3,SUP003,Books,,0,None
2023-09-16,Store001,SKU001,10,11,305.84,367.01,7,SUP001,Electronics,,0,None
2023-09-16,Store001,SKU002,8,45,69.57,144.82,5,SUP002,Clothing,,0,None
2023-09-16,Store001,SKU003,14,63,27.47,32.96,3,SUP003,Books,,0,None
2023-09-16,Store002,SKU001,11,41,305.84,367.01,7,SUP001,Electronics,2023-09-08,91,In Transit
2023-09-16,Store002,SKU002,16,21,69.57,144.82,5,SUP002,Clothing,,0,None
2023-09-16,Store002,SKU003,4,11,27.47,32.96,3,SUP003,Books,,0,None
2023-09-16,Store003,SKU001,12,18,305.84,367.01,7,SUP001,Electronics,,0,None
2023-09-16,Store003,SKU002,18,99,69.57,144.82,5,SUP002,Clothing,,0,None
2023-09-16,Store003,SKU003,8,45,27.47,32.96,3,SUP003,Books,,0,None
2023-09-17,Store001,SKU001,5,19,305.84,367.01,7,SUP001,Electronics,,0,None
2023-09-17,Store001,SKU002,16,46,69.57,144.82,5,SUP002,Clothing,,0,None
2023-09-17,Store001,SKU003,10,33,27.47,32.96,3,SUP003,Books,,0,None
2023-09-17,Store002,SKU001,26,78,305.84,367.01,7,SUP001,Electronics,,0,None
2023-09-17,Store002,SKU002,18,10,69.57,144.82,5,SUP002,Clothing,,0,None
2023-09-17,Store002,SKU003,1,15,27.47,32.96,3,SUP003,Books,,0,None
2023-09-17,Store003,SKU001,16,29,305.84,367.01,7,SUP001,Electronics,,0,None
2023-09-17,Store003,SKU002,5,82,69.57,144.82,5,SUP002,Clothing,,0,None
2023-09-17,Store003,SKU003,9,99,27.47,32.96,3,SUP003,Books,,0,None
2023-09-18,Store001,SKU001,9,22,305.84,367.01,7,SUP001,Electronics,2023-09-07,38,Delivered
2023-09-18,Store001,SKU002,8,82,69.57,144.82,5,SUP002,Clothing,,0,None
2023-09-18,Store001,SKU003,9,38,27.47,32.96,3,SUP003,Books,,0,None
2023-09-18,Store002,SKU001,10,76,305.84,367.01,7,SUP001,Electronics,2023-09-06,37,Delivered
2023-09-18,Store002,SKU002,10,96,69.57,144.82,5,SUP002,Clothing,,0,None
2023-09-18,Store002,SKU003,8,92,27.47,32.96,3,SUP003,Books,,0,None
2023-09-18,Store003,SKU001,23,88,305.84,367.01,7,SUP001,Electronics,,0,None
2023-09-18,Store003,SKU002,7,25,69.57,144.82,5,SUP002,Clothing,,0,None
2023-09-18,Store003,SKU003,9,19,27.47,32.96,3,SUP003,Books,,0,None
2023-09-19,Store001,SKU001,26,22,305.84,367.01,7,SUP001,Electronics,2023-09-10,48,Shipped
2023-09-19,Store001,SKU002,12,27,69.57,144.82,5,SUP002,Clothing,,0,None
2023-09-19,Store001,SKU003,8,33,27.47,32.96,3,SUP003,Books,,0,None
2023-09-19,Store002,SKU001,10,93,305.84,367.01,7,SUP001,Electronics,,0,None
2023-09-19,Store002,SKU002,16,68,69.57,144.82,5,SUP002,Clothing,,0,None
2023-09-19,Store002,SKU003,14,52,27.47,32.96,3,SUP003,Books,,0,None
2023-09-19,Store003,SKU001,19,37,305.84,367.01,7,SUP001,Electronics,,0,None
2023-09-19,Store003,SKU002,13,99,69.57,144.82,5,SUP002,Clothing,,0,None
2023-09-19,Store003,SKU003,10,59,27.47,32.96,3,SUP003,Books,,0,None
2023-09-20,Store001,SKU001,5,79,305.84,367.01,7,SUP001,Electronics,,0,None
2023-09-20,Store001,SKU002,10,55,69.57,144.82,5,SUP002,Clothing,,0,None
2023-09-20,Store001,SKU003,8,67,27.47,32.96,3,SUP003,Books,,0,None
2023-09-20,Store002,SKU001,11,43,305.84,367.01,7,SUP001,Electronics,,0,None
2023-09-20,Store002,SKU002,14,20,69.57,144.82,5,SUP002,Clothing,2023-09-06,93,Delivered
2023-09-20,Store002,SKU003,1,72,27.47,32.96,3,SUP003,Books,,0,None
2023-09-20,Store003,SKU001,14,84,305.84,367.01,7,SUP001,Electronics,,0,None
2023-09-20,Store003,SKU002,11,12,69.57,144.82,5,SUP002,Clothing,,0,None
2023-09-20,Store003,SKU003,12,59,27.47,32.96,3,SUP003,Books,,0,None
2023-09-21,Store001,SKU001,13,28,305.84,367.01,7,SUP001,Electronics,,0,None
2023-09-21,Store001,SKU002,5,48,69.57,144.82,5,SUP002,Clothing,,0,None
2023-09-21,Store001,SKU003,6,84,27.47,32.96,3,SUP003,Books,,0,None
2023-09-21,Store002,SKU001,6,35,305.84,367.01,7,SUP001,Electronics,2023-09-17,55,Confirmed
2023-09-21,Store002,SKU002,14,14,69.57,144.82,5,SUP002,Clothing,,0,None
2023-09-21,Store002,SKU003,8,65,27.47,32.96,3,SUP003,Books,,0,None
2023-09-21,Store003,SKU001,10,50,305.84,367.01,7,SUP001,Electronics,2023-09-16,25,Confirmed
2023-09-21,Store003,SKU002,9,57,69.57,144.82,5,SUP002,Clothing,,0,None
2023-09-21,Store003,SKU003,7,54,27.47,32.96,3,SUP003,Books,,0,None
2023-09-22,Store001,SKU001,6,24,305.84,367.01,7,SUP001,Electronics,2023-09-09,63,Delivered
2023-09-22,Store001,SKU002,8,35,69.57,144.82,5,SUP002,Clothing,,0,None
2023-09-22,Store001,SKU003,15,60,27.47,32.96,3,SUP003,Books,,0,None
2023-09-22,Store002,SKU001,7,52,305.84,367.01,7,SUP001,Electronics,,0,None
2023-09-22,Store002,SKU002,13,77,69.57,144.82,5,SUP002,Clothing,,0,None
2023-09-22,Store002,SKU003,7,12,27.47,32.96,3,SUP003,Books,,0,None
2023-09-22,Store003,SKU001,8,51,305.84,367.01,7,SUP001,Electronics,,0,None
2023-09-22,Store003,SKU002,9,56,69.57,144.82,5,SUP002,Clothing,,0,None
2023-09-22,Store003,SKU003,9,10,27.47,32.96,3,SUP003,Books,,0,None
2023-09-23,Store001,SKU001,16,97,305.84,367.01,7,SUP001,Electronics,,0,None
2023-09-23,Store001,SKU002,11,75,69.57,144.82,5,SUP002,Clothing,,0,None
2023-09-23,Store001,SKU003,10,44,27.47,32.96,3,SUP003,Books,,0,None
2023-09-23,Store002,SKU001,11,44,305.84,367.01,7,SUP001,Electronics,,0,None
2023-09-23,Store002,SKU002,7,87,69.57,144.82,5,SUP002,Clothing,,0,None
2023-09-23,Store002,SKU003,4,42,27.47,32.96,3,SUP003,Books,,0,None
2023-09-23,Store003,SKU001,22,18,305.84,367.01,7,SUP001,Electronics,,0,None
2023-09-23,Store003,SKU002,28,31,69.57,144.82,5,SUP002,Clothing,,0,None
2023-09-23,Store003,SKU003,11,43,27.47,32.96,3,SUP003,Books,,0,None
2023-09-24,Store001,SKU001,12,52,305.84,367.01,7,SUP001,Electronics,2023-09-20,49,Confirmed
2023-09-24,Store001,SKU002,12,60,69.57,144.82,5,SUP002,Clothing,,0,None
2023-09-24,Store001,SKU003,10,67,27.47,32.96,3,SUP003,Books,,0,None
2023-09-24,Store002,SKU001,12,99,305.84,367.01,7,SUP001,Electronics,,0,None
2023-09-24,Store002,SKU002,11,58,69.57,144.82,5,SUP002,Clothing,,0,None
2023-09-24,Store002,SKU003,8,71,27.47,32.96,3,SUP003,Books,,0,None
2023-09-24,Store003,SKU001,8,55,305.84,367.01,7,SUP001,Electronics,,0,None
2023-09-24,Store003,SKU002,9,42,69.57,144.82,5,SUP002,Clothing,,0,None
2023-09-24,Store003,SKU003,16,12,27.47,32.96,3,SUP003,Books,,0,None
2023-09-25,Store001,SKU001,8,52,305.84,367.01,7,SUP001,Electronics,,0,None
2023-09-25,Store001,SKU002,11,60,69.57,144.82,5,SUP002,Clothing,,0,None
2023-09-25,Store001,SKU003,6,94,27.47,32.96,3,SUP003,Books,,0,None
2023-09-25,Store002,SKU001,5,67,305.84,367.01,7,SUP001,Electronics,,0,None
2023-09-25,Store002,SKU002,7,27,69.57,144.82,5,SUP002,Clothing,,0,None
2023-09-25,Store002,SKU003,5,18,27.47,32.96,3,SUP003,Books,,0,None
2023-09-25,Store003,SKU001,11,21,305.84,367.01,7,SUP001,Electronics,,0,None
2023-09-25,Store003,SKU002,10,12,69.57,144.82,5,SUP002,Clothing,,0,None
2023-09-25,Store003,SKU003,11,22,27.47,32.96,3,SUP003,Books,2023-09-02,36,Delivered
2023-09-26,Store001,SKU001,14,22,305.84,367.01,7,SUP001,Electronics,,0,None
2023-09-26,Store001,SKU002,10,20,69.57,144.82,5,SUP002,Clothing,,0,None
2023-09-26,Store001,SKU003,13,48,27.47,32.96,3,SUP003,Books,,0,None
2023-09-26,Store002,SKU001,14,33,305.84,367.01,7,SUP001,Electronics,,0,None
2023-09-26,Store002,SKU002,11,58,69.57,144.82,5,SUP002,Clothing,,0,None
2023-09-26,Store002,SKU003,2,15,27.47,32.96,3,SUP003,Books,,0,None
2023-09-26,Store003,SKU001,6,29,305.84,367.01,7,SUP001,Electronics,,0,None
2023-09-26,Store003,SKU002,13,64,69.57,144.82,5,SUP002,Clothing,,0,None
2023-09-26,Store003,SKU003,6,85,27.47,32.96,3,SUP003,Books,2023-09-14,22,Delivered
2023-09-27,Store001,SKU001,4,45,305.84,367.01,7,SUP001,Electronics,,0,None
2023-09-27,Store001,SKU002,14,69,69.57,144.82,5,SUP002,Clothing,,0,None
2023-09-27,Store001,SKU003,10,81,27.47,32.96,3,SUP003,Books,,0,None
2023-09-27,Store002,SKU001,16,26,305.84,367.01,7,SUP001,Electronics,,0,None
2023-09-27,Store002,SKU002,8,68,69.57,144.82,5,SUP002,Clothing,,0,None
2023-09-27,Store002,SKU003,12,60,27.47,32.96,3,SUP003,Books,,0,None
2023-09-27,Store003,SKU001,10,87,305.84,367.01,7,SUP001,Electronics,,0,None
2023-09-27,Store003,SKU002,5,94,69.57,144.82,5,SUP002,Clothing,2023-09-14,62,Delivered
2023-09-27,Store003,SKU003,7,62,27.47,32.96,3,SUP003,Books,,0,None
2023-09-28,Store001,SKU001,6,59,305.84,367.01,7,SUP001,Electronics,,0,None
2023-09-28,Store001,SKU002,13,41,69.57,144.82,5,SUP002,Clothing,,0,None
2023-09-28,Store001,SKU003,7,39,27.47,32.96,3,SUP003,Books,,0,None
2023-09-28,Store002,SKU001,8,38,305.84,367.01,7,SUP001,Electronics,,0,None
2023-09-28,Store002,SKU002,17,85,69.57,144.82,5,SUP002,Clothing,,0,None
2023-09-28,Store002,SKU003,13,63,27.47,32.96,3,SUP003,Books,,0,None
2023-09-28,Store003,SKU001,4,91,305.84,367.01,7,SUP001,Electronics,,0,None
2023-09-28,Store003,SKU002,5,62,69.57,144.82,5,SUP002,Clothing,,0,None
2023-09-28,Store003,SKU003,12,69,27.47,32.96,3,SUP003,Books,,0,None
2023-09-29,Store001,SKU001,10,93,305.84,367.01,7,SUP001,Electronics,,0,None
2023-09-29,Store001,SKU002,17,65,69.57,144.82,5,SUP002,Clothing,,0,None
2023-09-29,Store001,SKU003,2,64,27.47,32.96,3,SUP003,Books,,0,None
2023-09-29,Store002,SKU001,13,77,305.84,367.01,7,SUP001,Electronics,,0,None
2023-09-29,Store002,SKU002,13,46,69.57,144.82,5,SUP002,Clothing,,0,None
2023-09-29,Store002,SKU003,13,21,27.47,32.96,3,SUP003,Books,,0,None
2023-09-29,Store003,SKU001,12,35,305.84,367.01,7,SUP001,Electronics,,0,None
2023-09-29,Store003,SKU002,10,15,69.57,144.82,5,SUP002,Clothing,,0,None
2023-09-29,Store003,SKU003,9,14,27.47,32.96,3,SUP003,Books,2023-09-19,17,Delivered
2023-09-30,Store001,SKU001,5,95,305.84,367.01,7,SUP001,Electronics,,0,None
2023-09-30,Store001,SKU002,12,49,69.57,144.82,5,SUP002,Clothing,,0,None
2023-09-30,Store001,SKU003,16,99,27.47,32.96,3,SUP003,Books,,0,None
2023-09-30,Store002,SKU001,13,38,305.84,367.01,7,SUP001,Electronics,,0,None
2023-09-30,Store002,SKU002,5,25,69.57,144.82,5,SUP002,Clothing,2023-09-02,63,Delivered
2023-09-30,Store002,SKU003,13,27,27.47,32.96,3,SUP003,Books,,0,None
2023-09-30,Store003,SKU001,15,97,305.84,367.01,7,SUP001,Electronics,2023-09-27,14,Confirmed
2023-09-30,Store003,SKU002,15,33,69.57,144.82,5,SUP002,Clothing,2023-09-22,16,Delivered
2023-09-30,Store003,SKU003,6,83,27.47,32.96,3,SUP003,Books,,0,None
2023-10-01,Store001,SKU001,10,23,305.84,367.01,7,SUP001,Electronics,,0,None
2023-10-01,Store001,SKU002,19,24,69.57,144.82,5,SUP002,Clothing,2023-09-27,76,Pending
2023-10-01,Store001,SKU003,6,73,27.47,32.96,3,SUP003,Books,,0,None
2023-10-01,Store002,SKU001,12,55,305.84,367.01,7,SUP001,Electronics,,0,None
2023-10-01,Store002,SKU002,7,10,69.57,144.82,5,SUP002,Clothing,,0,None
2023-10-01,Store002,SKU003,17,73,27.47,32.96,3,SUP003,Books,,0,None
2023-10-01,Store003,SKU001,5,85,305.84,367.01,7,SUP001,Electronics,,0,None
2023-10-01,Store003,SKU002,10,28,69.57,144.82,5,SUP002,Clothing,,0,None
2023-10-01,Store003,SKU003,9,34,27.47,32.96,3,SUP003,Books,,0,None
2023-10-02,Store001,SKU001,8,55,305.84,367.01,7,SUP001,Electronics,,0,None
2023-10-02,Store001,SKU002,8,65,69.57,144.82,5,SUP002,Clothing,,0,None
2023-10-02,Store001,SKU003,6,76,27.47,32.96,3,SUP003,Books,,0,None
2023-10-02,Store002,SKU001,7,37,305.84,367.01,7,SUP001,Electronics,,0,None
2023-10-02,Store002,SKU002,10,72,69.57,144.82,5,SUP002,Clothing,,0,None
2023-10-02,Store002,SKU003,10,57,27.47,32.96,3,SUP003,Books,,0,None
2023-10-02,Store003,SKU001,11,27,305.84,367.01,7,SUP001,Electronics,,0,None
2023-10-02,Store003,SKU002,10,35,69.57,144.82,5,SUP002,Clothing,,0,None
2023-10-02,Store003,SKU003,6,81,27.47,32.96,3,SUP003,Books,,0,None
2023-10-03,Store001,SKU001,12,11,305.84,367.01,7,SUP001,Electronics,,0,None
2023-10-03,Store001,SKU002,7,68,69.57,144.82,5,SUP002,Clothing,,0,None
2023-10-03,Store001,SKU003,4,88,27.47,32.96,3,SUP003,Books,,0,None
2023-10-03,Store002,SKU001,6,75,305.84,367.01,7,SUP001,Electronics,,0,None
2023-10-03,Store002,SKU002,7,47,69.57,144.82,5,SUP002,Clothing,2023-09-14,49,Delivered
2023-10-03,Store002,SKU003,9,13,27.47,32.96,3,SUP003,Books,,0,None
2023-10-03,Store003,SKU001,7,45,305.84,367.01,7,SUP001,Electronics,,0,None
2023-10-03,Store003,SKU002,8,73,69.57,144.82,5,SUP002,Clothing,,0,None
2023-10-03,Store003,SKU003,6,59,27.47,32.96,3,SUP003,Books,,0,None
2023-10-04,Store001,SKU001,12,45,305.84,367.01,7,SUP001,Electronics,,0,None
2023-10-04,Store001,SKU002,9,55,69.57,144.82,5,SUP002,Clothing,,0,None
2023-10-04,Store001,SKU003,17,92,27.47,32.96,3,SUP003,Books,,0,None
2023-10-04,Store002,SKU001,14,29,305.84,367.01,7,SUP001,Electronics,,0,None
2023-10-04,Store002,SKU002,10,73,69.57,144.82,5,SUP002,Clothing,,0,None
2023-10-04,Store002,SKU003,6,53,27.47,32.96,3,SUP003,Books,2023-09-23,40,Delivered
2023-10-04,Store003,SKU001,8,41,305.84,367.01,7,SUP001,Electronics,,0,None
2023-10-04,Store003,SKU002,9,59,69.57,144.82,5,SUP002,Clothing,,0,None
2023-10-04,Store003,SKU003,4,46,27.47,32.96,3,SUP003,Books,,0,None
2023-10-05,Store001,SKU001,13,10,305.84,367.01,7,SUP001,Electronics,,0,None
2023-10-05,Store001,SKU002,11,77,69.57,144.82,5,SUP002,Clothing,,0,None
2023-10-05,Store001,SKU003,10,22,27.47,32.96,3,SUP003,Books,,0,None
2023-10-05,Store002,SKU001,10,35,305.84,367.01,7,SUP001,Electronics,,0,None
2023-10-05,Store002,SKU002,2,52,69.57,144.82,5,SUP002,Clothing,,0,None
2023-10-05,Store002,SKU003,9,39,27.47,32.96,3,SUP003,Books,,0,None
2023-10-05,Store003,SKU001,12,74,305.84,367.01,7,SUP001,Electronics,,0,None
2023-10-05,Store003,SKU002,9,27,69.57,144.82,5,SUP002,Clothing,,0,None
2023-10-05,Store003,SKU003,10,42,27.47,32.96,3,SUP003,Books,,0,None
2023-10-06,Store001,SKU001,6,56,305.84,367.01,7,SUP001,Electronics,,0,None
2023-10-06,Store001,SKU002,11,35,69.57,144.82,5,SUP002,Clothing,,0,None
2023-10-06,Store001,SKU003,11,94,27.47,32.96,3,SUP003,Books,,0,None
2023-10-06,Store002,SKU001,8,19,305.84,367.01,7,SUP001,Electronics,,0,None
2023-10-06,Store002,SKU002,11,29,69.57,144.82,5,SUP002,Clothing,2023-09-20,11,Delivered
2023-10-06,Store002,SKU003,8,97,27.47,32.96,3,SUP003,Books,,0,None
2023-10-06,Store003,SKU001,14,73,305.84,367.01,7,SUP001,Electronics,,0,None
2023-10-06,Store003,SKU002,11,54,69.57,144.82,5,SUP002,Clothing,,0,None
2023-10-06,Store003,SKU003,14,83,27.47,32.96,3,SUP003,Books,,0,None
2023-10-07,Store001,SKU001,28,67,305.84,367.01,7,SUP001,Electronics,,0,None
2023-10-07,Store001,SKU002,15,12,69.57,144.82,5,SUP002,Clothing,,0,None
2023-10-07,Store001,SKU003,9,35,27.47,32.96,3,SUP003,Books,,0,None
2023-10-07,Store002,SKU001,8,34,305.84,367.01,7,SUP001,Electronics,,0,None
2023-10-07,Store002,SKU002,14,86,69.57,144.82,5,SUP002,Clothing,,0,None
2023-10-07,Store002,SKU003,2,18,27.47,32.96,3,SUP003,Books,,0,None
2023-10-07,Store003,SKU001,12,12,305.84,367.01,7,SUP001,Electronics,,0,None
2023-10-07,Store003,SKU002,4,99,69.57,144.82,5,SUP002,Clothing,,0,None
2023-10-07,Store003,SKU003,9,60,27.47,32.96,3,SUP003,Books,,0,None
2023-10-08,Store001,SKU001,12,84,305.84,367.01,7,SUP001,Electronics,,0,None
2023-10-08,Store001,SKU002,9,77,69.57,144.82,5,SUP002,Clothing,,0,None
2023-10-08,Store001,SKU003,7,79,27.47,32.96,3,SUP003,Books,,0,None
2023-10-08,Store002,SKU001,8,57,305.84,367.01,7,SUP001,Electronics,,0,None
2023-10-08,Store002,SKU002,19,92,69.57,144.82,5,SUP002,Clothing,,0,None
2023-10-08,Store002,SKU003,9,88,27.47,32.96,3,SUP003,Books,,0,None
2023-10-08,Store003,SKU001,9,50,305.84,367.01,7,SUP001,Electronics,,0,None
2023-10-08,Store003,SKU002,16,48,69.57,144.82,5,SUP002,Clothing,,0,None
2023-10-08,Store003,SKU003,7,20,27.47,32.96,3,SUP003,Books,,0,None
2023-10-09,Store001,SKU001,11,71,305.84,367.01,7,SUP001,Electronics,2023-09-26,59,Delivered
2023-10-09,Store001,SKU002,4,74,69.57,144.82,5,SUP002,Clothing,,0,None
2023-10-09,Store001,SKU003,2,39,27.47,32.96,3,SUP003,Books,,0,None
2023-10-09,Store002,SKU001,6,87,305.84,367.01,7,SUP001,Electronics,,0,None
2023-10-09,Store002,SKU002,11,35,69.57,144.82,5,SUP002,Clothing,,0,None
2023-10-09,Store002,SKU003,4,31,27.47,32.96,3,SUP003,Books,2023-10-03,11,Delivered
2023-10-09,Store003,SKU001,8,94,305.84,367.01,7,SUP001,Electronics,,0,None
2023-10-09,Store003,SKU002,7,72,69.57,144.82,5,SUP002,Clothing,,0,None
2023-10-09,Store003,SKU003,4,11,27.47,32.96,3,SUP003,Books,,0,None
2023-10-10,Store001,SKU001,11,31,305.84,367.01,7,SUP001,Electronics,,0,None
2023-10-10,Store001,SKU002,14,52,69.57,144.82,5,SUP002,Clothing,2023-10-01,78,Delivered
2023-10-10,Store001,SKU003,11,82,27.47,32.96,3,SUP003,Books,,0,None
2023-10-10,Store002,SKU001,14,52,305.84,367.01,7,SUP001,Electronics,,0,None
2023-10-10,Store002,SKU002,5,20,69.57,144.82,5,SUP002,Clothing,,0,None
2023-10-10,Store002,SKU003,6,64,27.47,32.96,3,SUP003,Books,2023-09-17,17,Delivered
2023-10-10,Store003,SKU001,12,91,305.84,367.01,7,SUP001,Electronics,,0,None
2023-10-10,Store003,SKU002,6,26,69.57,144.82,5,SUP002,Clothing,,0,None
2023-10-10,Store003,SKU003,8,77,27.47,32.96,3,SUP003,Books,,0,None
2023-10-11,Store001,SKU001,5,20,305.84,367.01,7,SUP001,Electronics,,0,None
2023-10-11,Store001,SKU002,17,47,69.57,144.82,5,SUP002,Clothing,,0,None
2023-10-11,Store001,SKU003,7,36,27.47,32.96,3,SUP003,Books,2023-10-02,37,Delivered
2023-10-11,Store002,SKU001,17,28,305.84,367.01,7,SUP001,Electronics,2023-10-03,45,Shipped
2023-10-11,Store002,SKU002,13,46,69.57,144.82,5,SUP002,Clothing,,0,None
2023-10-11,Store002,SKU003,10,86,27.47,32.96,3,SUP003,Books,2023-09-15,85,Delivered
2023-10-11,Store003,SKU001,13,69,305.84,367.01,7,SUP001,Electronics,,0,None
2023-10-11,Store003,SKU002,15,23,69.57,144.82,5,SUP002,Clothing,,0,None
2023-10-11,Store003,SKU003,8,82,27.47,32.96,3,SUP003,Books,2023-09-28,22,Delivered
2023-10-12,Store001,SKU001,11,31,305.84,367.01,7,SUP001,Electronics,,0,None
2023-10-12,Store001,SKU002,2,59,69.57,144.82,5,SUP002,Clothing,,0,None
2023-10-12,Store001,SKU003,9,90,27.47,32.96,3,SUP003,Books,,0,None
2023-10-12,Store002,SKU001,6,87,305.84,367.01,7,SUP001,Electronics,,0,None
2023-10-12,Store002,SKU002,8,16,69.57,144.82,5,SUP002,Clothing,,0,None
2023-10-12,Store002,SKU003,5,48,27.47,32.96,3,SUP003,Books,,0,None
2023-10-12,Store003,SKU001,13,15,305.84,367.01,7,SUP001,Electronics,,0,None
2023-10-12,Store003,SKU002,16,10,69.57,144.82,5,SUP002,Clothing,,0,None
2023-10-12,Store003,SKU003,8,67,27.47,32.96,3,SUP003,Books,,0,None
2023-10-13,Store001,SKU001,7,53,305.84,367.01,7,SUP001,Electronics,,0,None
2023-10-13,Store001,SKU002,7,87,69.57,144.82,5,SUP002,Clothing,,0,None
2023-10-13,Store001,SKU003,6,50,27.47,32.96,3,SUP003,Books,,0,None
2023-10-13,Store002,SKU001,2,42,305.84,367.01,7,SUP001,Electronics,,0,None
2023-10-13,Store002,SKU002,12,27,69.57,144.82,5,SUP002,Clothing,,0,None
2023-10-13,Store002,SKU003,10,77,27.47,32.96,3,SUP003,Books,,0,None
2023-10-13,Store003,SKU001,11,40,305.84,367.01,7,SUP001,Electronics,,0,None
2023-10-13,Store003,SKU002,7,39,69.57,144.82,5,SUP002,Clothing,,0,None
2023-10-13,Store003,SKU003,8,75,27.47,32.96,3,SUP003,Books,,0,None
2023-10-14,Store001,SKU001,12,63,305.84,367.01,7,SUP001,Electronics,,0,None
2023-10-14,Store001,SKU002,13,69,69.57,144.82,5,SUP002,Clothing,,0,None
2023-10-14,Store001,SKU003,14,65,27.47,32.96,3,SUP003,Books,,0,None
2023-10-14,Store002,SKU001,15,56,305.84,367.01,7,SUP001,Electronics,,0,None
2023-10-14,Store002,SKU002,13,36,69.57,144.82,5,SUP002,Clothing,,0,None
2023-10-14,Store002,SKU003,12,63,27.47,32.96,3,SUP003,Books,,0,None
2023-10-14,Store003,SKU001,10,98,305.84,367.01,7,SUP001,Electronics,,0,None
2023-10-14,Store003,SKU002,6,88,69.57,144.82,5,SUP002,Clothing,,0,None
2023-10-14,Store003,SKU003,4,77,27.47,32.96,3,SUP003,Books,,0,None
2023-10-15,Store001,SKU001,15,55,305.84,367.01,7,SUP001,Electronics,,0,None
2023-10-15,Store001,SKU002,10,63,69.57,144.82,5,SUP002,Clothing,,0,None
2023-10-15,Store001,SKU003,14,27,27.47,32.96,3,SUP003,Books,,0,None
2023-10-15,Store002,SKU001,14,82,305.84,367.01,7,SUP001,Electronics,,0,None
2023-10-15,Store002,SKU002,14,99,69.57,144.82,5,SUP002,Clothing,,0,None
2023-10-15,Store002,SKU003,6,12,27.47,32.96,3,SUP003,Books,,0,None
2023-10-15,Store003,SKU001,8,83,305.84,367.01,7,SUP001,Electronics,,0,None
2023-10-15,Store003,SKU002,14,35,69.57,144.82,5,SUP002,Clothing,,0,None
2023-10-15,Store003,SKU003,12,40,27.47,32.96,3,SUP003,Books,,0,None
2023-10-16,Store001,SKU001,6,30,305.84,367.01,7,SUP001,Electronics,,0,None
2023-10-16,Store001,SKU002,11,25,69.57,144.82,5,SUP002,Clothing,,0,None
2023-10-16,Store001,SKU003,4,40,27.47,32.96,3,SUP003,Books,,0,None
2023-10-16,Store002,SKU001,2,79,305.84,367.01,7,SUP001,Electronics,,0,None
2023-10-16,Store002,SKU002,4,19,69.57,144.82,5,SUP002,Clothing,,0,None
2023-10-16,Store002,SKU003,5,11,27.47,32.96,3,SUP003,Books,,0,None
2023-10-16,Store003,SKU001,3,16,305.84,367.01,7,SUP001,Electronics,,0,None
2023-10-16,Store003,SKU002,9,52,69.57,144.82,5,SUP002,Clothing,,0,None
2023-10-16,Store003,SKU003,14,41,27.47,32.96,3,SUP003,Books,,0,None
2023-10-17,Store001,SKU001,12,22,305.84,367.01,7,SUP001,Electronics,,0,None
2023-10-17,Store001,SKU002,11,45,69.57,144.82,5,SUP002,Clothing,,0,None
2023-10-17,Store001,SKU003,5,12,27.47,32.96,3,SUP003,Books,2023-10-09,21,Delivered
2023-10-17,Store002,SKU001,22,47,305.84,367.01,7,SUP001,Electronics,,0,None
2023-10-17,Store002,SKU002,9,33,69.57,144.82,5,SUP002,Clothing,2023-10-13,24,Confirmed
2023-10-17,Store002,SKU003,9,93,27.47,32.96,3,SUP003,Books,,0,None
2023-10-17,Store003,SKU001,16,39,305.84,367.01,7,SUP001,Electronics,,0,None
2023-10-17,Store003,SKU002,5,40,69.57,144.82,5,SUP002,Clothing,,0,None
2023-10-17,Store003,SKU003,7,37,27.47,32.96,3,SUP003,Books,,0,None
2023-10-18,Store001,SKU001,7,85,305.84,367.01,7,SUP001,Electronics,,0,None
2023-10-18,Store001,SKU002,9,13,69.57,144.82,5,SUP002,Clothing,,0,None
2023-10-18,Store001,SKU003,4,47,27.47,32.96,3,SUP003,Books,,0,None
2023-10-18,Store002,SKU001,17,87,305.84,367.01,7,SUP001,Electronics,2023-09-25,77,Delivered
2023-10-18,Store002,SKU002,9,31,69.57,144.82,5,SUP002,Clothing,,0,None
2023-10-18,Store002,SKU003,9,18,27.47,32.96,3,SUP003,Books,,0,None
2023-10-18,Store003,SKU001,12,25,305.84,367.01,7,SUP001,Electronics,,0,None
2023-10-18,Store003,SKU002,10,40,69.57,144.82,5,SUP002,Clothing,,0,None
2023-10-18,Store003,SKU003,5,71,27.47,32.96,3,SUP003,Books,2023-09-28,26,Delivered
2023-10-19,Store001,SKU001,15,41,305.84,367.01,7,SUP001,Electronics,2023-10-03,30,Delivered
2023-10-19,Store001,SKU002,12,40,69.57,144.82,5,SUP002,Clothing,,0,None
2023-10-19,Store001,SKU003,6,27,27.47,32.96,3,SUP003,Books,,0,None
2023-10-19,Store002,SKU001,13,97,305.84,367.01,7,SUP001,Electronics,,0,None
2023-10-19,Store002,SKU002,9,11,69.57,144.82,5,SUP002,Clothing,,0,None
2023-10-19,Store002,SKU003,3,71,27.47,32.96,3,SUP003,Books,2023-10-11,68,Delivered
2023-10-19,Store003,SKU001,20,68,305.84,367.01,7,SUP001,Electronics,,0,None
2023-10-19,Store003,SKU002,20,79,69.57,144.82,5,SUP002,Clothing,,0,None
2023-10-19,Store003,SKU003,7,58,27.47,32.96,3,SUP003,Books,,0,None
2023-10-20,Store001,SKU001,30,19,305.84,367.01,7,SUP001,Electronics,,0,None
2023-10-20,Store001,SKU002,11,89,69.57,144.82,5,SUP002,Clothing,,0,None
2023-10-20,Store001,SKU003,15,31,27.47,32.96,3,SUP003,Books,,0,None
2023-10-20,Store002,SKU001,25,22,305.84,367.01,7,SUP001,Electronics,,0,None
2023-10-20,Store002,SKU002,10,54,69.57,144.82,5,SUP002,Clothing,,0,None
2023-10-20,Store002,SKU003,9,38,27.47,32.96,3,SUP003,Books,,0,None
2023-10-20,Store003,SKU001,5,17,305.84,367.01,7,SUP001,Electronics,,0,None
2023-10-20,Store003,SKU002,12,82,69.57,144.82,5,SUP002,Clothing,,0,None
2023-10-20,Store003,SKU003,7,44,27.47,32.96,3,SUP003,Books,,0,None
2023-10-21,Store001,SKU001,15,10,305.84,367.01,7,SUP001,Electronics,,0,None
2023-10-21,Store001,SKU002,8,72,69.57,144.82,5,SUP002,Clothing,,0,None
2023-10-21,Store001,SKU003,26,22,27.47,32.96,3,SUP003,Books,,0,None
2023-10-21,Store002,SKU001,10,17,305.84,367.01,7,SUP001,Electronics,,0,None
2023-10-21,Store002,SKU002,4,97,69.57,144.82,5,SUP002,Clothing,,0,None
2023-10-21,Store002,SKU003,19,81,27.47,32.96,3,SUP003,Books,2023-10-14,89,Delivered
2023-10-21,Store003,SKU001,12,63,305.84,367.01,7,SUP001,Electronics,,0,None
2023-10-21,Store003,SKU002,7,12,69.57,144.82,5,SUP002,Clothing,,0,None
2023-10-21,Store003,SKU003,15,91,27.47,32.96,3,SUP003,Books,,0,None
2023-10-22,Store001,SKU001,12,87,305.84,367.01,7,SUP001,Electronics,,0,None
2023-10-22,Store001,SKU002,15,20,69.57,144.82,5,SUP002,Clothing,,0,None
2023-10-22,Store001,SKU003,8,50,27.47,32.96,3,SUP003,Books,,0,None
2023-10-22,Store002,SKU001,14,74,305.84,367.01,7,SUP001,Electronics,,0,None
2023-10-22,Store002,SKU002,19,97,69.57,144.82,5,SUP002,Clothing,,0,None
2023-10-22,Store002,SKU003,16,24,27.47,32.96,3,SUP003,Books,2023-10-09,70,Delivered
2023-10-22,Store003,SKU001,8,22,305.84,367.01,7,SUP001,Electronics,,0,None
2023-10-22,Store003,SKU002,8,59,69.57,144.82,5,SUP002,Clothing,,0,None
2023-10-22,Store003,SKU003,8,95,27.47,32.96,3,SUP003,Books,,0,None
2023-10-23,Store001,SKU001,9,72,305.84,367.01,7,SUP001,Electronics,,0,None
2023-10-23,Store001,SKU002,16,80,69.57,144.82,5,SUP002,Clothing,,0,None
2023-10-23,Store001,SKU003,12,49,27.47,32.96,3,SUP003,Books,2023-10-15,41,Delivered
2023-10-23,Store002,SKU001,24,28,305.84,367.01,7,SUP001,Electronics,,0,None
2023-10-23,Store002,SKU002,3,72,69.57,144.82,5,SUP002,Clothing,,0,None
2023-10-23,Store002,SKU003,6,90,27.47,32.96,3,SUP003,Books,,0,None
2023-10-23,Store003,SKU001,7,72,305.84,367.01,7,SUP001,Electronics,,0,None
2023-10-23,Store003,SKU002,6,18,69.57,144.82,5,SUP002,Clothing,,0,None
2023-10-23,Store003,SKU003,11,90,27.47,32.96,3,SUP003,Books,,0,None
2023-10-24,Store001,SKU001,17,62,305.84,367.01,7,SUP001,Electronics,,0,None
2023-10-24,Store001,SKU002,17,42,69.57,144.82,5,SUP002,Clothing,,0,None
2023-10-24,Store001,SKU003,4,55,27.47,32.96,3,SUP003,Books,,0,None
2023-10-24,Store002,SKU001,7,87,305.84,367.01,7,SUP001,Electronics,,0,None
2023-10-24,Store002,SKU002,13,42,69.57,144.82,5,SUP002,Clothing,,0,None
2023-10-24,Store002,SKU003,8,53,27.47,32.96,3,SUP003,Books,2023-09-26,45,Delivered
2023-10-24,Store003,SKU001,16,45,305.84,367.01,7,SUP001,Electronics,,0,None
2023-10-24,Store003,SKU002,13,42,69.57,144.82,5,SUP002,Clothing,,0,None
2023-10-24,Store003,SKU003,7,39,27.47,32.96,3,SUP003,Books,,0,None
2023-10-25,Store001,SKU001,12,43,305.84,367.01,7,SUP001,Electronics,,0,None
2023-10-25,Store001,SKU002,13,31,69.57,144.82,5,SUP002,Clothing,,0,None
2023-10-25,Store001,SKU003,10,60,27.47,32.96,3,SUP003,Books,,0,None
2023-10-25,Store002,SKU001,10,34,305.84,367.01,7,SUP001,Electronics,,0,None
2023-10-25,Store002,SKU002,10,64,69.57,144.82,5,SUP002,Clothing,,0,None
2023-10-25,Store002,SKU003,3,65,27.47,32.96,3,SUP003,Books,,0,None
2023-10-25,Store003,SKU001,16,34,305.84,367.01,7,SUP001,Electronics,,0,None
2023-10-25,Store003,SKU002,12,39,69.57,144.82,5,SUP002,Clothing,,0,None
2023-10-25,Store003,SKU003,10,62,27.47,32.96,3,SUP003,Books,,0,None
2023-10-26,Store001,SKU001,22,39,305.84,367.01,7,SUP001,Electronics,,0,None
2023-10-26,Store001,SKU002,2,97,69.57,144.82,5,SUP002,Clothing,,0,None
2023-10-26,Store001,SKU003,7,62,27.47,32.96,3,SUP003,Books,,0,None
2023-10-26,Store002,SKU001,20,65,305.84,367.01,7,SUP001,Electronics,,0,None
2023-10-26,Store002,SKU002,1,26,69.57,144.82,5,SUP002,Clothing,,0,None
2023-10-26,Store002,SKU003,15,80,27.47,32.96,3,SUP003,Books,,0,None
2023-10-26,Store003,SKU001,14,56,305.84,367.01,7,SUP001,Electronics,,0,None
2023-10-26,Store003,SKU002,13,63,69.57,144.82,5,SUP002,Clothing,,0,None
2023-10-26,Store003,SKU003,3,55,27.47,32.96,3,SUP003,Books,,0,None
2023-10-27,Store001,SKU001,13,43,305.84,367.01,7,SUP001,Electronics,,0,None
2023-10-27,Store001,SKU002,8,67,69.57,144.82,5,SUP002,Clothing,,0,None
2023-10-27,Store001,SKU003,13,25,27.47,32.96,3,SUP003,Books,,0,None
2023-10-27,Store002,SKU001,6,43,305.84,367.01,7,SUP001,Electronics,,0,None
2023-10-27,Store002,SKU002,11,75,69.57,144.82,5,SUP002,Clothing,,0,None
2023-10-27,Store002,SKU003,15,78,27.47,32.96,3,SUP003,Books,2023-10-03,26,Delivered
2023-10-27,Store003,SKU001,9,69,305.84,367.01,7,SUP001,Electronics,,0,None
2023-10-27,Store003,SKU002,9,57,69.57,144.82,5,SUP002,Clothing,,0,None
2023-10-27,Store003,SKU003,13,99,27.47,32.96,3,SUP003,Books,,0,None
2023-10-28,Store001,SKU001,3,45,305.84,367.01,7,SUP001,Electronics,2023-10-22,71,Pending
2023-10-28,Store001,SKU002,17,69,69.57,144.82,5,SUP002,Clothing,,0,None
2023-10-28,Store001,SKU003,10,21,27.47,32.96,3,SUP003,Books,,0,None
2023-10-28,Store002,SKU001,14,87,305.84,367.01,7,SUP001,Electronics,,0,None
2023-10-28,Store002,SKU002,9,56,69.57,144.82,5,SUP002,Clothing,,0,None
2023-10-28,Store002,SKU003,5,87,27.47,32.96,3,SUP003,Books,,0,None
2023-10-28,Store003,SKU001,28,51,305.84,367.01,7,SUP001,Electronics,,0,None
2023-10-28,Store003,SKU002,17,61,69.57,144.82,5,SUP002,Clothing,,0,None
2023-10-28,Store003,SKU003,5,58,27.47,32.96,3,SUP003,Books,,0,None
2023-10-29,Store001,SKU001,15,82,305.84,367.01,7,SUP001,Electronics,2023-10-04,43,Delivered
2023-10-29,Store001,SKU002,21,50,69.57,144.82,5,SUP002,Clothing,,0,None
2023-10-29,Store001,SKU003,9,79,27.47,32.96,3,SUP003,Books,,0,None
2023-10-29,Store002,SKU001,9,74,305.84,367.01,7,SUP001,Electronics,,0,None
2023-10-29,Store002,SKU002,12,35,69.57,144.82,5,SUP002,Clothing,,0,None
2023-10-29,Store002,SKU003,8,17,27.47,32.96,3,SUP003,Books,,0,None
2023-10-29,Store003,SKU001,5,41,305.84,367.01,7,SUP001,Electronics,,0,None
2023-10-29,Store003,SKU002,8,27,69.57,144.82,5,SUP002,Clothing,,0,None
2023-10-29,Store003,SKU003,5,59,27.47,32.96,3,SUP003,Books,,0,None
2023-10-30,Store001,SKU001,19,32,305.84,367.01,7,SUP001,Electronics,,0,None
2023-10-30,Store001,SKU002,6,74,69.57,144.82,5,SUP002,Clothing,2023-10-29,10,Confirmed
2023-10-30,Store001,SKU003,11,60,27.47,32.96,3,SUP003,Books,,0,None
2023-10-30,Store002,SKU001,11,25,305.84,367.01,7,SUP001,Electronics,,0,None
2023-10-30,Store002,SKU002,15,77,69.57,144.82,5,SUP002,Clothing,,0,None
2023-10-30,Store002,SKU003,7,42,27.47,32.96,3,SUP003,Books,,0,None
2023-10-30,Store003,SKU001,15,51,305.84,367.01,7,SUP001,Electronics,,0,None
2023-10-30,Store003,SKU002,5,16,69.57,144.82,5,SUP002,Clothing,,0,None
2023-10-30,Store003,SKU003,7,85,27.47,32.96,3,SUP003,Books,,0,None
2023-10-31,Store001,SKU001,8,27,305.84,367.01,7,SUP001,Electronics,,0,None
2023-10-31,Store001,SKU002,10,99,69.57,144.82,5,SUP002,Clothing,,0,None
2023-10-31,Store001,SKU003,1,35,27.47,32.96,3,SUP003,Books,,0,None
2023-10-31,Store002,SKU001,9,61,305.84,367.01,7,SUP001,Electronics,,0,None
2023-10-31,Store002,SKU002,13,47,69.57,144.82,5,SUP002,Clothing,,0,None
2023-10-31,Store002,SKU003,9,98,27.47,32.96,3,SUP003,Books,,0,None
2023-10-31,Store003,SKU001,15,54,305.84,367.01,7,SUP001,Electronics,,0,None
2023-10-31,Store003,SKU002,13,11,69.57,144.82,5,SUP002,Clothing,,0,None
2023-10-31,Store003,SKU003,1,57,27.47,32.96,3,SUP003,Books,2023-10-05,68,Delivered
2023-11-01,Store001,SKU001,21,76,305.84,367.01,7,SUP001,Electronics,,0,None
2023-11-01,Store001,SKU002,7,43,69.57,144.82,5,SUP002,Clothing,,0,None
2023-11-01,Store001,SKU003,15,89,27.47,32.96,3,SUP003,Books,,0,None
2023-11-01,Store002,SKU001,29,45,305.84,367.01,7,SUP001,Electronics,,0,None
2023-11-01,Store002,SKU002,18,78,69.57,144.82,5,SUP002,Clothing,,0,None
2023-11-01,Store002,SKU003,9,57,27.47,32.96,3,SUP003,Books,,0,None
2023-11-01,Store003,SKU001,17,70,305.84,367.01,7,SUP001,Electronics,2023-10-11,43,Delivered
2023-11-01,Store003,SKU002,21,23,69.57,144.82,5,SUP002,Clothing,,0,None
2023-11-01,Store003,SKU003,6,76,27.47,32.96,3,SUP003,Books,,0,None
2023-11-02,Store001,SKU001,15,26,305.84,367.01,7,SUP001,Electronics,,0,None
2023-11-02,Store001,SKU002,15,16,69.57,144.82,5,SUP002,Clothing,,0,None
2023-11-02,Store001,SKU003,6,91,27.47,32.96,3,SUP003,Books,,0,None
2023-11-02,Store002,SKU001,10,14,305.84,367.01,7,SUP001,Electronics,,0,None
2023-11-02,Store002,SKU002,14,20,69.57,144.82,5,SUP002,Clothing,2023-10-11,52,Delivered
2023-11-02,Store002,SKU003,15,91,27.47,32.96,3,SUP003,Books,,0,None
2023-11-02,Store003,SKU001,16,89,305.84,367.01,7,SUP001,Electronics,,0,None
2023-11-02,Store003,SKU002,9,85,69.57,144.82,5,SUP002,Clothing,,0,None
2023-11-02,Store003,SKU003,6,26,27.47,32.96,3,SUP003,Books,,0,None
2023-11-03,Store001,SKU001,20,90,305.84,367.01,7,SUP001,Electronics,,0,None
2023-11-03,Store001,SKU002,18,49,69.57,144.82,5,SUP002,Clothing,,0,None
2023-11-03,Store001,SKU003,8,31,27.47,32.96,3,SUP003,Books,,0,None
2023-11-03,Store002,SKU001,20,58,305.84,367.01,7,SUP001,Electronics,,0,None
2023-11-03,Store002,SKU002,18,34,69.57,144.82,5,SUP002,Clothing,,0,None
2023-11-03,Store002,SKU003,16,22,27.47,32.96,3,SUP003,Books,,0,None
2023-11-03,Store003,SKU001,20,19,305.84,367.01,7,SUP001,Electronics,,0,None
2023-11-03,Store003,SKU002,9,90,69.57,144.82,5,SUP002,Clothing,,0,None
2023-11-03,Store003,SKU003,8,50,27.47,32.96,3,SUP003,Books,2023-10-31,34,Shipped
2023-11-04,Store001,SKU001,23,93,305.84,367.01,7,SUP001,Electronics,,0,None
2023-11-04,Store001,SKU002,8,73,69.57,144.82,5,SUP002,Clothing,,0,None
2023-11-04,Store001,SKU003,15,86,27.47,32.96,3,SUP003,Books,,0,None
2023-11-04,Store002,SKU001,30,37,305.84,367.01,7,SUP001,Electronics,,0,None
2023-11-04,Store002,SKU002,23,81,69.57,144.82,5,SUP002,Clothing,,0,None
2023-11-04,Store002,SKU003,21,84,27.47,32.96,3,SUP003,Books,,0,None
2023-11-04,Store003,SKU001,16,10,305.84,367.01,7,SUP001,Electronics,,0,None
2023-11-04,Store003,SKU002,19,22,69.57,144.82,5,SUP002,Clothing,,0,None
2023-11-04,Store003,SKU003,24,95,27.47,32.96,3,SUP003,Books,2023-10-31,56,In Transit
2023-11-05,Store001,SKU001,26,53,305.84,367.01,7,SUP001,Electronics,,0,None
2023-11-05,Store001,SKU002,17,48,69.57,144.82,5,SUP002,Clothing,,0,None
2023-11-05,Store001,SKU003,19,97,27.47,32.96,3,SUP003,Books,2023-10-22,93,Delivered
2023-11-05,Store002,SKU001,26,76,305.84,367.01,7,SUP001,Electronics,,0,None
2023-11-05,Store002,SKU002,32,99,69.57,144.82,5,SUP002,Clothing,,0,None
2023-11-05,Store002,SKU003,13,19,27.47,32.96,3,SUP003,Books,,0,None
2023-11-05,Store003,SKU001,8,34,305.84,367.01,7,SUP001,Electronics,,0,None
2023-11-05,Store003,SKU002,26,26,69.57,144.82,5,SUP002,Clothing,,0,None
2023-11-05,Store003,SKU003,22,82,27.47,32.96,3,SUP003,Books,,0,None
2023-11-06,Store001,SKU001,31,47,305.84,367.01,7,SUP001,Electronics,,0,None
2023-11-06,Store001,SKU002,9,68,69.57,144.82,5,SUP002,Clothing,2023-10-16,15,Delivered
2023-11-06,Store001,SKU003,8,83,27.47,32.96,3,SUP003,Books,,0,None
2023-11-06,Store002,SKU001,12,26,305.84,367.01,7,SUP001,Electronics,,0,None
2023-11-06,Store002,SKU002,16,37,69.57,144.82,5,SUP002,Clothing,,0,None
2023-11-06,Store002,SKU003,16,27,27.47,32.96,3,SUP003,Books,,0,None
2023-11-06,Store003,SKU001,22,84,305.84,367.01,7,SUP001,Electronics,,0,None
2023-11-06,Store003,SKU002,15,61,69.57,144.82,5,SUP002,Clothing,,0,None
2023-11-06,Store003,SKU003,4,16,27.47,32.96,3,SUP003,Books,,0,None
2023-11-07,Store001,SKU001,20,46,305.84,367.01,7,SUP001,Electronics,,0,None
2023-11-07,Store001,SKU002,16,28,69.57,144.82,5,SUP002,Clothing,,0,None
2023-11-07,Store001,SKU003,8,94,27.47,32.96,3,SUP003,Books,,0,None
2023-11-07,Store002,SKU001,12,57,305.84,367.01,7,SUP001,Electronics,2023-10-24,31,Delivered
2023-11-07,Store002,SKU002,30,89,69.57,144.82,5,SUP002,Clothing,,0,None
2023-11-07,Store002,SKU003,13,70,27.47,32.96,3,SUP003,Books,,0,None
2023-11-07,Store003,SKU001,16,43,305.84,367.01,7,SUP001,Electronics,,0,None
2023-11-07,Store003,SKU002,20,88,69.57,144.82,5,SUP002,Clothing,,0,None
2023-11-07,Store003,SKU003,9,97,27.47,32.96,3,SUP003,Books,,0,None
2023-11-08,Store001,SKU001,4,19,305.84,367.01,7,SUP001,Electronics,,0,None
2023-11-08,Store001,SKU002,25,59,69.57,144.82,5,SUP002,Clothing,2023-11-06,11,Confirmed
2023-11-08,Store001,SKU003,9,98,27.47,32.96,3,SUP003,Books,,0,None
2023-11-08,Store002,SKU001,31,83,305.84,367.01,7,SUP001,Electronics,,0,None
2023-11-08,Store002,SKU002,4,70,69.57,144.82,5,SUP002,Clothing,,0,None
2023-11-08,Store002,SKU003,22,42,27.47,32.96,3,SUP003,Books,,0,None
2023-11-08,Store003,SKU001,27,49,305.84,367.01,7,SUP001,Electronics,,0,None
2023-11-08,Store003,SKU002,14,71,69.57,144.82,5,SUP002,Clothing,,0,None
2023-11-08,Store003,SKU003,14,90,27.47,32.96,3,SUP003,Books,,0,None
2023-11-09,Store001,SKU001,14,95,305.84,367.01,7,SUP001,Electronics,,0,None
2023-11-09,Store001,SKU002,17,49,69.57,144.82,5,SUP002,Clothing,,0,None
2023-11-09,Store001,SKU003,8,76,27.47,32.96,3,SUP003,Books,,0,None
2023-11-09,Store002,SKU001,29,55,305.84,367.01,7,SUP001,Electronics,,0,None
2023-11-09,Store002,SKU002,13,44,69.57,144.82,5,SUP002,Clothing,,0,None
2023-11-09,Store002,SKU003,20,66,27.47,32.96,3,SUP003,Books,,0,None
2023-11-09,Store003,SKU001,25,87,305.84,367.01,7,SUP001,Electronics,,0,None
2023-11-09,Store003,SKU002,11,86,69.57,144.82,5,SUP002,Clothing,,0,None
2023-11-09,Store003,SKU003,9,46,27.47,32.96,3,SUP003,Books,,0,None
2023-11-10,Store001,SKU001,16,94,305.84,367.01,7,SUP001,Electronics,,0,None
2023-11-10,Store001,SKU002,12,15,69.57,144.82,5,SUP002,Clothing,,0,None
2023-11-10,Store001,SKU003,17,49,27.47,32.96,3,SUP003,Books,,0,None
2023-11-10,Store002,SKU001,17,46,305.84,367.01,7,SUP001,Electronics,,0,None
2023-11-10,Store002,SKU002,16,23,69.57,144.82,5,SUP002,Clothing,,0,None
2023-11-10,Store002,SKU003,4,48,27.47,32.96,3,SUP003,Books,,0,None
2023-11-10,Store003,SKU001,17,25,305.84,367.01,7,SUP001,Electronics,,0,None
2023-11-10,Store003,SKU002,11,57,69.57,144.82,5,SUP002,Clothing,2023-10-24,12,Delivered
2023-11-10,Store003,SKU003,9,16,27.47,32.96,3,SUP003,Books,,0,None
2023-11-11,Store001,SKU001,23,27,305.84,367.01,7,SUP001,Electronics,,0,None
2023-11-11,Store001,SKU002,20,15,69.57,144.82,5,SUP002,Clothing,,0,None
2023-11-11,Store001,SKU003,27,86,27.47,32.96,3,SUP003,Books,,0,None
2023-11-11,Store002,SKU001,25,51,305.84,367.01,7,SUP001,Electronics,2023-11-02,14,In Transit
2023-11-11,Store002,SKU002,9,78,69.57,144.82,5,SUP002,Clothing,,0,None
2023-11-11,Store002,SKU003,13,52,27.47,32.96,3,SUP003,Books,2023-10-25,42,Delivered
2023-11-11,Store003,SKU001,17,37,305.84,367.01,7,SUP001,Electronics,,0,None
2023-11-11,Store003,SKU002,16,17,69.57,144.82,5,SUP002,Clothing,,0,None
2023-11-11,Store003,SKU003,20,49,27.47,32.96,3,SUP003,Books,,0,None
2023-11-12,Store001,SKU001,13,77,305.84,367.01,7,SUP001,Electronics,,0,None
2023-11-12,Store001,SKU002,18,34,69.57,144.82,5,SUP002,Clothing,,0,None
2023-11-12,Store001,SKU003,16,74,27.47,32.96,3,SUP003,Books,2023-10-22,62,Delivered
2023-11-12,Store002,SKU001,26,40,305.84,367.01,7,SUP001,Electronics,2023-10-29,97,Delivered
2023-11-12,Store002,SKU002,7,91,69.57,144.82,5,SUP002,Clothing,,0,None
2023-11-12,Store002,SKU003,11,39,27.47,32.96,3,SUP003,Books,,0,None
2023-11-12,Store003,SKU001,32,44,305.84,367.01,7,SUP001,Electronics,,0,None
2023-11-12,Store003,SKU002,9,33,69.57,144.82,5,SUP002,Clothing,,0,None
2023-11-12,Store003,SKU003,12,27,27.47,32.96,3,SUP003,Books,,0,None
2023-11-13,Store001,SKU001,12,86,305.84,367.01,7,SUP001,Electronics,,0,None
2023-11-13,Store001,SKU002,7,24,69.57,144.82,5,SUP002,Clothing,,0,None
2023-11-13,Store001,SKU003,12,77,27.47,32.96,3,SUP003,Books,,0,None
2023-11-13,Store002,SKU001,16,99,305.84,367.01,7,SUP001,Electronics,,0,None
2023-11-13,Store002,SKU002,14,50,69.57,144.82,5,SUP002,Clothing,,0,None
2023-11-13,Store002,SKU003,9,53,27.47,32.96,3,SUP003,Books,,0,None
2023-11-13,Store003,SKU001,14,62,305.84,367.01,7,SUP001,Electronics,,0,None
2023-11-13,Store003,SKU002,13,99,69.57,144.82,5,SUP002,Clothing,,0,None
2023-11-13,Store003,SKU003,16,24,27.47,32.96,3,SUP003,Books,,0,None
2023-11-14,Store001,SKU001,12,89,305.84,367.01,7,SUP001,Electronics,,0,None
2023-11-14,Store001,SKU002,17,87,69.57,144.82,5,SUP002,Clothing,,0,None
2023-11-14,Store001,SKU003,8,42,27.47,32.96,3,SUP003,Books,,0,None
2023-11-14,Store002,SKU001,21,47,305.84,367.01,7,SUP001,Electronics,,0,None
2023-11-14,Store002,SKU002,11,50,69.57,144.82,5,SUP002,Clothing,,0,None
2023-11-14,Store002,SKU003,12,54,27.47,32.96,3,SUP003,Books,,0,None
2023-11-14,Store003,SKU001,22,94,305.84,367.01,7,SUP001,Electronics,2023-10-24,70,Delivered
2023-11-14,Store003,SKU002,3,98,69.57,144.82,5,SUP002,Clothing,,0,None
2023-11-14,Store003,SKU003,10,80,27.47,32.96,3,SUP003,Books,,0,None
2023-11-15,Store001,SKU001,20,20,305.84,367.01,7,SUP001,Electronics,,0,None
2023-11-15,Store001,SKU002,6,72,69.57,144.82,5,SUP002,Clothing,2023-11-08,84,Shipped
2023-11-15,Store001,SKU003,12,86,27.47,32.96,3,SUP003,Books,,0,None
2023-11-15,Store002,SKU001,18,94,305.84,367.01,7,SUP001,Electronics,,0,None
2023-11-15,Store002,SKU002,13,17,69.57,144.82,5,SUP002,Clothing,,0,None
2023-11-15,Store002,SKU003,8,84,27.47,32.96,3,SUP003,Books,,0,None
2023-11-15,Store003,SKU001,16,92,305.84,367.01,7,SUP001,Electronics,,0,None
2023-11-15,Store003,SKU002,19,16,69.57,144.82,5,SUP002,Clothing,,0,None
2023-11-15,Store003,SKU003,14,82,27.47,32.96,3,SUP003,Books,,0,None
2023-11-16,Store001,SKU001,10,32,305.84,367.01,7,SUP001,Electronics,2023-10-24,79,Delivered
2023-11-16,Store001,SKU002,21,22,69.57,144.82,5,SUP002,Clothing,,0,None
2023-11-16,Store001,SKU003,16,82,27.47,32.96,3,SUP003,Books,,0,None
2023-11-16,Store002,SKU001,20,14,305.84,367.01,7,SUP001,Electronics,,0,None
2023-11-16,Store002,SKU002,18,89,69.57,144.82,5,SUP002,Clothing,,0,None
2023-11-16,Store002,SKU003,5,33,27.47,32.96,3,SUP003,Books,,0,None
2023-11-16,Store003,SKU001,6,85,305.84,367.01,7,SUP001,Electronics,2023-11-07,42,Shipped
2023-11-16,Store003,SKU002,8,26,69.57,144.82,5,SUP002,Clothing,,0,None
2023-11-16,Store003,SKU003,8,35,27.47,32.96,3,SUP003,Books,,0,None
2023-11-17,Store001,SKU001,9,89,305.84,367.01,7,SUP001,Electronics,,0,None
2023-11-17,Store001,SKU002,28,41,69.57,144.82,5,SUP002,Clothing,,0,None
2023-11-17,Store001,SKU003,16,16,27.47,32.96,3,SUP003,Books,,0,None
2023-11-17,Store002,SKU001,14,64,305.84,367.01,7,SUP001,Electronics,,0,None
2023-11-17,Store002,SKU002,23,50,69.57,144.82,5,SUP002,Clothing,,0,None
2023-11-17,Store002,SKU003,14,47,27.47,32.96,3,SUP003,Books,2023-10-30,98,Delivered
2023-11-17,Store003,SKU001,33,50,305.84,367.01,7,SUP001,Electronics,,0,None
2023-11-17,Store003,SKU002,16,49,69.57,144.82,5,SUP002,Clothing,,0,None
2023-11-17,Store003,SKU003,15,51,27.47,32.96,3,SUP003,Books,,0,None
2023-11-18,Store001,SKU001,27,87,305.84,367.01,7,SUP001,Electronics,,0,None
2023-11-18,Store001,SKU002,23,48,69.57,144.82,5,SUP002,Clothing,,0,None
2023-11-18,Store001,SKU003,16,54,27.47,32.96,3,SUP003,Books,,0,None
2023-11-18,Store002,SKU001,10,51,305.84,367.01,7,SUP001,Electronics,,0,None
2023-11-18,Store002,SKU002,27,18,69.57,144.82,5,SUP002,Clothing,,0,None
2023-11-18,Store002,SKU003,7,93,27.47,32.96,3,SUP003,Books,,0,None
2023-11-18,Store003,SKU001,22,69,305.84,367.01,7,SUP001,Electronics,,0,None
2023-11-18,Store003,SKU002,15,17,69.57,144.82,5,SUP002,Clothing,,0,None
2023-11-18,Store003,SKU003,16,66,27.47,32.96,3,SUP003,Books,,0,None
2023-11-19,Store001,SKU001,26,83,305.84,367.01,7,SUP001,Electronics,2023-10-27,14,Delivered
2023-11-19,Store001,SKU002,12,36,69.57,144.82,5,SUP002,Clothing,,0,None
2023-11-19,Store001,SKU003,14,83,27.47,32.96,3,SUP003,Books,,0,None
2023-11-19,Store002,SKU001,34,64,305.84,367.01,7,SUP001,Electronics,,0,None
2023-11-19,Store002,SKU002,18,73,69.57,144.82,5,SUP002,Clothing,2023-11-05,13,Delivered
2023-11-19,Store002,SKU003,24,42,27.47,32.96,3,SUP003,Books,,0,None
2023-11-19,Store003,SKU001,16,74,305.84,367.01,7,SUP001,Electronics,,0,None
2023-11-19,Store003,SKU002,20,64,69.57,144.82,5,SUP002,Clothing,,0,None
2023-11-19,Store003,SKU003,9,51,27.47,32.96,3,SUP003,Books,,0,None
2023-11-20,Store001,SKU001,25,62,305.84,367.01,7,SUP001,Electronics,,0,None
2023-11-20,Store001,SKU002,15,89,69.57,144.82,5,SUP002,Clothing,,0,None
2023-11-20,Store001,SKU003,14,38,27.47,32.96,3,SUP003,Books,,0,None
2023-11-20,Store002,SKU001,15,59,305.84,367.01,7,SUP001,Electronics,,0,None
2023-11-20,Store002,SKU002,15,48,69.57,144.82,5,SUP002,Clothing,,0,None
2023-11-20,Store002,SKU003,6,38,27.47,32.96,3,SUP003,Books,,0,None
2023-11-20,Store003,SKU001,13,68,305.84,367.01,7,SUP001,Electronics,,0,None
2023-11-20,Store003,SKU002,13,97,69.57,144.82,5,SUP002,Clothing,,0,None
2023-11-20,Store003,SKU003,13,55,27.47,32.96,3,SUP003,Books,,0,None
2023-11-21,Store001,SKU001,33,50,305.84,367.01,7,SUP001,Electronics,,0,None
2023-11-21,Store001,SKU002,14,61,69.57,144.82,5,SUP002,Clothing,,0,None
2023-11-21,Store001,SKU003,10,37,27.47,32.96,3,SUP003,Books,,0,None
2023-11-21,Store002,SKU001,16,51,305.84,367.01,7,SUP001,Electronics,,0,None
2023-11-21,Store002,SKU002,26,71,69.57,144.82,5,SUP002,Clothing,,0,None
2023-11-21,Store002,SKU003,18,39,27.47,32.96,3,SUP003,Books,,0,None
2023-11-21,Store003,SKU001,8,47,305.84,367.01,7,SUP001,Electronics,,0,None
2023-11-21,Store003,SKU002,19,55,69.57,144.82,5,SUP002,Clothing,,0,None
2023-11-21,Store003,SKU003,7,92,27.47,32.96,3,SUP003,Books,,0,None
2023-11-22,Store001,SKU001,8,32,305.84,367.01,7,SUP001,Electronics,,0,None
2023-11-22,Store001,SKU002,19,83,69.57,144.82,5,SUP002,Clothing,,0,None
2023-11-22,Store001,SKU003,23,28,27.47,32.96,3,SUP003,Books,,0,None
2023-11-22,Store002,SKU001,7,99,305.84,367.01,7,SUP001,Electronics,,0,None
2023-11-22,Store002,SKU002,26,90,69.57,144.82,5,SUP002,Clothing,2023-11-06,73,Delivered
2023-11-22,Store002,SKU003,19,87,27.47,32.96,3,SUP003,Books,,0,None
2023-11-22,Store003,SKU001,21,83,305.84,367.01,7,SUP001,Electronics,,0,None
2023-11-22,Store003,SKU002,13,38,69.57,144.82,5,SUP002,Clothing,,0,None
2023-11-22,Store003,SKU003,7,24,27.47,32.96,3,SUP003,Books,,0,None
2023-11-23,Store001,SKU001,33,60,305.84,367.01,7,SUP001,Electronics,2023-11-20,98,Pending
2023-11-23,Store001,SKU002,24,77,69.57,144.82,5,SUP002,Clothing,,0,None
2023-11-23,Store001,SKU003,20,79,27.47,32.96,3,SUP003,Books,,0,None
2023-11-23,Store002,SKU001,19,80,305.84,367.01,7,SUP001,Electronics,,0,None
2023-11-23,Store002,SKU002,14,40,69.57,144.82,5,SUP002,Clothing,,0,None
2023-11-23,Store002,SKU003,6,17,27.47,32.96,3,SUP003,Books,,0,None
2023-11-23,Store003,SKU001,10,95,305.84,367.01,7,SUP001,Electronics,,0,None
2023-11-23,Store003,SKU002,11,90,69.57,144.82,5,SUP002,Clothing,,0,None
2023-11-23,Store003,SKU003,12,71,27.47,32.96,3,SUP003,Books,,0,None
2023-11-24,Store001,SKU001,33,46,305.84,367.01,7,SUP001,Electronics,,0,None
2023-11-24,Store001,SKU002,14,67,69.57,144.82,5,SUP002,Clothing,,0,None
2023-11-24,Store001,SKU003,13,50,27.47,32.96,3,SUP003,Books,,0,None
2023-11-24,Store002,SKU001,29,11,305.84,367.01,7,SUP001,Electronics,,0,None
2023-11-24,Store002,SKU002,14,78,69.57,144.82,5,SUP002,Clothing,,0,None
2023-11-24,Store002,SKU003,6,24,27.47,32.96,3,SUP003,Books,,0,None
2023-11-24,Store003,SKU001,7,80,305.84,367.01,7,SUP001,Electronics,,0,None
2023-11-24,Store003,SKU002,15,22,69.57,144.82,5,SUP002,Clothing,,0,None
2023-11-24,Store003,SKU003,7,64,27.47,32.96,3,SUP003,Books,2023-11-21,74,Shipped
2023-11-25,Store001,SKU001,23,15,305.84,367.01,7,SUP001,Electronics,,0,None
2023-11-25,Store001,SKU002,21,24,69.57,144.82,5,SUP002,Clothing,,0,None
2023-11-25,Store001,SKU003,13,97,27.47,32.96,3,SUP003,Books,,0,None
2023-11-25,Store002,SKU001,28,93,305.84,367.01,7,SUP001,Electronics,,0,None
2023-11-25,Store002,SKU002,15,71,69.57,144.82,5,SUP002,Clothing,,0,None
2023-11-25,Store002,SKU003,18,67,27.47,32.96,3,SUP003,Books,,0,None
2023-11-25,Store003,SKU001,18,16,305.84,367.01,7,SUP001,Electronics,,0,None
2023-11-25,Store003,SKU002,27,65,69.57,144.82,5,SUP002,Clothing,,0,None
2023-11-25,Store003,SKU003,23,65,27.47,32.96,3,SUP003,Books,2023-11-07,64,Delivered
2023-11-26,Store001,SKU001,8,92,305.84,367.01,7,SUP001,Electronics,,0,None
2023-11-26,Store001,SKU002,16,73,69.57,144.82,5,SUP002,Clothing,,0,None
2023-11-26,Store001,SKU003,19,31,27.47,32.96,3,SUP003,Books,,0,None
2023-11-26,Store002,SKU001,34,61,305.84,367.01,7,SUP001,Electronics,,0,None
2023-11-26,Store002,SKU002,21,19,69.57,144.82,5,SUP002,Clothing,,0,None
2023-11-26,Store002,SKU003,18,69,27.47,32.96,3,SUP003,Books,,0,None
2023-11-26,Store003,SKU001,19,43,305.84,367.01,7,SUP001,Electronics,,0,None
2023-11-26,Store003,SKU002,19,50,69.57,144.82,5,SUP002,Clothing,,0,None
2023-11-26,Store003,SKU003,11,61,27.47,32.96,3,SUP003,Books,,0,None
2023-11-27,Store001,SKU001,23,72,305.84,367.01,7,SUP001,Electronics,,0,None
2023-11-27,Store001,SKU002,7,86,69.57,144.82,5,SUP002,Clothing,,0,None
2023-11-27,Store001,SKU003,20,16,27.47,32.96,3,SUP003,Books,,0,None
2023-11-27,Store002,SKU001,23,54,305.84,367.01,7,SUP001,Electronics,,0,None
2023-11-27,Store002,SKU002,18,54,69.57,144.82,5,SUP002,Clothing,,0,None
2023-11-27,Store002,SKU003,24,75,27.47,32.96,3,SUP003,Books,,0,None
2023-11-27,Store003,SKU001,18,42,305.84,367.01,7,SUP001,Electronics,,0,None
2023-11-27,Store003,SKU002,9,41,69.57,144.82,5,SUP002,Clothing,,0,None
2023-11-27,Store003,SKU003,16,65,27.47,32.96,3,SUP003,Books,,0,None
2023-11-28,Store001,SKU001,15,68,305.84,367.01,7,SUP001,Electronics,,0,None
2023-11-28,Store001,SKU002,8,25,69.57,144.82,5,SUP002,Clothing,,0,None
2023-11-28,Store001,SKU003,24,76,27.47,32.96,3,SUP003,Books,,0,None
2023-11-28,Store002,SKU001,30,72,305.84,367.01,7,SUP001,Electronics,,0,None
2023-11-28,Store002,SKU002,3,43,69.57,144.82,5,SUP002,Clothing,,0,None
2023-11-28,Store002,SKU003,15,44,27.47,32.96,3,SUP003,Books,,0,None
2023-11-28,Store003,SKU001,24,61,305.84,367.01,7,SUP001,Electronics,,0,None
2023-11-28,Store003,SKU002,9,17,69.57,144.82,5,SUP002,Clothing,2023-11-27,53,Confirmed
2023-11-28,Store003,SKU003,19,90,27.47,32.96,3,SUP003,Books,,0,None
2023-11-29,Store001,SKU001,21,16,305.84,367.01,7,SUP001,Electronics,,0,None
2023-11-29,Store001,SKU002,22,76,69.57,144.82,5,SUP002,Clothing,,0,None
2023-11-29,Store001,SKU003,14,73,27.47,32.96,3,SUP003,Books,,0,None
2023-11-29,Store002,SKU001,30,60,305.84,367.01,7,SUP001,Electronics,,0,None
2023-11-29,Store002,SKU002,4,55,69.57,144.82,5,SUP002,Clothing,,0,None
2023-11-29,Store002,SKU003,5,55,27.47,32.96,3,SUP003,Books,,0,None
2023-11-29,Store003,SKU001,18,22,305.84,367.01,7,SUP001,Electronics,,0,None
2023-11-29,Store003,SKU002,4,38,69.57,144.82,5,SUP002,Clothing,,0,None
2023-11-29,Store003,SKU003,6,40,27.47,32.96,3,SUP003,Books,,0,None
2023-11-30,Store001,SKU001,20,82,305.84,367.01,7,SUP001,Electronics,,0,None
2023-11-30,Store001,SKU002,4,33,69.57,144.82,5,SUP002,Clothing,,0,None
2023-11-30,Store001,SKU003,8,53,27.47,32.96,3,SUP003,Books,,0,None
2023-11-30,Store002,SKU001,15,12,305.84,367.01,7,SUP001,Electronics,,0,None
2023-11-30,Store002,SKU002,11,57,69.57,144.82,5,SUP002,Clothing,,0,None
2023-11-30,Store002,SKU003,7,42,27.47,32.96,3,SUP003,Books,,0,None
2023-11-30,Store003,SKU001,14,83,305.84,367.01,7,SUP001,Electronics,,0,None
2023-11-30,Store003,SKU002,16,54,69.57,144.82,5,SUP002,Clothing,,0,None
2023-11-30,Store003,SKU003,11,41,27.47,32.96,3,SUP003,Books,,0,None
2023-12-01,Store001,SKU001,28,62,305.84,367.01,7,SUP001,Electronics,,0,None
2023-12-01,Store001,SKU002,24,35,69.57,144.82,5,SUP002,Clothing,,0,None
2023-12-01,Store001,SKU003,16,11,27.47,32.96,3,SUP003,Books,,0,None
2023-12-01,Store002,SKU001,8,92,305.84,367.01,7,SUP001,Electronics,,0,None
2023-12-01,Store002,SKU002,4,34,69.57,144.82,5,SUP002,Clothing,,0,None
2023-12-01,Store002,SKU003,15,27,27.47,32.96,3,SUP003,Books,2023-11-29,98,Pending
2023-12-01,Store003,SKU001,23,60,305.84,367.01,7,SUP001,Electronics,,0,None
2023-12-01,Store003,SKU002,9,53,69.57,144.82,5,SUP002,Clothing,,0,None
2023-12-01,Store003,SKU003,13,83,27.47,32.96,3,SUP003,Books,,0,None
2023-12-02,Store001,SKU001,30,44,305.84,367.01,7,SUP001,Electronics,,0,None
2023-12-02,Store001,SKU002,12,79,69.57,144.82,5,SUP002,Clothing,,0,None
2023-12-02,Store001,SKU003,11,55,27.47,32.96,3,SUP003,Books,,0,None
2023-12-02,Store002,SKU001,32,16,305.84,367.01,7,SUP001,Electronics,,0,None
2023-12-02,Store002,SKU002,14,67,69.57,144.82,5,SUP002,Clothing,,0,None
2023-12-02,Store002,SKU003,17,95,27.47,32.96,3,SUP003,Books,,0,None
2023-12-02,Store003,SKU001,17,38,305.84,367.01,7,SUP001,Electronics,,0,None
2023-12-02,Store003,SKU002,11,56,69.57,144.82,5,SUP002,Clothing,,0,None
2023-12-02,Store003,SKU003,10,29,27.47,32.96,3,SUP003,Books,,0,None
2023-12-03,Store001,SKU001,32,83,305.84,367.01,7,SUP001,Electronics,2023-11-25,85,Shipped
2023-12-03,Store001,SKU002,15,77,69.57,144.82,5,SUP002,Clothing,2023-11-30,27,Confirmed
2023-12-03,Store001,SKU003,24,99,27.47,32.96,3,SUP003,Books,,0,None
2023-12-03,Store002,SKU001,23,11,305.84,367.01,7,SUP001,Electronics,,0,None
2023-12-03,Store002,SKU002,17,22,69.57,144.82,5,SUP002,Clothing,,0,None
2023-12-03,Store002,SKU003,8,85,27.47,32.96,3,SUP003,Books,,0,None
2023-12-03,Store003,SKU001,22,84,305.84,367.01,7,SUP001,Electronics,,0,None
2023-12-03,Store003,SKU002,16,90,69.57,144.82,5,SUP002,Clothing,,0,None
2023-12-03,Store003,SKU003,3,99,27.47,32.96,3,SUP003,Books,2023-11-19,58,Delivered
2023-12-04,Store001,SKU001,14,75,305.84,367.01,7,SUP001,Electronics,,0,None
2023-12-04,Store001,SKU002,17,81,69.57,144.82,5,SUP002,Clothing,2023-11-27,52,In Transit
2023-12-04,Store001,SKU003,13,48,27.47,32.96,3,SUP003,Books,,0,None
2023-12-04,Store002,SKU001,25,88,305.84,367.01,7,SUP001,Electronics,,0,None
2023-12-04,Store002,SKU002,24,99,69.57,144.82,5,SUP002,Clothing,,0,None
2023-12-04,Store002,SKU003,15,70,27.47,32.96,3,SUP003,Books,,0,None
2023-12-04,Store003,SKU001,20,95,305.84,367.01,7,SUP001,Electronics,,0,None
2023-12-04,Store003,SKU002,17,18,69.57,144.82,5,SUP002,Clothing,,0,None
2023-12-04,Store003,SKU003,12,35,27.47,32.96,3,SUP003,Books,2023-11-08,43,Delivered
2023-12-05,Store001,SKU001,16,41,305.84,367.01,7,SUP001,Electronics,,0,None
2023-12-05,Store001,SKU002,7,83,69.57,144.82,5,SUP002,Clothing,,0,None
2023-12-05,Store001,SKU003,14,78,27.47,32.96,3,SUP003,Books,,0,None
2023-12-05,Store002,SKU001,20,86,305.84,367.01,7,SUP001,Electronics,,0,None
2023-12-05,Store002,SKU002,2,57,69.57,144.82,5,SUP002,Clothing,,0,None
2023-12-05,Store002,SKU003,12,34,27.47,32.96,3,SUP003,Books,,0,None
2023-12-05,Store003,SKU001,19,46,305.84,367.01,7,SUP001,Electronics,,0,None
2023-12-05,Store003,SKU002,11,94,69.57,144.82,5,SUP002,Clothing,,0,None
2023-12-05,Store003,SKU003,6,52,27.47,32.96,3,SUP003,Books,,0,None
2023-12-06,Store001,SKU001,17,29,305.84,367.01,7,SUP001,Electronics,,0,None
2023-12-06,Store001,SKU002,10,66,69.57,144.82,5,SUP002,Clothing,,0,None
2023-12-06,Store001,SKU003,10,63,27.47,32.96,3,SUP003,Books,,0,None
2023-12-06,Store002,SKU001,10,46,305.84,367.01,7,SUP001,Electronics,,0,None
2023-12-06,Store002,SKU002,22,92,69.57,144.82,5,SUP002,Clothing,,0,None
2023-12-06,Store002,SKU003,8,34,27.47,32.96,3,SUP003,Books,,0,None
2023-12-06,Store003,SKU001,12,71,305.84,367.01,7,SUP001,Electronics,,0,None
2023-12-06,Store003,SKU002,26,34,69.57,144.82,5,SUP002,Clothing,2023-11-28,21,Delivered
2023-12-06,Store003,SKU003,9,45,27.47,32.96,3,SUP003,Books,2023-11-29,62,Delivered
2023-12-07,Store001,SKU001,17,94,305.84,367.01,7,SUP001,Electronics,,0,None
2023-12-07,Store001,SKU002,18,66,69.57,144.82,5,SUP002,Clothing,,0,None
2023-12-07,Store001,SKU003,10,23,27.47,32.96,3,SUP003,Books,,0,None
2023-12-07,Store002,SKU001,16,90,305.84,367.01,7,SUP001,Electronics,,0,None
2023-12-07,Store002,SKU002,23,49,69.57,144.82,5,SUP002,Clothing,2023-11-08,37,Delivered
2023-12-07,Store002,SKU003,20,10,27.47,32.96,3,SUP003,Books,,0,None
2023-12-07,Store003,SKU001,10,26,305.84,367.01,7,SUP001,Electronics,,0,None
2023-12-07,Store003,SKU002,12,23,69.57,144.82,5,SUP002,Clothing,,0,None
2023-12-07,Store003,SKU003,7,32,27.47,32.96,3,SUP003,Books,,0,None
2023-12-08,Store001,SKU001,13,96,305.84,367.01,7,SUP001,Electronics,,0,None
2023-12-08,Store001,SKU002,10,97,69.57,144.82,5,SUP002,Clothing,,0,None
2023-12-08,Store001,SKU003,9,49,27.47,32.96,3,SUP003,Books,,0,None
2023-12-08,Store002,SKU001,18,45,305.84,367.01,7,SUP001,Electronics,,0,None
2023-12-08,Store002,SKU002,12,16,69.57,144.82,5,SUP002,Clothing,,0,None
2023-12-08,Store002,SKU003,10,98,27.47,32.96,3,SUP003,Books,,0,None
2023-12-08,Store003,SKU001,28,96,305.84,367.01,7,SUP001,Electronics,,0,None
2023-12-08,Store003,SKU002,15,74,69.57,144.82,5,SUP002,Clothing,,0,None
2023-12-08,Store003,SKU003,9,12,27.47,32.96,3,SUP003,Books,,0,None
2023-12-09,Store001,SKU001,21,62,305.84,367.01,7,SUP001,Electronics,,0,None
2023-12-09,Store001,SKU002,26,17,69.57,144.82,5,SUP002,Clothing,,0,None
2023-12-09,Store001,SKU003,22,46,27.47,32.96,3,SUP003,Books,,0,None
2023-12-09,Store002,SKU001,26,42,305.84,367.01,7,SUP001,Electronics,,0,None
2023-12-09,Store002,SKU002,19,13,69.57,144.82,5,SUP002,Clothing,,0,None
2023-12-09,Store002,SKU003,12,30,27.47,32.96,3,SUP003,Books,,0,None
2023-12-09,Store003,SKU001,34,88,305.84,367.01,7,SUP001,Electronics,,0,None
2023-12-09,Store003,SKU002,17,37,69.57,144.82,5,SUP002,Clothing,,0,None
2023-12-09,Store003,SKU003,16,76,27.47,32.96,3,SUP003,Books,,0,None
2023-12-10,Store001,SKU001,19,14,305.84,367.01,7,SUP001,Electronics,,0,None
2023-12-10,Store001,SKU002,18,32,69.57,144.82,5,SUP002,Clothing,,0,None
2023-12-10,Store001,SKU003,14,21,27.47,32.96,3,SUP003,Books,,0,None
2023-12-10,Store002,SKU001,33,14,305.84,367.01,7,SUP001,Electronics,,0,None
2023-12-10,Store002,SKU002,16,11,69.57,144.82,5,SUP002,Clothing,,0,None
2023-12-10,Store002,SKU003,26,39,27.47,32.96,3,SUP003,Books,,0,None
2023-12-10,Store003,SKU001,31,34,305.84,367.01,7,SUP001,Electronics,,0,None
2023-12-10,Store003,SKU002,26,62,69.57,144.82,5,SUP002,Clothing,,0,None
2023-12-10,Store003,SKU003,17,37,27.47,32.96,3,SUP003,Books,,0,None
2023-12-11,Store001,SKU001,17,11,305.84,367.01,7,SUP001,Electronics,,0,None
2023-12-11,Store001,SKU002,21,94,69.57,144.82,5,SUP002,Clothing,2023-11-18,35,Delivered
2023-12-11,Store001,SKU003,16,27,27.47,32.96,3,SUP003,Books,,0,None
2023-12-11,Store002,SKU001,22,89,305.84,367.01,7,SUP001,Electronics,,0,None
2023-12-11,Store002,SKU002,20,83,69.57,144.82,5,SUP002,Clothing,,0,None
2023-12-11,Store002,SKU003,11,34,27.47,32.96,3,SUP003,Books,,0,None
2023-12-11,Store003,SKU001,18,68,305.84,367.01,7,SUP001,Electronics,,0,None
2023-12-11,Store003,SKU002,5,23,69.57,144.82,5,SUP002,Clothing,,0,None
2023-12-11,Store003,SKU003,15,93,27.47,32.96,3,SUP003,Books,,0,None
2023-12-12,Store001,SKU001,25,59,305.84,367.01,7,SUP001,Electronics,,0,None
2023-12-12,Store001,SKU002,14,89,69.57,144.82,5,SUP002,Clothing,,0,None
2023-12-12,Store001,SKU003,10,62,27.47,32.96,3,SUP003,Books,,0,None
2023-12-12,Store002,SKU001,20,69,305.84,367.01,7,SUP001,Electronics,,0,None
2023-12-12,Store002,SKU002,37,12,69.57,144.82,5,SUP002,Clothing,,0,None
2023-12-12,Store002,SKU003,16,23,27.47,32.96,3,SUP003,Books,,0,None
2023-12-12,Store003,SKU001,21,84,305.84,367.01,7,SUP001,Electronics,,0,None
2023-12-12,Store003,SKU002,18,64,69.57,144.82,5,SUP002,Clothing,,0,None
2023-12-12,Store003,SKU003,13,34,27.47,32.96,3,SUP003,Books,,0,None
2023-12-13,Store001,SKU001,17,40,305.84,367.01,7,SUP001,Electronics,,0,None
2023-12-13,Store001,SKU002,37,65,69.57,144.82,5,SUP002,Clothing,,0,None
2023-12-13,Store001,SKU003,14,40,27.47,32.96,3,SUP003,Books,,0,None
2023-12-13,Store002,SKU001,34,98,305.84,367.01,7,SUP001,Electronics,,0,None
2023-12-13,Store002,SKU002,35,92,69.57,144.82,5,SUP002,Clothing,,0,None
2023-12-13,Store002,SKU003,15,77,27.47,32.96,3,SUP003,Books,,0,None
2023-12-13,Store003,SKU001,28,29,305.84,367.01,7,SUP001,Electronics,,0,None
2023-12-13,Store003,SKU002,16,92,69.57,144.82,5,SUP002,Clothing,,0,None
2023-12-13,Store003,SKU003,15,31,27.47,32.96,3,SUP003,Books,,0,None
2023-12-14,Store001,SKU001,18,77,305.84,367.01,7,SUP001,Electronics,,0,None
2023-12-14,Store001,SKU002,10,90,69.57,144.82,5,SUP002,Clothing,,0,None
2023-12-14,Store001,SKU003,22,61,27.47,32.96,3,SUP003,Books,,0,None
2023-12-14,Store002,SKU001,22,19,305.84,367.01,7,SUP001,Electronics,,0,None
2023-12-14,Store002,SKU002,22,55,69.57,144.82,5,SUP002,Clothing,,0,None
2023-12-14,Store002,SKU003,10,91,27.47,32.96,3,SUP003,Books,,0,None
2023-12-14,Store003,SKU001,13,74,305.84,367.01,7,SUP001,Electronics,,0,None
2023-12-14,Store003,SKU002,25,42,69.57,144.82,5,SUP002,Clothing,,0,None
2023-12-14,Store003,SKU003,17,40,27.47,32.96,3,SUP003,Books,,0,None
2023-12-15,Store001,SKU001,15,84,305.84,367.01,7,SUP001,Electronics,,0,None
2023-12-15,Store001,SKU002,23,51,69.57,144.82,5,SUP002,Clothing,,0,None
2023-12-15,Store001,SKU003,12,48,27.47,32.96,3,SUP003,Books,2023-11-22,87,Delivered
2023-12-15,Store002,SKU001,19,51,305.84,367.01,7,SUP001,Electronics,,0,None
2023-12-15,Store002,SKU002,21,28,69.57,144.82,5,SUP002,Clothing,,0,None
2023-12-15,Store002,SKU003,4,71,27.47,32.96,3,SUP003,Books,,0,None
2023-12-15,Store003,SKU001,8,34,305.84,367.01,7,SUP001,Electronics,,0,None
2023-12-15,Store003,SKU002,18,94,69.57,144.82,5,SUP002,Clothing,,0,None
2023-12-15,Store003,SKU003,12,77,27.47,32.96,3,SUP003,Books,,0,None
2023-12-16,Store001,SKU001,26,74,305.84,367.01,7,SUP001,Electronics,,0,None
2023-12-16,Store001,SKU002,1,19,69.57,144.82,5,SUP002,Clothing,,0,None
2023-12-16,Store001,SKU003,26,49,27.47,32.96,3,SUP003,Books,,0,None
2023-12-16,Store002,SKU001,14,11,305.84,367.01,7,SUP001,Electronics,,0,None
2023-12-16,Store002,SKU002,23,32,69.57,144.82,5,SUP002,Clothing,,0,None
2023-12-16,Store002,SKU003,9,65,27.47,32.96,3,SUP003,Books,,0,None
2023-12-16,Store003,SKU001,26,81,305.84,367.01,7,SUP001,Electronics,2023-12-08,56,Shipped
2023-12-16,Store003,SKU002,25,95,69.57,144.82,5,SUP002,Clothing,,0,None
2023-12-16,Store003,SKU003,20,62,27.47,32.96,3,SUP003,Books,,0,None
2023-12-17,Store001,SKU001,23,95,305.84,367.01,7,SUP001,Electronics,,0,None
2023-12-17,Store001,SKU002,23,23,69.57,144.82,5,SUP002,Clothing,,0,None
2023-12-17,Store001,SKU003,21,14,27.47,32.96,3,SUP003,Books,,0,None
2023-12-17,Store002,SKU001,15,16,305.84,367.01,7,SUP001,Electronics,,0,None
2023-12-17,Store002,SKU002,6,52,69.57,144.82,5,SUP002,Clothing,,0,None
2023-12-17,Store002,SKU003,5,55,27.47,32.96,3,SUP003,Books,,0,None
2023-12-17,Store003,SKU001,15,48,305.84,367.01,7,SUP001,Electronics,,0,None
2023-12-17,Store003,SKU002,14,15,69.57,144.82,5,SUP002,Clothing,,0,None
2023-12-17,Store003,SKU003,28,21,27.47,32.96,3,SUP003,Books,2023-11-27,37,Delivered
2023-12-18,Store001,SKU001,18,67,305.84,367.01,7,SUP001,Electronics,,0,None
2023-12-18,Store001,SKU002,14,12,69.57,144.82,5,SUP002,Clothing,,0,None
2023-12-18,Store001,SKU003,16,49,27.47,32.96,3,SUP003,Books,,0,None
2023-12-18,Store002,SKU001,24,72,305.84,367.01,7,SUP001,Electronics,,0,None
2023-12-18,Store002,SKU002,14,68,69.57,144.82,5,SUP002,Clothing,2023-12-05,72,Delivered
2023-12-18,Store002,SKU003,9,78,27.47,32.96,3,SUP003,Books,,0,None
2023-12-18,Store003,SKU001,20,20,305.84,367.01,7,SUP001,Electronics,,0,None
2023-12-18,Store003,SKU002,23,86,69.57,144.82,5,SUP002,Clothing,,0,None
2023-12-18,Store003,SKU003,10,16,27.47,32.96,3,SUP003,Books,,0,None
2023-12-19,Store001,SKU001,21,84,305.84,367.01,7,SUP001,Electronics,,0,None
2023-12-19,Store001,SKU002,6,85,69.57,144.82,5,SUP002,Clothing,,0,None
2023-12-19,Store001,SKU003,19,95,27.47,32.96,3,SUP003,Books,,0,None
2023-12-19,Store002,SKU001,16,14,305.84,367.01,7,SUP001,Electronics,,0,None
2023-12-19,Store002,SKU002,26,30,69.57,144.82,5,SUP002,Clothing,,0,None
2023-12-19,Store002,SKU003,7,99,27.47,32.96,3,SUP003,Books,,0,None
2023-12-19,Store003,SKU001,16,58,305.84,367.01,7,SUP001,Electronics,,0,None
2023-12-19,Store003,SKU002,21,65,69.57,144.82,5,SUP002,Clothing,,0,None
2023-12-19,Store003,SKU003,12,60,27.47,32.96,3,SUP003,Books,,0,None
2023-12-20,Store001,SKU001,23,17,305.84,367.01,7,SUP001,Electronics,,0,None
2023-12-20,Store001,SKU002,26,52,69.57,144.82,5,SUP002,Clothing,2023-12-07,93,Delivered
2023-12-20,Store001,SKU003,12,72,27.47,32.96,3,SUP003,Books,,0,None
2023-12-20,Store002,SKU001,27,10,305.84,367.01,7,SUP001,Electronics,,0,None
2023-12-20,Store002,SKU002,11,59,69.57,144.82,5,SUP002,Clothing,,0,None
2023-12-20,Store002,SKU003,11,88,27.47,32.96,3,SUP003,Books,,0,None
2023-12-20,Store003,SKU001,33,81,305.84,367.01,7,SUP001,Electronics,,0,None
2023-12-20,Store003,SKU002,23,13,69.57,144.82,5,SUP002,Clothing,,0,None
2023-12-20,Store003,SKU003,12,82,27.47,32.96,3,SUP003,Books,,0,None
2023-12-21,Store001,SKU001,28,20,305.84,367.01,7,SUP001,Electronics,,0,None
2023-12-21,Store001,SKU002,7,82,69.57,144.82,5,SUP002,Clothing,,0,None
2023-12-21,Store001,SKU003,8,37,27.47,32.96,3,SUP003,Books,,0,None
2023-12-21,Store002,SKU001,12,96,305.84,367.01,7,SUP001,Electronics,,0,None
2023-12-21,Store002,SKU002,7,52,69.57,144.82,5,SUP002,Clothing,,0,None
2023-12-21,Store002,SKU003,2,70,27.47,32.96,3,SUP003,Books,,0,None
2023-12-21,Store003,SKU001,19,48,305.84,367.01,7,SUP001,Electronics,,0,None
2023-12-21,Store003,SKU002,15,21,69.57,144.82,5,SUP002,Clothing,,0,None
2023-12-21,Store003,SKU003,13,10,27.47,32.96,3,SUP003,Books,,0,None
2023-12-22,Store001,SKU001,27,12,305.84,367.01,7,SUP001,Electronics,,0,None
2023-12-22,Store001,SKU002,11,94,69.57,144.82,5,SUP002,Clothing,2023-11-28,48,Delivered
2023-12-22,Store001,SKU003,12,37,27.47,32.96,3,SUP003,Books,,0,None
2023-12-22,Store002,SKU001,17,19,305.84,367.01,7,SUP001,Electronics,,0,None
2023-12-22,Store002,SKU002,22,16,69.57,144.82,5,SUP002,Clothing,,0,None
2023-12-22,Store002,SKU003,11,94,27.47,32.96,3,SUP003,Books,,0,None
2023-12-22,Store003,SKU001,12,70,305.84,367.01,7,SUP001,Electronics,,0,None
2023-12-22,Store003,SKU002,22,43,69.57,144.82,5,SUP002,Clothing,,0,None
2023-12-22,Store003,SKU003,12,71,27.47,32.96,3,SUP003,Books,,0,None
2023-12-23,Store001,SKU001,19,99,305.84,367.01,7,SUP001,Electronics,,0,None
2023-12-23,Store001,SKU002,16,72,69.57,144.82,5,SUP002,Clothing,,0,None
2023-12-23,Store001,SKU003,8,21,27.47,32.96,3,SUP003,Books,,0,None
2023-12-23,Store002,SKU001,20,44,305.84,367.01,7,SUP001,Electronics,,0,None
2023-12-23,Store002,SKU002,24,50,69.57,144.82,5,SUP002,Clothing,,0,None
2023-12-23,Store002,SKU003,10,59,27.47,32.96,3,SUP003,Books,,0,None
2023-12-23,Store003,SKU001,26,91,305.84,367.01,7,SUP001,Electronics,,0,None
2023-12-23,Store003,SKU002,17,29,69.57,144.82,5,SUP002,Clothing,2023-12-13,83,Delivered
2023-12-23,Store003,SKU003,15,53,27.47,32.96,3,SUP003,Books,,0,None
2023-12-24,Store001,SKU001,23,63,305.84,367.01,7,SUP001,Electronics,2023-12-05,11,Delivered
2023-12-24,Store001,SKU002,13,73,69.57,144.82,5,SUP002,Clothing,,0,None
2023-12-24,Store001,SKU003,20,26,27.47,32.96,3,SUP003,Books,,0,None
2023-12-24,Store002,SKU001,20,39,305.84,367.01,7,SUP001,Electronics,,0,None
2023-12-24,Store002,SKU002,13,30,69.57,144.82,5,SUP002,Clothing,,0,None
2023-12-24,Store002,SKU003,5,48,27.47,32.96,3,SUP003,Books,,0,None
2023-12-24,Store003,SKU001,21,19,305.84,367.01,7,SUP001,Electronics,,0,None
2023-12-24,Store003,SKU002,26,47,69.57,144.82,5,SUP002,Clothing,,0,None
2023-12-24,Store003,SKU003,18,13,27.47,32.96,3,SUP003,Books,,0,None
2023-12-25,Store001,SKU001,12,11,305.84,367.01,7,SUP001,Electronics,,0,None
2023-12-25,Store001,SKU002,10,54,69.57,144.82,5,SUP002,Clothing,2023-12-22,11,Confirmed
2023-12-25,Store001,SKU003,9,37,27.47,32.96,3,SUP003,Books,,0,None
2023-12-25,Store002,SKU001,16,45,305.84,367.01,7,SUP001,Electronics,,0,None
2023-12-25,Store002,SKU002,11,63,69.57,144.82,5,SUP002,Clothing,2023-11-26,40,Delivered
2023-12-25,Store002,SKU003,14,59,27.47,32.96,3,SUP003,Books,,0,None
2023-12-25,Store003,SKU001,5,37,305.84,367.01,7,SUP001,Electronics,,0,None
2023-12-25,Store003,SKU002,12,63,69.57,144.82,5,SUP002,Clothing,,0,None
2023-12-25,Store003,SKU003,7,15,27.47,32.96,3,SUP003,Books,2023-12-16,44,Delivered
2023-12-26,Store001,SKU001,13,67,305.84,367.01,7,SUP001,Electronics,,0,None
2023-12-26,Store001,SKU002,24,82,69.57,144.82,5,SUP002,Clothing,,0,None
2023-12-26,Store001,SKU003,18,58,27.47,32.96,3,SUP003,Books,,0,None
2023-12-26,Store002,SKU001,14,84,305.84,367.01,7,SUP001,Electronics,2023-12-11,96,Delivered
2023-12-26,Store002,SKU002,23,64,69.57,144.82,5,SUP002,Clothing,,0,None
2023-12-26,Store002,SKU003,5,39,27.47,32.96,3,SUP003,Books,,0,None
2023-12-26,Store003,SKU001,19,59,305.84,367.01,7,SUP001,Electronics,,0,None
2023-12-26,Store003,SKU002,4,59,69.57,144.82,5,SUP002,Clothing,,0,None
2023-12-26,Store003,SKU003,14,34,27.47,32.96,3,SUP003,Books,,0,None
2023-12-27,Store001,SKU001,25,55,305.84,367.01,7,SUP001,Electronics,,0,None
2023-12-27,Store001,SKU002,22,42,69.57,144.82,5,SUP002,Clothing,,0,None
2023-12-27,Store001,SKU003,13,99,27.47,32.96,3,SUP003,Books,,0,None
2023-12-27,Store002,SKU001,32,57,305.84,367.01,7,SUP001,Electronics,,0,None
2023-12-27,Store002,SKU002,7,12,69.57,144.82,5,SUP002,Clothing,,0,None
2023-12-27,Store002,SKU003,20,27,27.47,32.96,3,SUP003,Books,,0,None
2023-12-27,Store003,SKU001,17,93,305.84,367.01,7,SUP001,Electronics,2023-11-28,98,Delivered
2023-12-27,Store003,SKU002,9,34,69.57,144.82,5,SUP002,Clothing,,0,None
2023-12-27,Store003,SKU003,16,51,27.47,32.96,3,SUP003,Books,,0,None
2023-12-28,Store001,SKU001,10,50,305.84,367.01,7,SUP001,Electronics,,0,None
2023-12-28,Store001,SKU002,33,51,69.57,144.82,5,SUP002,Clothing,,0,None
2023-12-28,Store001,SKU003,17,88,27.47,32.96,3,SUP003,Books,,0,None
2023-12-28,Store002,SKU001,19,21,305.84,367.01,7,SUP001,Electronics,,0,None
2023-12-28,Store002,SKU002,18,32,69.57,144.82,5,SUP002,Clothing,,0,None
2023-12-28,Store002,SKU003,15,37,27.47,32.96,3,SUP003,Books,,0,None
2023-12-28,Store003,SKU001,8,78,305.84,367.01,7,SUP001,Electronics,,0,None
2023-12-28,Store003,SKU002,18,92,69.57,144.82,5,SUP002,Clothing,,0,None
2023-12-28,Store003,SKU003,11,39,27.47,32.96,3,SUP003,Books,,0,None
2023-12-29,Store001,SKU001,25,34,305.84,367.01,7,SUP001,Electronics,,0,None
2023-12-29,Store001,SKU002,8,92,69.57,144.82,5,SUP002,Clothing,,0,None
2023-12-29,Store001,SKU003,9,58,27.47,32.96,3,SUP003,Books,,0,None
2023-12-29,Store002,SKU001,10,18,305.84,367.01,7,SUP001,Electronics,,0,None
2023-12-29,Store002,SKU002,25,67,69.57,144.82,5,SUP002,Clothing,,0,None
2023-12-29,Store002,SKU003,11,83,27.47,32.96,3,SUP003,Books,,0,None
2023-12-29,Store003,SKU001,16,78,305.84,367.01,7,SUP001,Electronics,,0,None
2023-12-29,Store003,SKU002,11,61,69.57,144.82,5,SUP002,Clothing,,0,None
2023-12-29,Store003,SKU003,9,74,27.47,32.96,3,SUP003,Books,,0,None
2023-12-30,Store001,SKU001,14,20,305.84,367.01,7,SUP001,Electronics,,0,None
2023-12-30,Store001,SKU002,19,18,69.57,144.82,5,SUP002,Clothing,,0,None
2023-12-30,Store001,SKU003,12,61,27.47,32.96,3,SUP003,Books,,0,None
2023-12-30,Store002,SKU001,42,60,305.84,367.01,7,SUP001,Electronics,,0,None
2023-12-30,Store002,SKU002,9,72,69.57,144.82,5,SUP002,Clothing,,0,None
2023-12-30,Store002,SKU003,14,41,27.47,32.96,3,SUP003,Books,,0,None
2023-12-30,Store003,SKU001,23,37,305.84,367.01,7,SUP001,Electronics,,0,None
2023-12-30,Store003,SKU002,30,75,69.57,144.82,5,SUP002,Clothing,,0,None
2023-12-30,Store003,SKU003,8,68,27.47,32.96,3,SUP003,Books,,0,None
2023-12-31,Store001,SKU001,37,17,305.84,367.01,7,SUP001,Electronics,,0,None
2023-12-31,Store001,SKU002,18,88,69.57,144.82,5,SUP002,Clothing,,0,None
2023-12-31,Store001,SKU003,25,24,27.47,32.96,3,SUP003,Books,,0,None
2023-12-31,Store002,SKU001,13,72,305.84,367.01,7,SUP001,Electronics,,0,None
2023-12-31,Store002,SKU002,20,15,69.57,144.82,5,SUP002,Clothing,,0,None
2023-12-31,Store002,SKU003,14,67,27.47,32.96,3,SUP003,Books,2023-12-13,70,Delivered
2023-12-31,Store003,SKU001,25,15,305.84,367.01,7,SUP001,Electronics,,0,None
2023-12-31,Store003,SKU002,33,44,69.57,144.82,5,SUP002,Clothing,,0,None
2023-12-31,Store003,SKU003,17,16,27.47,32.96,3,SUP003,Books,,0,None
