Date,Store,SKU,InventoryLevel,StockoutRisk,IsAtRisk,DaysToStockout,RiskLevel
2023-01-01,Store001,SKU001,49,180.78266391216064,False,1.5806451612903225,Critical
2023-01-01,Store001,SKU002,42,9.603530548078446,False,5.25,High
2023-01-01,Store001,SKU003,85,-47.91274157832004,True,9.444444444444445,Medium
2023-01-01,Store002,SKU001,27,78.03677921262056,False,2.076923076923077,Critical
2023-01-01,Store002,SKU002,51,66.82387933921083,False,2.4285714285714284,Critical
2023-01-01,Store002,SKU003,63,-10.781605305284671,True,4.5,High
2023-01-01,Store003,SKU001,89,85.63785736966793,False,3.869565217391304,High
2023-01-01,Store003,SKU002,79,6.484026374443218,False,5.266666666666667,High
2023-01-01,Store003,SKU003,10,32.626516732683555,False,0.9090909090909091,Critical
2023-01-02,Store001,SKU001,30,140.28266391216064,False,1.3333333333333333,Critical
2023-01-02,Store001,SKU002,61,3.1035305480784388,False,5.809523809523809,High
2023-01-02,Store001,SKU003,70,-23.912741578320038,True,5.833333333333333,High
2023-01-02,Store002,SKU001,29,114.53677921262056,False,1.5675675675675675,Critical
2023-01-02,Store002,SKU002,35,55.32387933921083,False,2.2580645161290325,Critical
2023-01-02,Store002,SKU003,80,-32.28160530528467,True,6.4,High
2023-01-02,Store003,SKU001,64,110.63785736966793,False,2.782608695652174,Critical
2023-01-02,Store003,SKU002,86,-25.515973625556782,True,8.6,Medium
2023-01-02,Store003,SKU003,47,10.626516732683555,False,2.9375,Critical
2023-01-03,Store001,SKU001,61,119.78266391216064,False,2.5416666666666665,Critical
2023-01-03,Store001,SKU002,60,6.603530548078439,False,5.454545454545454,High
2023-01-03,Store001,SKU003,46,3.0872584216799623,False,3.5384615384615383,High
2023-01-03,Store002,SKU001,71,92.37011254595387,False,3.328125,High
2023-01-03,Store002,SKU002,40,54.49054600587749,False,2.4489795918367347,Critical
2023-01-03,Store002,SKU003,22,30.21839469471533,False,1.5714285714285714,Critical
2023-01-03,Store003,SKU001,81,67.97119070300124,False,4.189655172413794,High
2023-01-03,Store003,SKU002,83,-14.182640292223454,True,7.114285714285715,Medium
2023-01-03,Store003,SKU003,46,9.626516732683555,False,3.0,Critical
2023-01-04,Store001,SKU001,97,68.03266391216064,False,4.459770114942529,High
2023-01-04,Store001,SKU002,46,31.85353054807844,False,3.4716981132075473,High
2023-01-04,Store001,SKU003,93,-45.41274157832004,True,7.44,Medium
2023-01-04,Store002,SKU001,21,134.78677921262056,False,1.037037037037037,Critical
2023-01-04,Store002,SKU002,53,28.573879339210833,False,3.8545454545454545,High
2023-01-04,Store002,SKU003,83,-38.28160530528467,True,7.217391304347826,Medium
2023-01-04,Store003,SKU001,16,111.38785736966793,False,0.9846153846153847,Critical
2023-01-04,Store003,SKU002,33,41.23402637444322,False,2.588235294117647,Critical
2023-01-04,Store003,SKU003,67,-7.123483267316445,True,4.0,High
2023-01-05,Store001,SKU001,46,116.58266391216063,False,2.149532710280374,Critical
2023-01-05,Store001,SKU002,78,-5.396469451921561,True,6.39344262295082,High
2023-01-05,Store001,SKU003,53,-8.11274157832004,True,4.56896551724138,High
2023-01-05,Store002,SKU001,46,120.63677921262055,False,2.110091743119266,Critical
2023-01-05,Store002,SKU002,78,7.8238793392108335,False,5.342465753424658,High
2023-01-05,Store002,SKU003,82,-37.58160530528467,True,7.192982456140351,Medium
2023-01-05,Store003,SKU001,81,51.63785736966793,False,4.764705882352941,High
2023-01-05,Store003,SKU002,36,33.48402637444322,False,3.0508474576271185,High
2023-01-05,Store003,SKU003,30,28.22651673268355,False,1.8518518518518519,Critical
2023-01-06,Store001,SKU001,87,57.61599724549396,False,4.619469026548673,High
2023-01-06,Store001,SKU002,32,50.43686388141177,False,2.2588235294117647,Critical
2023-01-06,Store001,SKU003,57,-10.912741578320038,True,4.75,High
2023-01-06,Store002,SKU001,48,132.87011254595387,False,2.013986013986014,Critical
2023-01-06,Store002,SKU002,60,25.323879339210833,False,4.137931034482759,High
2023-01-06,Store002,SKU003,82,-36.78160530528467,True,7.028571428571429,Medium
2023-01-06,Store003,SKU001,79,47.8045240363346,False,4.886597938144329,High
2023-01-06,Store003,SKU002,80,-12.015973625556782,True,6.956521739130435,High
2023-01-06,Store003,SKU003,64,-10.873483267316445,True,4.413793103448276,High
2023-01-07,Store001,SKU001,35,98.78266391216064,False,2.024793388429752,Critical
2023-01-07,Store001,SKU002,11,74.17495911950701,False,0.7475728155339806,Critical
2023-01-07,Store001,SKU003,69,-23.7698844354629,True,5.890243902439025,High
2023-01-07,Store002,SKU001,92,81.03677921262056,False,4.050314465408805,High
2023-01-07,Store002,SKU002,50,47.82387933921083,False,2.9411764705882355,Critical
2023-01-07,Store002,SKU003,56,-8.495891019570394,True,4.505747126436781,High
2023-01-07,Store003,SKU001,62,83.63785736966793,False,3.2878787878787876,High
2023-01-07,Store003,SKU002,58,13.198312088728926,False,4.776470588235294,High
2023-01-07,Store003,SKU003,59,-6.944911838745014,True,4.171717171717172,High
2023-01-08,Store001,SKU001,52,62.78266391216064,False,3.5686274509803924,High
2023-01-08,Store001,SKU002,47,38.17495911950701,False,3.1941747572815538,High
2023-01-08,Store001,SKU003,28,21.515829850251393,False,2.130434782608696,Critical
2023-01-08,Store002,SKU001,93,85.03677921262056,False,3.9695121951219514,High
2023-01-08,Store002,SKU002,29,84.53816505349654,False,1.4397163120567376,Critical
2023-01-08,Store002,SKU003,76,-28.92446244814181,True,6.186046511627906,High
2023-01-08,Store003,SKU001,20,125.63785736966793,False,1.0606060606060606,Critical
2023-01-08,Store003,SKU002,60,14.055454945871787,False,4.719101123595506,High
2023-01-08,Store003,SKU003,57,-7.944911838745014,True,4.336956521739131,High
2023-01-09,Store001,SKU001,58,59.78266391216064,False,3.8666666666666667,High
2023-01-09,Store001,SKU002,42,48.17495911950701,False,2.672727272727273,Critical
2023-01-09,Store001,SKU003,36,9.230115564537101,False,3.073170731707317,High
2023-01-09,Store002,SKU001,89,80.03677921262056,False,4.019354838709678,High
2023-01-09,Store002,SKU002,67,51.53816505349654,False,3.168918918918919,High
2023-01-09,Store002,SKU003,81,-30.495891019570394,True,6.031914893617021,High
2023-01-09,Store003,SKU001,21,119.63785736966793,False,1.1574803149606299,Critical
2023-01-09,Store003,SKU002,91,-9.801687911271074,True,6.434343434343434,High
2023-01-09,Store003,SKU003,50,-5.230626124459306,True,4.2682926829268295,High
2023-01-10,Store001,SKU001,96,8.782663912160643,False,7.304347826086957,Medium
2023-01-10,Store001,SKU002,69,21.174959119507008,False,4.3909090909090915,High
2023-01-10,Store001,SKU003,75,-28.912741578320038,True,6.25,High
2023-01-10,Store002,SKU001,79,67.03677921262056,False,4.1893939393939394,High
2023-01-10,Store002,SKU002,64,56.681022196353695,False,2.9668874172185427,Critical
2023-01-10,Store002,SKU003,48,-1.7816053052846712,True,4.0,High
2023-01-10,Store003,SKU001,59,95.63785736966793,False,2.9290780141843973,Critical
2023-01-10,Store003,SKU002,31,45.198312088728926,False,2.358695652173913,Critical
2023-01-10,Store003,SKU003,21,19.055088161254986,False,2.0704225352112675,Critical
2023-01-11,Store001,SKU001,48,61.78266391216064,False,3.4639175257731956,High
2023-01-11,Store001,SKU002,15,71.60353054807844,False,1.0,Critical
2023-01-11,Store001,SKU003,13,33.51582985025139,False,1.0705882352941176,Critical
2023-01-11,Store002,SKU001,61,75.03677921262056,False,3.5000000000000004,High
2023-01-11,Store002,SKU002,21,117.53816505349656,False,0.8352272727272727,Critical
2023-01-11,Store002,SKU003,50,0.932680409001037,False,3.6842105263157894,High
2023-01-11,Store003,SKU001,93,65.63785736966793,False,4.4896551724137925,High
2023-01-11,Store003,SKU002,74,6.484026374443218,False,5.285714285714286,High
2023-01-11,Store003,SKU003,98,-59.65919755303073,True,10.238805970149254,Medium
2023-01-12,Store001,SKU001,54,49.78266391216064,False,4.153846153846154,High
2023-01-12,Store001,SKU002,51,41.31781626236415,False,3.1592920353982303,High
2023-01-12,Store001,SKU003,32,15.372972707394254,False,2.574712643678161,Critical
2023-01-12,Store002,SKU001,51,63.03677921262056,False,3.57,High
2023-01-12,Store002,SKU002,40,98.53816505349656,False,1.590909090909091,Critical
2023-01-12,Store002,SKU003,27,22.64696612328676,False,2.0543478260869565,Critical
2023-01-12,Store003,SKU001,13,145.63785736966793,False,0.6275862068965516,Critical
2023-01-12,Store003,SKU002,16,69.48402637444322,False,1.0666666666666667,Critical
2023-01-12,Store003,SKU003,82,-46.65919755303073,True,9.566666666666666,Medium
2023-01-13,Store001,SKU001,87,16.782663912160643,False,6.6923076923076925,High
2023-01-13,Store001,SKU002,45,32.31781626236415,False,3.423913043478261,High
2023-01-13,Store001,SKU003,80,-33.05559872117718,True,6.511627906976744,High
2023-01-13,Store002,SKU001,54,54.03677921262056,False,4.0212765957446805,High
2023-01-13,Store002,SKU002,37,107.25245076778225,False,1.407608695652174,Critical
2023-01-13,Store002,SKU003,68,-16.210176733856102,True,4.90721649484536,High
2023-01-13,Store003,SKU001,12,151.63785736966793,False,0.56,Critical
2023-01-13,Store003,SKU002,74,15.76974066015751,False,4.666666666666666,High
2023-01-13,Store003,SKU003,92,-55.373483267316445,True,10.222222222222221,Medium
2023-01-14,Store001,SKU001,66,51.78266391216064,False,4.4,High
2023-01-14,Store001,SKU002,61,20.60353054807844,False,4.357142857142857,High
2023-01-14,Store001,SKU003,29,17.944401278822824,False,2.3604651162790695,Critical
2023-01-14,Store002,SKU001,49,66.03677921262056,False,3.396039603960396,High
2023-01-14,Store002,SKU002,90,44.96673648206797,False,3.68421052631579,High
2023-01-14,Store002,SKU003,91,-43.06731959099896,True,7.238636363636364,Medium
2023-01-14,Store003,SKU001,43,104.63785736966793,False,2.246268656716418,Critical
2023-01-14,Store003,SKU002,53,36.76974066015751,False,3.3423423423423424,High
2023-01-14,Store003,SKU003,30,6.197945304112125,False,3.387096774193548,High
2023-01-15,Store001,SKU001,85,37.78266391216064,False,5.409090909090909,High
2023-01-15,Store001,SKU002,79,19.032101976649855,False,4.570247933884298,High
2023-01-15,Store001,SKU003,98,-49.7698844354629,True,7.7078651685393265,Medium
2023-01-15,Store002,SKU001,52,57.03677921262056,False,3.831578947368421,High
2023-01-15,Store002,SKU002,24,88.10959362492513,False,1.20863309352518,Critical
2023-01-15,Store002,SKU003,44,0.07553755185819,False,3.8987341772151898,High
2023-01-15,Store003,SKU001,98,53.63785736966793,False,4.971014492753623,High
2023-01-15,Store003,SKU002,42,42.05545494587179,False,2.854368932038835,Critical
2023-01-15,Store003,SKU003,12,26.769373875540694,False,1.2352941176470589,Critical
2023-01-16,Store001,SKU001,92,30.782663912160643,False,5.8545454545454545,High
2023-01-16,Store001,SKU002,93,0.032101976649855146,False,5.710526315789474,High
2023-01-16,Store001,SKU003,55,-6.341313006891468,True,4.277777777777778,High
2023-01-16,Store002,SKU001,50,61.03677921262056,False,3.6082474226804124,High
2023-01-16,Store002,SKU002,72,37.25245076778225,False,3.7333333333333334,High
2023-01-16,Store002,SKU003,62,-21.353033876713248,True,6.112676056338029,High
2023-01-16,Store003,SKU001,75,78.63785736966793,False,3.75,High
2023-01-16,Store003,SKU002,77,2.7697406601575096,False,5.556701030927835,High
2023-01-16,Store003,SKU003,72,-31.944911838745014,True,7.098591549295775,Medium
2023-01-17,Store001,SKU001,21,104.78266391216064,False,1.3008849557522124,Critical
2023-01-17,Store001,SKU002,98,-5.682183737635853,True,6.070796460176991,High
2023-01-17,Store001,SKU003,72,-27.198455864034315,True,6.222222222222222,High
2023-01-17,Store002,SKU001,56,58.03677921262056,False,3.92,High
2023-01-17,Store002,SKU002,65,38.53816505349654,False,3.582677165354331,High
2023-01-17,Store002,SKU003,28,17.361251837572468,False,2.3902439024390247,Critical
2023-01-17,Store003,SKU001,21,123.63785736966793,False,1.1221374045801527,Critical
2023-01-17,Store003,SKU002,35,51.198312088728926,False,2.311320754716981,Critical
2023-01-17,Store003,SKU003,45,1.4836595898264164,False,3.6627906976744184,High
2023-01-18,Store001,SKU001,49,72.78266391216064,False,3.146788990825688,High
2023-01-18,Store001,SKU002,99,-4.5393265947787,True,5.974137931034482,High
2023-01-18,Store001,SKU003,86,-42.91274157832004,True,7.818181818181818,Medium
2023-01-18,Store002,SKU001,49,76.03677921262056,False,3.09009009009009,High
2023-01-18,Store002,SKU002,13,81.25245076778225,False,0.7982456140350878,Critical
2023-01-18,Store002,SKU003,81,-37.78160530528467,True,7.363636363636363,Medium
2023-01-18,Store003,SKU001,98,60.63785736966793,False,4.731034482758621,High
2023-01-18,Store003,SKU002,79,0.7697406601575096,False,5.701030927835052,High
2023-01-18,Store003,SKU003,24,24.197945304112125,False,1.8666666666666667,Critical
2023-01-19,Store001,SKU001,95,29.782663912160643,False,5.9375,High
2023-01-19,Store001,SKU002,57,34.60353054807844,False,3.5625,High
2023-01-19,Store001,SKU003,93,-48.198455864034315,True,8.037037037037038,Medium
2023-01-19,Store002,SKU001,66,70.03677921262056,False,3.7868852459016398,High
2023-01-19,Store002,SKU002,91,6.8238793392108335,False,5.352941176470588,High
2023-01-19,Store002,SKU003,38,8.64696612328676,False,3.1294117647058823,High
2023-01-19,Store003,SKU001,53,105.63785736966793,False,2.5586206896551724,Critical
2023-01-19,Store003,SKU002,57,14.912597803014648,False,4.63953488372093,High
2023-01-19,Store003,SKU003,53,-4.373483267316445,True,4.076923076923077,High
2023-01-20,Store001,SKU001,97,42.78266391216064,False,5.346456692913386,High
2023-01-20,Store001,SKU002,55,45.88924483379273,False,3.08,High
2023-01-20,Store001,SKU003,81,-34.48417014974861,True,6.670588235294118,High
2023-01-20,Store002,SKU001,35,109.03677921262056,False,1.8846153846153844,Critical
2023-01-20,Store002,SKU002,17,80.82387933921083,False,1.0,Critical
2023-01-20,Store002,SKU003,69,-26.638748162427532,True,6.44,High
2023-01-20,Store003,SKU001,94,63.63785736966793,False,4.569444444444444,High
2023-01-20,Store003,SKU002,21,45.198312088728926,False,1.8846153846153848,Critical
2023-01-20,Store003,SKU003,91,-41.516340410173584,True,6.849462365591397,High
2023-01-21,Store001,SKU001,71,65.78266391216064,False,4.008064516129032,High
2023-01-21,Store001,SKU002,31,56.31781626236415,False,2.047169811320755,Critical
2023-01-21,Store001,SKU003,57,-6.198455864034315,True,4.2,High
2023-01-21,Store002,SKU001,16,124.03677921262056,False,0.8888888888888888,Critical
2023-01-21,Store002,SKU002,39,68.82387933921083,False,2.0526315789473686,Critical
2023-01-21,Store002,SKU003,67,-20.35303387671324,True,5.517647058823529,High
2023-01-21,Store003,SKU001,39,133.63785736966793,False,1.7169811320754715,Critical
2023-01-21,Store003,SKU002,37,24.198312088728926,False,3.647887323943662,High
2023-01-21,Store003,SKU003,85,-38.08776898160216,True,6.8390804597701145,High
2023-01-22,Store001,SKU001,27,112.78266391216064,False,1.4881889763779528,Critical
2023-01-22,Store001,SKU002,77,-3.9678980233501306,True,6.267441860465116,High
2023-01-22,Store001,SKU003,71,-27.484170149748607,True,6.371794871794872,High
2023-01-22,Store002,SKU001,10,132.03677921262056,False,0.546875,Critical
2023-01-22,Store002,SKU002,36,82.53816505349654,False,1.7027027027027029,Critical
2023-01-22,Store002,SKU003,87,-33.92446244814181,True,6.09,High
2023-01-22,Store003,SKU001,82,90.63785736966793,False,3.6100628930817606,High
2023-01-22,Store003,SKU002,47,12.76974066015751,False,4.768115942028985,High
2023-01-22,Store003,SKU003,67,-16.65919755303073,True,4.936842105263158,High
2023-01-23,Store001,SKU001,15,123.78266391216064,False,0.8333333333333334,Critical
2023-01-23,Store001,SKU002,41,32.74638769093559,False,3.2988505747126435,High
2023-01-23,Store001,SKU003,38,7.230115564537101,False,3.2439024390243905,High
2023-01-23,Store002,SKU001,69,70.03677921262056,False,3.864,High
2023-01-23,Store002,SKU002,16,107.53816505349654,False,0.7225806451612904,Critical
2023-01-23,Store002,SKU003,23,31.789823266143898,False,1.5480769230769231,Critical
2023-01-23,Store003,SKU001,15,146.63785736966793,False,0.7094594594594594,Critical
2023-01-23,Store003,SKU002,39,22.198312088728926,False,3.8450704225352115,High
2023-01-23,Store003,SKU003,47,5.91223101839784,False,3.257425742574257,High
2023-01-24,Store001,SKU001,26,117.78266391216064,False,1.3893129770992365,Critical
2023-01-24,Store001,SKU002,31,43.4606734052213,False,2.465909090909091,Critical
2023-01-24,Store001,SKU003,64,-16.627027292605746,True,5.149425287356322,High
2023-01-24,Store002,SKU001,86,72.03677921262056,False,4.180555555555555,High
2023-01-24,Store002,SKU002,35,94.25245076778225,False,1.5030674846625767,Critical
2023-01-24,Store002,SKU003,22,30.64696612328676,False,1.5555555555555556,Critical
2023-01-24,Store003,SKU001,48,124.63785736966793,False,2.1132075471698113,Critical
2023-01-24,Store003,SKU002,31,27.34116923158608,False,3.238805970149254,High
2023-01-24,Store003,SKU003,53,-4.373483267316445,True,4.076923076923077,High
2023-01-25,Store001,SKU001,16,129.78266391216064,False,0.8421052631578947,Critical
2023-01-25,Store001,SKU002,90,-9.825040880492992,True,6.5625,High
2023-01-25,Store001,SKU003,95,-49.34131300689147,True,8.012048192771084,Medium
2023-01-25,Store002,SKU001,18,152.03677921262056,False,0.8076923076923077,Critical
2023-01-25,Store002,SKU002,14,112.39530791063942,False,0.6163522012578616,Critical
2023-01-25,Store002,SKU003,23,31.361251837572468,False,1.5631067961165048,Critical
2023-01-25,Store003,SKU001,82,81.63785736966793,False,3.826666666666667,High
2023-01-25,Store003,SKU002,21,35.91259780301465,False,2.2615384615384615,Critical
2023-01-25,Store003,SKU003,40,12.91223101839784,False,2.772277227722772,Critical
2023-01-26,Store001,SKU001,68,86.78266391216064,False,3.352112676056338,High
2023-01-26,Store001,SKU002,97,-8.96789802335013,True,6.345794392523364,High
2023-01-26,Store001,SKU003,57,-11.769884435462899,True,4.865853658536586,High
2023-01-26,Store002,SKU001,60,121.03677921262056,False,2.5149700598802394,Critical
2023-01-26,Store002,SKU002,58,61.96673648206797,False,2.706666666666667,Critical
2023-01-26,Store002,SKU003,80,-31.210176733856102,True,6.222222222222222,High
2023-01-26,Store003,SKU001,95,67.63785736966793,False,4.4630872483221475,High
2023-01-26,Store003,SKU002,77,-9.37311648269963,True,6.7375,High
2023-01-26,Store003,SKU003,48,4.91223101839784,False,3.3267326732673266,High
2023-01-27,Store001,SKU001,60,87.78266391216064,False,3.111111111111111,High
2023-01-27,Store001,SKU002,81,6.317816262364147,False,5.349056603773585,High
2023-01-27,Store001,SKU003,56,-13.769884435462899,True,5.2266666666666675,High
2023-01-27,Store002,SKU001,51,130.03677921262056,False,2.1377245508982035,Critical
2023-01-27,Store002,SKU002,80,40.681022196353695,False,3.7086092715231787,High
2023-01-27,Store002,SKU003,99,-50.2101767338561,True,7.699999999999999,Medium
2023-01-27,Store003,SKU001,47,133.63785736966793,False,1.9700598802395208,Critical
2023-01-27,Store003,SKU002,27,52.76974066015751,False,1.9484536082474226,Critical
2023-01-27,Store003,SKU003,18,35.769373875540694,False,1.2233009708737865,Critical
2023-01-28,Store001,SKU001,67,82.78266391216064,False,3.4233576642335763,High
2023-01-28,Store001,SKU002,90,6.603530548078439,False,5.294117647058823,High
2023-01-28,Store001,SKU003,57,-18.627027292605746,True,6.045454545454545,High
2023-01-28,Store002,SKU001,76,110.03677921262056,False,3.093023255813953,High
2023-01-28,Store002,SKU002,47,62.96673648206797,False,2.419117647058824,Critical
2023-01-28,Store002,SKU003,56,-4.638748162427532,True,4.083333333333334,High
2023-01-28,Store003,SKU001,61,137.63785736966793,False,2.308108108108108,Critical
2023-01-28,Store003,SKU002,28,53.91259780301465,False,1.96,Critical
2023-01-28,Store003,SKU003,38,21.340802446969278,False,2.2931034482758617,Critical
2023-01-29,Store001,SKU001,34,117.78266391216064,False,1.7122302158273381,Critical
2023-01-29,Store001,SKU002,22,86.74638769093558,False,1.1323529411764708,Critical
2023-01-29,Store001,SKU003,57,-16.055598721177176,True,5.541666666666666,High
2023-01-29,Store002,SKU001,26,165.03677921262056,False,1.0282485875706215,Critical
2023-01-29,Store002,SKU002,76,36.109593624925125,False,3.8273381294964026,High
2023-01-29,Store002,SKU003,14,33.07553755185819,False,1.1395348837209303,Critical
2023-01-29,Store003,SKU001,12,189.63785736966793,False,0.44680851063829785,Critical
2023-01-29,Store003,SKU002,89,0.05545494587178723,False,5.663636363636364,High
2023-01-29,Store003,SKU003,99,-44.373483267316445,True,6.6,High
2023-01-30,Store001,SKU001,32,120.78266391216064,False,1.6,Critical
2023-01-30,Store001,SKU002,30,76.60353054807844,False,1.5789473684210527,Critical
2023-01-30,Store001,SKU003,58,-17.912741578320038,True,5.8,High
2023-01-30,Store002,SKU001,84,104.03677921262056,False,3.3793103448275863,High
2023-01-30,Store002,SKU002,61,47.53816505349654,False,3.1865671641791047,High
2023-01-30,Store002,SKU003,22,24.21839469471533,False,1.8333333333333333,Critical
2023-01-30,Store003,SKU001,80,126.63785736966793,False,2.9015544041450774,Critical
2023-01-30,Store003,SKU002,92,3.484026374443218,False,5.411764705882353,High
2023-01-30,Store003,SKU003,59,-9.08776898160216,True,4.3936170212765955,High
2023-01-31,Store001,SKU001,58,87.78266391216064,False,3.0526315789473686,High
2023-01-31,Store001,SKU002,87,28.88924483379273,False,4.171232876712328,High
2023-01-31,Store001,SKU003,72,-34.91274157832004,True,8.0,Medium
2023-01-31,Store002,SKU001,31,149.03677921262056,False,1.3072289156626506,Critical
2023-01-31,Store002,SKU002,16,87.53816505349654,False,0.8818897637795275,Critical
2023-01-31,Store002,SKU003,50,-5.92446244814181,True,4.430379746835443,High
2023-01-31,Store003,SKU001,28,170.63785736966793,False,1.0594594594594595,Critical
2023-01-31,Store003,SKU002,81,21.626883517300357,False,4.395348837209303,High
2023-01-31,Store003,SKU003,57,-7.944911838745014,True,4.336956521739131,High
2023-02-01,Store001,SKU001,32,102.78266391216061,False,1.836065573770492,Critical
2023-02-01,Store001,SKU002,13,90.03210197664986,False,0.7109375,Critical
2023-02-01,Store001,SKU003,56,-18.055598721177176,True,6.030769230769231,High
2023-02-01,Store002,SKU001,81,76.03677921262056,False,3.9650349650349654,High
2023-02-01,Store002,SKU002,43,54.109593624925125,False,2.5508474576271185,Critical
2023-02-01,Store002,SKU003,12,30.361251837572468,False,1.12,Critical
2023-02-01,Store003,SKU001,26,167.63785736966793,False,1.011111111111111,Critical
2023-02-01,Store003,SKU002,49,54.34116923158608,False,2.6384615384615384,Critical
2023-02-01,Store003,SKU003,62,-21.944911838745014,True,6.112676056338029,High
2023-02-02,Store001,SKU001,58,62.78266391216064,False,3.759259259259259,High
2023-02-02,Store001,SKU002,80,18.032101976649855,False,4.62809917355372,High
2023-02-02,Store001,SKU003,62,-26.627027292605746,True,7.3559322033898304,Medium
2023-02-02,Store002,SKU001,12,135.03677921262056,False,0.631578947368421,Critical
2023-02-02,Store002,SKU002,69,29.53816505349654,False,4.025,High
2023-02-02,Store002,SKU003,16,25.932680409001037,False,1.5135135135135136,Critical
2023-02-02,Store003,SKU001,93,91.63785736966793,False,3.8070175438596494,High
2023-02-02,Store003,SKU002,15,81.91259780301463,False,0.8677685950413223,Critical
2023-02-02,Store003,SKU003,92,-48.516340410173584,True,8.151898734177214,Medium
2023-02-03,Store001,SKU001,95,20.782663912160643,False,6.456310679611651,High
2023-02-03,Store001,SKU002,46,47.74638769093558,False,2.8000000000000003,Critical
2023-02-03,Store001,SKU003,59,-24.912741578320038,True,7.375,Medium
2023-02-03,Store002,SKU001,80,39.03677921262056,False,5.333333333333333,High
2023-02-03,Store002,SKU002,97,-14.176120660789167,True,6.928571428571429,High
2023-02-03,Store002,SKU003,30,14.932680409001037,False,2.5925925925925926,Critical
2023-02-03,Store003,SKU001,96,66.63785736966793,False,4.51006711409396,High
2023-02-03,Store003,SKU002,44,38.62688351730036,False,3.0495049504950495,High
2023-02-03,Store003,SKU003,48,-3.6591975530307295,True,4.148148148148148,High
2023-02-04,Store001,SKU001,77,40.78266391216064,False,5.133333333333334,High
2023-02-04,Store001,SKU002,43,43.60353054807844,False,2.8666666666666667,Critical
2023-02-04,Store001,SKU003,96,-63.198455864034315,True,12.679245283018869,Medium
2023-02-04,Store002,SKU001,71,30.03677921262056,False,5.712643678160919,High
2023-02-04,Store002,SKU002,88,-5.1761206607891665,True,6.285714285714286,High
2023-02-04,Store002,SKU003,14,27.07553755185819,False,1.361111111111111,Critical
2023-02-04,Store003,SKU001,77,46.63785736966793,False,4.9,High
2023-02-04,Store003,SKU002,29,52.198312088728926,False,2.0505050505050506,Critical
2023-02-04,Store003,SKU003,10,30.91223101839784,False,0.958904109589041,Critical
2023-02-05,Store001,SKU001,89,24.782663912160643,False,6.1683168316831685,High
2023-02-05,Store001,SKU002,30,41.60353054807844,False,2.5,Critical
2023-02-05,Store001,SKU003,19,14.230115564537108,False,2.462962962962963,Critical
2023-02-05,Store002,SKU001,72,23.03677921262056,False,6.222222222222222,High
2023-02-05,Store002,SKU002,10,55.681022196353695,False,0.9459459459459459,Critical
2023-02-05,Store002,SKU003,51,-11.210176733856102,True,5.173913043478261,High
2023-02-05,Store003,SKU001,39,66.63785736966793,False,2.967391304347826,Critical
2023-02-05,Store003,SKU002,72,-0.08740219698535157,True,5.8604651162790695,High
2023-02-05,Store003,SKU003,21,21.197945304112125,False,1.9342105263157894,Critical
2023-02-06,Store001,SKU001,33,74.78266391216064,False,2.431578947368421,Critical
2023-02-06,Store001,SKU002,34,39.74638769093559,False,2.735632183908046,Critical
2023-02-06,Store001,SKU003,62,-27.912741578320038,True,7.75,Medium
2023-02-06,Store002,SKU001,74,25.03677921262056,False,6.094117647058824,High
2023-02-06,Store002,SKU002,48,21.966736482067986,False,4.2,High
2023-02-06,Store002,SKU003,85,-46.495891019570394,True,9.015151515151516,Medium
2023-02-06,Store003,SKU001,50,62.63785736966793,False,3.5353535353535355,High
2023-02-06,Store003,SKU002,44,20.76974066015751,False,4.052631578947368,High
2023-02-06,Store003,SKU003,53,-12.516340410173584,True,5.152777777777778,High
2023-02-07,Store001,SKU001,50,48.78266391216064,False,4.069767441860465,High
2023-02-07,Store001,SKU002,14,51.88924483379273,False,1.2894736842105263,Critical
2023-02-07,Store001,SKU003,66,-30.627027292605746,True,7.830508474576271,Medium
2023-02-07,Store002,SKU001,49,41.03677921262056,False,4.513157894736842,High
2023-02-07,Store002,SKU002,51,12.538165053496542,False,5.028169014084507,High
2023-02-07,Store002,SKU003,88,-50.35303387671325,True,9.625,Medium
2023-02-07,Store003,SKU001,10,96.63785736966793,False,0.7526881720430108,Critical
2023-02-07,Store003,SKU002,17,38.48402637444322,False,1.8888888888888888,Critical
2023-02-07,Store003,SKU003,90,-49.08776898160216,True,8.63013698630137,Medium
2023-02-08,Store001,SKU001,30,76.78266391216064,False,2.234042553191489,Critical
2023-02-08,Store001,SKU002,44,23.317816262364147,False,3.948717948717949,High
2023-02-08,Store001,SKU003,44,-3.9127415783200377,True,4.4,High
2023-02-08,Store002,SKU001,78,16.03677921262056,False,6.825,High
2023-02-08,Store002,SKU002,74,-7.604692089360597,True,6.906666666666667,High
2023-02-08,Store002,SKU003,85,-46.92446244814181,True,9.153846153846153,Medium
2023-02-08,Store003,SKU001,40,64.63785736966793,False,3.076923076923077,High
2023-02-08,Store003,SKU002,96,-43.37311648269963,True,11.389830508474576,Medium
2023-02-08,Store003,SKU003,75,-36.65919755303073,True,7.835820895522389,Medium
2023-02-09,Store001,SKU001,35,67.78266391216064,False,2.7222222222222223,Critical
2023-02-09,Store001,SKU002,40,23.032101976649876,False,3.8888888888888884,High
2023-02-09,Store001,SKU003,63,-17.7698844354629,True,5.378048780487806,High
2023-02-09,Store002,SKU001,91,-1.9632207873794414,True,8.493333333333334,Medium
2023-02-09,Store002,SKU002,75,-14.318977803646305,True,7.835820895522389,Medium
2023-02-09,Store002,SKU003,71,-31.210176733856102,True,7.202898550724638,Medium
2023-02-09,Store003,SKU001,85,25.637857369667927,False,6.1340206185567006,High
2023-02-09,Store003,SKU002,98,-44.65883076841392,True,11.433333333333334,Medium
2023-02-09,Store003,SKU003,43,-8.944911838745014,True,5.280701754385965,High
2023-02-10,Store001,SKU001,68,33.78266391216064,False,5.348314606741574,High
2023-02-10,Store001,SKU002,30,30.174959119507015,False,3.088235294117647,High
2023-02-10,Store001,SKU003,94,-48.7698844354629,True,8.02439024390244,Medium
2023-02-10,Store002,SKU001,93,-0.9632207873794414,True,8.346153846153847,Medium
2023-02-10,Store002,SKU002,51,12.538165053496542,False,5.028169014084507,High
2023-02-10,Store002,SKU003,72,-33.92446244814181,True,7.753846153846153,Medium
2023-02-10,Store003,SKU001,34,72.63785736966793,False,2.5591397849462365,Critical
2023-02-10,Store003,SKU002,26,31.62688351730037,False,2.7575757575757573,Critical
2023-02-10,Store003,SKU003,51,-17.802054695887875,True,6.490909090909091,High
2023-02-11,Store001,SKU001,94,0.7826639121606433,False,8.02439024390244,Medium
2023-02-11,Store001,SKU002,36,27.74638769093559,False,3.452054794520548,High
2023-02-11,Store001,SKU003,72,-25.484170149748607,True,5.929411764705883,High
2023-02-11,Store002,SKU001,48,62.03677921262056,False,3.5,High
2023-02-11,Store002,SKU002,49,9.538165053496542,False,5.359375,High
2023-02-11,Store002,SKU003,59,-24.353033876713248,True,7.24561403508772,Medium
2023-02-11,Store003,SKU001,69,33.63785736966793,False,5.426966292134832,High
2023-02-11,Store003,SKU002,88,-26.801687911271074,True,8.67605633802817,Medium
2023-02-11,Store003,SKU003,15,16.91223101839784,False,2.019230769230769,Critical
2023-02-12,Store001,SKU001,37,56.78266391216064,False,3.197530864197531,High
2023-02-12,Store001,SKU002,27,36.03210197664988,False,2.625,Critical
2023-02-12,Store001,SKU003,93,-47.34131300689147,True,7.843373493975903,Medium
2023-02-12,Store002,SKU001,54,50.03677921262056,False,4.2,High
2023-02-12,Store002,SKU002,39,23.823879339210833,False,3.9,High
2023-02-12,Store002,SKU003,86,-51.35303387671325,True,10.56140350877193,Medium
2023-02-12,Store003,SKU001,14,83.63785736966793,False,1.1666666666666667,Critical
2023-02-12,Store003,SKU002,55,2.626883517300371,False,5.833333333333333,High
2023-02-12,Store003,SKU003,65,-33.516340410173584,True,8.92156862745098,Medium
2023-02-13,Store001,SKU001,56,33.78266391216064,False,5.090909090909091,High
2023-02-13,Store001,SKU002,37,23.889244833792738,False,3.753623188405797,High
2023-02-13,Store001,SKU003,56,-11.198455864034315,True,4.839506172839506,High
2023-02-13,Store002,SKU001,44,48.03677921262056,False,3.948717948717949,High
2023-02-13,Store002,SKU002,26,30.395307910639403,False,2.9836065573770494,Critical
2023-02-13,Store002,SKU003,28,4.932680409001037,False,3.69811320754717,High
2023-02-13,Store003,SKU001,68,18.637857369667927,False,6.520547945205479,High
2023-02-13,Store003,SKU002,23,36.05545494587179,False,2.3676470588235294,Critical
2023-02-13,Store003,SKU003,85,-54.373483267316445,True,12.142857142857142,Medium
2023-02-14,Store001,SKU001,67,33.78266391216064,False,5.329545454545455,High
2023-02-14,Store001,SKU002,78,-16.396469451921554,True,7.8,Medium
2023-02-14,Store001,SKU003,18,26.801544135965685,False,1.5555555555555556,Critical
2023-02-14,Store002,SKU001,85,6.036779212620559,False,7.7272727272727275,Medium
2023-02-14,Store002,SKU002,20,39.96673648206799,False,2.121212121212121,Critical
2023-02-14,Store002,SKU003,61,-26.78160530528467,True,7.625,Medium
2023-02-14,Store003,SKU001,35,46.63785736966793,False,3.6029411764705883,High
2023-02-14,Store003,SKU002,72,-12.944545054128213,True,7.411764705882353,Medium
2023-02-14,Store003,SKU003,86,-56.230626124459306,True,12.808510638297872,Medium
2023-02-15,Store001,SKU001,79,21.782663912160643,False,6.284090909090909,High
2023-02-15,Store001,SKU002,88,-19.96789802335013,True,7.7974683544303796,Medium
2023-02-15,Store001,SKU003,71,-28.34131300689147,True,6.539473684210526,High
2023-02-15,Store002,SKU001,96,-1.9632207873794414,True,8.4,Medium
2023-02-15,Store002,SKU002,42,16.53816505349654,False,4.59375,High
2023-02-15,Store002,SKU003,55,-23.353033876713244,True,7.699999999999999,Medium
2023-02-15,Store003,SKU001,85,-3.362142630332073,True,8.75,Medium
2023-02-15,Store003,SKU002,42,16.34116923158608,False,4.388059701492537,High
2023-02-15,Store003,SKU003,29,2.91223101839784,False,3.9038461538461537,High
2023-02-16,Store001,SKU001,66,40.78266391216064,False,4.914893617021277,High
2023-02-16,Store001,SKU002,65,0.17495911950700815,False,6.066666666666667,High
2023-02-16,Store001,SKU003,23,11.944401278822824,False,2.775862068965517,Critical
2023-02-16,Store002,SKU001,19,71.03677921262056,False,1.75,Critical
2023-02-16,Store002,SKU002,31,27.53816505349654,False,3.390625,High
2023-02-16,Store002,SKU003,21,16.646966123286752,False,2.296875,Critical
2023-02-16,Store003,SKU001,30,43.63785736966793,False,3.5,High
2023-02-16,Store003,SKU002,75,-15.23025933984249,True,7.608695652173913,Medium
2023-02-16,Store003,SKU003,54,-19.944911838745014,True,6.631578947368421,High
2023-02-17,Store001,SKU001,90,13.782663912160643,False,6.923076923076923,High
2023-02-17,Store001,SKU002,77,-13.253612309064408,True,7.383561643835616,Medium
2023-02-17,Store001,SKU003,62,-25.7698844354629,True,7.114754098360656,Medium
2023-02-17,Store002,SKU001,52,42.03677921262056,False,4.55,High
2023-02-17,Store002,SKU002,45,16.395307910639403,False,4.632352941176471,High
2023-02-17,Store002,SKU003,22,14.361251837572468,False,2.5245901639344264,Critical
2023-02-17,Store003,SKU001,10,65.63785736966793,False,1.129032258064516,Critical
2023-02-17,Store003,SKU002,89,-31.37311648269963,True,9.43939393939394,Medium
2023-02-17,Store003,SKU003,56,-22.802054695887875,True,7.127272727272728,Medium
2023-02-18,Store001,SKU001,91,15.782663912160643,False,6.776595744680851,High
2023-02-18,Store001,SKU002,89,-31.682183737635846,True,9.734375,Medium
2023-02-18,Store001,SKU003,26,10.230115564537101,False,2.9836065573770494,Critical
2023-02-18,Store002,SKU001,74,4.036779212620559,False,8.09375,Medium
2023-02-18,Store002,SKU002,99,-42.6046920893606,True,11.360655737704919,Medium
2023-02-18,Store002,SKU003,70,-33.63874816242753,True,8.032786885245903,Medium
2023-02-18,Store003,SKU001,26,52.63785736966793,False,2.8,Critical
2023-02-18,Store003,SKU002,85,-22.37311648269963,True,8.150684931506849,Medium
2023-02-18,Store003,SKU003,75,-40.08776898160216,True,8.898305084745763,Medium
2023-02-19,Store001,SKU001,48,45.78266391216064,False,4.148148148148148,High
2023-02-19,Store001,SKU002,13,52.88924483379273,False,1.1973684210526314,Critical
2023-02-19,Store001,SKU003,62,-24.912741578320038,True,6.888888888888889,High
2023-02-19,Store002,SKU001,50,37.03677921262056,False,4.794520547945205,High
2023-02-19,Store002,SKU002,13,44.82387933921083,False,1.4444444444444444,Critical
2023-02-19,Store002,SKU003,46,-4.92446244814181,True,4.472222222222222,High
2023-02-19,Store003,SKU001,79,5.637857369667927,False,7.788732394366198,Medium
2023-02-19,Store003,SKU002,46,18.76974066015751,False,4.2368421052631575,High
2023-02-19,Store003,SKU003,99,-64.51634041017358,True,11.948275862068964,Medium
2023-02-20,Store001,SKU001,97,4.782663912160643,False,7.629213483146068,Medium
2023-02-20,Store001,SKU002,54,10.4606734052213,False,5.108108108108108,High
2023-02-20,Store001,SKU003,66,-28.055598721177176,True,7.107692307692307,Medium
2023-02-20,Store002,SKU001,37,61.03677921262056,False,3.0833333333333335,High
2023-02-20,Store002,SKU002,49,4.538165053496542,False,6.017543859649123,High
2023-02-20,Store002,SKU003,92,-50.92446244814181,True,8.944444444444445,Medium
2023-02-20,Store003,SKU001,46,45.63785736966793,False,4.128205128205129,High
2023-02-20,Store003,SKU002,69,-4.944545054128213,True,6.44,High
2023-02-20,Store003,SKU003,57,-20.373483267316445,True,6.333333333333333,High
2023-02-21,Store001,SKU001,59,46.78266391216064,False,4.440860215053763,High
2023-02-21,Store001,SKU002,46,9.889244833792738,False,5.193548387096774,High
2023-02-21,Store001,SKU003,62,-26.198455864034315,True,7.233333333333333,Medium
2023-02-21,Store002,SKU001,38,64.03677921262056,False,3.022727272727273,High
2023-02-21,Store002,SKU002,17,35.109593624925125,False,2.1636363636363636,Critical
2023-02-21,Store002,SKU003,41,0.5041089804296064,False,3.931506849315068,High
2023-02-21,Store003,SKU001,50,41.63785736966793,False,4.487179487179487,High
2023-02-21,Store003,SKU002,76,-11.23025933984249,True,7.0,High
2023-02-21,Store003,SKU003,47,-7.802054695887875,True,4.768115942028985,High
2023-02-22,Store001,SKU001,28,74.78266391216064,False,2.1777777777777776,Critical
2023-02-22,Store001,SKU002,22,27.4606734052213,False,2.905660377358491,Critical
2023-02-22,Store001,SKU003,42,-7.484170149748607,True,5.157894736842105,High
2023-02-22,Store002,SKU001,74,17.03677921262056,False,6.7272727272727275,High
2023-02-22,Store002,SKU002,48,2.6810221963536947,False,6.339622641509434,High
2023-02-22,Store002,SKU003,83,-38.92446244814181,True,7.354430379746835,Medium
2023-02-22,Store003,SKU001,75,17.637857369667927,False,6.6455696202531644,High
2023-02-22,Store003,SKU002,86,-17.65883076841392,True,7.432098765432099,Medium
2023-02-22,Store003,SKU003,69,-28.944911838745014,True,6.802816901408451,High
2023-02-23,Store001,SKU001,97,-0.21733608783935665,True,8.083333333333334,Medium
2023-02-23,Store001,SKU002,71,-20.825040880492985,True,9.203703703703704,Medium
2023-02-23,Store001,SKU003,50,-14.198455864034315,True,5.833333333333334,High
2023-02-23,Store002,SKU001,10,90.03677921262056,False,0.813953488372093,Critical
2023-02-23,Store002,SKU002,32,19.395307910639403,False,4.148148148148148,High
2023-02-23,Store002,SKU003,28,10.932680409001037,False,2.925373134328358,Critical
2023-02-23,Store003,SKU001,76,15.637857369667927,False,6.820512820512821,High
2023-02-23,Store003,SKU002,79,-7.087402196985352,True,6.430232558139535,High
2023-02-23,Store003,SKU003,42,-3.230626124459306,True,4.3235294117647065,High
2023-02-24,Store001,SKU001,44,54.78266391216064,False,3.581395348837209,High
2023-02-24,Store001,SKU002,91,-40.11075516620727,True,11.581818181818182,Medium
2023-02-24,Store001,SKU003,23,12.372972707394254,False,2.7288135593220337,Critical
2023-02-24,Store002,SKU001,36,56.03677921262056,False,3.230769230769231,High
2023-02-24,Store002,SKU002,32,24.395307910639403,False,3.672131147540984,High
2023-02-24,Store002,SKU003,81,-43.35303387671325,True,8.859375,Medium
2023-02-24,Store003,SKU001,87,5.637857369667927,False,7.70886075949367,Medium
2023-02-24,Store003,SKU002,92,-19.37311648269963,True,7.402298850574713,Medium
2023-02-24,Store003,SKU003,28,7.769373875540694,False,3.213114754098361,High
2023-02-25,Store001,SKU001,51,44.78266391216064,False,4.301204819277109,High
2023-02-25,Store001,SKU002,40,16.603530548078446,False,4.444444444444445,High
2023-02-25,Store001,SKU003,68,-32.198455864034315,True,7.933333333333334,Medium
2023-02-25,Store002,SKU001,90,8.036779212620559,False,7.5,Medium
2023-02-25,Store002,SKU002,82,-17.747549232217736,True,7.972222222222221,Medium
2023-02-25,Store002,SKU003,40,-3.210176733856102,True,4.516129032258064,High
2023-02-25,Store003,SKU001,43,49.63785736966793,False,3.810126582278481,High
2023-02-25,Store003,SKU002,36,32.34116923158608,False,3.111111111111111,High
2023-02-25,Store003,SKU003,16,16.769373875540694,False,2.074074074074074,Critical
2023-02-26,Store001,SKU001,73,32.78266391216064,False,5.494623655913978,High
2023-02-26,Store001,SKU002,81,-32.96789802335012,True,11.117647058823529,Medium
2023-02-26,Store001,SKU003,61,-28.627027292605746,True,8.211538461538462,Medium
2023-02-26,Store002,SKU001,54,38.03677921262056,False,4.846153846153847,High
2023-02-26,Store002,SKU002,40,24.252450767782264,False,3.8888888888888884,High
2023-02-26,Store002,SKU003,65,-32.495891019570394,True,8.75,Medium
2023-02-26,Store003,SKU001,23,66.63785736966793,False,2.1184210526315788,Critical
2023-02-26,Store003,SKU002,83,-6.087402196985352,True,6.247311827956989,High
2023-02-26,Store003,SKU003,50,-16.802054695887875,True,6.363636363636364,High
2023-02-27,Store001,SKU001,69,31.782663912160643,False,5.488636363636363,High
2023-02-27,Store001,SKU002,97,-46.11075516620727,True,12.345454545454546,Medium
2023-02-27,Store001,SKU003,97,-63.76988443546289,True,12.574074074074074,Medium
2023-02-27,Store002,SKU001,79,18.03677921262056,False,6.662650602409638,High
2023-02-27,Store002,SKU002,91,-28.176120660789167,True,9.1,Medium
2023-02-27,Store002,SKU003,51,-16.78160530528467,True,6.375,High
2023-02-27,Store003,SKU001,32,53.63785736966793,False,3.1111111111111107,High
2023-02-27,Store003,SKU002,93,-16.801687911271074,True,7.076086956521739,Medium
2023-02-27,Store003,SKU003,34,-1.6591975530307295,True,4.490566037735849,High
2023-02-28,Store001,SKU001,39,60.78266391216064,False,3.1379310344827585,High
2023-02-28,Store001,SKU002,81,-24.396469451921554,True,9.0,Medium
2023-02-28,Store001,SKU003,54,-21.198455864034315,True,7.132075471698114,Medium
2023-02-28,Store002,SKU001,10,82.03677921262056,False,0.8974358974358975,Critical
2023-02-28,Store002,SKU002,87,-24.890406375074875,True,8.826086956521738,Medium
2023-02-28,Store002,SKU003,25,9.218394694715329,False,3.125,High
2023-02-28,Store003,SKU001,60,36.63785736966793,False,5.0602409638554215,High
2023-02-28,Store003,SKU002,85,-10.23025933984249,True,6.611111111111111,High
2023-02-28,Store003,SKU003,42,-11.373483267316445,True,6.0,High
2023-03-01,Store001,SKU001,73,31.782663912160643,False,5.554347826086957,High
2023-03-01,Store001,SKU002,20,35.174959119507015,False,2.295081967213115,Critical
2023-03-01,Store001,SKU003,37,-4.198455864034315,True,4.886792452830189,High
2023-03-01,Store002,SKU001,30,79.03677921262056,False,2.210526315789474,Critical
2023-03-01,Store002,SKU002,41,22.53816505349654,False,4.042253521126761,High
2023-03-01,Store002,SKU003,14,17.218394694715325,False,2.0,Critical
2023-03-01,Store003,SKU001,52,44.63785736966793,False,4.385542168674698,High
2023-03-01,Store003,SKU002,95,-21.65883076841392,True,7.556818181818182,Medium
2023-03-01,Store003,SKU003,23,5.91223101839784,False,3.5777777777777775,High
2023-03-02,Store001,SKU001,41,71.78266391216064,False,2.8699999999999997,Critical
2023-03-02,Store001,SKU002,77,-21.110755166207262,True,8.693548387096774,Medium
2023-03-02,Store001,SKU003,34,0.5158298502513929,False,4.175438596491229,High
2023-03-02,Store002,SKU001,57,41.03677921262056,False,4.75,High
2023-03-02,Store002,SKU002,40,29.252450767782264,False,3.5443037974683542,High
2023-03-02,Store002,SKU003,46,-13.924462448141817,True,6.313725490196078,High
2023-03-02,Store003,SKU001,66,34.63785736966793,False,5.310344827586206,High
2023-03-02,Store003,SKU002,15,49.05545494587179,False,1.4000000000000001,Critical
2023-03-02,Store003,SKU003,43,-11.944911838745014,True,6.02,High
2023-03-03,Store001,SKU001,58,60.78266391216064,False,3.8301886792452833,High
2023-03-03,Store001,SKU002,49,6.174959119507015,False,5.622950819672131,High
2023-03-03,Store001,SKU003,51,-16.912741578320038,True,6.375,High
2023-03-03,Store002,SKU001,66,42.03677921262056,False,4.914893617021277,High
2023-03-03,Store002,SKU002,73,-6.604692089360597,True,6.8133333333333335,High
2023-03-03,Store002,SKU003,61,-28.495891019570394,True,8.211538461538462,Medium
2023-03-03,Store003,SKU001,43,55.63785736966793,False,3.5411764705882356,High
2023-03-03,Store003,SKU002,59,5.055454945871787,False,5.506666666666667,High
2023-03-03,Store003,SKU003,66,-33.65919755303073,True,8.716981132075473,Medium
2023-03-04,Store001,SKU001,44,82.78266391216064,False,2.7017543859649122,Critical
2023-03-04,Store001,SKU002,33,25.74638769093559,False,3.5,High
2023-03-04,Store001,SKU003,52,-20.912741578320034,True,7.428571428571429,Medium
2023-03-04,Store002,SKU001,91,20.03677921262056,False,6.56701030927835,High
2023-03-04,Store002,SKU002,66,-2.4618349465034584,True,6.507042253521127,High
2023-03-04,Store002,SKU003,25,7.075537551858183,False,3.431372549019608,High
2023-03-04,Store003,SKU001,89,17.637857369667927,False,6.698924731182795,High
2023-03-04,Store003,SKU002,88,-26.801687911271074,True,8.67605633802817,Medium
2023-03-04,Store003,SKU003,90,-58.516340410173584,True,12.352941176470589,Medium
2023-03-05,Store001,SKU001,37,82.78266391216064,False,2.420560747663551,Critical
2023-03-05,Store001,SKU002,67,-4.682183737635846,True,6.605633802816902,High
2023-03-05,Store001,SKU003,79,-47.05559872117718,True,10.843137254901961,Medium
2023-03-05,Store002,SKU001,70,49.03677921262056,False,4.666666666666667,High
2023-03-05,Store002,SKU002,71,-1.747549232217736,True,6.291139240506329,High
2023-03-05,Store002,SKU003,13,17.789823266143895,False,1.8958333333333335,Critical
2023-03-05,Store003,SKU001,59,51.63785736966793,False,4.257731958762887,High
2023-03-05,Store003,SKU002,68,-14.658830768413921,True,7.933333333333334,Medium
2023-03-05,Store003,SKU003,93,-56.802054695887875,True,10.5,Medium
2023-03-06,Store001,SKU001,18,101.78266391216064,False,1.1775700934579438,Critical
2023-03-06,Store001,SKU002,54,8.317816262364154,False,5.323943661971831,High
2023-03-06,Store001,SKU003,53,-24.484170149748604,True,8.627906976744185,Medium
2023-03-06,Store002,SKU001,12,113.03677921262056,False,0.7567567567567567,Critical
2023-03-06,Store002,SKU002,29,45.96673648206799,False,2.3333333333333335,Critical
2023-03-06,Store002,SKU003,68,-38.92446244814182,True,10.818181818181818,Medium
2023-03-06,Store003,SKU001,42,68.63785736966793,False,3.0309278350515463,High
2023-03-06,Store003,SKU002,86,-26.944545054128213,True,8.852941176470589,Medium
2023-03-06,Store003,SKU003,59,-24.516340410173584,True,7.120689655172413,Medium
2023-03-07,Store001,SKU001,60,57.78266391216064,False,4.0,High
2023-03-07,Store001,SKU002,16,43.4606734052213,False,1.671641791044776,Critical
2023-03-07,Store001,SKU003,83,-51.91274157832004,True,11.857142857142858,Medium
2023-03-07,Store002,SKU001,84,41.03677921262056,False,5.297297297297297,High
2023-03-07,Store002,SKU002,50,26.395307910639403,False,3.9325842696629216,High
2023-03-07,Store002,SKU003,40,-12.210176733856105,True,6.829268292682928,High
2023-03-07,Store003,SKU001,26,80.63785736966793,False,1.9569892473118278,Critical
2023-03-07,Store003,SKU002,19,36.48402637444322,False,2.111111111111111,Critical
2023-03-07,Store003,SKU003,30,4.055088161254986,False,3.68421052631579,High
2023-03-08,Store001,SKU001,86,27.782663912160643,False,5.96039603960396,High
2023-03-08,Store001,SKU002,27,33.88924483379274,False,2.7391304347826084,Critical
2023-03-08,Store001,SKU003,89,-59.198455864034315,True,13.543478260869566,Medium
2023-03-08,Store002,SKU001,56,64.03677921262056,False,3.69811320754717,High
2023-03-08,Store002,SKU002,11,71.10959362492513,False,0.7938144329896907,Critical
2023-03-08,Store002,SKU003,55,-23.353033876713244,True,7.699999999999999,Medium
2023-03-08,Store003,SKU001,69,51.63785736966793,False,4.5140186915887845,High
2023-03-08,Store003,SKU002,93,-33.94454505412821,True,9.573529411764707,Medium
2023-03-08,Store003,SKU003,57,-21.65919755303073,True,6.65,High
2023-03-09,Store001,SKU001,45,67.78266391216064,False,3.15,High
2023-03-09,Store001,SKU002,25,42.31781626236415,False,2.2435897435897436,Critical
2023-03-09,Store001,SKU003,14,15.801544135965681,False,2.130434782608696,Critical
2023-03-09,Store002,SKU001,13,115.03677921262056,False,0.7982456140350878,Critical
2023-03-09,Store002,SKU002,53,24.109593624925125,False,4.122222222222222,High
2023-03-09,Store002,SKU003,82,-53.78160530528467,True,13.666666666666666,Medium
2023-03-09,Store003,SKU001,66,53.63785736966793,False,4.358490566037736,High
2023-03-09,Store003,SKU002,29,35.05545494587179,False,2.706666666666667,Critical
2023-03-09,Store003,SKU003,99,-66.2306261244593,True,12.833333333333334,Medium
2023-03-10,Store001,SKU001,13,99.78266391216064,False,0.9099999999999999,Critical
2023-03-10,Store001,SKU002,44,33.31781626236415,False,3.347826086956522,High
2023-03-10,Store001,SKU003,84,-55.91274157832004,True,14.0,Medium
2023-03-10,Store002,SKU001,45,70.03677921262056,False,3.118811881188119,High
2023-03-10,Store002,SKU002,67,7.252450767782264,False,5.453488372093023,High
2023-03-10,Store002,SKU003,58,-30.638748162427532,True,10.15,Medium
2023-03-10,Store003,SKU001,30,98.6378573696679,False,1.8260869565217392,Critical
2023-03-10,Store003,SKU002,51,13.76974066015751,False,4.697368421052631,High
2023-03-10,Store003,SKU003,24,9.197945304112125,False,3.0545454545454547,High
2023-03-11,Store001,SKU001,64,35.78266391216064,False,5.149425287356322,High
2023-03-11,Store001,SKU002,68,6.4606734052213,False,5.409090909090909,High
2023-03-11,Store001,SKU003,73,-44.05559872117718,True,11.613636363636363,Medium
2023-03-11,Store002,SKU001,66,43.03677921262056,False,4.863157894736842,High
2023-03-11,Store002,SKU002,14,55.252450767782264,False,1.240506329113924,Critical
2023-03-11,Store002,SKU003,30,-1.7816053052846748,True,5.0,High
2023-03-11,Store003,SKU001,84,37.63785736966793,False,5.444444444444445,High
2023-03-11,Store003,SKU002,44,15.055454945871787,False,4.529411764705883,High
2023-03-11,Store003,SKU003,28,7.3408024469692705,False,3.2666666666666666,High
2023-03-12,Store001,SKU001,43,55.78266391216064,False,3.5,High
2023-03-12,Store001,SKU002,88,0.7463876909355776,False,5.703703703703703,High
2023-03-12,Store001,SKU003,29,1.6586869931085353,False,4.229166666666667,High
2023-03-12,Store002,SKU001,94,13.036779212620559,False,7.075268817204301,Medium
2023-03-12,Store002,SKU002,58,2.6810221963536947,False,6.059701492537314,High
2023-03-12,Store002,SKU003,89,-57.78160530528467,True,12.714285714285714,Medium
2023-03-12,Store003,SKU001,19,97.63785736966793,False,1.2912621359223302,Critical
2023-03-12,Store003,SKU002,55,9.055454945871787,False,5.133333333333334,High
2023-03-12,Store003,SKU003,86,-55.373483267316445,True,12.285714285714286,Medium
2023-03-13,Store001,SKU001,24,78.78266391216064,False,1.8666666666666667,Critical
2023-03-13,Store001,SKU002,60,21.60353054807844,False,4.285714285714286,High
2023-03-13,Store001,SKU003,38,-7.769884435462892,True,5.659574468085106,High
2023-03-13,Store002,SKU001,87,13.036779212620559,False,7.081395348837209,Medium
2023-03-13,Store002,SKU002,14,43.109593624925125,False,1.5806451612903225,Critical
2023-03-13,Store002,SKU003,72,-41.63874816242753,True,10.72340425531915,Medium
2023-03-13,Store003,SKU001,14,101.63785736966793,False,0.9607843137254902,Critical
2023-03-13,Store003,SKU002,88,-35.37311648269963,True,10.440677966101694,Medium
2023-03-13,Store003,SKU003,20,11.91223101839784,False,2.692307692307692,Critical
2023-03-14,Store001,SKU001,63,38.78266391216064,False,4.955056179775281,High
2023-03-14,Store001,SKU002,21,63.4606734052213,False,1.4411764705882353,Critical
2023-03-14,Store001,SKU003,21,8.801544135965681,False,3.1956521739130435,High
2023-03-14,Store002,SKU001,37,77.03677921262056,False,2.59,Critical
2023-03-14,Store002,SKU002,83,-25.176120660789167,True,9.222222222222221,Medium
2023-03-14,Store002,SKU003,41,-10.638748162427532,True,6.1063829787234045,High
2023-03-14,Store003,SKU001,23,84.63785736966793,False,1.7127659574468084,Critical
2023-03-14,Store003,SKU002,98,-39.65883076841392,True,10.238805970149254,Medium
2023-03-14,Store003,SKU003,12,22.055088161254986,False,1.473684210526316,Critical
2023-03-15,Store001,SKU001,19,79.78266391216064,False,1.5465116279069766,Critical
2023-03-15,Store001,SKU002,21,57.74638769093558,False,1.5638297872340425,Critical
2023-03-15,Store001,SKU003,77,-44.627027292605746,True,10.365384615384615,Medium
2023-03-15,Store002,SKU001,76,27.03677921262056,False,5.977528089887641,High
2023-03-15,Store002,SKU002,63,-3.0332635179320135,True,6.681818181818182,High
2023-03-15,Store002,SKU003,79,-52.06731959099896,True,14.17948717948718,Low
2023-03-15,Store003,SKU001,29,63.63785736966793,False,2.569620253164557,Critical
2023-03-15,Store003,SKU002,65,-6.658830768413921,True,6.791044776119403,High
2023-03-15,Store003,SKU003,41,-6.944911838745014,True,5.035087719298246,High
2023-03-16,Store001,SKU001,82,16.782663912160643,False,6.674418604651162,High
2023-03-16,Store001,SKU002,21,53.4606734052213,False,1.6704545454545454,Critical
2023-03-16,Store001,SKU003,96,-64.4841701497486,True,13.44,Medium
2023-03-16,Store002,SKU001,12,84.03677921262056,False,1.024390243902439,Critical
2023-03-16,Store002,SKU002,23,39.82387933921083,False,2.3,Critical
2023-03-16,Store002,SKU003,54,-24.06731959099896,True,8.217391304347826,Medium
2023-03-16,Store003,SKU001,37,52.63785736966793,False,3.4078947368421053,High
2023-03-16,Store003,SKU002,33,26.76974066015751,False,3.3478260869565215,High
2023-03-16,Store003,SKU003,20,17.91223101839784,False,2.121212121212121,Critical
2023-03-17,Store001,SKU001,89,9.782663912160643,False,7.2441860465116275,Medium
2023-03-17,Store001,SKU002,89,-22.39646945192156,True,8.090909090909092,Medium
2023-03-17,Store001,SKU003,39,-9.198455864034319,True,5.934782608695652,High
2023-03-17,Store002,SKU001,38,65.03677921262056,False,2.9887640449438204,Critical
2023-03-17,Store002,SKU002,37,31.53816505349654,False,3.3205128205128207,High
2023-03-17,Store002,SKU003,68,-37.2101767338561,True,9.916666666666668,Medium
2023-03-17,Store003,SKU001,19,71.63785736966793,False,1.7272727272727273,Critical
2023-03-17,Store003,SKU002,39,22.91259780301465,False,3.7916666666666665,High
2023-03-17,Store003,SKU003,51,-15.230626124459306,True,5.852459016393444,High
2023-03-18,Store001,SKU001,68,33.78266391216064,False,5.348314606741574,High
2023-03-18,Store001,SKU002,78,-9.253612309064408,True,6.825,High
2023-03-18,Store001,SKU003,67,-31.627027292605746,True,7.9491525423728815,Medium
2023-03-18,Store002,SKU001,58,45.03677921262056,False,4.561797752808989,High
2023-03-18,Store002,SKU002,23,51.252450767782264,False,1.872093023255814,Critical
2023-03-18,Store002,SKU003,24,8.075537551858183,False,3.2941176470588234,High
2023-03-18,Store003,SKU001,81,12.637857369667927,False,7.0874999999999995,Medium
2023-03-18,Store003,SKU002,65,5.484026374443218,False,5.416666666666667,High
2023-03-18,Store003,SKU003,23,13.626516732683555,False,2.5555555555555554,Critical
2023-03-19,Store001,SKU001,92,23.782663912160643,False,6.252427184466019,High
2023-03-19,Store001,SKU002,49,6.889244833792738,False,5.532258064516129,High
2023-03-19,Store001,SKU003,13,23.65868699310854,False,1.4677419354838708,Critical
2023-03-19,Store002,SKU001,61,41.03677921262056,False,4.8522727272727275,High
2023-03-19,Store002,SKU002,63,9.823879339210833,False,5.25,High
2023-03-19,Store002,SKU003,40,-5.353033876713248,True,4.912280701754386,High
2023-03-19,Store003,SKU001,76,27.637857369667927,False,5.9111111111111105,High
2023-03-19,Store003,SKU002,88,-17.515973625556782,True,7.333333333333333,Medium
2023-03-19,Store003,SKU003,78,-43.516340410173584,True,9.413793103448276,Medium
2023-03-20,Store001,SKU001,48,63.78266391216064,False,3.393939393939394,High
2023-03-20,Store001,SKU002,48,15.032101976649876,False,4.666666666666666,High
2023-03-20,Store001,SKU003,92,-53.627027292605746,True,9.757575757575758,Medium
2023-03-20,Store002,SKU001,11,91.03677921262056,False,0.875,Critical
2023-03-20,Store002,SKU002,88,-14.461834946503458,True,7.247058823529412,Medium
2023-03-20,Store002,SKU003,83,-47.495891019570394,True,9.847457627118644,Medium
2023-03-20,Store003,SKU001,98,5.637857369667927,False,7.622222222222222,Medium
2023-03-20,Store003,SKU002,10,63.34116923158608,False,0.7954545454545455,Critical
2023-03-20,Store003,SKU003,42,-2.8020546958878754,True,4.260869565217391,High
2023-03-21,Store001,SKU001,83,27.782663912160643,False,5.928571428571429,High
2023-03-21,Store001,SKU002,74,-14.5393265947787,True,7.73134328358209,Medium
2023-03-21,Store001,SKU003,16,20.2301155645371,False,1.836065573770492,Critical
2023-03-21,Store002,SKU001,49,48.03677921262056,False,4.132530120481928,High
2023-03-21,Store002,SKU002,20,59.252450767782264,False,1.5053763440860215,Critical
2023-03-21,Store002,SKU003,82,-46.06731959099896,True,9.566666666666666,Medium
2023-03-21,Store003,SKU001,17,89.63785736966793,False,1.2795698924731183,Critical
2023-03-21,Store003,SKU002,29,39.34116923158608,False,2.506172839506173,Critical
2023-03-21,Store003,SKU003,41,-2.6591975530307295,True,4.2835820895522385,High
2023-03-22,Store001,SKU001,57,51.78266391216064,False,4.15625,High
2023-03-22,Store001,SKU002,82,-16.11075516620727,True,7.552631578947368,Medium
2023-03-22,Store001,SKU003,13,23.2301155645371,False,1.4918032786885247,Critical
2023-03-22,Store002,SKU001,47,61.03677921262056,False,3.5,High
2023-03-22,Store002,SKU002,64,3.8238793392108335,False,5.818181818181818,High
2023-03-22,Store002,SKU003,32,5.646966123286752,False,3.5,High
2023-03-22,Store003,SKU001,50,63.63785736966793,False,3.5,High
2023-03-22,Store003,SKU002,28,33.198312088728926,False,2.7605633802816905,Critical
2023-03-22,Store003,SKU003,64,-26.516340410173584,True,6.892307692307692,High
2023-03-23,Store001,SKU001,91,13.782663912160643,False,6.923913043478261,High
2023-03-23,Store001,SKU002,38,24.317816262364154,False,3.746478873239437,High
2023-03-23,Store001,SKU003,99,-63.198455864034315,True,11.55,Medium
2023-03-23,Store002,SKU001,32,79.03677921262056,False,2.3092783505154637,Critical
2023-03-23,Store002,SKU002,78,-10.890406375074875,True,7.184210526315789,Medium
2023-03-23,Store002,SKU003,81,-44.2101767338561,True,9.14516129032258,Medium
2023-03-23,Store003,SKU001,27,92.63785736966793,False,1.7830188679245285,Critical
2023-03-23,Store003,SKU002,83,-24.65883076841392,True,8.671641791044776,Medium
2023-03-23,Store003,SKU003,36,-1.5163404101735836,True,4.344827586206896,High
2023-03-24,Store001,SKU001,64,31.782663912160643,False,5.397590361445783,High
2023-03-24,Store001,SKU002,79,-17.396469451921554,True,7.9,Medium
2023-03-24,Store001,SKU003,66,-27.198455864034315,True,6.895522388059701,High
2023-03-24,Store002,SKU001,61,49.03677921262056,False,4.447916666666667,High
2023-03-24,Store002,SKU002,92,-29.890406375074875,True,9.333333333333332,Medium
2023-03-24,Store002,SKU003,41,-4.210176733856102,True,4.629032258064516,High
2023-03-24,Store003,SKU001,95,21.637857369667927,False,6.456310679611651,High
2023-03-24,Store003,SKU002,44,10.76974066015751,False,4.967741935483871,High
2023-03-24,Store003,SKU003,73,-36.373483267316445,True,8.11111111111111,Medium
2023-03-25,Store001,SKU001,42,42.78266391216064,False,4.083333333333333,High
2023-03-25,Store001,SKU002,92,-33.96789802335012,True,9.907692307692306,Medium
2023-03-25,Store001,SKU003,67,-36.34131300689147,True,9.770833333333334,Medium
2023-03-25,Store002,SKU001,95,20.03677921262056,False,6.584158415841584,High
2023-03-25,Store002,SKU002,86,-21.033263517932014,True,8.246575342465754,Medium
2023-03-25,Store002,SKU003,39,-0.92446244814181,True,4.199999999999999,High
2023-03-25,Store003,SKU001,51,62.63785736966793,False,3.57,High
2023-03-25,Store003,SKU002,21,30.91259780301465,False,2.5344827586206895,Critical
2023-03-25,Store003,SKU003,52,-14.08776898160216,True,5.515151515151515,High
2023-03-26,Store001,SKU001,36,49.78266391216064,False,3.452054794520548,High
2023-03-26,Store001,SKU002,18,40.03210197664988,False,1.9384615384615382,Critical
2023-03-26,Store001,SKU003,43,-14.055598721177176,True,6.840909090909091,High
2023-03-26,Store002,SKU001,54,56.03677921262056,False,3.9375,High
2023-03-26,Store002,SKU002,69,0.9667364820679865,False,6.0375,High
2023-03-26,Store002,SKU003,23,12.932680409001037,False,2.6833333333333336,Critical
2023-03-26,Store003,SKU001,57,49.63785736966793,False,4.290322580645161,High
2023-03-26,Store003,SKU002,25,26.198312088728926,False,3.0701754385964914,High
2023-03-26,Store003,SKU003,77,-39.516340410173584,True,8.292307692307691,Medium
2023-03-27,Store001,SKU001,16,78.78266391216064,False,1.3658536585365855,Critical
2023-03-27,Store001,SKU002,65,-7.682183737635846,True,7.109375,Medium
2023-03-27,Store001,SKU003,75,-47.76988443546289,True,13.125,Medium
2023-03-27,Store002,SKU001,31,76.03677921262056,False,2.333333333333333,Critical
2023-03-27,Store002,SKU002,74,5.252450767782264,False,5.569892473118279,High
2023-03-27,Store002,SKU003,80,-38.92446244814181,True,7.777777777777777,Medium
2023-03-27,Store003,SKU001,91,3.637857369667927,False,7.864197530864198,Medium
2023-03-27,Store003,SKU002,73,-20.37311648269963,True,8.661016949152541,Medium
2023-03-27,Store003,SKU003,82,-49.230626124459306,True,10.62962962962963,Medium
2023-03-28,Store001,SKU001,62,24.782663912160643,False,5.864864864864865,High
2023-03-28,Store001,SKU002,39,17.603530548078446,False,4.333333333333333,High
2023-03-28,Store001,SKU003,71,-42.91274157832004,True,11.833333333333334,Medium
2023-03-28,Store002,SKU001,80,21.03677921262056,False,6.436781609195402,High
2023-03-28,Store002,SKU002,47,26.53816505349654,False,3.8705882352941177,High
2023-03-28,Store002,SKU003,13,25.932680409001037,False,1.3582089552238807,Critical
2023-03-28,Store003,SKU001,64,29.637857369667927,False,5.6,High
2023-03-28,Store003,SKU002,25,26.91259780301465,False,3.0172413793103448,High
2023-03-28,Store003,SKU003,43,-8.08776898160216,True,5.101694915254237,High
2023-03-29,Store001,SKU001,19,72.78266391216064,False,1.6835443037974682,Critical
2023-03-29,Store001,SKU002,43,7.889244833792731,False,5.472727272727273,High
2023-03-29,Store001,SKU003,29,-1.7698844354628918,True,5.075,High
2023-03-29,Store002,SKU001,56,44.03677921262056,False,4.558139534883721,High
2023-03-29,Store002,SKU002,74,5.252450767782264,False,5.569892473118279,High
2023-03-29,Store002,SKU003,79,-42.2101767338561,True,8.919354838709676,Medium
2023-03-29,Store003,SKU001,80,10.637857369667927,False,7.2727272727272725,Medium
2023-03-29,Store003,SKU002,11,45.198312088728926,False,1.203125,Critical
2023-03-29,Store003,SKU003,75,-40.944911838745014,True,9.210526315789474,Medium
2023-03-30,Store001,SKU001,96,1.7826639121606433,False,7.905882352941177,Medium
2023-03-30,Store001,SKU002,90,-37.682183737635846,True,11.05263157894737,Medium
2023-03-30,Store001,SKU003,19,12.087258421679966,False,2.7142857142857144,Critical
2023-03-30,Store002,SKU001,18,84.03677921262056,False,1.4318181818181819,Critical
2023-03-30,Store002,SKU002,40,37.109593624925125,False,3.111111111111111,High
2023-03-30,Store002,SKU003,33,4.646966123286752,False,3.609375,High
2023-03-30,Store003,SKU001,63,32.63785736966793,False,5.378048780487806,High
2023-03-30,Store003,SKU002,94,-37.08740219698535,True,10.123076923076923,Medium
2023-03-30,Store003,SKU003,98,-64.80205469588788,True,12.472727272727273,Medium
2023-03-31,Store001,SKU001,37,63.78266391216064,False,2.9431818181818183,Critical
2023-03-31,Store001,SKU002,45,12.317816262364154,False,4.921875,High
2023-03-31,Store001,SKU003,18,13.515829850251396,False,2.52,Critical
2023-03-31,Store002,SKU001,89,10.036779212620559,False,7.329411764705883,Medium
2023-03-31,Store002,SKU002,80,-6.461834946503458,True,6.588235294117648,High
2023-03-31,Store002,SKU003,38,0.07553755185819,False,4.092307692307692,High
2023-03-31,Store003,SKU001,41,44.63785736966793,False,3.9861111111111107,High
2023-03-31,Store003,SKU002,33,23.198312088728926,False,3.609375,High
2023-03-31,Store003,SKU003,23,10.197945304112125,False,2.9272727272727272,Critical
2023-04-01,Store001,SKU001,16,96.78266391216064,False,1.1199999999999999,Critical
2023-04-01,Store001,SKU002,32,23.889244833792738,False,3.6129032258064515,High
2023-04-01,Store001,SKU003,53,-15.484170149748607,True,5.796875,High
2023-04-01,Store002,SKU001,56,38.03677921262056,False,4.8999999999999995,High
2023-04-01,Store002,SKU002,60,10.681022196353695,False,5.185185185185185,High
2023-04-01,Store002,SKU003,29,6.07553755185819,False,3.4999999999999996,High
2023-04-01,Store003,SKU001,30,59.63785736966793,False,2.763157894736842,Critical
2023-04-01,Store003,SKU002,60,-2.373116482699629,True,6.363636363636363,High
2023-04-01,Store003,SKU003,81,-47.802054695887875,True,10.30909090909091,Medium
2023-04-02,Store001,SKU001,91,12.782663912160643,False,7.0,High
2023-04-02,Store001,SKU002,34,24.74638769093559,False,3.606060606060606,High
2023-04-02,Store001,SKU003,96,-56.34131300689146,True,9.739130434782608,Medium
2023-04-02,Store002,SKU001,10,86.03677921262056,False,0.853658536585366,Critical
2023-04-02,Store002,SKU002,21,51.109593624925125,False,1.7710843373493974,Critical
2023-04-02,Store002,SKU003,45,-11.210176733856102,True,5.7272727272727275,High
2023-04-02,Store003,SKU001,56,36.63785736966793,False,4.962025316455696,High
2023-04-02,Store003,SKU002,49,3.626883517300371,False,5.813559322033898,High
2023-04-02,Store003,SKU003,88,-52.65919755303073,True,10.266666666666667,Medium
2023-04-03,Store001,SKU001,56,33.78266391216064,False,5.090909090909091,High
2023-04-03,Store001,SKU002,16,42.03210197664988,False,1.723076923076923,Critical
2023-04-03,Store001,SKU003,19,21.944401278822824,False,1.847222222222222,Critical
2023-04-03,Store002,SKU001,19,68.03677921262056,False,1.821917808219178,Critical
2023-04-03,Store002,SKU002,93,-23.747549232217736,True,8.240506329113924,Medium
2023-04-03,Store002,SKU003,71,-41.495891019570394,True,11.044444444444444,Medium
2023-04-03,Store003,SKU001,88,16.637857369667927,False,6.769230769230769,High
2023-04-03,Store003,SKU002,40,14.055454945871787,False,4.59016393442623,High
2023-04-03,Store003,SKU003,48,-11.373483267316445,True,5.333333333333333,High
2023-04-04,Store001,SKU001,45,52.78266391216064,False,3.7058823529411766,High
2023-04-04,Store001,SKU002,23,32.88924483379274,False,2.596774193548387,Critical
2023-04-04,Store001,SKU003,89,-46.7698844354629,True,8.306666666666667,Medium
2023-04-04,Store002,SKU001,81,2.0367792126205586,False,8.217391304347826,Medium
2023-04-04,Store002,SKU002,87,-17.033263517932014,True,7.6125,Medium
2023-04-04,Store002,SKU003,44,-13.638748162427532,True,6.553191489361702,High
2023-04-04,Store003,SKU001,59,53.63785736966793,False,4.171717171717172,High
2023-04-04,Store003,SKU002,81,-22.65883076841392,True,8.462686567164178,Medium
2023-04-04,Store003,SKU003,65,-30.516340410173584,True,7.844827586206896,Medium
2023-04-05,Store001,SKU001,38,61.78266391216064,False,3.057471264367816,High
2023-04-05,Store001,SKU002,28,26.4606734052213,False,3.2666666666666666,High
2023-04-05,Store001,SKU003,52,-12.769884435462899,True,5.352941176470589,High
2023-04-05,Store002,SKU001,16,67.03677921262056,False,1.6231884057971013,Critical
2023-04-05,Store002,SKU002,59,12.395307910639403,False,5.036585365853659,High
2023-04-05,Store002,SKU003,84,-53.2101767338561,True,12.25,Medium
2023-04-05,Store003,SKU001,98,13.637857369667927,False,7.0,High
2023-04-05,Store003,SKU002,57,-4.373116482699629,True,6.762711864406779,High
2023-04-05,Store003,SKU003,46,-10.65919755303073,True,5.366666666666667,High
2023-04-06,Store001,SKU001,20,69.78266391216064,False,1.8181818181818181,Critical
2023-04-06,Store001,SKU002,89,-32.396469451921554,True,9.88888888888889,Medium
2023-04-06,Store001,SKU003,27,11.372972707394254,False,2.8636363636363638,Critical
2023-04-06,Store002,SKU001,86,-0.9632207873794414,True,8.47887323943662,Medium
2023-04-06,Store002,SKU002,68,6.252450767782264,False,5.534883720930233,High
2023-04-06,Store002,SKU003,43,-12.210176733856105,True,6.270833333333334,High
2023-04-06,Store003,SKU001,71,29.637857369667927,False,5.712643678160919,High
2023-04-06,Store003,SKU002,77,-20.08740219698535,True,8.292307692307691,Medium
2023-04-06,Store003,SKU003,98,-62.230626124459306,True,11.245901639344263,Medium
2023-04-07,Store001,SKU001,11,86.78266391216064,False,0.9058823529411765,Critical
2023-04-07,Store001,SKU002,48,7.889244833792738,False,5.419354838709677,High
2023-04-07,Store001,SKU003,90,-50.7698844354629,True,9.264705882352942,Medium
2023-04-07,Store002,SKU001,86,-1.9632207873794414,True,8.6,Medium
2023-04-07,Store002,SKU002,28,51.252450767782264,False,2.10752688172043,Critical
2023-04-07,Store002,SKU003,95,-63.78160530528467,True,13.571428571428571,Medium
2023-04-07,Store003,SKU001,36,73.63785736966793,False,2.625,Critical
2023-04-07,Store003,SKU002,28,35.34116923158608,False,2.6486486486486487,Critical
2023-04-07,Store003,SKU003,84,-49.08776898160216,True,9.966101694915254,Medium
2023-04-08,Store001,SKU001,46,53.78266391216064,False,3.7011494252873565,High
2023-04-08,Store001,SKU002,46,12.746387690935592,False,4.878787878787879,High
2023-04-08,Store001,SKU003,71,-33.05559872117718,True,7.646153846153846,Medium
2023-04-08,Store002,SKU001,69,27.03677921262056,False,5.890243902439025,High
2023-04-08,Store002,SKU002,77,10.823879339210833,False,5.133333333333334,High
2023-04-08,Store002,SKU003,31,1.5041089804296064,False,4.173076923076923,High
2023-04-08,Store003,SKU001,71,30.637857369667927,False,5.6477272727272725,High
2023-04-08,Store003,SKU002,60,0.48402637444321783,False,6.0,High
2023-04-08,Store003,SKU003,48,-15.230626124459306,True,6.222222222222222,High
2023-04-09,Store001,SKU001,64,41.78266391216064,False,4.817204301075269,High
2023-04-09,Store001,SKU002,16,39.174959119507015,False,1.836065573770492,Critical
2023-04-09,Store001,SKU003,56,-21.912741578320038,True,7.0,High
2023-04-09,Store002,SKU001,17,77.03677921262056,False,1.4875,Critical
2023-04-09,Store002,SKU002,94,-16.176120660789167,True,7.230769230769231,Medium
2023-04-09,Store002,SKU003,89,-53.495891019570394,True,10.559322033898304,Medium
2023-04-09,Store003,SKU001,23,77.63785736966793,False,1.8505747126436782,Critical
2023-04-09,Store003,SKU002,98,-37.51597362555678,True,9.8,Medium
2023-04-09,Store003,SKU003,85,-49.230626124459306,True,9.754098360655739,Medium
2023-04-10,Store001,SKU001,63,48.78266391216064,False,4.454545454545455,High
2023-04-10,Store001,SKU002,21,34.88924483379274,False,2.3709677419354835,Critical
2023-04-10,Store001,SKU003,22,12.944401278822824,False,2.655172413793103,Critical
2023-04-10,Store002,SKU001,14,85.03677921262056,False,1.1529411764705884,Critical
2023-04-10,Store002,SKU002,15,54.96673648206799,False,1.3125,Critical
2023-04-10,Store002,SKU003,50,-13.210176733856102,True,5.64516129032258,High
2023-04-10,Store003,SKU001,43,61.63785736966793,False,3.3076923076923075,High
2023-04-10,Store003,SKU002,26,37.34116923158608,False,2.4594594594594597,Critical
2023-04-10,Store003,SKU003,41,-3.5163404101735836,True,4.415384615384615,High
2023-04-11,Store001,SKU001,50,53.78266391216064,False,3.8461538461538463,High
2023-04-11,Store001,SKU002,31,27.032101976649876,False,3.338461538461538,High
2023-04-11,Store001,SKU003,88,-53.91274157832004,True,11.0,Medium
2023-04-11,Store002,SKU001,51,53.03677921262056,False,3.9666666666666663,High
2023-04-11,Store002,SKU002,13,58.3953079106394,False,1.1097560975609757,Critical
2023-04-11,Store002,SKU003,38,1.3612518375724676,False,3.9117647058823533,High
2023-04-11,Store003,SKU001,79,21.637857369667927,False,6.35632183908046,High
2023-04-11,Store003,SKU002,14,42.91259780301465,False,1.5076923076923077,Critical
2023-04-11,Store003,SKU003,52,-13.230626124459306,True,5.352941176470589,High
2023-04-12,Store001,SKU001,12,86.78266391216064,False,0.9767441860465116,Critical
2023-04-12,Store001,SKU002,66,-1.5393265947787,True,6.243243243243243,High
2023-04-12,Store001,SKU003,70,-32.48417014974861,True,7.65625,Medium
2023-04-12,Store002,SKU001,49,48.03677921262056,False,4.132530120481928,High
2023-04-12,Store002,SKU002,95,-25.033263517932014,True,8.3125,Medium
2023-04-12,Store002,SKU003,20,19.361251837572468,False,2.058823529411765,Critical
2023-04-12,Store003,SKU001,56,57.63785736966793,False,3.92,High
2023-04-12,Store003,SKU002,88,-26.08740219698535,True,8.555555555555555,Medium
2023-04-12,Store003,SKU003,12,29.769373875540694,False,1.12,Critical
2023-04-13,Store001,SKU001,78,29.782663912160643,False,5.747368421052632,High
2023-04-13,Store001,SKU002,61,-0.8250408804929847,True,6.279411764705883,High
2023-04-13,Store001,SKU003,95,-57.05559872117718,True,10.23076923076923,Medium
2023-04-13,Store002,SKU001,36,63.03677921262056,False,2.9647058823529413,Critical
2023-04-13,Store002,SKU002,31,42.53816505349654,False,2.5529411764705885,Critical
2023-04-13,Store002,SKU003,85,-41.35303387671324,True,7.628205128205129,Medium
2023-04-13,Store003,SKU001,35,79.63785736966793,False,2.4257425742574257,Critical
2023-04-13,Store003,SKU002,45,13.341169231586079,False,4.701492537313433,High
2023-04-13,Store003,SKU003,16,23.197945304112125,False,1.6231884057971013,Critical
2023-04-14,Store001,SKU001,20,82.78266391216064,False,1.5555555555555556,Critical
2023-04-14,Store001,SKU002,99,-43.825040880492985,True,11.360655737704919,Medium
2023-04-14,Store001,SKU003,14,23.515829850251393,False,1.53125,Critical
2023-04-14,Store002,SKU001,62,41.03677921262056,False,4.876404494382022,High
2023-04-14,Store002,SKU002,72,-1.3189778036463053,True,6.222222222222222,High
2023-04-14,Store002,SKU003,86,-43.2101767338561,True,7.921052631578947,Medium
2023-04-14,Store003,SKU001,54,64.63785736966793,False,3.6,High
2023-04-14,Store003,SKU002,92,-30.08740219698535,True,8.944444444444445,Medium
2023-04-14,Store003,SKU003,63,-25.08776898160216,True,6.681818181818182,High
2023-04-15,Store001,SKU001,23,73.78266391216064,False,1.9166666666666667,Critical
2023-04-15,Store001,SKU002,31,21.317816262364154,False,3.8070175438596494,High
2023-04-15,Store001,SKU003,14,24.801544135965685,False,1.462686567164179,Critical
2023-04-15,Store002,SKU001,11,80.03677921262056,False,1.0,Critical
2023-04-15,Store002,SKU002,37,27.252450767782264,False,3.597222222222222,High
2023-04-15,Store002,SKU003,12,29.932680409001037,False,1.135135135135135,Critical
2023-04-15,Store003,SKU001,50,71.63785736966793,False,3.2407407407407405,High
2023-04-15,Store003,SKU002,49,10.055454945871787,False,5.044117647058824,High
2023-04-15,Store003,SKU003,91,-55.65919755303073,True,10.616666666666667,Medium
2023-04-16,Store001,SKU001,91,-6.217336087839357,True,8.847222222222221,Medium
2023-04-16,Store001,SKU002,62,-13.253612309064408,True,8.346153846153847,Medium
2023-04-16,Store001,SKU003,45,-3.627027292605746,True,4.315068493150685,High
2023-04-16,Store002,SKU001,84,8.036779212620559,False,7.538461538461539,Medium
2023-04-16,Store002,SKU002,86,-18.176120660789167,True,7.818181818181818,Medium
2023-04-16,Store002,SKU003,10,29.789823266143898,False,1.0144927536231882,Critical
2023-04-16,Store003,SKU001,17,115.63785736966793,False,1.0,Critical
2023-04-16,Store003,SKU002,55,16.198312088728926,False,4.529411764705882,High
2023-04-16,Store003,SKU003,10,23.197945304112125,False,1.2727272727272727,Critical
2023-04-17,Store001,SKU001,94,-4.217336087839357,True,8.545454545454545,Medium
2023-04-17,Store001,SKU002,61,-11.5393265947787,True,8.056603773584905,Medium
2023-04-17,Store001,SKU003,65,-25.7698844354629,True,6.6911764705882355,High
2023-04-17,Store002,SKU001,57,39.03677921262056,False,4.865853658536586,High
2023-04-17,Store002,SKU002,24,45.252450767782264,False,2.1265822784810124,Critical
2023-04-17,Store002,SKU003,24,16.21839469471533,False,2.4,Critical
2023-04-17,Store003,SKU001,42,81.63785736966793,False,2.672727272727273,Critical
2023-04-17,Store003,SKU002,69,0.7697406601575096,False,5.8192771084337345,High
2023-04-17,Store003,SKU003,11,18.34080244696927,False,1.673913043478261,Critical
2023-04-18,Store001,SKU001,46,55.78266391216064,False,3.617977528089888,High
2023-04-18,Store001,SKU002,59,-1.682183737635846,True,6.453125,High
2023-04-18,Store001,SKU003,63,-25.055598721177176,True,6.7846153846153845,High
2023-04-18,Store002,SKU001,64,30.03677921262056,False,5.6,High
2023-04-18,Store002,SKU002,82,-9.890406375074875,True,6.9156626506024095,High
2023-04-18,Store002,SKU003,47,-9.353033876713248,True,5.140625,High
2023-04-18,Store003,SKU001,76,34.63785736966793,False,5.484536082474227,High
2023-04-18,Store003,SKU002,26,45.91259780301465,False,2.1162790697674416,Critical
2023-04-18,Store003,SKU003,84,-56.802054695887875,True,14.341463414634147,Low
2023-04-19,Store001,SKU001,68,34.78266391216064,False,5.288888888888889,High
2023-04-19,Store001,SKU002,15,46.603530548078446,False,1.5,Critical
2023-04-19,Store001,SKU003,30,6.658686993108539,False,3.387096774193548,High
2023-04-19,Store002,SKU001,52,52.03677921262056,False,4.044444444444444,High
2023-04-19,Store002,SKU002,24,44.53816505349654,False,2.1538461538461537,Critical
2023-04-19,Store002,SKU003,68,-31.638748162427532,True,7.803278688524591,Medium
2023-04-19,Store003,SKU001,48,38.63785736966793,False,4.602739726027397,High
2023-04-19,Store003,SKU002,22,50.62688351730037,False,1.7701149425287357,Critical
2023-04-19,Store003,SKU003,33,-7.944911838745014,True,6.416666666666666,High
2023-04-20,Store001,SKU001,62,42.78266391216064,False,4.717391304347826,High
2023-04-20,Store001,SKU002,53,13.603530548078439,False,4.818181818181818,High
2023-04-20,Store001,SKU003,34,0.08725842167996234,False,4.25,High
2023-04-20,Store002,SKU001,70,23.03677921262056,False,6.20253164556962,High
2023-04-20,Store002,SKU002,54,8.823879339210833,False,5.4,High
2023-04-20,Store002,SKU003,73,-42.2101767338561,True,10.645833333333334,Medium
2023-04-20,Store003,SKU001,82,4.637857369667927,False,7.863013698630136,Medium
2023-04-20,Store003,SKU002,77,-10.087402196985352,True,6.822784810126582,High
2023-04-20,Store003,SKU003,47,-15.08776898160216,True,6.326923076923077,High
2023-04-21,Store001,SKU001,74,25.782663912160643,False,5.954022988505747,High
2023-04-21,Store001,SKU002,32,38.88924483379273,False,2.6987951807228914,Critical
2023-04-21,Store001,SKU003,69,-34.05559872117718,True,8.327586206896552,Medium
2023-04-21,Store002,SKU001,97,6.036779212620559,False,7.629213483146068,Medium
2023-04-21,Store002,SKU002,60,9.966736482067986,False,5.25,High
2023-04-21,Store002,SKU003,24,8.075537551858183,False,3.2941176470588234,High
2023-04-21,Store003,SKU001,99,-17.362142630332073,True,10.191176470588236,Medium
2023-04-21,Store003,SKU002,28,39.62688351730037,False,2.4499999999999997,Critical
2023-04-21,Store003,SKU003,16,18.483659589826416,False,1.9310344827586206,Critical
2023-04-22,Store001,SKU001,60,43.78266391216064,False,4.615384615384615,High
2023-04-22,Store001,SKU002,99,-20.96789802335013,True,7.451612903225806,Medium
2023-04-22,Store001,SKU003,59,-27.912741578320034,True,8.428571428571429,Medium
2023-04-22,Store002,SKU001,74,27.03677921262056,False,5.954022988505747,High
2023-04-22,Store002,SKU002,12,57.252450767782264,False,1.0632911392405062,Critical
2023-04-22,Store002,SKU003,85,-52.06731959099896,True,11.226415094339623,Medium
2023-04-22,Store003,SKU001,18,75.63785736966793,False,1.575,Critical
2023-04-22,Store003,SKU002,49,19.34116923158608,False,4.234567901234568,High
2023-04-22,Store003,SKU003,54,-16.944911838745014,True,5.90625,High
2023-04-23,Store001,SKU001,22,96.78266391216064,False,1.4528301886792454,Critical
2023-04-23,Store001,SKU002,53,34.31781626236415,False,3.5,High
2023-04-23,Store001,SKU003,58,-26.055598721177176,True,7.96078431372549,Medium
2023-04-23,Store002,SKU001,47,56.03677921262056,False,3.6966292134831464,High
2023-04-23,Store002,SKU002,26,44.681022196353695,False,2.246913580246914,Critical
2023-04-23,Store002,SKU003,88,-58.495891019570394,True,13.688888888888888,Medium
2023-04-23,Store003,SKU001,49,31.637857369667927,False,5.119402985074627,High
2023-04-23,Store003,SKU002,50,15.484026374443218,False,4.545454545454546,High
2023-04-23,Store003,SKU003,21,14.34080244696927,False,2.45,Critical
2023-04-24,Store001,SKU001,53,55.78266391216064,False,3.8645833333333335,High
2023-04-24,Store001,SKU002,96,-9.396469451921561,True,6.4,High
2023-04-24,Store001,SKU003,98,-62.198455864034315,True,11.433333333333334,Medium
2023-04-24,Store002,SKU001,51,47.03677921262056,False,4.25,High
2023-04-24,Store002,SKU002,45,27.109593624925125,False,3.795180722891566,High
2023-04-24,Store002,SKU003,11,17.218394694715325,False,1.8333333333333333,Critical
2023-04-24,Store003,SKU001,47,32.63785736966793,False,4.984848484848484,High
2023-04-24,Store003,SKU002,78,-11.801687911271074,True,7.0,High
2023-04-24,Store003,SKU003,89,-54.516340410173584,True,10.741379310344827,Medium
2023-04-25,Store001,SKU001,30,73.78266391216064,False,2.3076923076923075,Critical
2023-04-25,Store001,SKU002,31,46.31781626236415,False,2.358695652173913,Critical
2023-04-25,Store001,SKU003,26,14.944401278822824,False,2.5277777777777777,Critical
2023-04-25,Store002,SKU001,55,46.03677921262056,False,4.425287356321839,High
2023-04-25,Store002,SKU002,52,17.252450767782264,False,4.6075949367088604,High
2023-04-25,Store002,SKU003,60,-28.353033876713244,True,8.4,Medium
2023-04-25,Store003,SKU001,13,69.63785736966793,False,1.3188405797101448,Critical
2023-04-25,Store003,SKU002,73,-0.37311648269962916,True,5.873563218390805,High
2023-04-25,Store003,SKU003,44,-8.230626124459306,True,5.049180327868853,High
2023-04-26,Store001,SKU001,42,63.78266391216064,False,3.161290322580645,High
2023-04-26,Store001,SKU002,44,34.03210197664987,False,3.311827956989247,High
2023-04-26,Store001,SKU003,19,22.801544135965685,False,1.7972972972972974,Critical
2023-04-26,Store002,SKU001,51,43.03677921262056,False,4.4624999999999995,High
2023-04-26,Store002,SKU002,26,41.109593624925125,False,2.394736842105263,Critical
2023-04-26,Store002,SKU003,30,5.932680409001037,False,3.5,High
2023-04-26,Store003,SKU001,41,46.63785736966793,False,3.8783783783783785,High
2023-04-26,Store003,SKU002,97,-25.08740219698535,True,7.895348837209302,Medium
2023-04-26,Store003,SKU003,37,-5.516340410173587,True,5.078431372549019,High
2023-04-27,Store001,SKU001,92,8.782663912160643,False,7.318181818181818,Medium
2023-04-27,Store001,SKU002,24,52.60353054807844,False,1.8461538461538463,Critical
2023-04-27,Store001,SKU003,47,-6.0555987211771765,True,4.569444444444444,High
2023-04-27,Store002,SKU001,82,26.03677921262056,False,6.1063829787234045,High
2023-04-27,Store002,SKU002,59,9.538165053496542,False,5.294871794871795,High
2023-04-27,Store002,SKU003,30,6.361251837572468,False,3.4426229508196724,High
2023-04-27,Store003,SKU001,85,6.637857369667927,False,7.628205128205129,Medium
2023-04-27,Store003,SKU002,29,44.34116923158608,False,2.3068181818181817,Critical
2023-04-27,Store003,SKU003,17,10.197945304112125,False,2.9024390243902443,Critical
2023-04-28,Store001,SKU001,59,48.78266391216064,False,4.347368421052631,High
2023-04-28,Store001,SKU002,30,47.31781626236415,False,2.282608695652174,Critical
2023-04-28,Store001,SKU003,20,17.515829850251393,False,2.1875,Critical
2023-04-28,Store002,SKU001,10,99.03677921262056,False,0.7368421052631579,Critical
2023-04-28,Store002,SKU002,97,-31.318977803646305,True,9.175675675675675,Medium
2023-04-28,Store002,SKU003,64,-28.067319590998963,True,7.466666666666667,Medium
2023-04-28,Store003,SKU001,99,-9.362142630332073,True,9.118421052631579,Medium
2023-04-28,Store003,SKU002,91,-29.08740219698535,True,8.847222222222221,Medium
2023-04-28,Store003,SKU003,10,14.626516732683555,False,2.0,Critical
2023-04-29,Store001,SKU001,86,32.78266391216064,False,5.679245283018868,High
2023-04-29,Store001,SKU002,40,28.74638769093559,False,3.5,High
2023-04-29,Store001,SKU003,52,-15.341313006891461,True,5.870967741935483,High
2023-04-29,Store002,SKU001,55,68.03677921262056,False,3.532110091743119,High
2023-04-29,Store002,SKU002,52,12.252450767782264,False,5.055555555555555,High
2023-04-29,Store002,SKU003,20,22.361251837572468,False,1.8666666666666667,Critical
2023-04-29,Store003,SKU001,90,-16.362142630332073,True,10.5,Medium
2023-04-29,Store003,SKU002,48,18.91259780301465,False,4.253164556962025,High
2023-04-29,Store003,SKU003,76,-51.802054695887875,True,15.647058823529413,Low
2023-04-30,Store001,SKU001,74,30.782663912160643,False,5.630434782608696,High
2023-04-30,Store001,SKU002,32,31.74638769093559,False,3.0684931506849313,High
2023-04-30,Store001,SKU003,25,13.372972707394254,False,2.6515151515151514,Critical
2023-04-30,Store002,SKU001,63,61.03677921262056,False,4.00909090909091,High
2023-04-30,Store002,SKU002,34,40.96673648206799,False,2.735632183908046,Critical
2023-04-30,Store002,SKU003,71,-24.35303387671324,True,5.847058823529412,High
2023-04-30,Store003,SKU001,72,2.6378573696679126,False,8.262295081967213,Medium
2023-04-30,Store003,SKU002,61,-4.087402196985352,True,6.569230769230769,High
2023-04-30,Store003,SKU003,22,3.483659589826413,False,4.162162162162162,High
2023-05-01,Store001,SKU001,63,43.78266391216064,False,4.691489361702128,High
2023-05-01,Store001,SKU002,32,30.317816262364154,False,3.154929577464789,High
2023-05-01,Store001,SKU003,75,-37.91274157832004,True,8.333333333333334,Medium
2023-05-01,Store002,SKU001,56,65.03677921262056,False,3.663551401869159,High
2023-05-01,Store002,SKU002,33,39.82387933921083,False,2.75,Critical
2023-05-01,Store002,SKU003,95,-48.35303387671324,True,7.8235294117647065,Medium
2023-05-01,Store003,SKU001,41,37.63785736966793,False,4.415384615384615,High
2023-05-01,Store003,SKU002,97,-35.08740219698535,True,9.430555555555555,Medium
2023-05-01,Store003,SKU003,17,11.91223101839784,False,2.6444444444444444,Critical
2023-05-02,Store001,SKU001,10,96.78266391216064,False,0.7446808510638298,Critical
2023-05-02,Store001,SKU002,68,2.174959119507008,False,5.8048780487804885,High
2023-05-02,Store001,SKU003,69,-37.05559872117718,True,9.470588235294118,Medium
2023-05-02,Store002,SKU001,34,88.03677921262056,False,2.2037037037037037,Critical
2023-05-02,Store002,SKU002,89,-23.318977803646305,True,8.41891891891892,Medium
2023-05-02,Store002,SKU003,94,-52.06731959099896,True,8.891891891891891,Medium
2023-05-02,Store003,SKU001,91,0.6378573696679268,False,8.166666666666668,Medium
2023-05-02,Store003,SKU002,78,-18.23025933984249,True,7.913043478260869,Medium
2023-05-02,Store003,SKU003,68,-39.516340410173584,True,10.818181818181818,Medium
2023-05-03,Store001,SKU001,38,67.78266391216064,False,2.8602150537634405,Critical
2023-05-03,Store001,SKU002,71,-10.110755166207262,True,7.202898550724638,Medium
2023-05-03,Store001,SKU003,68,-38.627027292605746,True,10.577777777777778,Medium
2023-05-03,Store002,SKU001,25,94.03677921262056,False,1.6666666666666667,Critical
2023-05-03,Store002,SKU002,32,37.252450767782264,False,2.8354430379746836,Critical
2023-05-03,Store002,SKU003,95,-55.2101767338561,True,9.63768115942029,Medium
2023-05-03,Store003,SKU001,75,18.637857369667927,False,6.5625,High
2023-05-03,Store003,SKU002,74,-12.801687911271074,True,7.295774647887324,Medium
2023-05-03,Store003,SKU003,61,-28.65919755303073,True,8.056603773584905,Medium
2023-05-04,Store001,SKU001,37,65.78266391216064,False,2.8777777777777778,Critical
2023-05-04,Store001,SKU002,58,0.7463876909355918,False,6.151515151515151,High
2023-05-04,Store001,SKU003,71,-40.34131300689147,True,10.354166666666668,Medium
2023-05-04,Store002,SKU001,29,73.03677921262056,False,2.3068181818181817,Critical
2023-05-04,Store002,SKU002,86,-18.176120660789167,True,7.818181818181818,Medium
2023-05-04,Store002,SKU003,10,26.789823266143898,False,1.129032258064516,Critical
2023-05-04,Store003,SKU001,67,20.637857369667927,False,6.337837837837838,High
2023-05-04,Store003,SKU002,31,35.198312088728926,False,2.7820512820512824,Critical
2023-05-04,Store003,SKU003,75,-43.944911838745014,True,10.5,Medium
2023-05-05,Store001,SKU001,50,49.78266391216064,False,4.022988505747127,High
2023-05-05,Store001,SKU002,67,-8.967898023350124,True,7.215384615384615,Medium
2023-05-05,Store001,SKU003,97,-66.34131300689147,True,14.145833333333334,Low
2023-05-05,Store002,SKU001,72,16.03677921262056,False,6.810810810810811,High
2023-05-05,Store002,SKU002,99,-27.604692089360597,True,8.451219512195122,Medium
2023-05-05,Store002,SKU003,42,-5.638748162427532,True,4.8196721311475414,High
2023-05-05,Store003,SKU001,30,68.63785736966793,False,2.4705882352941178,Critical
2023-05-05,Store003,SKU002,66,-1.9445450541282128,True,6.16,High
2023-05-05,Store003,SKU003,43,-11.516340410173587,True,5.901960784313726,High
2023-05-06,Store001,SKU001,25,58.78266391216064,False,2.4647887323943665,Critical
2023-05-06,Store001,SKU002,45,23.74638769093559,False,3.9375,High
2023-05-06,Store001,SKU003,78,-43.05559872117718,True,9.413793103448276,Medium
2023-05-06,Store002,SKU001,25,59.03677921262056,False,2.5,Critical
2023-05-06,Store002,SKU002,35,33.53816505349654,False,3.141025641025641,High
2023-05-06,Store002,SKU003,64,-33.63874816242753,True,9.53191489361702,Medium
2023-05-06,Store003,SKU001,86,24.637857369667927,False,6.206185567010309,High
2023-05-06,Store003,SKU002,21,41.62688351730037,False,2.0136986301369864,Critical
2023-05-06,Store003,SKU003,80,-42.08776898160216,True,8.484848484848484,Medium
2023-05-07,Store001,SKU001,34,57.78266391216064,False,3.012658227848101,High
2023-05-07,Store001,SKU002,34,34.74638769093559,False,2.975,Critical
2023-05-07,Store001,SKU003,71,-39.48417014974861,True,9.94,Medium
2023-05-07,Store002,SKU001,26,66.03677921262056,False,2.3333333333333335,Critical
2023-05-07,Store002,SKU002,53,6.252450767782264,False,5.707692307692307,High
2023-05-07,Store002,SKU003,64,-35.35303387671324,True,10.41860465116279,Medium
2023-05-07,Store003,SKU001,54,60.63785736966793,False,3.7425742574257423,High
2023-05-07,Store003,SKU002,78,-6.801687911271074,True,6.423529411764706,High
2023-05-07,Store003,SKU003,68,-25.802054695887875,True,6.263157894736842,High
2023-05-08,Store001,SKU001,87,1.7826639121606433,False,8.013157894736842,Medium
2023-05-08,Store001,SKU002,43,25.03210197664987,False,3.810126582278481,High
2023-05-08,Store001,SKU003,77,-48.05559872117718,True,12.25,Medium
2023-05-08,Store002,SKU001,67,34.03677921262056,False,5.390804597701149,High
2023-05-08,Store002,SKU002,32,26.53816505349654,False,3.5,High
2023-05-08,Store002,SKU003,24,4.218394694715325,False,4.0,High
2023-05-08,Store003,SKU001,34,80.63785736966793,False,2.3564356435643563,Critical
2023-05-08,Store003,SKU002,13,53.198312088728926,False,1.1666666666666667,Critical
2023-05-08,Store003,SKU003,72,-28.944911838745014,True,6.461538461538462,High
2023-05-09,Store001,SKU001,67,20.782663912160643,False,6.253333333333334,High
2023-05-09,Store001,SKU002,40,22.317816262364154,False,3.943661971830986,High
2023-05-09,Store001,SKU003,48,-17.76988443546289,True,7.148936170212766,Medium
2023-05-09,Store002,SKU001,14,87.03677921262056,False,1.1264367816091954,Critical
2023-05-09,Store002,SKU002,93,-23.747549232217736,True,8.240506329113924,Medium
2023-05-09,Store002,SKU003,93,-62.63874816242753,True,13.851063829787234,Medium
2023-05-09,Store003,SKU001,22,85.63785736966793,False,1.6382978723404256,Critical
2023-05-09,Store003,SKU002,40,28.34116923158608,False,3.4567901234567904,High
2023-05-09,Store003,SKU003,24,17.769373875540694,False,2.24,Critical
2023-05-10,Store001,SKU001,65,23.782663912160643,False,5.9868421052631575,High
2023-05-10,Store001,SKU002,30,30.174959119507015,False,3.088235294117647,High
2023-05-10,Store001,SKU003,62,-30.484170149748604,True,8.68,Medium
2023-05-10,Store002,SKU001,74,36.03677921262056,False,5.395833333333334,High
2023-05-10,Store002,SKU002,51,21.823879339210833,False,4.25,High
2023-05-10,Store002,SKU003,59,-29.06731959099896,True,8.978260869565217,Medium
2023-05-10,Store003,SKU001,19,89.63785736966793,False,1.4000000000000001,Critical
2023-05-10,Store003,SKU002,97,-29.37311648269963,True,8.487499999999999,Medium
2023-05-10,Store003,SKU003,24,22.055088161254986,False,1.9764705882352942,Critical
2023-05-11,Store001,SKU001,72,19.782663912160643,False,6.379746835443037,High
2023-05-11,Store001,SKU002,95,-32.682183737635846,True,9.366197183098592,Medium
2023-05-11,Store001,SKU003,66,-36.627027292605746,True,10.266666666666666,Medium
2023-05-11,Store002,SKU001,61,53.03677921262056,False,4.27,High
2023-05-11,Store002,SKU002,18,54.82387933921083,False,1.5,Critical
2023-05-11,Store002,SKU003,28,5.361251837572468,False,3.6296296296296298,High
2023-05-11,Store003,SKU001,49,62.63785736966793,False,3.5,High
2023-05-11,Store003,SKU002,86,-24.08740219698535,True,8.36111111111111,Medium
2023-05-11,Store003,SKU003,29,17.483659589826416,False,2.3604651162790695,Critical
2023-05-12,Store001,SKU001,58,32.78266391216064,False,5.205128205128205,High
2023-05-12,Store001,SKU002,67,-6.110755166207262,True,6.797101449275362,High
2023-05-12,Store001,SKU003,54,-23.76988443546289,True,8.042553191489361,Medium
2023-05-12,Store002,SKU001,85,31.03677921262056,False,5.833333333333333,High
2023-05-12,Store002,SKU002,21,45.3953079106394,False,1.9600000000000002,Critical
2023-05-12,Store002,SKU003,91,-58.495891019570394,True,12.25,Medium
2023-05-12,Store003,SKU001,21,82.63785736966793,False,1.6333333333333333,Critical
2023-05-12,Store003,SKU002,58,11.055454945871787,False,4.951219512195122,High
2023-05-12,Store003,SKU003,18,29.34080244696927,False,1.4318181818181819,Critical
2023-05-13,Store001,SKU001,96,-1.2173360878393567,True,8.195121951219512,Medium
2023-05-13,Store001,SKU002,68,-12.825040880492985,True,7.803278688524591,Medium
2023-05-13,Store001,SKU003,96,-67.05559872117718,True,15.272727272727273,Low
2023-05-13,Store002,SKU001,10,102.03677921262056,False,0.7142857142857143,Critical
2023-05-13,Store002,SKU002,32,35.109593624925125,False,2.9473684210526314,Critical
2023-05-13,Store002,SKU003,51,-17.638748162427532,True,6.611111111111111,High
2023-05-13,Store003,SKU001,58,37.63785736966793,False,4.951219512195122,High
2023-05-13,Store003,SKU002,38,33.198312088728926,False,3.1294117647058823,High
2023-05-13,Store003,SKU003,98,-54.08776898160216,True,8.575,Medium
2023-05-14,Store001,SKU001,11,76.78266391216064,False,1.0266666666666668,Critical
2023-05-14,Store001,SKU002,49,4.746387690935592,False,5.813559322033898,High
2023-05-14,Store001,SKU003,87,-55.05559872117718,True,11.941176470588236,Medium
2023-05-14,Store002,SKU001,51,47.03677921262056,False,4.25,High
2023-05-14,Store002,SKU002,17,52.252450767782264,False,1.5063291139240504,Critical
2023-05-14,Store002,SKU003,38,-6.353033876713244,True,5.319999999999999,High
2023-05-14,Store003,SKU001,66,25.637857369667927,False,5.923076923076923,High
2023-05-14,Store003,SKU002,60,4.76974066015751,False,5.526315789473684,High
2023-05-14,Store003,SKU003,51,-10.516340410173584,True,4.958333333333333,High
2023-05-15,Store001,SKU001,82,10.782663912160643,False,7.175,Medium
2023-05-15,Store001,SKU002,66,-15.11075516620727,True,8.4,Medium
2023-05-15,Store001,SKU003,34,-0.7698844354628918,True,4.407407407407407,High
2023-05-15,Store002,SKU001,34,55.03677921262056,False,3.1733333333333333,High
2023-05-15,Store002,SKU002,78,-1.6046920893605972,True,6.134831460674158,High
2023-05-15,Store002,SKU003,87,-53.63874816242753,True,11.277777777777777,Medium
2023-05-15,Store003,SKU001,49,38.63785736966793,False,4.635135135135135,High
2023-05-15,Store003,SKU002,38,23.198312088728926,False,3.746478873239437,High
2023-05-15,Store003,SKU003,23,17.483659589826416,False,2.236111111111111,Critical
2023-05-16,Store001,SKU001,56,36.78266391216064,False,4.8999999999999995,High
2023-05-16,Store001,SKU002,58,-4.9678980233501235,True,6.999999999999999,High
2023-05-16,Store001,SKU003,41,-6.484170149748607,True,5.035087719298246,High
2023-05-16,Store002,SKU001,21,64.03677921262056,False,2.0704225352112675,Critical
2023-05-16,Store002,SKU002,21,48.252450767782264,False,1.860759493670886,Critical
2023-05-16,Store002,SKU003,42,-9.495891019570394,True,5.653846153846153,High
2023-05-16,Store003,SKU001,94,-1.3621426303320732,True,8.329113924050633,Medium
2023-05-16,Store003,SKU002,25,37.62688351730037,False,2.3972602739726026,Critical
2023-05-16,Store003,SKU003,66,-23.373483267316445,True,6.0,High
2023-05-17,Store001,SKU001,91,4.782663912160643,False,7.674698795180722,Medium
2023-05-17,Store001,SKU002,58,7.889244833792731,False,5.342105263157895,High
2023-05-17,Store001,SKU003,96,-62.34131300689147,True,12.218181818181819,Medium
2023-05-17,Store002,SKU001,99,-10.963220787379441,True,9.364864864864865,Medium
2023-05-17,Store002,SKU002,45,27.823879339210833,False,3.75,High
2023-05-17,Store002,SKU003,49,-16.495891019570394,True,6.596153846153846,High
2023-05-17,Store003,SKU001,14,84.63785736966793,False,1.1529411764705884,Critical
2023-05-17,Store003,SKU002,28,32.48402637444322,False,2.8,Critical
2023-05-17,Store003,SKU003,55,-19.230626124459306,True,6.311475409836066,High
2023-05-18,Store001,SKU001,23,60.78266391216064,False,2.267605633802817,Critical
2023-05-18,Store001,SKU002,14,48.317816262364154,False,1.3802816901408452,Critical
2023-05-18,Store001,SKU003,82,-47.91274157832004,True,10.25,Medium
2023-05-18,Store002,SKU001,32,60.03677921262056,False,2.871794871794872,Critical
2023-05-18,Store002,SKU002,76,-1.747549232217736,True,6.186046511627906,High
2023-05-18,Store002,SKU003,58,-27.210176733856105,True,8.458333333333334,Medium
2023-05-18,Store003,SKU001,69,37.63785736966793,False,5.193548387096774,High
2023-05-18,Store003,SKU002,58,1.0554549458717872,False,5.970588235294118,High
2023-05-18,Store003,SKU003,85,-49.65919755303073,True,9.916666666666666,Medium
2023-05-19,Store001,SKU001,24,52.78266391216064,False,2.625,Critical
2023-05-19,Store001,SKU002,69,2.6035305480784388,False,5.75,High
2023-05-19,Store001,SKU003,26,8.515829850251393,False,3.192982456140351,High
2023-05-19,Store002,SKU001,53,42.03677921262056,False,4.580246913580247,High
2023-05-19,Store002,SKU002,75,2.8238793392108335,False,5.769230769230769,High
2023-05-19,Store002,SKU003,44,-11.067319590998963,True,5.811320754716982,High
2023-05-19,Store003,SKU001,79,23.637857369667927,False,6.213483146067416,High
2023-05-19,Store003,SKU002,20,36.91259780301465,False,2.1538461538461537,Critical
2023-05-19,Store003,SKU003,49,-13.230626124459306,True,5.622950819672131,High
2023-05-20,Store001,SKU001,15,60.78266391216064,False,1.6666666666666667,Critical
2023-05-20,Store001,SKU002,55,10.88924483379273,False,5.065789473684211,High
2023-05-20,Store001,SKU003,10,22.372972707394254,False,1.346153846153846,Critical
2023-05-20,Store002,SKU001,50,39.03677921262056,False,4.666666666666667,High
2023-05-20,Store002,SKU002,33,41.96673648206799,False,2.655172413793103,Critical
2023-05-20,Store002,SKU003,74,-44.06731959099896,True,11.260869565217392,Medium
2023-05-20,Store003,SKU001,57,44.63785736966793,False,4.534090909090909,High
2023-05-20,Store003,SKU002,99,-49.23025933984249,True,12.600000000000001,Medium
2023-05-20,Store003,SKU003,82,-46.65919755303073,True,9.566666666666666,Medium
2023-05-21,Store001,SKU001,57,27.782663912160643,False,5.541666666666666,High
2023-05-21,Store001,SKU002,53,19.317816262364147,False,4.364705882352942,High
2023-05-21,Store001,SKU003,41,-12.484170149748604,True,6.674418604651162,High
2023-05-21,Store002,SKU001,58,41.03677921262056,False,4.776470588235294,High
2023-05-21,Store002,SKU002,27,44.3953079106394,False,2.304878048780488,Critical
2023-05-21,Store002,SKU003,98,-68.4958910195704,True,15.244444444444444,Low
2023-05-21,Store003,SKU001,14,89.63785736966793,False,1.0888888888888888,Critical
2023-05-21,Store003,SKU002,97,-45.08740219698535,True,11.706896551724137,Medium
2023-05-21,Store003,SKU003,68,-36.08776898160216,True,9.153846153846153,Medium
2023-05-22,Store001,SKU001,81,9.782663912160643,False,7.269230769230769,Medium
2023-05-22,Store001,SKU002,13,68.60353054807844,False,0.9285714285714286,Critical
2023-05-22,Store001,SKU003,75,-45.198455864034315,True,11.41304347826087,Medium
2023-05-22,Store002,SKU001,69,30.03677921262056,False,5.682352941176471,High
2023-05-22,Store002,SKU002,45,17.823879339210833,False,4.5,High
2023-05-22,Store002,SKU003,58,-31.49589101957039,True,10.68421052631579,Medium
2023-05-22,Store003,SKU001,76,33.63785736966793,False,5.541666666666667,High
2023-05-22,Store003,SKU002,30,21.198312088728926,False,3.68421052631579,High
2023-05-22,Store003,SKU003,86,-55.802054695887875,True,12.541666666666668,Medium
2023-05-23,Store001,SKU001,95,-5.217336087839357,True,8.636363636363637,Medium
2023-05-23,Store001,SKU002,69,11.88924483379273,False,4.979381443298969,High
2023-05-23,Store001,SKU003,82,-50.91274157832004,True,11.714285714285714,Medium
2023-05-23,Store002,SKU001,87,14.036779212620559,False,7.0,High
2023-05-23,Store002,SKU002,70,-9.318977803646305,True,7.313432835820896,Medium
2023-05-23,Store002,SKU003,84,-53.2101767338561,True,12.25,Medium
2023-05-23,Store003,SKU001,29,75.63785736966793,False,2.230769230769231,Critical
2023-05-23,Store003,SKU002,50,-3.0874021969853516,True,6.862745098039216,High
2023-05-23,Store003,SKU003,70,-40.65919755303073,True,10.652173913043478,Medium
2023-05-24,Store001,SKU001,11,83.78266391216064,False,0.9390243902439025,Critical
2023-05-24,Store001,SKU002,85,-6.967898023350131,True,6.397849462365591,High
2023-05-24,Store001,SKU003,67,-35.05559872117718,True,9.196078431372548,Medium
2023-05-24,Store002,SKU001,37,57.03677921262056,False,3.2375,High
2023-05-24,Store002,SKU002,96,-40.318977803646305,True,11.200000000000001,Medium
2023-05-24,Store002,SKU003,57,-25.781605305284675,True,8.142857142857142,Medium
2023-05-24,Store003,SKU001,23,70.63785736966793,False,2.0124999999999997,Critical
2023-05-24,Store003,SKU002,90,-40.94454505412821,True,11.666666666666666,Medium
2023-05-24,Store003,SKU003,23,7.626516732683555,False,3.2857142857142856,High
2023-05-25,Store001,SKU001,17,95.78266391216064,False,1.19,Critical
2023-05-25,Store001,SKU002,82,4.603530548078439,False,5.466666666666667,High
2023-05-25,Store001,SKU003,69,-36.198455864034315,True,9.11320754716981,Medium
2023-05-25,Store002,SKU001,75,16.03677921262056,False,6.818181818181818,High
2023-05-25,Store002,SKU002,39,12.395307910639403,False,5.055555555555555,High
2023-05-25,Store002,SKU003,93,-60.92446244814182,True,12.764705882352942,Medium
2023-05-25,Store003,SKU001,67,17.637857369667927,False,6.605633802816902,High
2023-05-25,Store003,SKU002,14,36.48402637444322,False,1.75,Critical
2023-05-25,Store003,SKU003,52,-21.373483267316445,True,7.428571428571429,Medium
2023-05-26,Store001,SKU001,41,77.78266391216064,False,2.707547169811321,Critical
2023-05-26,Store001,SKU002,20,55.17495911950701,False,1.5730337078651686,Critical
2023-05-26,Store001,SKU003,38,-2.1984558640343153,True,4.433333333333334,High
2023-05-26,Store002,SKU001,20,77.03677921262056,False,1.686746987951807,Critical
2023-05-26,Store002,SKU002,55,-10.033263517932014,True,8.555555555555555,Medium
2023-05-26,Store002,SKU003,65,-36.35303387671324,True,10.581395348837209,Medium
2023-05-26,Store003,SKU001,75,17.637857369667927,False,6.6455696202531644,High
2023-05-26,Store003,SKU002,73,-23.23025933984249,True,9.290909090909091,Medium
2023-05-26,Store003,SKU003,47,-15.516340410173587,True,6.450980392156863,High
2023-05-27,Store001,SKU001,66,53.78266391216064,False,4.317757009345794,High
2023-05-27,Store001,SKU002,20,60.17495911950701,False,1.4583333333333335,Critical
2023-05-27,Store001,SKU003,69,-33.198455864034315,True,8.05,Medium
2023-05-27,Store002,SKU001,99,-2.9632207873794414,True,8.451219512195122,Medium
2023-05-27,Store002,SKU002,35,12.109593624925125,False,5.104166666666667,High
2023-05-27,Store002,SKU003,60,-30.06731959099896,True,9.130434782608695,Medium
2023-05-27,Store003,SKU001,33,60.63785736966793,False,2.8874999999999997,Critical
2023-05-27,Store003,SKU002,16,43.05545494587179,False,1.647058823529412,Critical
2023-05-27,Store003,SKU003,79,-51.802054695887875,True,13.487804878048781,Medium
2023-05-28,Store001,SKU001,73,45.78266391216064,False,4.820754716981132,High
2023-05-28,Store001,SKU002,24,46.88924483379273,False,2.0240963855421685,Critical
2023-05-28,Store001,SKU003,32,4.230115564537101,False,3.672131147540984,High
2023-05-28,Store002,SKU001,56,31.03677921262056,False,5.36986301369863,High
2023-05-28,Store002,SKU002,70,-20.747549232217736,True,9.607843137254902,Medium
2023-05-28,Store002,SKU003,32,-0.7816053052846748,True,4.571428571428571,High
2023-05-28,Store003,SKU001,45,51.63785736966793,False,3.795180722891566,High
2023-05-28,Store003,SKU002,94,-34.23025933984249,True,9.53623188405797,Medium
2023-05-28,Store003,SKU003,14,17.91223101839784,False,1.8846153846153846,Critical
2023-05-29,Store001,SKU001,15,100.78266391216064,False,1.0194174757281553,Critical
2023-05-29,Store001,SKU002,14,52.60353054807844,False,1.2727272727272727,Critical
2023-05-29,Store001,SKU003,73,-37.198455864034315,True,8.516666666666667,Medium
2023-05-29,Store002,SKU001,14,79.03677921262056,False,1.240506329113924,Critical
2023-05-29,Store002,SKU002,61,-6.0332635179320135,True,7.23728813559322,Medium
2023-05-29,Store002,SKU003,56,-24.781605305284675,True,8.0,Medium
2023-05-29,Store003,SKU001,53,44.63785736966793,False,4.416666666666667,High
2023-05-29,Store003,SKU002,51,8.055454945871787,False,5.25,High
2023-05-29,Store003,SKU003,87,-55.944911838745014,True,12.18,Medium
2023-05-30,Store001,SKU001,29,77.78266391216064,False,2.1595744680851063,Critical
2023-05-30,Store001,SKU002,96,-29.39646945192156,True,8.727272727272727,Medium
2023-05-30,Store001,SKU003,87,-54.198455864034315,True,11.49056603773585,Medium
2023-05-30,Store002,SKU001,39,47.03677921262056,False,3.7916666666666665,High
2023-05-30,Store002,SKU002,74,-16.890406375074875,True,8.354838709677418,Medium
2023-05-30,Store002,SKU003,15,13.646966123286756,False,2.441860465116279,Critical
2023-05-30,Store003,SKU001,27,65.63785736966793,False,2.392405063291139,Critical
2023-05-30,Store003,SKU002,28,31.76974066015751,False,2.8405797101449273,Critical
2023-05-30,Store003,SKU003,68,-36.516340410173584,True,9.333333333333334,Medium
2023-05-31,Store001,SKU001,55,50.78266391216064,False,4.139784946236559,High
2023-05-31,Store001,SKU002,45,19.4606734052213,False,4.256756756756757,High
2023-05-31,Store001,SKU003,48,-13.912741578320038,True,6.0,High
2023-05-31,Store002,SKU001,40,44.03677921262056,False,4.0,High
2023-05-31,Store002,SKU002,71,-12.461834946503458,True,7.765625,Medium
2023-05-31,Store002,SKU003,22,6.646966123286756,False,3.581395348837209,High
2023-05-31,Store003,SKU001,62,44.63785736966793,False,4.666666666666666,High
2023-05-31,Store003,SKU002,15,46.198312088728926,False,1.4788732394366197,Critical
2023-05-31,Store003,SKU003,76,-43.230626124459306,True,9.851851851851851,Medium
2023-06-01,Store001,SKU001,19,73.78266391216064,False,1.6624999999999999,Critical
2023-06-01,Store001,SKU002,65,-4.825040880492985,True,6.6911764705882355,High
2023-06-01,Store001,SKU003,51,-17.34131300689147,True,6.490909090909091,High
2023-06-01,Store002,SKU001,71,14.036779212620559,False,7.0,High
2023-06-01,Store002,SKU002,74,-14.747549232217736,True,7.9692307692307685,Medium
2023-06-01,Store002,SKU003,76,-46.495891019570394,True,11.822222222222221,Medium
2023-06-01,Store003,SKU001,63,47.63785736966793,False,4.546391752577319,High
2023-06-01,Store003,SKU002,64,-3.515973625556782,True,6.4,High
2023-06-01,Store003,SKU003,92,-57.944911838745014,True,11.298245614035089,Medium
2023-06-02,Store001,SKU001,67,26.782663912160643,False,5.790123456790123,High
2023-06-02,Store001,SKU002,86,-13.682183737635853,True,7.082352941176471,Medium
2023-06-02,Store001,SKU003,86,-52.76988443546289,True,11.148148148148149,Medium
2023-06-02,Store002,SKU001,28,52.03677921262056,False,2.9696969696969697,Critical
2023-06-02,Store002,SKU002,19,40.96673648206799,False,2.015151515151515,Critical
2023-06-02,Store002,SKU003,87,-56.2101767338561,True,12.6875,Medium
2023-06-02,Store003,SKU001,51,57.63785736966793,False,3.7578947368421054,High
2023-06-02,Store003,SKU002,92,-31.515973625556782,True,9.2,Medium
2023-06-02,Store003,SKU003,83,-49.373483267316445,True,10.375,Medium
2023-06-03,Store001,SKU001,45,45.78266391216064,False,4.038461538461538,High
2023-06-03,Store001,SKU002,79,-2.3964694519215612,True,6.076923076923077,High
2023-06-03,Store001,SKU003,86,-54.48417014974861,True,12.04,Medium
2023-06-03,Store002,SKU001,36,60.03677921262056,False,3.073170731707317,High
2023-06-03,Store002,SKU002,52,7.9667364820679865,False,5.515151515151515,High
2023-06-03,Store002,SKU003,75,-44.63874816242753,True,11.170212765957446,Medium
2023-06-03,Store003,SKU001,84,31.637857369667927,False,5.764705882352941,High
2023-06-03,Store003,SKU002,24,35.76974066015751,False,2.434782608695652,Critical
2023-06-03,Store003,SKU003,49,-9.802054695887875,True,4.971014492753623,High
2023-06-04,Store001,SKU001,70,19.782663912160643,False,6.363636363636363,High
2023-06-04,Store001,SKU002,49,31.174959119507008,False,3.572916666666667,High
2023-06-04,Store001,SKU003,30,2.8015441359656847,False,3.9622641509433962,High
2023-06-04,Store002,SKU001,75,27.03677921262056,False,5.965909090909091,High
2023-06-04,Store002,SKU002,52,13.681022196353695,False,4.918918918918919,High
2023-06-04,Store002,SKU003,96,-57.92446244814181,True,10.338461538461537,Medium
2023-06-04,Store003,SKU001,33,77.63785736966793,False,2.381443298969072,Critical
2023-06-04,Store003,SKU002,27,34.91259780301465,False,2.625,Critical
2023-06-04,Store003,SKU003,97,-60.802054695887875,True,10.951612903225806,Medium
2023-06-05,Store001,SKU001,38,46.78266391216064,False,3.694444444444444,High
2023-06-05,Store001,SKU002,25,56.60353054807844,False,1.7857142857142858,Critical
2023-06-05,Store001,SKU003,12,21.23011556453711,False,1.5555555555555556,Critical
2023-06-05,Store002,SKU001,77,29.03677921262056,False,5.858695652173913,High
2023-06-05,Store002,SKU002,92,-19.890406375074875,True,7.759036144578313,Medium
2023-06-05,Store002,SKU003,67,-24.638748162427532,True,6.253333333333334,High
2023-06-05,Store003,SKU001,13,114.63785736966793,False,0.7982456140350878,Critical
2023-06-05,Store003,SKU002,36,29.484026374443218,False,3.272727272727273,High
2023-06-05,Store003,SKU003,30,4.055088161254986,False,3.68421052631579,High
2023-06-06,Store001,SKU001,64,34.78266391216064,False,5.209302325581395,High
2023-06-06,Store001,SKU002,50,35.88924483379273,False,3.3653846153846154,High
2023-06-06,Store001,SKU003,80,-43.7698844354629,True,9.18032786885246,Medium
2023-06-06,Store002,SKU001,69,41.03677921262056,False,5.03125,High
2023-06-06,Store002,SKU002,58,9.823879339210833,False,5.2727272727272725,High
2023-06-06,Store002,SKU003,31,13.504108980429606,False,2.7125,Critical
2023-06-06,Store003,SKU001,42,104.63785736966793,False,2.210526315789474,Critical
2023-06-06,Store003,SKU002,48,14.62688351730037,False,4.602739726027397,High
2023-06-06,Store003,SKU003,12,22.483659589826416,False,1.4482758620689653,Critical
2023-06-07,Store001,SKU001,92,-9.217336087839357,True,9.2,Medium
2023-06-07,Store001,SKU002,72,18.88924483379273,False,4.54054054054054,High
2023-06-07,Store001,SKU003,59,-25.34131300689147,True,7.50909090909091,Medium
2023-06-07,Store002,SKU001,31,75.03677921262056,False,2.358695652173913,Critical
2023-06-07,Store002,SKU002,34,30.252450767782264,False,3.3055555555555554,High
2023-06-07,Store002,SKU003,74,-22.638748162427532,True,5.395833333333334,High
2023-06-07,Store003,SKU001,22,118.63785736966793,False,1.2125984251968505,Critical
2023-06-07,Store003,SKU002,72,-5.801687911271074,True,6.461538461538462,High
2023-06-07,Store003,SKU003,58,-24.373483267316445,True,7.25,Medium
2023-06-08,Store001,SKU001,64,28.782663912160643,False,5.6,High
2023-06-08,Store001,SKU002,50,43.032101976649855,False,3.0701754385964914,High
2023-06-08,Store001,SKU003,27,9.658686993108539,False,3.0483870967741935,High
2023-06-08,Store002,SKU001,29,86.03677921262056,False,2.00990099009901,Critical
2023-06-08,Store002,SKU002,67,-0.6046920893605972,True,6.253333333333334,High
2023-06-08,Store002,SKU003,48,6.789823266143898,False,3.230769230769231,High
2023-06-08,Store003,SKU001,49,90.63785736966793,False,2.7222222222222223,Critical
2023-06-08,Store003,SKU002,26,45.198312088728926,False,2.1411764705882352,Critical
2023-06-08,Store003,SKU003,20,18.34080244696927,False,2.0895522388059704,Critical
2023-06-09,Store001,SKU001,55,38.78266391216064,False,4.753086419753086,High
2023-06-09,Store001,SKU002,63,19.317816262364147,False,4.454545454545455,High
2023-06-09,Store001,SKU003,12,22.087258421679962,False,1.5,Critical
2023-06-09,Store002,SKU001,27,81.03677921262056,False,2.0106382978723403,Critical
2023-06-09,Store002,SKU002,53,15.538165053496542,False,4.756410256410256,High
2023-06-09,Store002,SKU003,51,7.218394694715329,False,3.1875,High
2023-06-09,Store003,SKU001,76,61.63785736966793,False,4.290322580645161,High
2023-06-09,Store003,SKU002,15,51.198312088728926,False,1.3461538461538463,Critical
2023-06-09,Store003,SKU003,80,-37.373483267316445,True,7.2727272727272725,Medium
2023-06-10,Store001,SKU001,80,16.782663912160643,False,6.666666666666667,High
2023-06-10,Store001,SKU002,24,57.60353054807844,False,1.7142857142857142,Critical
2023-06-10,Store001,SKU003,43,-8.484170149748607,True,5.280701754385965,High
2023-06-10,Store002,SKU001,28,75.03677921262056,False,2.202247191011236,Critical
2023-06-10,Store002,SKU002,62,11.538165053496542,False,5.105882352941177,High
2023-06-10,Store002,SKU003,83,-23.495891019570394,True,5.052173913043479,High
2023-06-10,Store003,SKU001,23,120.63785736966793,False,1.2384615384615383,Critical
2023-06-10,Store003,SKU002,17,48.48402637444322,False,1.5454545454545454,Critical
2023-06-10,Store003,SKU003,45,-2.3734832673164448,True,4.090909090909091,High
2023-06-11,Store001,SKU001,61,36.78266391216064,False,5.023529411764706,High
2023-06-11,Store001,SKU002,58,25.03210197664987,False,4.06,High
2023-06-11,Store001,SKU003,53,-17.627027292605746,True,6.288135593220339,High
2023-06-11,Store002,SKU001,86,36.03677921262056,False,5.574074074074074,High
2023-06-11,Store002,SKU002,61,0.39530791063940285,False,6.279411764705883,High
2023-06-11,Store002,SKU003,11,41.64696612328676,False,0.7777777777777778,Critical
2023-06-11,Store003,SKU001,51,92.63785736966793,False,2.7461538461538457,Critical
2023-06-11,Store003,SKU002,70,-4.515973625556782,True,6.363636363636363,High
2023-06-11,Store003,SKU003,31,12.91223101839784,False,2.7125,Critical
2023-06-12,Store001,SKU001,98,-2.2173360878393567,True,8.265060240963855,Medium
2023-06-12,Store001,SKU002,21,63.4606734052213,False,1.4411764705882353,Critical
2023-06-12,Store001,SKU003,12,27.65868699310854,False,1.217391304347826,Critical
2023-06-12,Store002,SKU001,85,39.03677921262056,False,5.409090909090909,High
2023-06-12,Store002,SKU002,81,-26.747549232217736,True,9.775862068965516,Medium
2023-06-12,Store002,SKU003,47,5.218394694715329,False,3.357142857142857,High
2023-06-12,Store003,SKU001,20,105.63785736966793,False,1.25,Critical
2023-06-12,Store003,SKU002,17,52.05545494587179,False,1.4512195121951221,Critical
2023-06-12,Store003,SKU003,42,5.769373875540694,False,3.303370786516854,High
2023-06-13,Store001,SKU001,72,12.782663912160643,False,6.999999999999999,High
2023-06-13,Store001,SKU002,51,34.88924483379273,False,3.4326923076923075,High
2023-06-13,Store001,SKU003,95,-55.7698844354629,True,9.779411764705882,Medium
2023-06-13,Store002,SKU001,70,61.03677921262056,False,4.188034188034187,High
2023-06-13,Store002,SKU002,75,-12.890406375074875,True,7.608695652173913,Medium
2023-06-13,Store002,SKU003,24,24.789823266143898,False,1.8666666666666667,Critical
2023-06-13,Store003,SKU001,20,98.63785736966793,False,1.3333333333333333,Critical
2023-06-13,Store003,SKU002,61,6.626883517300371,False,5.3374999999999995,High
2023-06-13,Store003,SKU003,44,4.626516732683555,False,3.3846153846153846,High
2023-06-14,Store001,SKU001,35,70.78266391216064,False,2.6344086021505375,Critical
2023-06-14,Store001,SKU002,55,25.88924483379273,False,3.9690721649484533,High
2023-06-14,Store001,SKU003,76,-36.34131300689146,True,7.7101449275362315,Medium
2023-06-14,Store002,SKU001,25,109.03677921262056,False,1.4583333333333335,Critical
2023-06-14,Store002,SKU002,44,16.681022196353695,False,4.597014925373134,High
2023-06-14,Store002,SKU003,99,-53.63874816242753,True,8.451219512195122,Medium
2023-06-14,Store003,SKU001,38,77.63785736966793,False,2.607843137254902,Critical
2023-06-14,Store003,SKU002,95,-35.94454505412821,True,9.779411764705882,Medium
2023-06-14,Store003,SKU003,33,18.197945304112125,False,2.381443298969072,Critical
2023-06-15,Store001,SKU001,87,14.782663912160643,False,6.842696629213483,High
2023-06-15,Store001,SKU002,19,56.88924483379273,False,1.4777777777777776,Critical
2023-06-15,Store001,SKU003,73,-27.34131300689147,True,6.156626506024097,High
2023-06-15,Store002,SKU001,27,93.03677921262056,False,1.7830188679245285,Critical
2023-06-15,Store002,SKU002,48,11.252450767782264,False,5.169230769230769,High
2023-06-15,Store002,SKU003,32,9.932680409001037,False,3.027027027027027,High
2023-06-15,Store003,SKU001,97,20.637857369667927,False,6.528846153846153,High
2023-06-15,Store003,SKU002,53,10.341169231586079,False,5.013513513513514,High
2023-06-15,Store003,SKU003,56,-4.373483267316445,True,4.0,High
2023-06-16,Store001,SKU001,79,24.782663912160643,False,6.076923076923077,High
2023-06-16,Store001,SKU002,64,14.746387690935578,False,4.76595744680851,High
2023-06-16,Store001,SKU003,20,25.65868699310853,False,1.686746987951807,Critical
2023-06-16,Store002,SKU001,79,46.03677921262056,False,4.981981981981982,High
2023-06-16,Store002,SKU002,53,6.9667364820679865,False,5.621212121212121,High
2023-06-16,Store002,SKU003,46,-6.210176733856102,True,4.666666666666666,High
2023-06-16,Store003,SKU001,82,36.63785736966793,False,5.466666666666667,High
2023-06-16,Store003,SKU002,49,22.198312088728926,False,4.035294117647059,High
2023-06-16,Store003,SKU003,43,7.3408024469692705,False,3.168421052631579,High
2023-06-17,Store001,SKU001,82,20.782663912160643,False,6.377777777777777,High
2023-06-17,Store001,SKU002,75,-1.9678980233501306,True,6.104651162790697,High
2023-06-17,Store001,SKU003,84,-38.34131300689147,True,7.08433734939759,Medium
2023-06-17,Store002,SKU001,17,100.03677921262056,False,1.1553398058252429,Critical
2023-06-17,Store002,SKU002,77,-18.46183494650346,True,8.421875,Medium
2023-06-17,Store002,SKU003,18,17.932680409001037,False,2.1,Critical
2023-06-17,Store003,SKU001,39,73.63785736966793,False,2.757575757575758,Critical
2023-06-17,Store003,SKU002,82,-14.37311648269963,True,7.175,Medium
2023-06-17,Store003,SKU003,84,-37.08776898160216,True,6.758620689655173,High
2023-06-18,Store001,SKU001,27,70.78266391216064,False,2.223529411764706,Critical
2023-06-18,Store001,SKU002,14,56.17495911950701,False,1.1951219512195124,Critical
2023-06-18,Store001,SKU003,88,-45.7698844354629,True,8.213333333333335,Medium
2023-06-18,Store002,SKU001,97,-0.9632207873794414,True,8.28048780487805,Medium
2023-06-18,Store002,SKU002,72,-7.0332635179320135,True,6.904109589041096,High
2023-06-18,Store002,SKU003,15,24.361251837572468,False,1.5441176470588236,Critical
2023-06-18,Store003,SKU001,47,70.63785736966793,False,3.1634615384615383,High
2023-06-18,Store003,SKU002,86,-14.801687911271074,True,7.082352941176471,Medium
2023-06-18,Store003,SKU003,76,-26.944911838745014,True,5.782608695652174,High
2023-06-19,Store001,SKU001,20,88.78266391216064,False,1.4583333333333335,Critical
2023-06-19,Store001,SKU002,41,22.74638769093559,False,3.931506849315068,High
2023-06-19,Store001,SKU003,75,-39.198455864034315,True,8.75,Medium
2023-06-19,Store002,SKU001,44,49.03677921262056,False,3.8987341772151898,High
2023-06-19,Store002,SKU002,48,17.681022196353695,False,4.54054054054054,High
2023-06-19,Store002,SKU003,72,-34.78160530528467,True,8.0,Medium
2023-06-19,Store003,SKU001,39,80.63785736966793,False,2.5754716981132075,Critical
2023-06-19,Store003,SKU002,15,50.48402637444322,False,1.3636363636363635,Critical
2023-06-19,Store003,SKU003,25,25.34080244696927,False,1.8421052631578947,Critical
2023-06-20,Store001,SKU001,92,20.782663912160643,False,6.4399999999999995,High
2023-06-20,Store001,SKU002,83,-14.96789802335013,True,7.354430379746835,Medium
2023-06-20,Store001,SKU003,42,-7.484170149748607,True,5.157894736842105,High
2023-06-20,Store002,SKU001,39,53.03677921262056,False,3.5,High
2023-06-20,Store002,SKU002,65,-2.1761206607891665,True,6.5,High
2023-06-20,Store002,SKU003,96,-54.92446244814181,True,9.333333333333332,Medium
2023-06-20,Store003,SKU001,45,75.63785736966793,False,2.9439252336448596,Critical
2023-06-20,Store003,SKU002,49,22.198312088728926,False,4.035294117647059,High
2023-06-20,Store003,SKU003,29,20.483659589826416,False,2.182795698924731,Critical
2023-06-21,Store001,SKU001,39,62.78266391216064,False,3.067415730337079,High
2023-06-21,Store001,SKU002,60,6.603530548078439,False,5.454545454545454,High
2023-06-21,Store001,SKU003,66,-29.7698844354629,True,7.5737704918032795,Medium
2023-06-21,Store002,SKU001,29,77.03677921262056,False,2.206521739130435,Critical
2023-06-21,Store002,SKU002,26,41.82387933921083,False,2.3636363636363638,Critical
2023-06-21,Store002,SKU003,21,19.646966123286752,False,2.0704225352112675,Critical
2023-06-21,Store003,SKU001,27,102.63785736966793,False,1.629310344827586,Critical
2023-06-21,Store003,SKU002,30,46.198312088728926,False,2.282608695652174,Critical
2023-06-21,Store003,SKU003,44,4.197945304112125,False,3.422222222222222,High
2023-06-22,Store001,SKU001,85,22.782663912160643,False,6.2631578947368425,High
2023-06-22,Store001,SKU002,57,9.603530548078439,False,5.181818181818182,High
2023-06-22,Store001,SKU003,55,-25.62702729260575,True,8.555555555555555,Medium
2023-06-22,Store002,SKU001,64,56.03677921262056,False,4.226415094339623,High
2023-06-22,Store002,SKU002,75,-6.461834946503458,True,6.730769230769231,High
2023-06-22,Store002,SKU003,86,-43.2101767338561,True,7.921052631578947,Medium
2023-06-22,Store003,SKU001,39,87.63785736966793,False,2.415929203539823,Critical
2023-06-22,Store003,SKU002,48,24.62688351730037,False,3.862068965517241,High
2023-06-22,Store003,SKU003,34,8.197945304112125,False,3.131578947368421,High
2023-06-23,Store001,SKU001,92,21.782663912160643,False,6.376237623762376,High
2023-06-23,Store001,SKU002,52,8.889244833792738,False,5.275362318840579,High
2023-06-23,Store001,SKU003,25,3.5158298502513965,False,4.069767441860465,High
2023-06-23,Store002,SKU001,27,96.03677921262056,False,1.7339449541284404,Critical
2023-06-23,Store002,SKU002,74,-9.033263517932014,True,7.095890410958904,Medium
2023-06-23,Store002,SKU003,57,-11.638748162427532,True,4.865853658536586,High
2023-06-23,Store003,SKU001,87,35.63785736966793,False,5.587155963302752,High
2023-06-23,Store003,SKU002,99,-30.65883076841392,True,8.555555555555555,Medium
2023-06-23,Store003,SKU003,85,-45.802054695887875,True,8.623188405797102,Medium
2023-06-24,Store001,SKU001,30,81.78266391216064,False,2.121212121212121,Critical
2023-06-24,Store001,SKU002,94,-35.96789802335012,True,10.123076923076923,Medium
2023-06-24,Store001,SKU003,32,1.6586869931085317,False,4.072727272727273,High
2023-06-24,Store002,SKU001,56,68.03677921262056,False,3.563636363636364,High
2023-06-24,Store002,SKU002,75,-13.604692089360597,True,7.720588235294119,Medium
2023-06-24,Store002,SKU003,73,-25.495891019570394,True,5.873563218390805,High
2023-06-24,Store003,SKU001,14,100.63785736966793,False,0.9702970297029703,Critical
2023-06-24,Store003,SKU002,24,44.34116923158608,False,2.074074074074074,Critical
2023-06-24,Store003,SKU003,58,-16.230626124459306,True,5.413333333333334,High
2023-06-25,Store001,SKU001,83,26.782663912160643,False,5.989690721649485,High
2023-06-25,Store001,SKU002,35,23.032101976649876,False,3.7692307692307687,High
2023-06-25,Store001,SKU003,62,-28.34131300689147,True,7.8909090909090915,Medium
2023-06-25,Store002,SKU001,45,77.03677921262056,False,2.9166666666666665,Critical
2023-06-25,Store002,SKU002,33,30.53816505349654,False,3.2535211267605635,High
2023-06-25,Store002,SKU003,88,-44.78160530528467,True,8.0,Medium
2023-06-25,Store003,SKU001,58,51.63785736966793,False,4.229166666666667,High
2023-06-25,Store003,SKU002,55,6.198312088728926,False,5.422535211267606,High
2023-06-25,Store003,SKU003,60,-22.08776898160216,True,6.363636363636363,High
2023-06-26,Store001,SKU001,72,26.782663912160643,False,5.8604651162790695,High
2023-06-26,Store001,SKU002,43,25.74638769093559,False,3.7624999999999997,High
2023-06-26,Store001,SKU003,64,-22.627027292605746,True,6.136986301369863,High
2023-06-26,Store002,SKU001,81,26.03677921262056,False,6.096774193548387,High
2023-06-26,Store002,SKU002,70,-10.747549232217736,True,7.538461538461537,Medium
2023-06-26,Store002,SKU003,16,25.07553755185819,False,1.5555555555555554,Critical
2023-06-26,Store003,SKU001,26,80.63785736966793,False,1.9569892473118278,Critical
2023-06-26,Store003,SKU002,95,-26.65883076841392,True,8.209876543209877,Medium
2023-06-26,Store003,SKU003,87,-49.516340410173584,True,9.369230769230768,Medium
2023-06-27,Store001,SKU001,27,68.78266391216064,False,2.2771084337349397,Critical
2023-06-27,Store001,SKU002,69,-3.1107551662072694,True,6.355263157894736,High
2023-06-27,Store001,SKU003,27,16.944401278822824,False,2.392405063291139,Critical
2023-06-27,Store002,SKU001,48,57.03677921262056,False,3.6923076923076925,High
2023-06-27,Store002,SKU002,34,23.109593624925125,False,3.8387096774193545,High
2023-06-27,Store002,SKU003,16,23.789823266143898,False,1.6231884057971013,Critical
2023-06-27,Store003,SKU001,27,68.63785736966793,False,2.304878048780488,Critical
2023-06-27,Store003,SKU002,48,24.62688351730037,False,3.862068965517241,High
2023-06-27,Store003,SKU003,85,-43.65919755303073,True,8.04054054054054,Medium
2023-06-28,Store001,SKU001,78,25.782663912160643,False,6.0,High
2023-06-28,Store001,SKU002,50,12.317816262364154,False,4.929577464788733,High
2023-06-28,Store001,SKU003,16,27.515829850251393,False,1.435897435897436,Critical
2023-06-28,Store002,SKU001,31,63.03677921262056,False,2.7125,Critical
2023-06-28,Store002,SKU002,89,-29.747549232217736,True,9.584615384615384,Medium
2023-06-28,Store002,SKU003,93,-53.2101767338561,True,9.434782608695652,Medium
2023-06-28,Store003,SKU001,65,40.63785736966793,False,4.945652173913044,High
2023-06-28,Store003,SKU002,61,15.198312088728926,False,4.641304347826087,High
2023-06-28,Store003,SKU003,54,-9.65919755303073,True,4.666666666666667,High
2023-06-29,Store001,SKU001,95,5.782663912160643,False,7.556818181818182,Medium
2023-06-29,Store001,SKU002,75,-11.253612309064408,True,7.191780821917808,Medium
2023-06-29,Store001,SKU003,75,-34.05559872117718,True,7.291666666666666,Medium
2023-06-29,Store002,SKU001,96,-5.963220787379441,True,8.842105263157894,Medium
2023-06-29,Store002,SKU002,40,15.681022196353695,False,4.666666666666667,High
2023-06-29,Store002,SKU003,53,-12.353033876713248,True,5.225352112676057,High
2023-06-29,Store003,SKU001,74,39.63785736966793,False,5.18,High
2023-06-29,Store003,SKU002,62,12.055454945871787,False,4.876404494382022,High
2023-06-29,Store003,SKU003,88,-43.230626124459306,True,7.51219512195122,Medium
2023-06-30,Store001,SKU001,12,91.78266391216064,False,0.9230769230769231,Critical
2023-06-30,Store001,SKU002,88,-17.825040880492992,True,7.51219512195122,Medium
2023-06-30,Store001,SKU003,13,27.087258421679962,False,1.3,Critical
2023-06-30,Store002,SKU001,57,30.03677921262056,False,5.465753424657534,High
2023-06-30,Store002,SKU002,66,-3.1761206607891665,True,6.6,High
2023-06-30,Store002,SKU003,28,8.361251837572468,False,3.213114754098361,High
2023-06-30,Store003,SKU001,75,49.63785736966793,False,4.72972972972973,High
2023-06-30,Store003,SKU002,63,14.626883517300357,False,4.691489361702128,High
2023-06-30,Store003,SKU003,58,-9.373483267316445,True,4.461538461538462,High
2023-07-01,Store001,SKU001,95,11.782663912160643,False,7.074468085106383,Medium
2023-07-01,Store001,SKU002,53,15.03210197664987,False,4.696202531645569,High
2023-07-01,Store001,SKU003,24,17.801544135965685,False,2.27027027027027,Critical
2023-07-01,Store002,SKU001,79,17.03677921262056,False,6.7439024390243905,High
2023-07-01,Store002,SKU002,68,-0.17612066078916655,True,6.181818181818182,High
2023-07-01,Store002,SKU003,51,-13.353033876713248,True,5.578125,High
2023-07-01,Store003,SKU001,35,89.63785736966793,False,2.2072072072072073,Critical
2023-07-01,Store003,SKU002,73,6.055454945871787,False,5.322916666666667,High
2023-07-01,Store003,SKU003,46,-1.230626124459306,True,3.9268292682926833,High
2023-07-02,Store001,SKU001,95,23.782663912160643,False,6.273584905660377,High
2023-07-02,Store001,SKU002,91,-17.96789802335013,True,7.406976744186046,Medium
2023-07-02,Store001,SKU003,41,5.9444012788228235,False,3.337209302325581,High
2023-07-02,Store002,SKU001,33,74.03677921262056,False,2.4838709677419355,Critical
2023-07-02,Store002,SKU002,91,-25.318977803646305,True,8.608108108108109,Medium
2023-07-02,Store002,SKU003,41,-1.2101767338561018,True,4.159420289855072,High
2023-07-02,Store003,SKU001,64,55.63785736966793,False,4.226415094339623,High
2023-07-02,Store003,SKU002,68,13.198312088728926,False,4.808080808080808,High
2023-07-02,Store003,SKU003,84,-37.516340410173584,True,6.837209302325581,High
2023-07-03,Store001,SKU001,65,64.78266391216064,False,3.888888888888889,High
2023-07-03,Store001,SKU002,71,-5.825040880492992,True,6.626666666666667,High
2023-07-03,Store001,SKU003,18,25.515829850251393,False,1.6153846153846154,Critical
2023-07-03,Store002,SKU001,86,33.03677921262056,False,5.733333333333333,High
2023-07-03,Store002,SKU002,57,5.109593624925125,False,5.782608695652174,High
2023-07-03,Store002,SKU003,46,-4.495891019570394,True,4.410958904109589,High
2023-07-03,Store003,SKU001,19,115.63785736966793,False,1.0991735537190084,Critical
2023-07-03,Store003,SKU002,19,58.62688351730036,False,1.4148936170212765,Critical
2023-07-03,Store003,SKU003,51,-4.516340410173584,True,4.151162790697674,High
2023-07-04,Store001,SKU001,25,107.78266391216064,False,1.4583333333333335,Critical
2023-07-04,Store001,SKU002,10,47.317816262364154,False,1.09375,Critical
2023-07-04,Store001,SKU003,73,-31.198455864034315,True,6.905405405405405,High
2023-07-04,Store002,SKU001,29,94.03677921262056,False,1.8623853211009174,Critical
2023-07-04,Store002,SKU002,66,8.252450767782264,False,5.372093023255814,High
2023-07-04,Store002,SKU003,92,-53.92446244814181,True,9.907692307692306,Medium
2023-07-04,Store003,SKU001,18,120.63785736966793,False,1.008,Critical
2023-07-04,Store003,SKU002,99,-22.08740219698535,True,7.451612903225806,Medium
2023-07-04,Store003,SKU003,68,-24.944911838745014,True,6.102564102564103,High
2023-07-05,Store001,SKU001,93,38.78266391216064,False,5.470588235294118,High
2023-07-05,Store001,SKU002,61,-1.5393265947787,True,6.373134328358209,High
2023-07-05,Store001,SKU003,42,1.9444012788228235,False,3.721518987341772,High
2023-07-05,Store002,SKU001,81,46.03677921262056,False,5.017699115044248,High
2023-07-05,Store002,SKU002,54,15.252450767782264,False,4.784810126582278,High
2023-07-05,Store002,SKU003,89,-50.495891019570394,True,9.43939393939394,Medium
2023-07-05,Store003,SKU001,44,78.63785736966793,False,2.8256880733944953,Critical
2023-07-05,Store003,SKU002,22,46.34116923158608,False,1.9012345679012346,Critical
2023-07-05,Store003,SKU003,66,-24.230626124459306,True,6.16,High
2023-07-06,Store001,SKU001,17,120.78266391216064,False,0.952,Critical
2023-07-06,Store001,SKU002,38,19.317816262364154,False,4.15625,High
2023-07-06,Store001,SKU003,34,10.372972707394254,False,2.975,Critical
2023-07-06,Store002,SKU001,83,36.03677921262056,False,5.533333333333333,High
2023-07-06,Store002,SKU002,59,17.395307910639403,False,4.640449438202247,High
2023-07-06,Store002,SKU003,33,2.5041089804296064,False,3.9152542372881354,High
2023-07-06,Store003,SKU001,20,88.63785736966793,False,1.4736842105263157,Critical
2023-07-06,Store003,SKU002,51,15.198312088728926,False,4.5769230769230775,High
2023-07-06,Store003,SKU003,69,-27.230626124459306,True,6.44,High
2023-07-07,Store001,SKU001,80,44.78266391216064,False,5.0,High
2023-07-07,Store001,SKU002,42,10.317816262364154,False,5.157894736842105,High
2023-07-07,Store001,SKU003,81,-35.7698844354629,True,6.914634146341464,High
2023-07-07,Store002,SKU001,57,54.03677921262056,False,4.11340206185567,High
2023-07-07,Store002,SKU002,78,-8.033263517932014,True,6.825,High
2023-07-07,Store002,SKU003,62,-25.638748162427532,True,7.114754098360656,Medium
2023-07-07,Store003,SKU001,44,46.63785736966793,False,4.0,High
2023-07-07,Store003,SKU002,24,40.76974066015751,False,2.2105263157894735,Critical
2023-07-07,Store003,SKU003,24,13.91223101839784,False,2.5454545454545454,Critical
2023-07-08,Store001,SKU001,24,97.78266391216064,False,1.5412844036697249,Critical
2023-07-08,Store001,SKU002,81,-25.825040880492985,True,9.295081967213116,Medium
2023-07-08,Store001,SKU003,93,-49.91274157832004,True,8.454545454545455,Medium
2023-07-08,Store002,SKU001,82,22.03677921262056,False,6.377777777777777,High
2023-07-08,Store002,SKU002,23,47.681022196353695,False,1.9876543209876543,Critical
2023-07-08,Store002,SKU003,63,-29.210176733856102,True,8.01818181818182,Medium
2023-07-08,Store003,SKU001,57,49.63785736966793,False,4.290322580645161,High
2023-07-08,Store003,SKU002,91,-30.515973625556782,True,9.1,Medium
2023-07-08,Store003,SKU003,63,-19.516340410173584,True,5.582278481012658,High
2023-07-09,Store001,SKU001,21,86.78266391216064,False,1.5473684210526315,Critical
2023-07-09,Store001,SKU002,81,-26.5393265947787,True,9.450000000000001,Medium
2023-07-09,Store001,SKU003,16,26.2301155645371,False,1.4933333333333334,Critical
2023-07-09,Store002,SKU001,60,27.03677921262056,False,5.7534246575342465,High
2023-07-09,Store002,SKU002,49,15.966736482067986,False,4.698630136986301,High
2023-07-09,Store002,SKU003,53,-19.638748162427532,True,6.87037037037037,High
2023-07-09,Store003,SKU001,20,92.63785736966793,False,1.4141414141414141,Critical
2023-07-09,Store003,SKU002,39,21.484026374443218,False,3.9,High
2023-07-09,Store003,SKU003,92,-49.373483267316445,True,8.363636363636363,Medium
2023-07-10,Store001,SKU001,36,63.78266391216064,False,2.896551724137931,Critical
2023-07-10,Store001,SKU002,29,23.317816262364154,False,3.5614035087719302,High
2023-07-10,Store001,SKU003,50,-8.627027292605746,True,4.794520547945205,High
2023-07-10,Store002,SKU001,40,63.03677921262056,False,3.146067415730337,High
2023-07-10,Store002,SKU002,10,66.3953079106394,False,0.7865168539325843,Critical
2023-07-10,Store002,SKU003,36,-0.4958910195703936,True,4.271186440677966,High
2023-07-10,Store003,SKU001,65,31.637857369667927,False,5.481927710843373,High
2023-07-10,Store003,SKU002,66,-4.801687911271074,True,6.507042253521127,High
2023-07-10,Store003,SKU003,34,5.626516732683555,False,3.4,High
2023-07-11,Store001,SKU001,37,63.78266391216064,False,2.9431818181818183,Critical
2023-07-11,Store001,SKU002,34,19.032101976649876,False,4.1034482758620685,High
2023-07-11,Store001,SKU003,94,-53.48417014974861,True,9.267605633802818,Medium
2023-07-11,Store002,SKU001,90,10.036779212620559,False,7.325581395348837,Medium
2023-07-11,Store002,SKU002,89,-18.318977803646305,True,7.691358024691358,Medium
2023-07-11,Store002,SKU003,96,-58.78160530528467,True,10.666666666666666,Medium
2023-07-11,Store003,SKU001,52,41.63785736966793,False,4.55,High
2023-07-11,Store003,SKU002,54,6.484026374443218,False,5.4,High
2023-07-11,Store003,SKU003,96,-57.65919755303073,True,10.029850746268657,Medium
2023-07-12,Store001,SKU001,58,35.78266391216064,False,5.012345679012346,High
2023-07-12,Store001,SKU002,33,20.74638769093559,False,3.9152542372881354,High
2023-07-12,Store001,SKU003,50,-14.627027292605746,True,5.932203389830509,High
2023-07-12,Store002,SKU001,72,21.03677921262056,False,6.379746835443037,High
2023-07-12,Store002,SKU002,16,60.3953079106394,False,1.2584269662921348,Critical
2023-07-12,Store002,SKU003,21,14.932680409001037,False,2.45,Critical
2023-07-12,Store003,SKU001,17,80.63785736966793,False,1.4166666666666667,Critical
2023-07-12,Store003,SKU002,43,23.198312088728926,False,3.858974358974359,High
2023-07-12,Store003,SKU003,21,16.483659589826416,False,2.2615384615384615,Critical
2023-07-13,Store001,SKU001,13,65.78266391216064,False,1.3787878787878787,Critical
2023-07-13,Store001,SKU002,93,-39.25361230906441,True,11.033898305084746,Medium
2023-07-13,Store001,SKU003,74,-39.05559872117718,True,8.93103448275862,Medium
2023-07-13,Store002,SKU001,85,15.036779212620559,False,6.9186046511627906,High
2023-07-13,Store002,SKU002,11,56.82387933921083,False,1.0,Critical
2023-07-13,Store002,SKU003,54,-16.353033876713248,True,5.90625,High
2023-07-13,Store003,SKU001,30,70.63785736966793,False,2.413793103448276,Critical
2023-07-13,Store003,SKU002,49,25.76974066015751,False,3.811111111111111,High
2023-07-13,Store003,SKU003,99,-61.08776898160216,True,10.5,Medium
2023-07-14,Store001,SKU001,85,2.7826639121606433,False,7.933333333333334,Medium
2023-07-14,Store001,SKU002,35,21.603530548078446,False,3.888888888888889,High
2023-07-14,Store001,SKU003,99,-64.91274157832004,True,12.375,Medium
2023-07-14,Store002,SKU001,69,36.03677921262056,False,5.3076923076923075,High
2023-07-14,Store002,SKU002,80,-12.176120660789167,True,7.2727272727272725,Medium
2023-07-14,Store002,SKU003,15,23.932680409001037,False,1.5671641791044777,Critical
2023-07-14,Store003,SKU001,92,13.637857369667927,False,7.0,High
2023-07-14,Store003,SKU002,71,5.198312088728926,False,5.4021739130434785,High
2023-07-14,Store003,SKU003,50,-9.516340410173584,True,4.861111111111111,High
2023-07-15,Store001,SKU001,65,35.78266391216064,False,5.170454545454546,High
2023-07-15,Store001,SKU002,68,-12.110755166207262,True,7.677419354838709,Medium
2023-07-15,Store001,SKU003,12,22.087258421679962,False,1.5,Critical
2023-07-15,Store002,SKU001,43,62.03677921262056,False,3.3076923076923075,High
2023-07-15,Store002,SKU002,30,37.109593624925125,False,2.763157894736842,Critical
2023-07-15,Store002,SKU003,93,-45.495891019570394,True,7.482758620689655,Medium
2023-07-15,Store003,SKU001,86,6.637857369667927,False,7.620253164556962,Medium
2023-07-15,Store003,SKU002,89,-7.801687911271074,True,6.292929292929293,High
2023-07-15,Store003,SKU003,71,-33.516340410173584,True,7.646153846153846,Medium
2023-07-16,Store001,SKU001,24,82.78266391216064,False,1.7872340425531914,Critical
2023-07-16,Store001,SKU002,12,44.603530548078446,False,1.3333333333333333,Critical
2023-07-16,Store001,SKU003,38,-8.62702729260575,True,5.9111111111111105,High
2023-07-16,Store002,SKU001,28,88.03677921262056,False,1.9215686274509804,Critical
2023-07-16,Store002,SKU002,20,53.53816505349654,False,1.647058823529412,Critical
2023-07-16,Store002,SKU003,33,20.932680409001037,False,2.264705882352941,Critical
2023-07-16,Store003,SKU001,35,57.63785736966793,False,3.10126582278481,High
2023-07-16,Store003,SKU002,54,26.484026374443218,False,3.857142857142857,High
2023-07-16,Store003,SKU003,95,-56.65919755303073,True,9.925373134328359,Medium
2023-07-17,Store001,SKU001,23,97.78266391216064,False,1.4907407407407407,Critical
2023-07-17,Store001,SKU002,34,25.4606734052213,False,3.5522388059701493,High
2023-07-17,Store001,SKU003,45,-16.484170149748604,True,7.325581395348837,Medium
2023-07-17,Store002,SKU001,53,63.03677921262056,False,3.6372549019607843,High
2023-07-17,Store002,SKU002,16,55.3953079106394,False,1.3658536585365855,Critical
2023-07-17,Store002,SKU003,31,20.789823266143898,False,2.2371134020618557,Critical
2023-07-17,Store003,SKU001,70,31.637857369667927,False,5.568181818181818,High
2023-07-17,Store003,SKU002,22,57.76974066015751,False,1.5876288659793814,Critical
2023-07-17,Store003,SKU003,51,-11.802054695887875,True,5.173913043478261,High
2023-07-18,Store001,SKU001,71,51.78266391216064,False,4.5181818181818185,High
2023-07-18,Store001,SKU002,96,-40.825040880492985,True,11.016393442622952,Medium
2023-07-18,Store001,SKU003,95,-68.19845586403432,True,17.05128205128205,Low
2023-07-18,Store002,SKU001,81,36.03677921262056,False,5.5048543689320395,High
2023-07-18,Store002,SKU002,81,-7.461834946503458,True,6.670588235294118,High
2023-07-18,Store002,SKU003,91,-36.63874816242753,True,6.184466019417476,High
2023-07-18,Store003,SKU001,60,41.63785736966793,False,4.7727272727272725,High
2023-07-18,Store003,SKU002,65,18.34116923158608,False,4.46078431372549,High
2023-07-18,Store003,SKU003,55,-18.373483267316445,True,6.111111111111111,High
2023-07-19,Store001,SKU001,22,105.78266391216063,False,1.3391304347826087,Critical
2023-07-19,Store001,SKU002,98,-42.11075516620726,True,11.064516129032258,Medium
2023-07-19,Store001,SKU003,11,17.515829850251396,False,1.7906976744186045,Critical
2023-07-19,Store002,SKU001,86,32.03677921262056,False,5.788461538461538,High
2023-07-19,Store002,SKU002,55,19.966736482067986,False,4.425287356321839,High
2023-07-19,Store002,SKU003,49,2.789823266143898,False,3.536082474226804,High
2023-07-19,Store003,SKU001,34,64.63785736966793,False,2.8000000000000003,Critical
2023-07-19,Store003,SKU002,94,-15.658830768413921,True,6.926315789473684,High
2023-07-19,Store003,SKU003,66,-29.802054695887875,True,7.451612903225806,Medium
2023-07-20,Store001,SKU001,44,94.78266391216064,False,2.4444444444444446,Critical
2023-07-20,Store001,SKU002,93,-34.25361230906441,True,9.863636363636363,Medium
2023-07-20,Store001,SKU003,62,-31.341313006891465,True,9.041666666666668,Medium
2023-07-20,Store002,SKU001,90,22.03677921262056,False,6.428571428571429,High
2023-07-20,Store002,SKU002,98,-20.176120660789167,True,7.538461538461538,Medium
2023-07-20,Store002,SKU003,27,26.504108980429606,False,1.8712871287128712,Critical
2023-07-20,Store003,SKU001,53,42.63785736966793,False,4.524390243902439,High
2023-07-20,Store003,SKU002,10,62.62688351730037,False,0.8045977011494253,Critical
2023-07-20,Store003,SKU003,51,-10.08776898160216,True,4.890410958904109,High
2023-07-21,Store001,SKU001,89,46.78266391216064,False,5.0650406504065035,High
2023-07-21,Store001,SKU002,13,43.603530548078446,False,1.4444444444444444,Critical
2023-07-21,Store001,SKU003,59,-26.198455864034315,True,7.7924528301886795,Medium
2023-07-21,Store002,SKU001,68,46.03677921262056,False,4.76,High
2023-07-21,Store002,SKU002,65,14.966736482067972,False,4.840425531914893,High
2023-07-21,Store002,SKU003,83,-29.067319590998963,True,5.696078431372549,High
2023-07-21,Store003,SKU001,74,23.637857369667927,False,6.166666666666667,High
2023-07-21,Store003,SKU002,24,45.05545494587179,False,2.048780487804878,Critical
2023-07-21,Store003,SKU003,99,-59.373483267316445,True,9.9,Medium
2023-07-22,Store001,SKU001,31,99.78266391216064,False,1.8389830508474576,Critical
2023-07-22,Store001,SKU002,15,43.03210197664988,False,1.6153846153846152,Critical
2023-07-22,Store001,SKU003,19,12.087258421679966,False,2.7142857142857144,Critical
2023-07-22,Store002,SKU001,69,44.03677921262056,False,4.878787878787879,High
2023-07-22,Store002,SKU002,28,51.252450767782264,False,2.10752688172043,Critical
2023-07-22,Store002,SKU003,43,9.64696612328676,False,3.0404040404040407,High
2023-07-22,Store003,SKU001,11,84.63785736966793,False,0.9390243902439025,Critical
2023-07-22,Store003,SKU002,96,-27.65883076841392,True,8.296296296296296,Medium
2023-07-22,Store003,SKU003,37,7.3408024469692705,False,3.197530864197531,High
2023-07-23,Store001,SKU001,77,55.78266391216064,False,4.491666666666667,High
2023-07-23,Store001,SKU002,38,17.889244833792738,False,4.290322580645161,High
2023-07-23,Store001,SKU003,23,11.515829850251393,False,2.8245614035087723,Critical
2023-07-23,Store002,SKU001,55,57.03677921262056,False,3.9285714285714284,High
2023-07-23,Store002,SKU002,61,13.966736482067986,False,4.908045977011494,High
2023-07-23,Store002,SKU003,51,-2.6387481624275324,True,4.01123595505618,High
2023-07-23,Store003,SKU001,22,75.63785736966793,False,1.8333333333333333,Critical
2023-07-23,Store003,SKU002,82,-9.37311648269963,True,6.597701149425287,High
2023-07-23,Store003,SKU003,54,-10.516340410173584,True,4.784810126582278,High
2023-07-24,Store001,SKU001,59,69.78266391216064,False,3.5603448275862064,High
2023-07-24,Store001,SKU002,19,31.88924483379273,False,2.4181818181818184,Critical
2023-07-24,Store001,SKU003,60,-27.198455864034315,True,7.9245283018867925,Medium
2023-07-24,Store002,SKU001,80,19.03677921262056,False,6.588235294117648,High
2023-07-24,Store002,SKU002,78,-6.604692089360597,True,6.658536585365854,High
2023-07-24,Store002,SKU003,18,30.789823266143898,False,1.4,Critical
2023-07-24,Store003,SKU001,43,44.63785736966793,False,4.0675675675675675,High
2023-07-24,Store003,SKU002,97,-27.23025933984249,True,8.180722891566266,Medium
2023-07-24,Store003,SKU003,13,33.91223101839784,False,1.0459770114942528,Critical
2023-07-25,Store001,SKU001,99,36.78266391216064,False,5.634146341463414,High
2023-07-25,Store001,SKU002,34,21.889244833792738,False,3.8387096774193545,High
2023-07-25,Store001,SKU003,76,-39.7698844354629,True,8.721311475409836,Medium
2023-07-25,Store002,SKU001,60,34.03677921262056,False,5.25,High
2023-07-25,Store002,SKU002,50,13.538165053496542,False,4.929577464788733,High
2023-07-25,Store002,SKU003,80,-34.63874816242753,True,6.829268292682928,High
2023-07-25,Store003,SKU001,13,85.63785736966793,False,1.0705882352941176,Critical
2023-07-25,Store003,SKU002,62,2.0554549458717872,False,5.786666666666667,High
2023-07-25,Store003,SKU003,52,3.4836595898264164,False,3.4018691588785046,High
2023-07-26,Store001,SKU001,56,71.78266391216063,False,3.4086956521739133,High
2023-07-26,Store001,SKU002,79,-22.396469451921554,True,8.777777777777779,Medium
2023-07-26,Store001,SKU003,19,20.2301155645371,False,1.9558823529411766,Critical
2023-07-26,Store002,SKU001,64,28.03677921262056,False,5.743589743589744,High
2023-07-26,Store002,SKU002,92,-31.318977803646305,True,9.611940298507463,Medium
2023-07-26,Store002,SKU003,64,-17.78160530528467,True,5.333333333333333,High
2023-07-26,Store003,SKU001,51,50.63785736966793,False,4.056818181818182,High
2023-07-26,Store003,SKU002,32,37.05545494587179,False,2.731707317073171,Critical
2023-07-26,Store003,SKU003,68,-11.65919755303073,True,4.366972477064221,High
2023-07-27,Store001,SKU001,27,98.78266391216064,False,1.672566371681416,Critical
2023-07-27,Store001,SKU002,12,40.317816262364154,False,1.473684210526316,Critical
2023-07-27,Store001,SKU003,40,0.08725842167996234,False,4.0,High
2023-07-27,Store002,SKU001,19,80.03677921262056,False,1.5647058823529412,Critical
2023-07-27,Store002,SKU002,16,46.109593624925125,False,1.6231884057971013,Critical
2023-07-27,Store002,SKU003,34,9.64696612328676,False,3.0512820512820515,High
2023-07-27,Store003,SKU001,70,44.63785736966793,False,4.851485148514851,High
2023-07-27,Store003,SKU002,40,30.484026374443218,False,3.3333333333333335,High
2023-07-27,Store003,SKU003,45,6.626516732683555,False,3.2142857142857144,High
2023-07-28,Store001,SKU001,82,46.78266391216064,False,4.948275862068965,High
2023-07-28,Store001,SKU002,85,-29.110755166207262,True,9.596774193548386,Medium
2023-07-28,Store001,SKU003,57,-17.7698844354629,True,5.86764705882353,High
2023-07-28,Store002,SKU001,12,94.03677921262056,False,0.9130434782608696,Critical
2023-07-28,Store002,SKU002,38,29.109593624925125,False,3.5,High
2023-07-28,Store002,SKU003,42,0.3612518375724676,False,3.9200000000000004,High
2023-07-28,Store003,SKU001,70,40.63785736966793,False,5.051546391752577,High
2023-07-28,Store003,SKU002,55,19.76974066015751,False,4.277777777777778,High
2023-07-28,Store003,SKU003,51,3.1979453041121246,False,3.4326923076923075,High
2023-07-29,Store001,SKU001,73,56.78266391216064,False,4.367521367521367,High
2023-07-29,Store001,SKU002,95,-39.825040880492985,True,10.901639344262296,Medium
2023-07-29,Store001,SKU003,92,-48.91274157832004,True,8.363636363636363,Medium
2023-07-29,Store002,SKU001,58,43.03677921262056,False,4.666666666666667,High
2023-07-29,Store002,SKU002,59,5.252450767782264,False,5.736111111111111,High
2023-07-29,Store002,SKU003,72,-30.067319590998963,True,6.810810810810811,High
2023-07-29,Store003,SKU001,63,49.63785736966793,False,4.454545454545455,High
2023-07-29,Store003,SKU002,35,42.62688351730036,False,2.606382978723404,Critical
2023-07-29,Store003,SKU003,73,-23.944911838745014,True,5.554347826086957,High
2023-07-30,Store001,SKU001,73,61.782663912160615,False,4.188524590163935,High
2023-07-30,Store001,SKU002,71,-7.9678980233501235,True,6.902777777777778,High
2023-07-30,Store001,SKU003,68,-22.34131300689147,True,5.734939759036144,High
2023-07-30,Store002,SKU001,17,85.03677921262056,False,1.3522727272727273,Critical
2023-07-30,Store002,SKU002,67,6.538165053496542,False,5.517647058823529,High
2023-07-30,Store002,SKU003,78,-34.35303387671324,True,7.0,High
2023-07-30,Store003,SKU001,44,82.63785736966793,False,2.7256637168141595,Critical
2023-07-30,Store003,SKU002,85,-11.658830768413921,True,6.761363636363637,High
2023-07-30,Store003,SKU003,28,23.197945304112125,False,2.020618556701031,Critical
2023-07-31,Store001,SKU001,33,94.78266391216063,False,2.0086956521739134,Critical
2023-07-31,Store001,SKU002,36,31.317816262364147,False,3.230769230769231,High
2023-07-31,Store001,SKU003,15,32.372972707394254,False,1.206896551724138,Critical
2023-07-31,Store002,SKU001,25,85.03677921262056,False,1.8229166666666667,Critical
2023-07-31,Store002,SKU002,20,60.681022196353695,False,1.4736842105263157,Critical
2023-07-31,Store002,SKU003,47,-4.210176733856102,True,4.328947368421052,High
2023-07-31,Store003,SKU001,11,129.63785736966793,False,0.6062992125984252,Critical
2023-07-31,Store003,SKU002,23,53.198312088728926,False,1.75,Critical
2023-07-31,Store003,SKU003,23,25.197945304112125,False,1.7888888888888888,Critical
2023-08-01,Store001,SKU001,75,52.78266391216063,False,4.565217391304349,High
2023-08-01,Store001,SKU002,49,19.74638769093559,False,4.2875,High
2023-08-01,Store001,SKU003,65,-19.34131300689147,True,5.481927710843373,High
2023-08-01,Store002,SKU001,86,37.03677921262056,False,5.522935779816514,High
2023-08-01,Store002,SKU002,53,27.681022196353695,False,3.905263157894737,High
2023-08-01,Store002,SKU003,94,-52.06731959099896,True,8.891891891891891,Medium
2023-08-01,Store003,SKU001,10,117.63785736966793,False,0.6140350877192983,Critical
2023-08-01,Store003,SKU002,13,64.62688351730036,False,0.9680851063829787,Critical
2023-08-01,Store003,SKU003,52,-13.230626124459306,True,5.352941176470589,High
2023-08-02,Store001,SKU001,99,32.78266391216064,False,5.823529411764706,High
2023-08-02,Store001,SKU002,62,7.4606734052213,False,5.3580246913580245,High
2023-08-02,Store001,SKU003,53,-8.627027292605746,True,4.6375,High
2023-08-02,Store002,SKU001,23,101.03677921262056,False,1.4636363636363636,Critical
2023-08-02,Store002,SKU002,97,-16.318977803646305,True,7.147368421052632,Medium
2023-08-02,Store002,SKU003,14,29.21839469471533,False,1.2727272727272727,Critical
2023-08-02,Store003,SKU001,69,64.63785736966793,False,4.025,High
2023-08-02,Store003,SKU002,76,1.6268835173003566,False,5.659574468085106,High
2023-08-02,Store003,SKU003,93,-55.08776898160216,True,9.863636363636363,Medium
2023-08-03,Store001,SKU001,22,108.78266391216064,False,1.3050847457627117,Critical
2023-08-03,Store001,SKU002,37,36.74638769093559,False,2.9770114942528734,Critical
2023-08-03,Store001,SKU003,99,-52.05559872117718,True,8.05813953488372,Medium
2023-08-03,Store002,SKU001,93,35.03677921262056,False,5.710526315789474,High
2023-08-03,Store002,SKU002,13,67.6810221963537,False,0.9578947368421052,Critical
2023-08-03,Store002,SKU003,93,-47.2101767338561,True,7.843373493975903,Medium
2023-08-03,Store003,SKU001,59,69.6378573696679,False,3.591304347826087,High
2023-08-03,Store003,SKU002,76,1.6268835173003566,False,5.659574468085106,High
2023-08-03,Store003,SKU003,67,-26.516340410173584,True,6.513888888888888,High
2023-08-04,Store001,SKU001,12,117.78266391216064,False,0.717948717948718,Critical
2023-08-04,Store001,SKU002,63,12.88924483379273,False,4.8999999999999995,High
2023-08-04,Store001,SKU003,12,37.94440127882282,False,0.9032258064516129,Critical
2023-08-04,Store002,SKU001,39,87.03677921262056,False,2.4375,Critical
2023-08-04,Store002,SKU002,44,39.53816505349654,False,3.111111111111111,High
2023-08-04,Store002,SKU003,67,-19.495891019570394,True,5.390804597701149,High
2023-08-04,Store003,SKU001,90,35.63785736966793,False,5.625,High
2023-08-04,Store003,SKU002,39,40.76974066015751,False,2.8144329896907214,Critical
2023-08-04,Store003,SKU003,32,4.197945304112125,False,3.6129032258064515,High
2023-08-05,Store001,SKU001,64,65.78266391216064,False,3.829059829059829,High
2023-08-05,Store001,SKU002,14,73.31781626236415,False,0.9245283018867925,Critical
2023-08-05,Store001,SKU003,61,-14.912741578320038,True,5.083333333333333,High
2023-08-05,Store002,SKU001,69,70.03677921262056,False,3.864,High
2023-08-05,Store002,SKU002,73,13.395307910639403,False,4.961165048543689,High
2023-08-05,Store002,SKU003,43,-0.6387481624275324,True,4.013333333333334,High
2023-08-05,Store003,SKU001,78,56.63785736966793,False,4.5123966942148765,High
2023-08-05,Store003,SKU002,71,5.912597803014648,False,5.344086021505376,High
2023-08-05,Store003,SKU003,43,-7.6591975530307295,True,5.016666666666667,High
2023-08-06,Store001,SKU001,37,93.78266391216064,False,2.194915254237288,Critical
2023-08-06,Store001,SKU002,15,63.74638769093558,False,1.1170212765957446,Critical
2023-08-06,Store001,SKU003,39,4.9444012788228235,False,3.4556962025316453,High
2023-08-06,Store002,SKU001,10,131.03677921262056,False,0.5511811023622047,Critical
2023-08-06,Store002,SKU002,35,48.53816505349654,False,2.474747474747475,Critical
2023-08-06,Store002,SKU003,19,20.361251837572468,False,1.9558823529411766,Critical
2023-08-06,Store003,SKU001,80,40.63785736966793,False,5.233644859813084,High
2023-08-06,Store003,SKU002,58,14.62688351730037,False,4.666666666666667,High
2023-08-06,Store003,SKU003,79,-45.373483267316445,True,9.875,Medium
2023-08-07,Store001,SKU001,61,73.78266391216061,False,3.5000000000000004,High
2023-08-07,Store001,SKU002,94,-14.5393265947787,True,6.926315789473684,High
2023-08-07,Store001,SKU003,22,23.2301155645371,False,1.878048780487805,Critical
2023-08-07,Store002,SKU001,49,82.03677921262056,False,2.9316239316239314,Critical
2023-08-07,Store002,SKU002,13,64.10959362492513,False,1.011111111111111,Critical
2023-08-07,Store002,SKU003,41,-1.2101767338561018,True,4.159420289855072,High
2023-08-07,Store003,SKU001,45,58.63785736966793,False,3.5,High
2023-08-07,Store003,SKU002,31,35.91259780301465,False,2.7468354430379747,Critical
2023-08-07,Store003,SKU003,74,-41.65919755303073,True,9.773584905660378,Medium
2023-08-08,Store001,SKU001,87,35.78266391216064,False,5.536363636363637,High
2023-08-08,Store001,SKU002,99,-15.253612309064422,True,6.861386138613861,High
2023-08-08,Store001,SKU003,53,-2.627027292605746,True,3.9468085106382977,High
2023-08-08,Store002,SKU001,41,82.03677921262056,False,2.63302752293578,Critical
2023-08-08,Store002,SKU002,45,33.53816505349654,False,3.423913043478261,High
2023-08-08,Store002,SKU003,84,-41.2101767338561,True,7.7368421052631575,Medium
2023-08-08,Store003,SKU001,27,82.63785736966793,False,1.96875,Critical
2023-08-08,Store003,SKU002,51,8.055454945871787,False,5.25,High
2023-08-08,Store003,SKU003,55,-20.944911838745014,True,6.754385964912281,High
2023-08-09,Store001,SKU001,72,40.78266391216064,False,5.04,High
2023-08-09,Store001,SKU002,85,-1.2536123090644224,True,5.891089108910891,High
2023-08-09,Store001,SKU003,75,-25.912741578320038,True,5.769230769230769,High
2023-08-09,Store002,SKU001,61,67.03677921262056,False,3.7456140350877196,High
2023-08-09,Store002,SKU002,88,-16.604692089360597,True,7.51219512195122,Medium
2023-08-09,Store002,SKU003,14,30.07553755185819,False,1.240506329113924,Critical
2023-08-09,Store003,SKU001,66,36.63785736966793,False,5.191011235955057,High
2023-08-09,Store003,SKU002,53,4.626883517300371,False,5.621212121212121,High
2023-08-09,Store003,SKU003,45,-11.373483267316445,True,5.625,High
2023-08-10,Store001,SKU001,73,40.78266391216064,False,5.0594059405940595,High
2023-08-10,Store001,SKU002,68,21.4606734052213,False,4.366972477064221,High
2023-08-10,Store001,SKU003,54,-10.055598721177176,True,4.784810126582278,High
2023-08-10,Store002,SKU001,14,115.03677921262056,False,0.8521739130434783,Critical
2023-08-10,Store002,SKU002,70,6.395307910639403,False,5.5056179775280905,High
2023-08-10,Store002,SKU003,32,9.504108980429606,False,3.0684931506849313,High
2023-08-10,Store003,SKU001,79,18.637857369667927,False,6.583333333333333,High
2023-08-10,Store003,SKU002,31,21.62688351730037,False,3.6779661016949152,High
2023-08-10,Store003,SKU003,46,-14.08776898160216,True,6.1923076923076925,High
2023-08-11,Store001,SKU001,43,57.78266391216064,False,3.4204545454545454,High
2023-08-11,Store001,SKU002,14,68.31781626236415,False,0.98989898989899,Critical
2023-08-11,Store001,SKU003,36,6.658686993108532,False,3.31578947368421,High
2023-08-11,Store002,SKU001,92,42.03677921262056,False,5.366666666666667,High
2023-08-11,Store002,SKU002,80,-10.033263517932014,True,7.0,High
2023-08-11,Store002,SKU003,71,-30.353033876713248,True,7.0,High
2023-08-11,Store003,SKU001,39,60.63785736966793,False,3.1744186046511627,High
2023-08-11,Store003,SKU002,29,21.484026374443218,False,3.625,High
2023-08-11,Store003,SKU003,97,-65.08776898160215,True,13.057692307692307,Medium
2023-08-12,Store001,SKU001,27,78.78266391216064,False,2.032258064516129,Critical
2023-08-12,Store001,SKU002,19,56.17495911950701,False,1.4943820224719102,Critical
2023-08-12,Store001,SKU003,59,-13.769884435462899,True,5.036585365853659,High
2023-08-12,Store002,SKU001,63,60.03677921262056,False,4.045871559633028,High
2023-08-12,Store002,SKU002,21,48.96673648206799,False,1.8375,Critical
2023-08-12,Store002,SKU003,91,-41.35303387671324,True,6.923913043478261,High
2023-08-12,Store003,SKU001,78,22.637857369667927,False,6.275862068965517,High
2023-08-12,Store003,SKU002,68,-18.944545054128213,True,8.814814814814815,Medium
2023-08-12,Store003,SKU003,14,20.91223101839784,False,1.6610169491525424,Critical
2023-08-13,Store001,SKU001,13,79.78266391216064,False,1.1375,Critical
2023-08-13,Store001,SKU002,53,17.88924483379273,False,4.469879518072289,High
2023-08-13,Store001,SKU003,28,18.087258421679962,False,2.3333333333333335,Critical
2023-08-13,Store002,SKU001,25,104.03677921262056,False,1.5217391304347827,Critical
2023-08-13,Store002,SKU002,22,41.53816505349654,False,2.1690140845070425,Critical
2023-08-13,Store002,SKU003,26,25.789823266143898,False,1.8762886597938144,Critical
2023-08-13,Store003,SKU001,21,75.63785736966793,False,1.7710843373493974,Critical
2023-08-13,Store003,SKU002,33,23.91259780301465,False,3.5538461538461537,High
2023-08-13,Store003,SKU003,22,17.197945304112125,False,2.231884057971014,Critical
2023-08-14,Store001,SKU001,72,17.782663912160643,False,6.545454545454546,High
2023-08-14,Store001,SKU002,66,3.4606734052213,False,5.703703703703704,High
2023-08-14,Store001,SKU003,62,-15.055598721177176,True,5.046511627906977,High
2023-08-14,Store002,SKU001,99,32.03677921262056,False,5.9230769230769225,High
2023-08-14,Store002,SKU002,21,42.53816505349654,False,2.0704225352112675,Critical
2023-08-14,Store002,SKU003,47,7.789823266143898,False,3.1634615384615383,High
2023-08-14,Store003,SKU001,19,77.63785736966793,False,1.6024096385542168,Critical
2023-08-14,Store003,SKU002,41,28.055454945871787,False,3.5000000000000004,High
2023-08-14,Store003,SKU003,70,-30.373483267316445,True,7.0,High
2023-08-15,Store001,SKU001,91,0.7826639121606433,False,8.063291139240507,Medium
2023-08-15,Store001,SKU002,62,1.0321019766498765,False,6.027777777777778,High
2023-08-15,Store001,SKU003,61,-17.055598721177176,True,5.40506329113924,High
2023-08-15,Store002,SKU001,19,105.03677921262056,False,1.2090909090909092,Critical
2023-08-15,Store002,SKU002,73,-9.461834946503458,True,7.19718309859155,Medium
2023-08-15,Store002,SKU003,88,-34.92446244814181,True,6.159999999999999,High
2023-08-15,Store003,SKU001,67,25.637857369667927,False,5.936708860759493,High
2023-08-15,Store003,SKU002,71,2.341169231586079,False,5.6477272727272725,High
2023-08-15,Store003,SKU003,93,-52.08776898160216,True,8.917808219178083,Medium
2023-08-16,Store001,SKU001,23,74.78266391216064,False,1.8941176470588237,Critical
2023-08-16,Store001,SKU002,80,-14.825040880492992,True,7.466666666666667,Medium
2023-08-16,Store001,SKU003,94,-50.05559872117718,True,8.329113924050633,Medium
2023-08-16,Store002,SKU001,89,32.03677921262056,False,5.822429906542056,High
2023-08-16,Store002,SKU002,80,-5.747549232217736,True,6.511627906976744,High
2023-08-16,Store002,SKU003,72,-12.495891019570394,True,4.382608695652174,High
2023-08-16,Store003,SKU001,84,1.6378573696679268,False,8.166666666666666,Medium
2023-08-16,Store003,SKU002,64,11.484026374443218,False,4.923076923076923,High
2023-08-16,Store003,SKU003,43,-2.08776898160216,True,4.123287671232877,High
2023-08-17,Store001,SKU001,55,42.78266391216064,False,4.529411764705882,High
2023-08-17,Store001,SKU002,15,43.74638769093559,False,1.5909090909090908,Critical
2023-08-17,Store001,SKU003,86,-40.34131300689147,True,7.253012048192771,Medium
2023-08-17,Store002,SKU001,99,14.036779212620559,False,7.0,High
2023-08-17,Store002,SKU002,87,-12.747549232217736,True,7.081395348837209,Medium
2023-08-17,Store002,SKU003,52,9.64696612328676,False,3.033333333333333,High
2023-08-17,Store003,SKU001,92,-5.362142630332073,True,8.821917808219178,Medium
2023-08-17,Store003,SKU002,59,14.341169231586079,False,4.693181818181818,High
2023-08-17,Store003,SKU003,46,-6.802054695887875,True,4.666666666666666,High
2023-08-18,Store001,SKU001,52,70.78266391216064,False,3.309090909090909,High
2023-08-18,Store001,SKU002,84,-15.96789802335013,True,7.443037974683544,Medium
2023-08-18,Store001,SKU003,41,3.8015441359656847,False,3.54320987654321,High
2023-08-18,Store002,SKU001,96,4.036779212620559,False,7.813953488372093,Medium
2023-08-18,Store002,SKU002,77,-7.0332635179320135,True,6.7375,High
2023-08-18,Store002,SKU003,65,-1.2101767338561018,True,3.6399999999999997,High
2023-08-18,Store003,SKU001,80,10.637857369667927,False,7.2727272727272725,Medium
2023-08-18,Store003,SKU002,97,-24.37311648269963,True,7.804597701149425,Medium
2023-08-18,Store003,SKU003,88,-48.802054695887875,True,8.927536231884057,Medium
2023-08-19,Store001,SKU001,64,65.78266391216064,False,3.829059829059829,High
2023-08-19,Store001,SKU002,79,-13.825040880492992,True,7.373333333333334,Medium
2023-08-19,Store001,SKU003,19,21.944401278822824,False,1.847222222222222,Critical
2023-08-19,Store002,SKU001,64,46.03677921262056,False,4.666666666666667,High
2023-08-19,Store002,SKU002,48,29.109593624925125,False,3.7333333333333334,High
2023-08-19,Store002,SKU003,73,-18.638748162427532,True,4.961165048543689,High
2023-08-19,Store003,SKU001,11,84.63785736966793,False,0.9390243902439025,Critical
2023-08-19,Store003,SKU002,40,30.484026374443218,False,3.3333333333333335,High
2023-08-19,Store003,SKU003,47,-7.373483267316445,True,4.7,High
2023-08-20,Store001,SKU001,87,49.78266391216064,False,4.911290322580645,High
2023-08-20,Store001,SKU002,42,30.317816262364147,False,3.458823529411765,High
2023-08-20,Store001,SKU003,11,26.944401278822824,False,1.1846153846153846,Critical
2023-08-20,Store002,SKU001,80,18.03677921262056,False,6.666666666666667,High
2023-08-20,Store002,SKU002,77,6.538165053496542,False,5.444444444444445,High
2023-08-20,Store002,SKU003,98,-41.495891019570394,True,6.351851851851852,High
2023-08-20,Store003,SKU001,82,15.637857369667927,False,6.833333333333333,High
2023-08-20,Store003,SKU002,13,58.198312088728926,False,1.0705882352941176,Critical
2023-08-20,Store003,SKU003,77,-40.802054695887875,True,8.693548387096774,Medium
2023-08-21,Store001,SKU001,10,123.78266391216064,False,0.578512396694215,Critical
2023-08-21,Store001,SKU002,22,47.4606734052213,False,1.9012345679012346,Critical
2023-08-21,Store001,SKU003,11,23.944401278822824,False,1.3275862068965516,Critical
2023-08-21,Store002,SKU001,85,3.0367792126205586,False,8.04054054054054,Medium
2023-08-21,Store002,SKU002,82,0.10959362492512525,False,5.917525773195876,High
2023-08-21,Store002,SKU003,67,-11.35303387671324,True,4.4245283018867925,High
2023-08-21,Store003,SKU001,34,77.63785736966793,False,2.4285714285714284,Critical
2023-08-21,Store003,SKU002,26,41.62688351730037,False,2.275,Critical
2023-08-21,Store003,SKU003,50,-14.65919755303073,True,5.833333333333334,High
2023-08-22,Store001,SKU001,58,68.78266391216064,False,3.5614035087719302,High
2023-08-22,Store001,SKU002,37,33.17495911950701,False,3.158536585365854,High
2023-08-22,Store001,SKU003,29,6.372972707394254,False,3.4406779661016946,High
2023-08-22,Store002,SKU001,55,41.03677921262056,False,4.695121951219512,High
2023-08-22,Store002,SKU002,90,1.3953079106394028,False,5.7272727272727275,High
2023-08-22,Store002,SKU003,58,-0.2101767338561018,True,3.6576576576576576,High
2023-08-22,Store003,SKU001,32,74.63785736966793,False,2.4086021505376345,Critical
2023-08-22,Store003,SKU002,57,11.341169231586079,False,4.925925925925926,High
2023-08-22,Store003,SKU003,63,-30.230626124459306,True,8.166666666666666,Medium
2023-08-23,Store001,SKU001,91,41.78266391216064,False,5.308333333333334,High
2023-08-23,Store001,SKU002,64,5.4606734052213,False,5.530864197530864,High
2023-08-23,Store001,SKU003,39,-4.912741578320038,True,4.875,High
2023-08-23,Store002,SKU001,14,91.03677921262056,False,1.0769230769230769,Critical
2023-08-23,Store002,SKU002,59,28.109593624925125,False,3.971153846153846,High
2023-08-23,Store002,SKU003,57,-9.495891019570394,True,4.586206896551724,High
2023-08-23,Store003,SKU001,17,92.63785736966793,False,1.2395833333333335,Critical
2023-08-23,Store003,SKU002,32,35.62688351730037,False,2.8,Critical
2023-08-23,Store003,SKU003,71,-39.08776898160216,True,9.557692307692307,Medium
2023-08-24,Store001,SKU001,22,111.78266391216064,False,1.2727272727272727,Critical
2023-08-24,Store001,SKU002,39,27.60353054807844,False,3.5454545454545454,High
2023-08-24,Store001,SKU003,34,-0.34131300689146826,True,4.327272727272727,High
2023-08-24,Store002,SKU001,43,64.03677921262056,False,3.236559139784946,High
2023-08-24,Store002,SKU002,40,39.96673648206797,False,2.978723404255319,Critical
2023-08-24,Store002,SKU003,22,22.07553755185819,False,1.9493670886075949,Critical
2023-08-24,Store003,SKU001,67,56.63785736966793,False,4.263636363636364,High
2023-08-24,Store003,SKU002,60,17.626883517300357,False,4.468085106382978,High
2023-08-24,Store003,SKU003,67,-34.65919755303073,True,8.849056603773585,Medium
2023-08-25,Store001,SKU001,18,109.78266391216063,False,1.0956521739130436,Critical
2023-08-25,Store001,SKU002,22,40.317816262364154,False,2.1690140845070425,Critical
2023-08-25,Store001,SKU003,71,-30.912741578320038,True,7.1,Medium
2023-08-25,Store002,SKU001,83,33.03677921262056,False,5.696078431372549,High
2023-08-25,Store002,SKU002,21,59.681022196353695,False,1.5473684210526315,Critical
2023-08-25,Store002,SKU003,73,-32.78160530528467,True,7.3,Medium
2023-08-25,Store003,SKU001,62,63.63785736966793,False,3.875,High
2023-08-25,Store003,SKU002,41,32.34116923158608,False,3.2613636363636362,High
2023-08-25,Store003,SKU003,99,-64.94491183874501,True,12.157894736842106,Medium
2023-08-26,Store001,SKU001,85,17.782663912160643,False,6.611111111111111,High
2023-08-26,Store001,SKU002,13,55.03210197664987,False,1.1518987341772151,Critical
2023-08-26,Store001,SKU003,11,32.08725842167996,False,1.0,Critical
2023-08-26,Store002,SKU001,47,54.03677921262056,False,3.781609195402299,High
2023-08-26,Store002,SKU002,60,14.252450767782264,False,4.883720930232558,High
2023-08-26,Store002,SKU003,91,-46.92446244814181,True,8.063291139240507,Medium
2023-08-26,Store003,SKU001,98,18.637857369667927,False,6.660194174757282,High
2023-08-26,Store003,SKU002,53,24.626883517300357,False,3.9468085106382977,High
2023-08-26,Store003,SKU003,47,-16.373483267316445,True,6.714285714285714,High
2023-08-27,Store001,SKU001,66,43.78266391216064,False,4.762886597938144,High
2023-08-27,Store001,SKU002,72,-3.9678980233501306,True,6.379746835443037,High
2023-08-27,Store001,SKU003,29,13.658686993108532,False,2.6710526315789473,Critical
2023-08-27,Store002,SKU001,40,57.03677921262056,False,3.373493975903614,High
2023-08-27,Store002,SKU002,62,21.53816505349654,False,4.383838383838384,High
2023-08-27,Store002,SKU003,88,-48.63874816242753,True,9.058823529411766,Medium
2023-08-27,Store003,SKU001,75,65.63785736966793,False,4.133858267716535,High
2023-08-27,Store003,SKU002,22,53.48402637444322,False,1.6923076923076923,Critical
2023-08-27,Store003,SKU003,36,-2.3734832673164448,True,4.5,High
2023-08-28,Store001,SKU001,98,9.782663912160643,False,7.221052631578948,Medium
2023-08-28,Store001,SKU002,57,11.03210197664987,False,5.0506329113924044,High
2023-08-28,Store001,SKU003,92,-49.34131300689147,True,8.473684210526315,Medium
2023-08-28,Store002,SKU001,99,-3.9632207873794414,True,8.555555555555555,Medium
2023-08-28,Store002,SKU002,88,-4.461834946503458,True,6.222222222222222,High
2023-08-28,Store002,SKU003,26,11.646966123286752,False,2.84375,Critical
2023-08-28,Store003,SKU001,87,45.63785736966793,False,5.117647058823529,High
2023-08-28,Store003,SKU002,94,-24.944545054128213,True,8.02439024390244,Medium
2023-08-28,Store003,SKU003,54,-16.516340410173584,True,5.815384615384615,High
2023-08-29,Store001,SKU001,48,61.78266391216064,False,3.4639175257731956,High
2023-08-29,Store001,SKU002,78,-7.110755166207269,True,6.578313253012048,High
2023-08-29,Store001,SKU003,39,-1.484170149748607,True,4.265625,High
2023-08-29,Store002,SKU001,89,-0.9632207873794414,True,8.41891891891892,Medium
2023-08-29,Store002,SKU002,10,66.3953079106394,False,0.7865168539325843,Critical
2023-08-29,Store002,SKU003,56,-17.067319590998963,True,5.850746268656716,High
2023-08-29,Store003,SKU001,60,77.63785736966793,False,3.387096774193548,High
2023-08-29,Store003,SKU002,74,-4.944545054128213,True,6.317073170731708,High
2023-08-29,Store003,SKU003,74,-33.944911838745014,True,7.295774647887324,Medium
2023-08-30,Store001,SKU001,62,40.78266391216064,False,4.822222222222222,High
2023-08-30,Store001,SKU002,83,-14.253612309064408,True,7.2625,Medium
2023-08-30,Store001,SKU003,17,20.087258421679962,False,1.8888888888888888,Critical
2023-08-30,Store002,SKU001,20,62.03677921262056,False,2.058823529411765,Critical
2023-08-30,Store002,SKU002,17,63.681022196353695,False,1.2526315789473685,Critical
2023-08-30,Store002,SKU003,74,-35.495891019570394,True,7.848484848484849,Medium
2023-08-30,Store003,SKU001,86,54.63785736966793,False,4.740157480314961,High
2023-08-30,Store003,SKU002,75,-8.801687911271074,True,6.730769230769231,High
2023-08-30,Store003,SKU003,18,28.91223101839784,False,1.4482758620689655,Critical
2023-08-31,Store001,SKU001,69,20.782663912160643,False,6.2727272727272725,High
2023-08-31,Store001,SKU002,34,36.88924483379273,False,2.867469879518072,Critical
2023-08-31,Store001,SKU003,61,-24.7698844354629,True,7.000000000000001,Medium
2023-08-31,Store002,SKU001,36,47.03677921262056,False,3.652173913043478,High
2023-08-31,Store002,SKU002,28,53.3953079106394,False,2.041666666666667,Critical
2023-08-31,Store002,SKU003,65,-26.067319590998963,True,6.791044776119403,High
2023-08-31,Store003,SKU001,80,45.63785736966793,False,5.0,High
2023-08-31,Store003,SKU002,89,-30.65883076841392,True,9.298507462686567,Medium
2023-08-31,Store003,SKU003,56,-9.08776898160216,True,4.505747126436781,High
2023-09-01,Store001,SKU001,40,48.78266391216064,False,3.6842105263157894,High
2023-09-01,Store001,SKU002,47,23.174959119507008,False,4.01219512195122,High
2023-09-01,Store001,SKU003,91,-59.91274157832004,True,13.0,Medium
2023-09-01,Store002,SKU001,89,-7.963220787379441,True,9.298507462686567,Medium
2023-09-01,Store002,SKU002,61,24.681022196353695,False,4.186274509803922,High
2023-09-01,Store002,SKU003,13,27.21839469471533,False,1.3,Critical
2023-09-01,Store003,SKU001,55,67.63785736966793,False,3.532110091743119,High
2023-09-01,Store003,SKU002,77,-11.515973625556782,True,7.0,High
2023-09-01,Store003,SKU003,71,-27.516340410173584,True,6.291139240506329,High
2023-09-02,Store001,SKU001,89,4.782663912160643,False,7.691358024691358,Medium
2023-09-02,Store001,SKU002,86,-21.5393265947787,True,8.135135135135135,Medium
2023-09-02,Store001,SKU003,88,-59.05559872117718,True,14.0,Medium
2023-09-02,Store002,SKU001,95,1.0367792126205586,False,8.109756097560975,Medium
2023-09-02,Store002,SKU002,51,28.252450767782264,False,3.8387096774193545,High
2023-09-02,Store002,SKU003,99,-60.495891019570394,True,10.5,Medium
2023-09-02,Store003,SKU001,54,68.63785736966793,False,3.467889908256881,High
2023-09-02,Store003,SKU002,13,48.91259780301465,False,1.2638888888888888,Critical
2023-09-02,Store003,SKU003,50,-8.230626124459306,True,4.666666666666667,High
2023-09-03,Store001,SKU001,61,41.78266391216064,False,4.7444444444444445,High
2023-09-03,Store001,SKU002,19,49.74638769093559,False,1.6624999999999999,Critical
2023-09-03,Store001,SKU003,47,-16.76988443546289,True,7.0,High
2023-09-03,Store002,SKU001,47,66.03677921262056,False,3.3232323232323235,High
2023-09-03,Store002,SKU002,27,43.681022196353695,False,2.3333333333333335,Critical
2023-09-03,Store002,SKU003,64,-26.78160530528467,True,7.111111111111111,Medium
2023-09-03,Store003,SKU001,13,91.63785736966793,False,1.0,Critical
2023-09-03,Store003,SKU002,95,-35.23025933984249,True,9.63768115942029,Medium
2023-09-03,Store003,SKU003,24,13.055088161254986,False,2.625,Critical
2023-09-04,Store001,SKU001,47,58.78266391216064,False,3.5376344086021505,High
2023-09-04,Store001,SKU002,58,13.603530548078439,False,4.833333333333333,High
2023-09-04,Store001,SKU003,15,16.515829850251396,False,2.1,Critical
2023-09-04,Store002,SKU001,28,96.03677921262056,False,1.781818181818182,Critical
2023-09-04,Store002,SKU002,38,32.681022196353695,False,3.2839506172839505,High
2023-09-04,Store002,SKU003,61,-25.067319590998963,True,7.116666666666667,Medium
2023-09-04,Store003,SKU001,48,57.63785736966793,False,3.6521739130434785,High
2023-09-04,Store003,SKU002,80,-20.944545054128213,True,8.23529411764706,Medium
2023-09-04,Store003,SKU003,30,5.769373875540694,False,3.4426229508196724,High
2023-09-05,Store001,SKU001,10,99.78266391216064,False,0.7216494845360825,Critical
2023-09-05,Store001,SKU002,76,-6.5393265947787,True,6.567901234567901,High
2023-09-05,Store001,SKU003,29,2.9444012788228235,False,3.980392156862745,High
2023-09-05,Store002,SKU001,99,23.03677921262056,False,6.416666666666667,High
2023-09-05,Store002,SKU002,59,5.9667364820679865,False,5.657534246575342,High
2023-09-05,Store002,SKU003,81,-48.495891019570394,True,10.903846153846153,Medium
2023-09-05,Store003,SKU001,87,27.637857369667927,False,6.02970297029703,High
2023-09-05,Store003,SKU002,18,41.05545494587179,False,1.8529411764705883,Critical
2023-09-05,Store003,SKU003,55,-20.516340410173584,True,6.637931034482758,High
2023-09-06,Store001,SKU001,90,23.782663912160643,False,6.237623762376238,High
2023-09-06,Store001,SKU002,24,45.4606734052213,False,2.074074074074074,Critical
2023-09-06,Store001,SKU003,75,-38.34131300689146,True,8.46774193548387,Medium
2023-09-06,Store002,SKU001,90,34.03677921262056,False,5.7272727272727275,High
2023-09-06,Store002,SKU002,72,-10.604692089360597,True,7.411764705882353,Medium
2023-09-06,Store002,SKU003,59,-22.638748162427532,True,6.770491803278689,High
2023-09-06,Store003,SKU001,81,40.63785736966793,False,5.25,High
2023-09-06,Store003,SKU002,79,-22.08740219698535,True,8.507692307692308,Medium
2023-09-06,Store003,SKU003,20,11.055088161254986,False,2.8,Critical
2023-09-07,Store001,SKU001,37,85.78266391216064,False,2.3545454545454545,Critical
2023-09-07,Store001,SKU002,35,38.74638769093559,False,2.8160919540229883,Critical
2023-09-07,Store001,SKU003,72,-35.7698844354629,True,8.262295081967213,Medium
2023-09-07,Store002,SKU001,20,101.03677921262056,False,1.308411214953271,Critical
2023-09-07,Store002,SKU002,87,-23.46183494650346,True,8.577464788732394,Medium
2023-09-07,Store002,SKU003,31,6.646966123286752,False,3.390625,High
2023-09-07,Store003,SKU001,88,43.63785736966793,False,5.220338983050847,High
2023-09-07,Store003,SKU002,12,53.48402637444322,False,1.0909090909090908,Critical
2023-09-07,Store003,SKU003,44,-10.373483267316445,True,5.5,High
2023-09-08,Store001,SKU001,32,92.78266391216064,False,2.0,Critical
2023-09-08,Store001,SKU002,63,12.174959119507008,False,4.955056179775281,High
2023-09-08,Store001,SKU003,62,-26.627027292605746,True,7.3559322033898304,Medium
2023-09-08,Store002,SKU001,85,39.03677921262056,False,5.409090909090909,High
2023-09-08,Store002,SKU002,79,-14.033263517932014,True,7.575342465753424,Medium
2023-09-08,Store002,SKU003,21,17.932680409001037,False,2.1940298507462686,Critical
2023-09-08,Store003,SKU001,87,49.63785736966793,False,4.951219512195122,High
2023-09-08,Store003,SKU002,53,5.341169231586079,False,5.537313432835821,High
2023-09-08,Store003,SKU003,80,-43.802054695887875,True,9.032258064516128,Medium
2023-09-09,Store001,SKU001,77,51.78266391216064,False,4.646551724137931,High
2023-09-09,Store001,SKU002,65,8.746387690935592,False,5.2298850574712645,High
2023-09-09,Store001,SKU003,71,-34.34131300689146,True,8.016129032258064,Medium
2023-09-09,Store002,SKU001,49,59.03677921262056,False,3.648936170212766,High
2023-09-09,Store002,SKU002,32,37.96673648206799,False,2.8,Critical
2023-09-09,Store002,SKU003,13,24.646966123286752,False,1.421875,Critical
2023-09-09,Store003,SKU001,18,109.63785736966793,False,1.105263157894737,Critical
2023-09-09,Store003,SKU002,45,17.62688351730037,False,4.315068493150685,High
2023-09-09,Store003,SKU003,79,-38.08776898160216,True,7.575342465753424,Medium
2023-09-10,Store001,SKU001,75,43.78266391216064,False,4.952830188679245,High
2023-09-10,Store001,SKU002,99,-32.39646945192156,True,9.0,Medium
2023-09-10,Store001,SKU003,30,3.2301155645371082,False,3.888888888888889,High
2023-09-10,Store002,SKU001,46,40.03677921262056,False,4.472222222222222,High
2023-09-10,Store002,SKU002,68,1.252450767782264,False,6.025316455696202,High
2023-09-10,Store002,SKU003,50,-12.353033876713248,True,5.46875,High
2023-09-10,Store003,SKU001,52,67.63785736966793,False,3.4339622641509435,High
2023-09-10,Store003,SKU002,99,-32.801687911271074,True,8.884615384615385,Medium
2023-09-10,Store003,SKU003,73,-32.944911838745014,True,7.19718309859155,Medium
2023-09-11,Store001,SKU001,59,58.78266391216064,False,3.933333333333333,High
2023-09-11,Store001,SKU002,36,31.317816262364147,False,3.230769230769231,High
2023-09-11,Store001,SKU003,74,-39.91274157832004,True,9.25,Medium
2023-09-11,Store002,SKU001,78,7.036779212620559,False,7.690140845070423,Medium
2023-09-11,Store002,SKU002,29,43.109593624925125,False,2.4457831325301203,Critical
2023-09-11,Store002,SKU003,59,-22.210176733856102,True,6.661290322580645,High
2023-09-11,Store003,SKU001,80,30.637857369667927,False,5.77319587628866,High
2023-09-11,Store003,SKU002,89,-22.801687911271074,True,7.987179487179487,Medium
2023-09-11,Store003,SKU003,82,-41.08776898160216,True,7.863013698630136,Medium
2023-09-12,Store001,SKU001,52,65.78266391216064,False,3.466666666666667,High
2023-09-12,Store001,SKU002,61,4.174959119507008,False,5.693333333333333,High
2023-09-12,Store001,SKU003,69,-31.055598721177176,True,7.43076923076923,Medium
2023-09-12,Store002,SKU001,35,56.03677921262056,False,3.1818181818181817,High
2023-09-12,Store002,SKU002,68,8.395307910639403,False,5.348314606741574,High
2023-09-12,Store002,SKU003,14,21.07553755185819,False,1.689655172413793,Critical
2023-09-12,Store003,SKU001,46,53.63785736966793,False,3.744186046511628,High
2023-09-12,Store003,SKU002,93,-24.65883076841392,True,8.037037037037038,Medium
2023-09-12,Store003,SKU003,90,-47.802054695887875,True,8.289473684210526,Medium
2023-09-13,Store001,SKU001,69,40.78266391216064,False,4.979381443298969,High
2023-09-13,Store001,SKU002,80,-16.967898023350124,True,7.777777777777777,Medium
2023-09-13,Store001,SKU003,62,-27.912741578320038,True,7.75,Medium
2023-09-13,Store002,SKU001,90,-4.963220787379441,True,8.873239436619718,Medium
2023-09-13,Store002,SKU002,57,13.681022196353695,False,4.925925925925926,High
2023-09-13,Store002,SKU003,15,17.504108980429606,False,2.019230769230769,Critical
2023-09-13,Store003,SKU001,65,23.637857369667927,False,6.066666666666667,High
2023-09-13,Store003,SKU002,99,-24.23025933984249,True,7.699999999999999,Medium
2023-09-13,Store003,SKU003,81,-41.802054695887875,True,8.217391304347826,Medium
2023-09-14,Store001,SKU001,71,34.78266391216064,False,5.344086021505376,High
2023-09-14,Store001,SKU002,38,20.74638769093559,False,4.03030303030303,High
2023-09-14,Store001,SKU003,73,-36.7698844354629,True,8.37704918032787,Medium
2023-09-14,Store002,SKU001,24,76.03677921262056,False,1.9534883720930232,Critical
2023-09-14,Store002,SKU002,62,12.966736482067986,False,4.988505747126436,High
2023-09-14,Store002,SKU003,52,-21.638748162427532,True,7.74468085106383,Medium
2023-09-14,Store003,SKU001,91,-9.362142630332073,True,9.36764705882353,Medium
2023-09-14,Store003,SKU002,66,5.912597803014648,False,5.372093023255814,High
2023-09-14,Store003,SKU003,61,-24.373483267316445,True,6.777777777777778,High
2023-09-15,Store001,SKU001,33,62.78266391216064,False,2.783132530120482,Critical
2023-09-15,Store001,SKU002,21,37.03210197664988,False,2.2615384615384615,Critical
2023-09-15,Store001,SKU003,86,-51.05559872117718,True,10.379310344827585,Medium
2023-09-15,Store002,SKU001,94,8.036779212620559,False,7.4772727272727275,Medium
2023-09-15,Store002,SKU002,50,21.395307910639403,False,4.2682926829268295,High
2023-09-15,Store002,SKU003,47,-18.353033876713244,True,7.651162790697674,Medium
2023-09-15,Store003,SKU001,15,63.63785736966793,False,1.6153846153846152,Critical
2023-09-15,Store003,SKU002,98,-20.373116482699643,True,7.297872340425532,Medium
2023-09-15,Store003,SKU003,45,-9.230626124459306,True,5.163934426229509,High
2023-09-16,Store001,SKU001,11,78.78266391216064,False,1.0,Critical
2023-09-16,Store001,SKU002,45,13.746387690935592,False,4.7727272727272725,High
2023-09-16,Store001,SKU003,63,-27.198455864034315,True,7.3500000000000005,Medium
2023-09-16,Store002,SKU001,41,68.03677921262056,False,3.0210526315789474,High
2023-09-16,Store002,SKU002,21,52.53816505349654,False,1.7294117647058824,Critical
2023-09-16,Store002,SKU003,11,16.361251837572468,False,1.925,Critical
2023-09-16,Store003,SKU001,18,61.63785736966793,False,1.909090909090909,Critical
2023-09-16,Store003,SKU002,99,-19.23025933984249,True,7.144329896907216,Medium
2023-09-16,Store003,SKU003,45,-11.802054695887875,True,5.7272727272727275,High
2023-09-17,Store001,SKU001,19,54.78266391216063,False,2.180327868852459,Critical
2023-09-17,Store001,SKU002,46,14.889244833792738,False,4.666666666666666,High
2023-09-17,Store001,SKU003,33,6.230115564537101,False,3.397058823529412,High
2023-09-17,Store002,SKU001,78,54.03677921262056,False,4.627118644067797,High
2023-09-17,Store002,SKU002,10,64.96673648206799,False,0.8045977011494253,Critical
2023-09-17,Store002,SKU003,15,8.932680409001037,False,3.28125,High
2023-09-17,Store003,SKU001,29,54.63785736966793,False,2.9,Critical
2023-09-17,Store003,SKU002,82,-9.37311648269963,True,6.597701149425287,High
2023-09-17,Store003,SKU003,99,-64.08776898160215,True,11.745762711864407,Medium
2023-09-18,Store001,SKU001,22,50.78266391216064,False,2.566666666666667,Critical
2023-09-18,Store001,SKU002,82,-23.25361230906441,True,8.696969696969697,Medium
2023-09-18,Store001,SKU003,38,-0.48417014974860706,True,4.15625,High
2023-09-18,Store002,SKU001,76,52.03677921262056,False,4.666666666666667,High
2023-09-18,Store002,SKU002,96,-22.46183494650346,True,7.905882352941177,Medium
2023-09-18,Store002,SKU003,92,-66.35303387671324,True,17.88888888888889,Low
2023-09-18,Store003,SKU001,88,14.637857369667927,False,6.921348314606742,High
2023-09-18,Store003,SKU002,25,47.62688351730037,False,2.0114942528735633,Critical
2023-09-18,Store003,SKU003,19,15.055088161254986,False,2.3333333333333335,Critical
2023-09-19,Store001,SKU001,22,66.78266391216064,False,2.026315789473684,Critical
2023-09-19,Store001,SKU002,27,35.317816262364154,False,2.6619718309859155,Critical
2023-09-19,Store001,SKU003,33,2.8015441359656847,False,3.85,High
2023-09-19,Store002,SKU001,93,33.03677921262056,False,5.8125,High
2023-09-19,Store002,SKU002,68,9.823879339210833,False,5.230769230769231,High
2023-09-19,Store002,SKU003,52,-21.638748162427532,True,7.74468085106383,Medium
2023-09-19,Store003,SKU001,37,78.63785736966793,False,2.5392156862745097,Critical
2023-09-19,Store003,SKU002,99,-27.08740219698535,True,8.05813953488372,Medium
2023-09-19,Store003,SKU003,59,-24.08776898160216,True,7.0,High
2023-09-20,Store001,SKU001,79,8.782663912160643,False,7.373333333333334,Medium
2023-09-20,Store001,SKU002,55,8.746387690935592,False,5.273972602739726,High
2023-09-20,Store001,SKU003,67,-29.484170149748607,True,7.328125,Medium
2023-09-20,Store002,SKU001,43,84.03677921262056,False,2.663716814159292,Critical
2023-09-20,Store002,SKU002,20,63.53816505349654,False,1.4141414141414141,Critical
2023-09-20,Store002,SKU003,72,-44.2101767338561,True,12.292682926829269,Medium
2023-09-20,Store003,SKU001,84,35.63785736966793,False,5.547169811320755,High
2023-09-20,Store003,SKU002,12,56.34116923158608,False,1.037037037037037,Critical
2023-09-20,Store003,SKU003,59,-22.802054695887875,True,6.661290322580645,High
2023-09-21,Store001,SKU001,28,64.78266391216064,False,2.4499999999999997,Critical
2023-09-21,Store001,SKU002,48,13.603530548078446,False,4.8,High
2023-09-21,Store001,SKU003,84,-48.198455864034315,True,9.8,Medium
2023-09-21,Store002,SKU001,35,72.03677921262056,False,2.6344086021505375,Critical
2023-09-21,Store002,SKU002,14,68.10959362492513,False,1.0103092783505154,Critical
2023-09-21,Store002,SKU003,65,-36.35303387671324,True,10.581395348837209,Medium
2023-09-21,Store003,SKU001,50,69.63785736966793,False,3.30188679245283,High
2023-09-21,Store003,SKU002,57,8.484026374443218,False,5.181818181818182,High
2023-09-21,Store003,SKU003,54,-17.802054695887875,True,6.096774193548387,High
2023-09-22,Store001,SKU001,24,62.78266391216064,False,2.27027027027027,Critical
2023-09-22,Store001,SKU002,35,24.4606734052213,False,3.656716417910448,High
2023-09-22,Store001,SKU003,60,-19.912741578320038,True,6.0,High
2023-09-22,Store002,SKU001,52,43.03677921262056,False,4.493827160493828,High
2023-09-22,Store002,SKU002,77,7.966736482067972,False,5.336633663366337,High
2023-09-22,Store002,SKU003,12,16.646966123286756,False,1.9534883720930232,Critical
2023-09-22,Store003,SKU001,51,64.63785736966793,False,3.5,High
2023-09-22,Store003,SKU002,56,5.912597803014648,False,5.444444444444444,High
2023-09-22,Store003,SKU003,10,27.055088161254986,False,1.09375,Critical
2023-09-23,Store001,SKU001,97,-4.217336087839357,True,8.487499999999999,Medium
2023-09-23,Store001,SKU002,75,-13.396469451921554,True,7.5,Medium
2023-09-23,Store001,SKU003,44,-5.627027292605746,True,4.666666666666667,High
2023-09-23,Store002,SKU001,44,51.03677921262056,False,3.802469135802469,High
2023-09-23,Store002,SKU002,87,-8.461834946503458,True,6.619565217391305,High
2023-09-23,Store002,SKU003,42,-13.353033876713244,True,6.837209302325581,High
2023-09-23,Store003,SKU001,18,107.63785736966793,False,1.125,Critical
2023-09-23,Store003,SKU002,31,38.05545494587179,False,2.6463414634146343,Critical
2023-09-23,Store003,SKU003,43,-4.6591975530307295,True,4.492537313432836,High
2023-09-24,Store001,SKU001,52,47.78266391216064,False,4.183908045977011,High
2023-09-24,Store001,SKU002,60,-1.2536123090644082,True,6.363636363636363,High
2023-09-24,Store001,SKU003,67,-28.627027292605746,True,7.1060606060606055,Medium
2023-09-24,Store002,SKU001,99,-17.96322078737944,True,10.343283582089553,Medium
2023-09-24,Store002,SKU002,58,15.538165053496542,False,4.776470588235294,High
2023-09-24,Store002,SKU003,71,-39.35303387671324,True,9.94,Medium
2023-09-24,Store003,SKU001,55,62.63785736966793,False,3.7019230769230766,High
2023-09-24,Store003,SKU002,42,29.91259780301465,False,3.4186046511627906,High
2023-09-24,Store003,SKU003,12,29.34080244696927,False,1.135135135135135,Critical
2023-09-25,Store001,SKU001,52,46.78266391216064,False,4.232558139534883,High
2023-09-25,Store001,SKU002,60,0.8892448337927377,False,6.08695652173913,High
2023-09-25,Store001,SKU003,94,-56.91274157832004,True,10.444444444444445,Medium
2023-09-25,Store002,SKU001,67,9.036779212620559,False,7.564516129032258,Medium
2023-09-25,Store002,SKU002,27,44.3953079106394,False,2.304878048780488,Critical
2023-09-25,Store002,SKU003,18,12.361251837572468,False,2.6808510638297873,Critical
2023-09-25,Store003,SKU001,21,84.63785736966793,False,1.5978260869565217,Critical
2023-09-25,Store003,SKU002,12,62.05545494587179,False,0.9438202247191012,Critical
2023-09-25,Store003,SKU003,22,20.197945304112125,False,2.026315789473684,Critical
2023-09-26,Store001,SKU001,22,64.78266391216064,False,2.081081081081081,Critical
2023-09-26,Store001,SKU002,20,39.4606734052213,False,2.0895522388059704,Critical
2023-09-26,Store001,SKU003,48,-8.769884435462899,True,4.9411764705882355,High
2023-09-26,Store002,SKU001,33,47.03677921262056,False,3.5,High
2023-09-26,Store002,SKU002,58,9.823879339210833,False,5.2727272727272725,High
2023-09-26,Store002,SKU003,15,10.218394694715325,False,3.0,Critical
2023-09-26,Store003,SKU001,29,63.63785736966793,False,2.569620253164557,Critical
2023-09-26,Store003,SKU002,64,10.055454945871787,False,5.033707865168539,High
2023-09-26,Store003,SKU003,85,-44.516340410173584,True,8.263888888888888,Medium
2023-09-27,Store001,SKU001,45,40.78266391216064,False,4.315068493150685,High
2023-09-27,Store001,SKU002,69,-6.682183737635846,True,6.802816901408451,High
2023-09-27,Store001,SKU003,81,-40.91274157832004,True,8.1,Medium
2023-09-27,Store002,SKU001,26,59.03677921262056,False,2.563380281690141,Critical
2023-09-27,Store002,SKU002,68,-4.461834946503458,True,6.704225352112676,High
2023-09-27,Store002,SKU003,60,-30.06731959099896,True,9.130434782608695,Medium
2023-09-27,Store003,SKU001,87,1.6378573696679268,False,8.120000000000001,Medium
2023-09-27,Store003,SKU002,94,-24.23025933984249,True,7.927710843373494,Medium
2023-09-27,Store003,SKU003,62,-23.65919755303073,True,6.477611940298508,High
2023-09-28,Store001,SKU001,59,19.782663912160643,False,6.257575757575758,High
2023-09-28,Store001,SKU002,41,27.03210197664987,False,3.632911392405063,High
2023-09-28,Store001,SKU003,39,1.515829850251393,False,3.8450704225352115,High
2023-09-28,Store002,SKU001,38,49.03677921262056,False,3.643835616438356,High
2023-09-28,Store002,SKU002,85,-19.318977803646305,True,8.04054054054054,Medium
2023-09-28,Store002,SKU003,63,-30.924462448141817,True,8.647058823529411,Medium
2023-09-28,Store003,SKU001,91,-8.362142630332073,True,9.231884057971014,Medium
2023-09-28,Store003,SKU002,62,4.912597803014648,False,5.493670886075949,High
2023-09-28,Store003,SKU003,69,-28.516340410173584,True,6.708333333333333,High
2023-09-29,Store001,SKU001,93,-10.217336087839357,True,9.3,Medium
2023-09-29,Store001,SKU002,65,9.4606734052213,False,5.170454545454546,High
2023-09-29,Store001,SKU003,64,-29.055598721177176,True,7.724137931034482,Medium
2023-09-29,Store002,SKU001,77,16.03677921262056,False,6.822784810126582,High
2023-09-29,Store002,SKU002,46,19.681022196353695,False,4.351351351351352,High
2023-09-29,Store002,SKU003,21,13.646966123286752,False,2.5789473684210527,Critical
2023-09-29,Store003,SKU001,35,51.63785736966793,False,3.356164383561644,High
2023-09-29,Store003,SKU002,15,52.62688351730037,False,1.3125,Critical
2023-09-29,Store003,SKU003,14,26.483659589826416,False,1.361111111111111,Critical
2023-09-30,Store001,SKU001,95,-23.217336087839357,True,11.271186440677965,Medium
2023-09-30,Store001,SKU002,49,26.174959119507008,False,3.8539325842696632,High
2023-09-30,Store001,SKU003,99,-61.48417014974861,True,10.828125,Medium
2023-09-30,Store002,SKU001,38,57.03677921262056,False,3.2839506172839505,High
2023-09-30,Store002,SKU002,25,39.252450767782264,False,2.4305555555555554,Critical
2023-09-30,Store002,SKU003,27,11.504108980429606,False,2.8636363636363638,Critical
2023-09-30,Store003,SKU001,97,-17.362142630332073,True,10.287878787878787,Medium
2023-09-30,Store003,SKU002,33,25.34116923158608,False,3.4477611940298507,High
2023-09-30,Store003,SKU003,83,-44.65919755303073,True,8.671641791044776,Medium
2023-10-01,Store001,SKU001,23,46.78266391216064,False,2.8245614035087723,Critical
2023-10-01,Store001,SKU002,24,56.17495911950701,False,1.75,Critical
2023-10-01,Store001,SKU003,73,-37.198455864034315,True,8.516666666666667,Medium
2023-10-01,Store002,SKU001,55,40.03677921262056,False,4.753086419753086,High
2023-10-01,Store002,SKU002,10,51.3953079106394,False,1.0294117647058825,Critical
2023-10-01,Store002,SKU003,73,-30.638748162427532,True,6.8133333333333335,High
2023-10-01,Store003,SKU001,85,-8.362142630332073,True,9.444444444444445,Medium
2023-10-01,Store003,SKU002,28,31.055454945871787,False,2.882352941176471,Critical
2023-10-01,Store003,SKU003,34,1.3408024469692705,False,3.966666666666667,High
2023-10-02,Store001,SKU001,55,14.782663912160643,False,6.754385964912281,High
2023-10-02,Store001,SKU002,65,13.03210197664987,False,4.89247311827957,High
2023-10-02,Store001,SKU003,76,-40.198455864034315,True,8.866666666666667,Medium
2023-10-02,Store002,SKU001,37,60.03677921262056,False,3.120481927710843,High
2023-10-02,Store002,SKU002,72,-8.461834946503458,True,7.098591549295775,Medium
2023-10-02,Store002,SKU003,57,-12.495891019570394,True,4.9875,High
2023-10-02,Store003,SKU001,27,49.63785736966793,False,3.0,Critical
2023-10-02,Store003,SKU002,35,24.055454945871787,False,3.6029411764705883,High
2023-10-02,Store003,SKU003,81,-47.802054695887875,True,10.30909090909091,Medium
2023-10-03,Store001,SKU001,11,56.78266391216064,False,1.4000000000000001,Critical
2023-10-03,Store001,SKU002,68,7.889244833792731,False,5.288888888888889,High
2023-10-03,Store001,SKU003,88,-56.05559872117718,True,12.07843137254902,Medium
2023-10-03,Store002,SKU001,75,14.036779212620559,False,7.000000000000001,Medium
2023-10-03,Store002,SKU002,47,13.681022196353695,False,4.91044776119403,High
2023-10-03,Store002,SKU003,13,34.504108980429606,False,1.0459770114942528,Critical
2023-10-03,Store003,SKU001,45,32.63785736966793,False,4.921875,High
2023-10-03,Store003,SKU002,73,-17.515973625556782,True,8.11111111111111,Medium
2023-10-03,Store003,SKU003,59,-25.802054695887875,True,7.50909090909091,Medium
2023-10-04,Store001,SKU001,45,30.782663912160643,False,5.0,High
2023-10-04,Store001,SKU002,55,17.317816262364147,False,4.529411764705882,High
2023-10-04,Store001,SKU003,92,-57.05559872117718,True,11.103448275862068,Medium
2023-10-04,Store002,SKU001,29,58.03677921262056,False,2.780821917808219,Critical
2023-10-04,Store002,SKU002,73,-10.890406375074875,True,7.405797101449275,Medium
2023-10-04,Store002,SKU003,53,-8.067319590998963,True,4.580246913580247,High
2023-10-04,Store003,SKU001,41,34.63785736966793,False,4.629032258064516,High
2023-10-04,Store003,SKU002,59,-0.658830768413921,True,6.164179104477612,High
2023-10-04,Store003,SKU003,46,-14.08776898160216,True,6.1923076923076925,High
2023-10-05,Store001,SKU001,10,72.78266391216064,False,1.0,Critical
2023-10-05,Store001,SKU002,77,-6.110755166207269,True,6.493975903614458,High
2023-10-05,Store001,SKU003,22,14.230115564537101,False,2.5245901639344264,Critical
2023-10-05,Store002,SKU001,35,54.03677921262056,False,3.266666666666667,High
2023-10-05,Store002,SKU002,52,-0.6046920893605972,True,6.7407407407407405,High
2023-10-05,Store002,SKU003,39,4.218394694715329,False,3.5454545454545454,High
2023-10-05,Store003,SKU001,74,9.637857369667927,False,7.4,Medium
2023-10-05,Store003,SKU002,27,34.198312088728926,False,2.6619718309859155,Critical
2023-10-05,Store003,SKU003,42,-10.944911838745014,True,5.88,High
2023-10-06,Store001,SKU001,56,22.782663912160643,False,5.9393939393939394,High
2023-10-06,Store001,SKU002,35,31.60353054807844,False,3.1818181818181817,High
2023-10-06,Store001,SKU003,94,-53.91274157832004,True,9.4,Medium
2023-10-06,Store002,SKU001,19,65.03677921262056,False,1.9,Critical
2023-10-06,Store002,SKU002,29,20.966736482067986,False,3.9038461538461537,High
2023-10-06,Store002,SKU003,97,-55.92446244814181,True,9.430555555555555,Medium
2023-10-06,Store003,SKU001,73,12.637857369667927,False,7.097222222222221,Medium
2023-10-06,Store003,SKU002,54,7.912597803014648,False,5.25,High
2023-10-06,Store003,SKU003,83,-49.802054695887875,True,10.563636363636364,Medium
2023-10-07,Store001,SKU001,67,34.78266391216064,False,5.269662921348315,High
2023-10-07,Store001,SKU002,12,56.74638769093559,False,1.05,Critical
2023-10-07,Store001,SKU003,35,2.0872584216799623,False,3.888888888888889,High
2023-10-07,Store002,SKU001,34,45.03677921262056,False,3.6615384615384614,High
2023-10-07,Store002,SKU002,86,-29.604692089360597,True,9.868852459016395,Medium
2023-10-07,Store002,SKU003,18,18.361251837572468,False,2.0655737704918034,Critical
2023-10-07,Store003,SKU001,12,70.63785736966793,False,1.217391304347826,Critical
2023-10-07,Store003,SKU002,99,-44.94454505412821,True,11.360655737704919,Medium
2023-10-07,Store003,SKU003,60,-25.516340410173584,True,7.2413793103448265,Medium
2023-10-08,Store001,SKU001,84,19.782663912160643,False,6.461538461538462,High
2023-10-08,Store001,SKU002,77,-15.396469451921554,True,7.7,Medium
2023-10-08,Store001,SKU003,79,-41.48417014974861,True,8.640625,Medium
2023-10-08,Store002,SKU001,57,18.03677921262056,False,6.540983606557377,High
2023-10-08,Store002,SKU002,92,-27.033263517932014,True,8.821917808219178,Medium
2023-10-08,Store002,SKU003,88,-55.06731959099896,True,11.622641509433963,Medium
2023-10-08,Store003,SKU001,50,36.63785736966793,False,4.794520547945205,High
2023-10-08,Store003,SKU002,48,10.341169231586079,False,5.014925373134329,High
2023-10-08,Store003,SKU003,20,13.626516732683555,False,2.5,Critical
2023-10-09,Store001,SKU001,71,35.78266391216064,False,5.287234042553191,High
2023-10-09,Store001,SKU002,74,-15.253612309064408,True,7.848484848484849,Medium
2023-10-09,Store001,SKU003,39,-3.1984558640343153,True,4.55,High
2023-10-09,Store002,SKU001,87,-12.963220787379441,True,10.15,Medium
2023-10-09,Store002,SKU002,35,30.681022196353695,False,3.310810810810811,High
2023-10-09,Store002,SKU003,31,-0.6387481624275324,True,4.617021276595745,High
2023-10-09,Store003,SKU001,94,-10.362142630332073,True,9.4,Medium
2023-10-09,Store003,SKU002,72,-15.801687911271074,True,7.875,Medium
2023-10-09,Store003,SKU003,11,21.769373875540694,False,1.4259259259259258,Critical
2023-10-10,Store001,SKU001,31,74.78266391216064,False,2.333333333333333,Critical
2023-10-10,Store001,SKU002,52,11.746387690935592,False,4.986301369863013,High
2023-10-10,Store001,SKU003,82,-43.198455864034315,True,8.567164179104477,Medium
2023-10-10,Store002,SKU001,52,30.03677921262056,False,5.352941176470589,High
2023-10-10,Store002,SKU002,20,44.252450767782264,False,1.9444444444444442,Critical
2023-10-10,Store002,SKU003,64,-34.92446244814182,True,10.181818181818182,Medium
2023-10-10,Store003,SKU001,91,-2.362142630332073,True,8.493333333333334,Medium
2023-10-10,Store003,SKU002,26,28.76974066015751,False,2.9354838709677415,Critical
2023-10-10,Store003,SKU003,77,-43.373483267316445,True,9.625,Medium
2023-10-11,Store001,SKU001,20,78.78266391216064,False,1.627906976744186,Critical
2023-10-11,Store001,SKU002,47,22.4606734052213,False,4.061728395061729,High
2023-10-11,Store001,SKU003,36,-1.484170149748607,True,4.421052631578948,High
2023-10-11,Store002,SKU001,28,57.03677921262056,False,2.7605633802816905,Critical
2023-10-11,Store002,SKU002,46,20.395307910639403,False,4.293333333333334,High
2023-10-11,Store002,SKU003,86,-55.2101767338561,True,12.541666666666668,Medium
2023-10-11,Store003,SKU001,69,24.637857369667927,False,6.0375,High
2023-10-11,Store003,SKU002,23,36.05545494587179,False,2.3676470588235294,Critical
2023-10-11,Store003,SKU003,82,-46.65919755303073,True,9.566666666666666,Medium
2023-10-12,Store001,SKU001,31,65.78266391216064,False,2.5833333333333335,Critical
2023-10-12,Store001,SKU002,59,4.0321019766498765,False,5.736111111111111,High
2023-10-12,Store001,SKU003,90,-55.91274157832004,True,11.25,Medium
2023-10-12,Store002,SKU001,87,-5.963220787379441,True,9.08955223880597,Medium
2023-10-12,Store002,SKU002,16,54.681022196353695,False,1.382716049382716,Critical
2023-10-12,Store002,SKU003,48,-18.924462448141817,True,7.636363636363637,Medium
2023-10-12,Store003,SKU001,15,79.63785736966793,False,1.2962962962962963,Critical
2023-10-12,Store003,SKU002,10,54.05545494587179,False,0.9333333333333333,Critical
2023-10-12,Store003,SKU003,67,-32.516340410173584,True,8.086206896551724,Medium
2023-10-13,Store001,SKU001,53,44.78266391216064,False,4.364705882352942,High
2023-10-13,Store001,SKU002,87,-26.825040880492985,True,8.955882352941178,Medium
2023-10-13,Store001,SKU003,50,-18.055598721177176,True,6.862745098039216,High
2023-10-13,Store002,SKU001,42,33.03677921262056,False,4.8196721311475414,High
2023-10-13,Store002,SKU002,27,44.3953079106394,False,2.304878048780488,Critical
2023-10-13,Store002,SKU003,77,-47.06731959099896,True,11.717391304347826,Medium
2023-10-13,Store003,SKU001,40,51.63785736966793,False,3.58974358974359,High
2023-10-13,Store003,SKU002,39,22.198312088728926,False,3.8450704225352115,High
2023-10-13,Store003,SKU003,75,-43.08776898160216,True,10.096153846153845,Medium
2023-10-14,Store001,SKU001,63,18.782663912160643,False,6.391304347826087,High
2023-10-14,Store001,SKU002,69,-10.253612309064408,True,7.318181818181818,Medium
2023-10-14,Store001,SKU003,65,-30.912741578320038,True,8.125,Medium
2023-10-14,Store002,SKU001,56,26.03677921262056,False,5.764705882352942,High
2023-10-14,Store002,SKU002,36,34.681022196353695,False,3.111111111111111,High
2023-10-14,Store002,SKU003,63,-28.78160530528467,True,7.875,Medium
2023-10-14,Store003,SKU001,98,-8.362142630332073,True,9.026315789473683,Medium
2023-10-14,Store003,SKU002,88,-25.37311648269963,True,8.438356164383562,Medium
2023-10-14,Store003,SKU003,77,-47.230626124459306,True,11.46808510638298,Medium
2023-10-15,Store001,SKU001,55,29.782663912160643,False,5.347222222222221,High
2023-10-15,Store001,SKU002,63,-3.5393265947787,True,6.5820895522388065,High
2023-10-15,Store001,SKU003,27,10.087258421679962,False,3.0,Critical
2023-10-15,Store002,SKU001,82,6.036779212620559,False,7.756756756756757,Medium
2023-10-15,Store002,SKU002,99,-31.890406375074875,True,9.118421052631579,Medium
2023-10-15,Store002,SKU003,12,20.932680409001037,False,1.5849056603773586,Critical
2023-10-15,Store003,SKU001,83,5.637857369667927,False,7.746666666666667,Medium
2023-10-15,Store003,SKU002,35,26.198312088728926,False,3.450704225352113,High
2023-10-15,Store003,SKU003,40,-8.08776898160216,True,5.384615384615384,High
2023-10-16,Store001,SKU001,30,49.78266391216064,False,3.1343283582089554,High
2023-10-16,Store001,SKU002,25,39.4606734052213,False,2.364864864864865,Critical
2023-10-16,Store001,SKU003,40,-2.0555987211771765,True,4.3076923076923075,High
2023-10-16,Store002,SKU001,79,5.036779212620559,False,7.9,Medium
2023-10-16,Store002,SKU002,19,43.109593624925125,False,1.9275362318840579,Critical
2023-10-16,Store002,SKU003,11,22.361251837572468,False,1.4259259259259258,Critical
2023-10-16,Store003,SKU001,16,67.63785736966793,False,1.6,Critical
2023-10-16,Store003,SKU002,52,10.62688351730037,False,4.986301369863013,High
2023-10-16,Store003,SKU003,41,-4.802054695887875,True,4.629032258064516,High
2023-10-17,Store001,SKU001,22,58.78266391216064,False,2.2647058823529416,Critical
2023-10-17,Store001,SKU002,45,17.317816262364154,False,4.436619718309859,High
2023-10-17,Store001,SKU003,12,23.372972707394254,False,1.423728813559322,Critical
2023-10-17,Store002,SKU001,47,45.03677921262056,False,4.217948717948718,High
2023-10-17,Store002,SKU002,33,31.966736482067986,False,3.1643835616438354,High
2023-10-17,Store002,SKU003,93,-58.35303387671325,True,11.421052631578949,Medium
2023-10-17,Store003,SKU001,39,48.63785736966793,False,3.6891891891891895,High
2023-10-17,Store003,SKU002,40,21.91259780301465,False,3.8888888888888884,High
2023-10-17,Store003,SKU003,37,-1.230626124459306,True,4.245901639344263,High
2023-10-18,Store001,SKU001,85,-2.2173360878393567,True,8.5,Medium
2023-10-18,Store001,SKU002,13,43.603530548078446,False,1.4444444444444444,Critical
2023-10-18,Store001,SKU003,47,-12.912741578320038,True,5.875,High
2023-10-18,Store002,SKU001,87,5.036779212620559,False,7.807692307692308,Medium
2023-10-18,Store002,SKU002,31,31.109593624925125,False,3.144927536231884,High
2023-10-18,Store002,SKU003,18,16.21839469471533,False,2.25,Critical
2023-10-18,Store003,SKU001,25,61.63785736966793,False,2.3972602739726026,Critical
2023-10-18,Store003,SKU002,40,18.34116923158608,False,4.179104477611941,High
2023-10-18,Store003,SKU003,71,-36.516340410173584,True,8.568965517241379,Medium
2023-10-19,Store001,SKU001,41,45.78266391216064,False,3.8783783783783785,High
2023-10-19,Store001,SKU002,40,23.74638769093559,False,3.835616438356164,High
2023-10-19,Store001,SKU003,27,5.801544135965685,False,3.566037735849057,High
2023-10-19,Store002,SKU001,97,2.0367792126205586,False,7.988235294117647,Medium
2023-10-19,Store002,SKU002,11,51.82387933921083,False,1.1,Critical
2023-10-19,Store002,SKU003,71,-37.63874816242753,True,9.203703703703704,Medium
2023-10-19,Store003,SKU001,68,25.637857369667927,False,5.95,High
2023-10-19,Store003,SKU002,79,-17.801687911271074,True,7.788732394366198,Medium
2023-10-19,Store003,SKU003,58,-23.944911838745014,True,7.1228070175438605,Medium
2023-10-20,Store001,SKU001,19,90.78266391216064,False,1.3711340206185567,Critical
2023-10-20,Store001,SKU002,89,-22.39646945192156,True,8.090909090909092,Medium
2023-10-20,Store001,SKU003,31,5.658686993108539,False,3.5,High
2023-10-20,Store002,SKU001,22,100.03677921262056,False,1.4259259259259258,Critical
2023-10-20,Store002,SKU002,54,7.395307910639403,False,5.558823529411765,High
2023-10-20,Store002,SKU003,38,-5.067319590998963,True,5.018867924528302,High
2023-10-20,Store003,SKU001,17,70.63785736966793,False,1.6081081081081081,Critical
2023-10-20,Store003,SKU002,82,-17.23025933984249,True,7.552631578947368,Medium
2023-10-20,Store003,SKU003,44,-10.373483267316445,True,5.5,High
2023-10-21,Store001,SKU001,10,102.78266391216064,False,0.7,Critical
2023-10-21,Store001,SKU002,72,-8.967898023350124,True,6.999999999999999,High
2023-10-21,Store001,SKU003,22,19.801544135965685,False,2.081081081081081,Critical
2023-10-21,Store002,SKU001,17,100.03677921262056,False,1.1553398058252429,Critical
2023-10-21,Store002,SKU002,97,-42.03326351793201,True,11.508474576271187,Medium
2023-10-21,Store002,SKU003,81,-45.06731959099896,True,9.450000000000001,Medium
2023-10-21,Store003,SKU001,63,26.637857369667927,False,5.802631578947368,High
2023-10-21,Store003,SKU002,12,53.48402637444322,False,1.0909090909090908,Critical
2023-10-21,Store003,SKU003,91,-52.65919755303073,True,9.507462686567164,Medium
2023-10-22,Store001,SKU001,87,22.782663912160643,False,6.278350515463917,High
2023-10-22,Store001,SKU002,20,46.60353054807844,False,1.8181818181818181,Critical
2023-10-22,Store001,SKU003,50,-10.769884435462899,True,5.147058823529412,High
2023-10-22,Store002,SKU001,74,43.03677921262056,False,5.029126213592233,High
2023-10-22,Store002,SKU002,97,-38.46183494650346,True,10.609375,Medium
2023-10-22,Store002,SKU003,24,16.21839469471533,False,2.4,Critical
2023-10-22,Store003,SKU001,22,67.63785736966793,False,2.026315789473684,Critical
2023-10-22,Store003,SKU002,59,2.198312088728926,False,5.816901408450705,High
2023-10-22,Store003,SKU003,95,-58.373483267316445,True,10.555555555555555,Medium
2023-10-23,Store001,SKU001,72,40.78266391216064,False,5.04,High
2023-10-23,Store001,SKU002,80,-9.825040880492992,True,6.829268292682928,High
2023-10-23,Store001,SKU003,49,-6.341313006891468,True,4.513157894736842,High
2023-10-23,Store002,SKU001,28,111.03677921262056,False,1.568,Critical
2023-10-23,Store002,SKU002,72,-14.176120660789167,True,8.0,Medium
2023-10-23,Store002,SKU003,90,-49.35303387671325,True,8.873239436619718,Medium
2023-10-23,Store003,SKU001,72,21.637857369667927,False,6.3,High
2023-10-23,Store003,SKU002,18,41.05545494587179,False,1.8529411764705883,Critical
2023-10-23,Store003,SKU003,90,-54.65919755303073,True,10.5,Medium
2023-10-24,Store001,SKU001,62,55.78266391216064,False,4.133333333333334,High
2023-10-24,Store001,SKU002,42,32.4606734052213,False,3.340909090909091,High
2023-10-24,Store001,SKU003,55,-12.769884435462899,True,5.133333333333334,High
2023-10-24,Store002,SKU001,87,37.03677921262056,False,5.536363636363637,High
2023-10-24,Store002,SKU002,42,18.681022196353695,False,4.388059701492537,High
2023-10-24,Store002,SKU003,53,-12.781605305284671,True,5.3,High
2023-10-24,Store003,SKU001,45,48.63785736966793,False,3.9375,High
2023-10-24,Store003,SKU002,42,22.76974066015751,False,3.8684210526315788,High
2023-10-24,Store003,SKU003,39,-3.6591975530307295,True,4.55,High
2023-10-25,Store001,SKU001,43,79.78266391216064,False,2.7363636363636363,Critical
2023-10-25,Store001,SKU002,31,46.31781626236415,False,2.358695652173913,Critical
2023-10-25,Store001,SKU003,60,-15.198455864034315,True,5.185185185185185,High
2023-10-25,Store002,SKU001,34,83.03677921262056,False,2.3106796116504857,Critical
2023-10-25,Store002,SKU002,64,-2.604692089360597,True,6.588235294117648,High
2023-10-25,Store002,SKU003,65,-27.353033876713248,True,7.109375,Medium
2023-10-25,Store003,SKU001,34,63.63785736966793,False,2.8333333333333335,Critical
2023-10-25,Store003,SKU002,39,27.198312088728926,False,3.5,High
2023-10-25,Store003,SKU003,62,-24.516340410173584,True,6.676923076923076,High
2023-10-26,Store001,SKU001,39,90.78266391216064,False,2.333333333333333,Critical
2023-10-26,Store001,SKU002,97,-26.825040880492992,True,8.28048780487805,Medium
2023-10-26,Store001,SKU003,62,-16.7698844354629,True,5.2926829268292686,High
2023-10-26,Store002,SKU001,65,59.03677921262056,False,4.136363636363637,High
2023-10-26,Store002,SKU002,26,29.681022196353695,False,3.033333333333333,High
2023-10-26,Store002,SKU003,80,-37.2101767338561,True,7.368421052631579,Medium
2023-10-26,Store003,SKU001,56,35.63785736966793,False,5.0256410256410255,High
2023-10-26,Store003,SKU002,63,-1.801687911271074,True,6.211267605633803,High
2023-10-26,Store003,SKU003,55,-19.230626124459306,True,6.311475409836066,High
2023-10-27,Store001,SKU001,43,69.78266391216064,False,3.01,High
2023-10-27,Store001,SKU002,67,1.0321019766498694,False,5.936708860759493,High
2023-10-27,Store001,SKU003,25,19.372972707394254,False,2.1875,Critical
2023-10-27,Store002,SKU001,43,62.03677921262056,False,3.3076923076923075,High
2023-10-27,Store002,SKU002,75,-18.604692089360597,True,8.606557377049182,Medium
2023-10-27,Store002,SKU003,78,-32.63874816242753,True,6.658536585365854,High
2023-10-27,Store003,SKU001,69,26.637857369667927,False,5.890243902439025,High
2023-10-27,Store003,SKU002,57,2.0554549458717872,False,5.86764705882353,High
2023-10-27,Store003,SKU003,99,-60.65919755303073,True,10.343283582089553,Medium
2023-10-28,Store001,SKU001,45,55.78266391216064,False,3.5795454545454546,High
2023-10-28,Store001,SKU002,69,5.4606734052213,False,5.488636363636363,High
2023-10-28,Store001,SKU003,21,16.515829850251393,False,2.296875,Critical
2023-10-28,Store002,SKU001,87,22.03677921262056,False,6.410526315789474,High
2023-10-28,Store002,SKU002,56,3.9667364820679865,False,5.9393939393939394,High
2023-10-28,Store002,SKU003,87,-47.63874816242753,True,8.955882352941178,Medium
2023-10-28,Store003,SKU001,51,60.63785736966793,False,3.642857142857143,High
2023-10-28,Store003,SKU002,61,5.198312088728926,False,5.4743589743589745,High
2023-10-28,Store003,SKU003,58,-23.944911838745014,True,7.1228070175438605,Medium
2023-10-29,Store001,SKU001,82,21.782663912160643,False,6.3076923076923075,High
2023-10-29,Store001,SKU002,50,28.746387690935578,False,3.723404255319149,High
2023-10-29,Store001,SKU003,79,-41.05559872117718,True,8.507692307692308,Medium
2023-10-29,Store002,SKU001,74,30.03677921262056,False,5.7555555555555555,High
2023-10-29,Store002,SKU002,35,19.966736482067986,False,4.1525423728813555,High
2023-10-29,Store002,SKU003,17,18.932680409001037,False,1.9833333333333334,Critical
2023-10-29,Store003,SKU001,41,67.63785736966793,False,3.0210526315789474,High
2023-10-29,Store003,SKU002,27,39.198312088728926,False,2.4230769230769234,Critical
2023-10-29,Store003,SKU003,59,-26.230626124459306,True,7.648148148148148,Medium
2023-10-30,Store001,SKU001,32,81.78266391216064,False,2.2178217821782176,Critical
2023-10-30,Store001,SKU002,74,-2.3964694519215612,True,6.166666666666667,High
2023-10-30,Store001,SKU003,60,-22.484170149748607,True,6.5625,High
2023-10-30,Store002,SKU001,25,66.03677921262056,False,2.272727272727273,Critical
2023-10-30,Store002,SKU002,77,-13.461834946503458,True,7.591549295774648,Medium
2023-10-30,Store002,SKU003,42,-5.638748162427532,True,4.8196721311475414,High
2023-10-30,Store003,SKU001,51,65.63785736966793,False,3.4660194174757284,High
2023-10-30,Store003,SKU002,16,49.48402637444322,False,1.4545454545454546,Critical
2023-10-30,Store003,SKU003,85,-53.944911838745014,True,11.899999999999999,Medium
2023-10-31,Store001,SKU001,27,77.78266391216064,False,2.0543478260869565,Critical
2023-10-31,Store001,SKU002,99,-32.39646945192156,True,9.0,Medium
2023-10-31,Store001,SKU003,35,1.2301155645371011,False,4.0163934426229515,High
2023-10-31,Store002,SKU001,61,32.03677921262056,False,5.40506329113924,High
2023-10-31,Store002,SKU002,47,16.53816505349654,False,4.633802816901409,High
2023-10-31,Store002,SKU003,98,-61.2101767338561,True,11.064516129032258,Medium
2023-10-31,Store003,SKU001,54,61.63785736966793,False,3.7058823529411766,High
2023-10-31,Store003,SKU002,11,54.48402637444322,False,1.0,Critical
2023-10-31,Store003,SKU003,57,-28.516340410173587,True,9.068181818181818,Medium
2023-11-01,Store001,SKU001,76,37.78266391216064,False,5.267326732673268,High
2023-11-01,Store001,SKU002,43,19.317816262364154,False,4.23943661971831,High
2023-11-01,Store001,SKU003,89,-50.627027292605746,True,9.43939393939394,Medium
2023-11-01,Store002,SKU001,45,67.03677921262056,False,3.2142857142857144,High
2023-11-01,Store002,SKU002,78,-8.747549232217736,True,6.911392405063291,High
2023-11-01,Store002,SKU003,57,-17.638748162427532,True,5.86764705882353,High
2023-11-01,Store003,SKU001,70,46.63785736966793,False,4.757281553398059,High
2023-11-01,Store003,SKU002,23,48.91259780301465,False,1.872093023255814,Critical
2023-11-01,Store003,SKU003,76,-49.230626124459306,True,13.299999999999999,Medium
2023-11-02,Store001,SKU001,26,80.78266391216064,False,1.9361702127659575,Critical
2023-11-02,Store001,SKU002,16,55.60353054807844,False,1.3333333333333333,Critical
2023-11-02,Store001,SKU003,91,-53.05559872117718,True,9.799999999999999,Medium
2023-11-02,Store002,SKU001,14,88.03677921262056,False,1.1136363636363638,Critical
2023-11-02,Store002,SKU002,20,58.53816505349654,False,1.5217391304347827,Critical
2023-11-02,Store002,SKU003,91,-51.63874816242753,True,9.36764705882353,Medium
2023-11-02,Store003,SKU001,89,29.637857369667927,False,5.933333333333334,High
2023-11-02,Store003,SKU002,85,-15.944545054128213,True,7.25609756097561,Medium
2023-11-02,Store003,SKU003,26,2.055088161254986,False,4.232558139534883,High
2023-11-03,Store001,SKU001,90,23.782663912160643,False,6.237623762376238,High
2023-11-03,Store001,SKU002,49,29.746387690935578,False,3.648936170212766,High
2023-11-03,Store001,SKU003,31,4.801544135965685,False,3.6166666666666667,High
2023-11-03,Store002,SKU001,58,58.03677921262056,False,3.980392156862745,High
2023-11-03,Store002,SKU002,34,49.53816505349654,False,2.404040404040404,Critical
2023-11-03,Store002,SKU003,22,17.789823266143898,False,2.231884057971014,Critical
2023-11-03,Store003,SKU001,19,110.63785736966793,False,1.1465517241379308,Critical
2023-11-03,Store003,SKU002,90,-20.944545054128213,True,7.682926829268293,Medium
2023-11-03,Store003,SKU003,50,-24.08776898160216,True,9.210526315789473,Medium
2023-11-04,Store001,SKU001,93,40.78266391216064,False,5.380165289256198,High
2023-11-04,Store001,SKU002,73,-0.682183737635853,True,6.011764705882353,High
2023-11-04,Store001,SKU003,86,-48.05559872117718,True,9.26153846153846,Medium
2023-11-04,Store002,SKU001,37,95.03677921262056,False,2.194915254237288,Critical
2023-11-04,Store002,SKU002,81,12.538165053496542,False,5.017699115044248,High
2023-11-04,Store002,SKU003,84,-37.35303387671324,True,6.91764705882353,High
2023-11-04,Store003,SKU001,10,107.63785736966793,False,0.673076923076923,Critical
2023-11-04,Store003,SKU002,22,48.48402637444322,False,1.8333333333333333,Critical
2023-11-04,Store003,SKU003,95,-60.944911838745014,True,11.666666666666668,Medium
2023-11-05,Store001,SKU001,53,91.78266391216064,False,2.8106060606060606,Critical
2023-11-05,Store001,SKU002,48,21.4606734052213,False,4.148148148148148,High
2023-11-05,Store001,SKU003,97,-54.7698844354629,True,9.053333333333335,Medium
2023-11-05,Store002,SKU001,76,73.03677921262056,False,3.940740740740741,High
2023-11-05,Store002,SKU002,99,8.823879339210833,False,5.2105263157894735,High
2023-11-05,Store002,SKU003,19,29.789823266143898,False,1.4777777777777776,Critical
2023-11-05,Store003,SKU001,34,86.63785736966793,False,2.2242990654205608,Critical
2023-11-05,Store003,SKU002,26,57.34116923158608,False,1.7843137254901962,Critical
2023-11-05,Store003,SKU003,82,-40.65919755303073,True,7.756756756756757,Medium
2023-11-06,Store001,SKU001,47,109.78266391216064,False,2.284722222222222,Critical
2023-11-06,Store001,SKU002,68,3.6035305480784388,False,5.666666666666667,High
2023-11-06,Store001,SKU003,83,-42.05559872117718,True,8.069444444444445,Medium
2023-11-06,Store002,SKU001,26,124.03677921262056,False,1.3382352941176472,Critical
2023-11-06,Store002,SKU002,37,71.53816505349654,False,1.9328358208955225,Critical
2023-11-06,Store002,SKU003,27,25.64696612328676,False,1.9090909090909092,Critical
2023-11-06,Store003,SKU001,84,43.63785736966793,False,5.157894736842105,High
2023-11-06,Store003,SKU002,61,29.484026374443218,False,3.8125,High
2023-11-06,Store003,SKU003,16,24.055088161254986,False,1.5774647887323945,Critical
2023-11-07,Store001,SKU001,46,122.78266391216064,False,2.0641025641025643,Critical
2023-11-07,Store001,SKU002,28,47.88924483379273,False,2.1777777777777776,Critical
2023-11-07,Store001,SKU003,94,-50.05559872117718,True,8.329113924050633,Medium
2023-11-07,Store002,SKU001,57,96.03677921262056,False,2.870503597122302,Critical
2023-11-07,Store002,SKU002,89,31.681022196353695,False,4.125827814569536,High
2023-11-07,Store002,SKU003,70,-15.638748162427532,True,4.757281553398059,High
2023-11-07,Store003,SKU001,43,85.6378573696679,False,2.6173913043478265,Critical
2023-11-07,Store003,SKU002,88,7.484026374443218,False,5.176470588235294,High
2023-11-07,Store003,SKU003,97,-53.516340410173584,True,8.594936708860759,Medium
2023-11-08,Store001,SKU001,19,132.78266391216064,False,0.9568345323741007,Critical
2023-11-08,Store001,SKU002,59,29.746387690935578,False,3.824074074074074,High
2023-11-08,Store001,SKU003,98,-56.627027292605746,True,9.397260273972602,Medium
2023-11-08,Store002,SKU001,83,72.03677921262056,False,4.120567375886525,High
2023-11-08,Store002,SKU002,70,40.681022196353695,False,3.576642335766423,High
2023-11-08,Store002,SKU003,42,17.93268040900105,False,2.5344827586206895,Critical
2023-11-08,Store003,SKU001,49,89.63785736966793,False,2.7439999999999998,Critical
2023-11-08,Store003,SKU002,71,19.484026374443218,False,4.4375,High
2023-11-08,Store003,SKU003,90,-43.08776898160216,True,7.241379310344827,Medium
2023-11-09,Store001,SKU001,95,55.78266391216064,False,4.818840579710145,High
2023-11-09,Store001,SKU002,49,41.17495911950701,False,3.118181818181818,High
2023-11-09,Store001,SKU003,76,-33.7698844354629,True,7.093333333333334,Medium
2023-11-09,Store002,SKU001,55,119.03677921262056,False,2.40625,Critical
2023-11-09,Store002,SKU002,44,65.96673648206797,False,2.2647058823529416,Critical
2023-11-09,Store002,SKU003,66,-3.924462448141824,True,3.8181818181818183,High
2023-11-09,Store003,SKU001,87,60.63785736966793,False,4.544776119402985,High
2023-11-09,Store003,SKU002,86,5.912597803014634,False,5.280701754385965,High
2023-11-09,Store003,SKU003,46,2.1979453041121246,False,3.5777777777777775,High
2023-11-10,Store001,SKU001,94,52.78266391216064,False,4.91044776119403,High
2023-11-10,Store001,SKU002,15,70.88924483379273,False,1.0096153846153846,Critical
2023-11-10,Store001,SKU003,49,-2.9127415783200377,True,4.083333333333333,High
2023-11-10,Store002,SKU001,46,125.03677921262056,False,2.050955414012739,Critical
2023-11-10,Store002,SKU002,23,85.53816505349654,False,1.2014925373134329,Critical
2023-11-10,Store002,SKU003,48,8.932680409001037,False,3.0825688073394497,High
2023-11-10,Store003,SKU001,25,119.63785736966793,False,1.3358778625954197,Critical
2023-11-10,Store003,SKU002,57,36.34116923158608,False,3.4396551724137927,High
2023-11-10,Store003,SKU003,16,32.626516732683555,False,1.2307692307692308,Critical
2023-11-11,Store001,SKU001,27,119.78266391216064,False,1.4104477611940298,Critical
2023-11-11,Store001,SKU002,15,79.4606734052213,False,0.9051724137931033,Critical
2023-11-11,Store001,SKU003,86,-34.7698844354629,True,6.270833333333334,High
2023-11-11,Store002,SKU001,51,115.03677921262056,False,2.3486842105263155,Critical
2023-11-11,Store002,SKU002,78,20.53816505349654,False,4.55,High
2023-11-11,Store002,SKU003,52,1.5041089804296064,False,3.603960396039604,High
2023-11-11,Store003,SKU001,37,108.63785736966793,False,1.9621212121212122,Critical
2023-11-11,Store003,SKU002,17,74.19831208872893,False,1.0530973451327434,Critical
2023-11-11,Store003,SKU003,49,-2.08776898160216,True,3.942528735632184,High
2023-11-12,Store001,SKU001,77,56.78266391216064,False,4.454545454545455,High
2023-11-12,Store001,SKU002,34,61.17495911950702,False,2.034188034188034,Critical
2023-11-12,Store001,SKU003,74,-24.055598721177176,True,5.569892473118279,High
2023-11-12,Store002,SKU001,40,126.03677921262056,False,1.8421052631578947,Critical
2023-11-12,Store002,SKU002,91,-10.318977803646305,True,6.705263157894737,High
2023-11-12,Store002,SKU003,39,13.64696612328676,False,2.757575757575758,Critical
2023-11-12,Store003,SKU001,44,125.63785736966793,False,1.9743589743589745,Critical
2023-11-12,Store003,SKU002,33,46.05545494587179,False,2.40625,Critical
2023-11-12,Store003,SKU003,27,15.626516732683555,False,2.4545454545454546,Critical
2023-11-13,Store001,SKU001,86,28.782663912160643,False,5.901960784313726,High
2023-11-13,Store001,SKU002,24,69.74638769093558,False,1.4608695652173915,Critical
2023-11-13,Store001,SKU003,77,-25.34131300689147,True,5.556701030927835,High
2023-11-13,Store002,SKU001,99,71.03677921262056,False,4.4423076923076925,High
2023-11-13,Store002,SKU002,50,29.252450767782264,False,3.7634408602150535,High
2023-11-13,Store002,SKU003,53,-3.3530338767132406,True,4.032608695652174,High
2023-11-13,Store003,SKU001,62,99.63785736966793,False,2.9324324324324325,Critical
2023-11-13,Store003,SKU002,99,-21.373116482699643,True,7.372340425531915,Medium
2023-11-13,Store003,SKU003,24,23.769373875540694,False,1.8876404494382024,Critical
2023-11-14,Store001,SKU001,89,17.782663912160643,False,6.627659574468085,High
2023-11-14,Store001,SKU002,87,7.4606734052213,False,5.249999999999999,High
2023-11-14,Store001,SKU003,42,9.658686993108532,False,3.0309278350515463,High
2023-11-14,Store002,SKU001,47,132.03677921262056,False,1.993939393939394,Critical
2023-11-14,Store002,SKU002,50,15.681022196353695,False,4.72972972972973,High
2023-11-14,Store002,SKU003,54,-4.781605305284671,True,4.153846153846154,High
2023-11-14,Store003,SKU001,94,73.63785736966793,False,4.2727272727272725,High
2023-11-14,Store003,SKU002,98,-32.51597362555678,True,8.909090909090908,Medium
2023-11-14,Store003,SKU003,80,-31.802054695887875,True,6.222222222222222,High
2023-11-15,Store001,SKU001,20,102.78266391216064,False,1.2727272727272727,Critical
2023-11-15,Store001,SKU002,72,8.88924483379273,False,5.195876288659794,High
2023-11-15,Store001,SKU003,86,-33.05559872117718,True,6.02,High
2023-11-15,Store002,SKU001,94,72.03677921262056,False,4.328947368421052,High
2023-11-15,Store002,SKU002,17,55.109593624925125,False,1.433734939759036,Critical
2023-11-15,Store002,SKU003,84,-40.78160530528467,True,7.636363636363637,Medium
2023-11-15,Store003,SKU001,92,64.63785736966793,False,4.503496503496504,High
2023-11-15,Store003,SKU002,16,53.05545494587179,False,1.3658536585365855,Critical
2023-11-15,Store003,SKU003,82,-33.802054695887875,True,6.377777777777777,High
2023-11-16,Store001,SKU001,32,86.78266391216064,False,2.1132075471698113,Critical
2023-11-16,Store001,SKU002,22,61.74638769093558,False,1.5247524752475248,Critical
2023-11-16,Store001,SKU003,82,-25.627027292605746,True,5.314814814814815,High
2023-11-16,Store002,SKU001,14,143.03677921262056,False,0.6853146853146853,Critical
2023-11-16,Store002,SKU002,89,-13.318977803646305,True,7.079545454545455,Medium
2023-11-16,Store002,SKU003,33,3.789823266143898,False,3.725806451612903,High
2023-11-16,Store003,SKU001,85,52.63785736966793,False,4.798387096774193,High
2023-11-16,Store003,SKU002,26,40.91259780301465,False,2.3037974683544302,Critical
2023-11-16,Store003,SKU003,35,12.769373875540694,False,2.7528089887640452,Critical
2023-11-17,Store001,SKU001,89,22.782663912160643,False,6.292929292929293,High
2023-11-17,Store001,SKU002,41,54.17495911950702,False,2.4529914529914527,Critical
2023-11-17,Store001,SKU003,16,39.94440127882282,False,1.0467289719626167,Critical
2023-11-17,Store002,SKU001,64,90.03677921262056,False,3.2,High
2023-11-17,Store002,SKU002,50,30.681022196353695,False,3.6842105263157894,High
2023-11-17,Store002,SKU003,47,-5.92446244814181,True,4.569444444444444,High
2023-11-17,Store003,SKU001,50,103.63785736966793,False,2.5,Critical
2023-11-17,Store003,SKU002,49,21.484026374443218,False,4.083333333333333,High
2023-11-17,Store003,SKU003,51,-0.6591975530307295,True,3.7578947368421054,High
2023-11-18,Store001,SKU001,87,28.782663912160643,False,5.9126213592233015,High
2023-11-18,Store001,SKU002,48,49.31781626236415,False,2.8000000000000003,Critical
2023-11-18,Store001,SKU003,54,-2.769884435462899,True,3.9375,High
2023-11-18,Store002,SKU001,51,88.03677921262056,False,2.856,Critical
2023-11-18,Store002,SKU002,18,75.53816505349654,False,1.1150442477876106,Critical
2023-11-18,Store002,SKU003,93,-54.495891019570394,True,9.863636363636363,Medium
2023-11-18,Store003,SKU001,69,89.63785736966793,False,3.3310344827586205,High
2023-11-18,Store003,SKU002,17,52.76974066015751,False,1.433734939759036,Critical
2023-11-18,Store003,SKU003,66,-17.373483267316445,True,5.076923076923077,High
2023-11-19,Store001,SKU001,83,45.78266391216064,False,5.008620689655172,High
2023-11-19,Store001,SKU002,36,57.032101976649855,False,2.210526315789474,Critical
2023-11-19,Store001,SKU003,83,-32.627027292605746,True,6.180851063829787,High
2023-11-19,Store002,SKU001,64,83.03677921262056,False,3.3684210526315788,High
2023-11-19,Store002,SKU002,73,28.395307910639417,False,4.120967741935484,High
2023-11-19,Store002,SKU003,42,2.07553755185819,False,3.721518987341772,High
2023-11-19,Store003,SKU001,74,68.63785736966793,False,4.015503875968992,High
2023-11-19,Store003,SKU002,64,13.626883517300357,False,4.76595744680851,High
2023-11-19,Store003,SKU003,51,-3.6591975530307295,True,4.056818181818182,High
2023-11-20,Store001,SKU001,62,79.78266391216064,False,3.364341085271318,High
2023-11-20,Store001,SKU002,89,9.746387690935578,False,5.106557377049181,High
2023-11-20,Store001,SKU003,38,13.230115564537101,False,2.7708333333333335,Critical
2023-11-20,Store002,SKU001,59,87.03677921262056,False,3.128787878787879,High
2023-11-20,Store002,SKU002,48,54.109593624925125,False,2.6879999999999997,Critical
2023-11-20,Store002,SKU003,38,4.789823266143898,False,3.5,High
2023-11-20,Store003,SKU001,68,73.63785736966793,False,3.71875,High
2023-11-20,Store003,SKU002,97,-19.373116482699643,True,7.223404255319148,Medium
2023-11-20,Store003,SKU003,55,-8.944911838745014,True,4.529411764705882,High
2023-11-21,Store001,SKU001,50,112.78266391216064,False,2.3333333333333335,Critical
2023-11-21,Store001,SKU002,61,35.60353054807844,False,3.588235294117647,High
2023-11-21,Store001,SKU003,37,15.087258421679962,False,2.642857142857143,Critical
2023-11-21,Store002,SKU001,51,90.03677921262056,False,2.811023622047244,Critical
2023-11-21,Store002,SKU002,71,41.82387933921083,False,3.55,High
2023-11-21,Store002,SKU003,39,6.361251837572468,False,3.329268292682927,High
2023-11-21,Store003,SKU001,47,80.63785736966793,False,2.885964912280702,Critical
2023-11-21,Store003,SKU002,55,34.05545494587179,False,3.5,High
2023-11-21,Store003,SKU003,92,-47.230626124459306,True,7.853658536585367,Medium
2023-11-22,Store001,SKU001,32,118.78266391216064,False,1.6231884057971013,Critical
2023-11-22,Store001,SKU002,83,22.88924483379273,False,4.401515151515151,High
2023-11-22,Store001,SKU003,28,28.801544135965685,False,1.798165137614679,Critical
2023-11-22,Store002,SKU001,99,31.03677921262056,False,5.974137931034482,High
2023-11-22,Store002,SKU002,90,32.109593624925125,False,4.117647058823529,High
2023-11-22,Store002,SKU003,87,-36.92446244814181,True,6.548387096774193,High
2023-11-22,Store003,SKU001,83,49.63785736966793,False,4.882352941176471,High
2023-11-22,Store003,SKU002,38,46.76974066015751,False,2.5576923076923075,Critical
2023-11-22,Store003,SKU003,24,17.769373875540694,False,2.24,Critical
2023-11-23,Store001,SKU001,60,113.78266391216064,False,2.608695652173913,Critical
2023-11-23,Store001,SKU002,77,31.032101976649855,False,3.992592592592593,High
2023-11-23,Store001,SKU003,79,-20.484170149748607,True,4.893805309734513,High
2023-11-23,Store002,SKU001,80,49.03677921262056,False,4.869565217391305,High
2023-11-23,Store002,SKU002,40,79.25245076778225,False,1.8791946308724834,Critical
2023-11-23,Store002,SKU003,17,33.504108980429606,False,1.2659574468085106,Critical
2023-11-23,Store003,SKU001,95,41.63785736966793,False,5.40650406504065,High
2023-11-23,Store003,SKU002,90,-3.0874021969853516,True,5.887850467289719,High
2023-11-23,Store003,SKU003,71,-27.516340410173584,True,6.291139240506329,High
2023-11-24,Store001,SKU001,46,151.78266391216064,False,1.7405405405405407,Critical
2023-11-24,Store001,SKU002,67,31.032101976649855,False,3.87603305785124,High
2023-11-24,Store001,SKU003,50,7.230115564537101,False,3.181818181818182,High
2023-11-24,Store002,SKU001,11,133.03677921262056,False,0.5923076923076923,Critical
2023-11-24,Store002,SKU002,78,34.82387933921083,False,3.9,High
2023-11-24,Store002,SKU003,24,23.07553755185819,False,1.9534883720930232,Critical
2023-11-24,Store003,SKU001,80,30.637857369667927,False,5.77319587628866,High
2023-11-24,Store003,SKU002,22,64.19831208872893,False,1.4528301886792454,Critical
2023-11-24,Store003,SKU003,64,-23.944911838745014,True,6.309859154929578,High
2023-11-25,Store001,SKU001,15,178.78266391216064,False,0.580110497237569,Critical
2023-11-25,Store001,SKU002,24,72.60353054807844,False,1.411764705882353,Critical
2023-11-25,Store001,SKU003,97,-41.05559872117718,True,6.345794392523364,High
2023-11-25,Store002,SKU001,93,69.03677921262056,False,4.398648648648649,High
2023-11-25,Store002,SKU002,71,33.25245076778225,False,3.8828125,High
2023-11-25,Store002,SKU003,67,-15.210176733856102,True,4.835051546391752,High
2023-11-25,Store003,SKU001,16,90.63785736966793,False,1.2043010752688172,Critical
2023-11-25,Store003,SKU002,65,29.76974066015751,False,3.8559322033898304,High
2023-11-25,Store003,SKU003,65,-21.944911838745014,True,5.833333333333334,High
2023-11-26,Store001,SKU001,92,83.78266391216064,False,3.9509202453987733,High
2023-11-26,Store001,SKU002,73,26.4606734052213,False,4.154471544715447,High
2023-11-26,Store001,SKU003,31,27.087258421679962,False,1.9375,Critical
2023-11-26,Store002,SKU001,61,101.03677921262056,False,2.885135135135135,Critical
2023-11-26,Store002,SKU002,19,87.39530791063942,False,1.015267175572519,Critical
2023-11-26,Store002,SKU003,69,-19.78160530528467,True,5.3076923076923075,High
2023-11-26,Store003,SKU001,43,66.63785736966793,False,3.135416666666667,High
2023-11-26,Store003,SKU002,50,44.0554549458718,False,2.9914529914529915,Critical
2023-11-26,Store003,SKU003,61,-17.08776898160216,True,5.3374999999999995,High
2023-11-27,Store001,SKU001,72,101.78266391216064,False,3.130434782608696,High
2023-11-27,Store001,SKU002,86,7.7463876909355776,False,5.234782608695653,High
2023-11-27,Store001,SKU003,16,44.65868699310853,False,0.9491525423728814,Critical
2023-11-27,Store002,SKU001,54,116.03677921262056,False,2.4230769230769234,Critical
2023-11-27,Store002,SKU002,54,54.53816505349654,False,2.8208955223880596,Critical
2023-11-27,Store002,SKU003,75,-18.067319590998963,True,4.81651376146789,High
2023-11-27,Store003,SKU001,42,72.63785736966793,False,2.910891089108911,Critical
2023-11-27,Store003,SKU002,41,50.198312088728926,False,2.5398230088495577,Critical
2023-11-27,Store003,SKU003,65,-19.802054695887875,True,5.481927710843373,High
2023-11-28,Store001,SKU001,68,87.78266391216064,False,3.3286713286713288,High
2023-11-28,Store001,SKU002,25,64.4606734052213,False,1.6055045871559632,Critical
2023-11-28,Store001,SKU003,76,-9.341313006891468,True,4.03030303030303,High
2023-11-28,Store002,SKU001,72,112.03677921262056,False,2.9647058823529413,Critical
2023-11-28,Store002,SKU002,43,49.109593624925125,False,2.7117117117117115,Critical
2023-11-28,Store002,SKU003,44,11.64696612328676,False,2.905660377358491,Critical
2023-11-28,Store003,SKU001,61,69.63785736966793,False,3.6495726495726495,High
2023-11-28,Store003,SKU002,17,67.05545494587179,False,1.1553398058252429,Critical
2023-11-28,Store003,SKU003,90,-39.65919755303073,True,6.631578947368421,High
2023-11-29,Store001,SKU001,16,152.78266391216064,False,0.717948717948718,Critical
2023-11-29,Store001,SKU002,76,15.603530548078439,False,4.75,High
2023-11-29,Store001,SKU003,73,-10.198455864034315,True,4.154471544715447,High
2023-11-29,Store002,SKU001,60,147.03677921262056,False,2.176165803108808,Critical
2023-11-29,Store002,SKU002,55,21.395307910639403,False,4.325842696629214,High
2023-11-29,Store002,SKU003,55,-5.353033876713241,True,4.184782608695652,High
2023-11-29,Store003,SKU001,22,105.63785736966793,False,1.3508771929824561,Critical
2023-11-29,Store003,SKU002,38,39.62688351730036,False,2.829787234042553,Critical
2023-11-29,Store003,SKU003,40,9.91223101839784,False,2.978723404255319,Critical
2023-11-30,Store001,SKU001,82,73.78266391216064,False,4.013986013986014,High
2023-11-30,Store001,SKU002,33,44.31781626236415,False,2.5108695652173916,Critical
2023-11-30,Store001,SKU003,53,4.658686993108532,False,3.3423423423423424,High
2023-11-30,Store002,SKU001,12,191.03677921262056,False,0.4444444444444444,Critical
2023-11-30,Store002,SKU002,57,17.252450767782264,False,4.63953488372093,High
2023-11-30,Store002,SKU003,42,8.07553755185819,False,3.161290322580645,High
2023-11-30,Store003,SKU001,83,48.63785736966793,False,4.923728813559322,High
2023-11-30,Store003,SKU002,54,27.198312088728926,False,3.8181818181818183,High
2023-11-30,Store003,SKU003,41,8.483659589826416,False,3.086021505376344,High
2023-12-01,Store001,SKU001,62,88.78266391216064,False,3.144927536231884,High
2023-12-01,Store001,SKU002,35,49.4606734052213,False,2.4019607843137254,Critical
2023-12-01,Store001,SKU003,11,47.94440127882282,False,0.6754385964912281,Critical
2023-12-01,Store002,SKU001,92,90.03677921262056,False,3.8333333333333335,High
2023-12-01,Store002,SKU002,34,33.109593624925125,False,3.131578947368421,High
2023-12-01,Store002,SKU003,27,26.932680409001037,False,1.8529411764705883,Critical
2023-12-01,Store003,SKU001,60,87.63785736966793,False,3.1343283582089554,High
2023-12-01,Store003,SKU002,53,23.91259780301465,False,3.9892473118279566,High
2023-12-01,Store003,SKU003,83,-30.944911838745014,True,5.8686868686868685,High
2023-12-02,Store001,SKU001,44,113.78266391216064,False,2.1241379310344826,Critical
2023-12-02,Store001,SKU002,79,-0.9678980233501306,True,5.946236559139785,High
2023-12-02,Store001,SKU003,55,3.0872584216799623,False,3.4375,High
2023-12-02,Store002,SKU001,16,170.03677921262056,False,0.6511627906976744,Critical
2023-12-02,Store002,SKU002,67,-0.6046920893605972,True,6.253333333333334,High
2023-12-02,Store002,SKU003,95,-41.495891019570394,True,6.584158415841584,High
2023-12-02,Store003,SKU001,38,108.63785736966793,False,2.0,Critical
2023-12-02,Store003,SKU002,56,9.484026374443218,False,5.090909090909091,High
2023-12-02,Store003,SKU003,29,17.483659589826416,False,2.3604651162790695,Critical
2023-12-03,Store001,SKU001,83,98.78266391216064,False,3.437869822485207,High
2023-12-03,Store001,SKU002,77,0.31781626236414695,False,5.858695652173913,High
2023-12-03,Store001,SKU003,99,-38.769884435462885,True,5.9230769230769225,High
2023-12-03,Store002,SKU001,11,164.03677921262056,False,0.4782608695652174,Critical
2023-12-03,Store002,SKU002,22,41.53816505349654,False,2.1690140845070425,Critical
2023-12-03,Store002,SKU003,85,-35.78160530528467,True,6.538461538461538,High
2023-12-03,Store003,SKU001,84,65.63785736966793,False,4.3235294117647065,High
2023-12-03,Store003,SKU002,90,-26.65883076841392,True,8.513513513513514,Medium
2023-12-03,Store003,SKU003,99,-55.944911838745014,True,8.884615384615385,Medium
2023-12-04,Store001,SKU001,75,97.78266391216064,False,3.28125,High
2023-12-04,Store001,SKU002,81,3.4606734052213,False,5.5588235294117645,High
2023-12-04,Store001,SKU003,48,9.230115564537101,False,3.0545454545454547,High
2023-12-04,Store002,SKU001,88,89.03677921262056,False,3.7791411042944785,High
2023-12-04,Store002,SKU002,99,-31.176120660789167,True,9.0,Medium
2023-12-04,Store002,SKU003,70,-24.638748162427532,True,5.975609756097561,High
2023-12-04,Store003,SKU001,95,56.63785736966793,False,4.818840579710145,High
2023-12-04,Store003,SKU002,18,51.05545494587179,False,1.5365853658536586,Critical
2023-12-04,Store003,SKU003,35,6.3408024469692705,False,3.310810810810811,High
2023-12-05,Store001,SKU001,41,132.78266391216064,False,1.7826086956521738,Critical
2023-12-05,Store001,SKU002,83,0.7463876909355776,False,5.752475247524752,High
2023-12-05,Store001,SKU003,78,-25.055598721177176,True,5.46,High
2023-12-05,Store002,SKU001,86,81.03677921262056,False,3.934640522875817,High
2023-12-05,Store002,SKU002,57,10.109593624925125,False,5.25,High
2023-12-05,Store002,SKU003,34,10.07553755185819,False,3.012658227848101,High
2023-12-05,Store003,SKU001,46,100.63785736966793,False,2.4210526315789473,Critical
2023-12-05,Store003,SKU002,94,-23.515973625556782,True,7.833333333333333,Medium
2023-12-05,Store003,SKU003,52,-16.230626124459306,True,5.967213114754099,High
2023-12-06,Store001,SKU001,29,140.78266391216064,False,1.2929936305732486,Critical
2023-12-06,Store001,SKU002,66,9.174959119507008,False,5.191011235955057,High
2023-12-06,Store001,SKU003,63,-11.769884435462899,True,4.59375,High
2023-12-06,Store002,SKU001,46,101.03677921262056,False,2.4210526315789473,Critical
2023-12-06,Store002,SKU002,92,-12.033263517932028,True,6.8510638297872335,High
2023-12-06,Store002,SKU003,34,11.361251837572468,False,2.9024390243902443,Critical
2023-12-06,Store003,SKU001,71,69.63785736966793,False,3.9133858267716537,High
2023-12-06,Store003,SKU002,34,52.198312088728926,False,2.2452830188679247,Critical
2023-12-06,Store003,SKU003,45,-7.944911838745014,True,4.921875,High
2023-12-07,Store001,SKU001,94,72.78266391216064,False,4.2727272727272725,High
2023-12-07,Store001,SKU002,66,19.174959119507008,False,4.485436893203884,High
2023-12-07,Store001,SKU003,23,29.087258421679962,False,1.6428571428571428,Critical
2023-12-07,Store002,SKU001,90,58.03677921262056,False,4.701492537313433,High
2023-12-07,Store002,SKU002,49,39.53816505349654,False,3.2358490566037736,High
2023-12-07,Store002,SKU003,10,40.93268040900104,False,0.7368421052631579,Critical
2023-12-07,Store003,SKU001,26,110.63785736966793,False,1.4796747967479673,Critical
2023-12-07,Store003,SKU002,23,60.34116923158608,False,1.5784313725490196,Critical
2023-12-07,Store003,SKU003,32,3.3408024469692705,False,3.7333333333333334,High
2023-12-08,Store001,SKU001,96,55.78266391216064,False,4.83453237410072,High
2023-12-08,Store001,SKU002,97,-21.825040880492992,True,7.629213483146068,Medium
2023-12-08,Store001,SKU003,49,0.08725842167996234,False,3.769230769230769,High
2023-12-08,Store002,SKU001,45,113.03677921262056,False,2.1875,Critical
2023-12-08,Store002,SKU002,16,78.25245076778225,False,0.9824561403508772,Critical
2023-12-08,Store002,SKU003,98,-49.2101767338561,True,7.622222222222222,Medium
2023-12-08,Store003,SKU001,96,45.63785736966793,False,5.25,High
2023-12-08,Store003,SKU002,74,13.626883517300357,False,4.796296296296296,High
2023-12-08,Store003,SKU003,12,21.626516732683555,False,1.5,Critical
2023-12-09,Store001,SKU001,62,80.78266391216064,False,3.338461538461538,High
2023-12-09,Store001,SKU002,17,68.17495911950701,False,1.1553398058252429,Critical
2023-12-09,Store001,SKU003,46,7.801544135965685,False,3.156862745098039,High
2023-12-09,Store002,SKU001,42,110.03677921262056,False,2.1304347826086953,Critical
2023-12-09,Store002,SKU002,13,84.82387933921083,False,0.7647058823529411,Critical
2023-12-09,Store002,SKU003,30,16.64696612328676,False,2.4705882352941178,Critical
2023-12-09,Store003,SKU001,88,70.63785736966793,False,4.248275862068965,High
2023-12-09,Store003,SKU002,37,54.912597803014634,False,2.2719298245614037,Critical
2023-12-09,Store003,SKU003,76,-39.802054695887875,True,8.580645161290322,Medium
2023-12-10,Store001,SKU001,14,115.78266391216064,False,0.8376068376068375,Critical
2023-12-10,Store001,SKU002,32,55.31781626236415,False,2.1132075471698113,Critical
2023-12-10,Store001,SKU003,21,28.515829850251393,False,1.5978260869565217,Critical
2023-12-10,Store002,SKU001,14,148.03677921262056,False,0.6621621621621622,Critical
2023-12-10,Store002,SKU002,11,86.10959362492513,False,0.6525423728813559,Critical
2023-12-10,Store002,SKU003,39,15.361251837572468,False,2.650485436893204,Critical
2023-12-10,Store003,SKU001,34,133.63785736966793,False,1.5454545454545454,Critical
2023-12-10,Store003,SKU002,62,37.0554549458718,False,3.5,High
2023-12-10,Store003,SKU003,37,5.197945304112125,False,3.4078947368421053,High
2023-12-11,Store001,SKU001,11,121.78266391216064,False,0.6416666666666667,Critical
2023-12-11,Store001,SKU002,94,-3.825040880492992,True,5.981818181818182,High
2023-12-11,Store001,SKU003,27,23.801544135965685,False,1.9894736842105263,Critical
2023-12-11,Store002,SKU001,89,70.03677921262056,False,4.296551724137931,High
2023-12-11,Store002,SKU002,83,11.25245076778225,False,5.0964912280701755,High
2023-12-11,Store002,SKU003,34,18.64696612328676,False,2.404040404040404,Critical
2023-12-11,Store003,SKU001,68,97.63785736966793,False,3.131578947368421,High
2023-12-11,Store003,SKU002,23,67.48402637444322,False,1.4375,Critical
2023-12-11,Store003,SKU003,93,-49.516340410173584,True,8.240506329113924,Medium
2023-12-12,Store001,SKU001,59,82.78266391216064,False,3.2015503875968996,High
2023-12-12,Store001,SKU002,89,6.174959119507022,False,5.3247863247863245,High
2023-12-12,Store001,SKU003,62,-12.912741578320038,True,4.769230769230769,High
2023-12-12,Store002,SKU001,69,90.03677921262056,False,3.3310344827586205,High
2023-12-12,Store002,SKU002,12,107.25245076778225,False,0.563758389261745,Critical
2023-12-12,Store002,SKU003,23,31.361251837572468,False,1.5631067961165048,Critical
2023-12-12,Store003,SKU001,84,83.63785736966793,False,3.8181818181818183,High
2023-12-12,Store003,SKU002,64,31.484026374443218,False,3.764705882352941,High
2023-12-12,Store003,SKU003,34,12.483659589826416,False,2.7674418604651163,Critical
2023-12-13,Store001,SKU001,40,101.78266391216064,False,2.170542635658915,Critical
2023-12-13,Store001,SKU002,65,49.4606734052213,False,3.159722222222222,High
2023-12-13,Store001,SKU003,40,10.801544135965685,False,2.9473684210526314,Critical
2023-12-13,Store002,SKU001,98,85.03677921262056,False,4.059171597633136,High
2023-12-13,Store002,SKU002,92,36.538165053496556,False,3.9753086419753085,High
2023-12-13,Store002,SKU003,77,-19.638748162427532,True,4.9,High
2023-12-13,Store003,SKU001,29,154.63785736966793,False,1.1941176470588235,Critical
2023-12-13,Store003,SKU002,92,-3.658830768413921,True,5.908256880733945,High
2023-12-13,Store003,SKU003,31,18.055088161254986,False,2.358695652173913,Critical
2023-12-14,Store001,SKU001,77,65.78266391216064,False,4.146153846153846,High
2023-12-14,Store001,SKU002,90,18.746387690935578,False,4.632352941176471,High
2023-12-14,Store001,SKU003,61,-5.0555987211771765,True,3.9906542056074765,High
2023-12-14,Store002,SKU001,19,170.03677921262056,False,0.76,Critical
2023-12-14,Store002,SKU002,55,72.82387933921083,False,2.391304347826087,Critical
2023-12-14,Store002,SKU003,91,-37.92446244814181,True,6.369999999999999,High
2023-12-14,Store003,SKU001,74,112.63785736966793,False,2.9942196531791905,Critical
2023-12-14,Store003,SKU002,42,55.62688351730036,False,2.4098360655737707,Critical
2023-12-14,Store003,SKU003,40,13.34080244696927,False,2.7450980392156863,Critical
2023-12-15,Store001,SKU001,84,60.78266391216064,False,4.454545454545454,High
2023-12-15,Store001,SKU002,51,67.03210197664986,False,2.3959731543624163,Critical
2023-12-15,Store001,SKU003,48,9.230115564537101,False,3.0545454545454547,High
2023-12-15,Store002,SKU001,51,139.03677921262056,False,2.028409090909091,Critical
2023-12-15,Store002,SKU002,28,106.25245076778225,False,1.1529411764705884,Critical
2023-12-15,Store002,SKU003,71,-20.495891019570394,True,5.287234042553191,High
2023-12-15,Store003,SKU001,34,132.63785736966793,False,1.5555555555555556,Critical
2023-12-15,Store003,SKU002,94,5.76974066015751,False,5.264,High
2023-12-15,Store003,SKU003,77,-22.373483267316445,True,5.133333333333334,High
2023-12-16,Store001,SKU001,74,75.78266391216064,False,3.7810218978102186,High
2023-12-16,Store001,SKU002,19,81.17495911950702,False,1.0725806451612903,Critical
2023-12-16,Store001,SKU003,49,9.944401278822824,False,3.0087719298245617,High
2023-12-16,Store002,SKU001,11,167.03677921262056,False,0.46951219512195125,Critical
2023-12-16,Store002,SKU002,32,105.10959362492514,False,1.2873563218390804,Critical
2023-12-16,Store002,SKU003,65,-15.781605305284671,True,5.0,High
2023-12-16,Store003,SKU001,81,77.63785736966793,False,3.9103448275862065,High
2023-12-16,Store003,SKU002,95,10.484026374443218,False,5.0,High
2023-12-16,Store003,SKU003,62,-5.6591975530307295,True,3.981651376146789,High
2023-12-17,Store001,SKU001,95,58.78266391216064,False,4.716312056737589,High
2023-12-17,Store001,SKU002,23,80.74638769093558,False,1.248062015503876,Critical
2023-12-17,Store001,SKU003,14,47.94440127882282,False,0.8099173553719009,Critical
2023-12-17,Store002,SKU001,16,144.03677921262056,False,0.7671232876712328,Critical
2023-12-17,Store002,SKU002,52,77.96673648206797,False,2.2195121951219514,Critical
2023-12-17,Store002,SKU003,55,-14.781605305284671,True,5.5,High
2023-12-17,Store003,SKU001,48,94.63785736966793,False,2.604651162790698,Critical
2023-12-17,Store003,SKU002,15,81.91259780301463,False,0.8677685950413223,Critical
2023-12-17,Store003,SKU003,21,40.055088161254986,False,1.225,Critical
2023-12-18,Store001,SKU001,67,87.78266391216064,False,3.302816901408451,High
2023-12-18,Store001,SKU002,12,86.74638769093558,False,0.6885245901639345,Critical
2023-12-18,Store001,SKU003,49,12.944401278822824,False,2.834710743801653,Critical
2023-12-18,Store002,SKU001,72,90.03677921262056,False,3.4054054054054057,High
2023-12-18,Store002,SKU002,68,57.681022196353695,False,3.012658227848101,High
2023-12-18,Store002,SKU003,78,-38.63874816242753,True,8.029411764705882,Medium
2023-12-18,Store003,SKU001,20,124.63785736966793,False,1.0687022900763359,Critical
2023-12-18,Store003,SKU002,86,23.76974066015751,False,4.330935251798561,High
2023-12-18,Store003,SKU003,16,42.91223101839783,False,0.9739130434782609,Critical
2023-12-19,Store001,SKU001,84,66.78266391216064,False,4.260869565217391,High
2023-12-19,Store001,SKU002,85,8.032101976649855,False,5.219298245614035,High
2023-12-19,Store001,SKU003,95,-29.198455864034315,True,5.115384615384615,High
2023-12-19,Store002,SKU001,14,144.03677921262056,False,0.6805555555555555,Critical
2023-12-19,Store002,SKU002,30,87.82387933921083,False,1.4285714285714286,Critical
2023-12-19,Store002,SKU003,99,-63.495891019570394,True,11.745762711864407,Medium
2023-12-19,Store003,SKU001,58,81.63785736966793,False,3.2222222222222223,High
2023-12-19,Store003,SKU002,65,46.912597803014634,False,3.204225352112676,High
2023-12-19,Store003,SKU003,60,-1.5163404101735907,True,3.68421052631579,High
2023-12-20,Store001,SKU001,17,139.78266391216064,False,0.8263888888888888,Critical
2023-12-20,Store001,SKU002,52,33.17495911950701,False,3.533980582524272,High
2023-12-20,Store001,SKU003,72,-7.0555987211771765,True,3.9375,High
2023-12-20,Store002,SKU001,10,141.03677921262056,False,0.510948905109489,Critical
2023-12-20,Store002,SKU002,59,41.681022196353695,False,3.357723577235772,High
2023-12-20,Store002,SKU003,88,-54.2101767338561,True,11.200000000000001,Medium
2023-12-20,Store003,SKU001,81,63.63785736966793,False,4.32824427480916,High
2023-12-20,Store003,SKU002,13,103.91259780301463,False,0.610738255033557,Critical
2023-12-20,Store003,SKU003,82,-24.802054695887875,True,5.171171171171171,High
2023-12-21,Store001,SKU001,20,146.78266391216064,False,0.9090909090909091,Critical
2023-12-21,Store001,SKU002,82,1.0321019766498694,False,5.739999999999999,High
2023-12-21,Store001,SKU003,37,21.944401278822824,False,2.2719298245614037,Critical
2023-12-21,Store002,SKU001,96,45.03677921262056,False,5.291338582677166,High
2023-12-21,Store002,SKU002,52,37.96673648206797,False,3.3703703703703702,High
2023-12-21,Store002,SKU003,70,-39.63874816242753,True,10.425531914893616,Medium
2023-12-21,Store003,SKU001,48,102.63785736966793,False,2.452554744525547,Critical
2023-12-21,Store003,SKU002,21,88.76974066015751,False,1.0575539568345322,Critical
2023-12-21,Store003,SKU003,10,45.483659589826416,False,0.6542056074766355,Critical
2023-12-22,Store001,SKU001,12,166.78266391216064,False,0.5060240963855421,Critical
2023-12-22,Store001,SKU002,94,-19.5393265947787,True,7.4772727272727275,Medium
2023-12-22,Store001,SKU003,37,21.944401278822824,False,2.2719298245614037,Critical
2023-12-22,Store002,SKU001,19,120.03677921262056,False,1.064,Critical
2023-12-22,Store002,SKU002,16,74.6810221963537,False,1.0275229357798166,Critical
2023-12-22,Store002,SKU003,94,-60.63874816242753,True,12.185185185185185,Medium
2023-12-22,Store003,SKU001,70,84.63785736966793,False,3.475177304964539,High
2023-12-22,Store003,SKU002,43,69.62688351730036,False,2.104895104895105,Critical
2023-12-22,Store003,SKU003,71,-15.516340410173584,True,4.644859813084112,High
2023-12-23,Store001,SKU001,99,72.78266391216064,False,4.3584905660377355,High
2023-12-23,Store001,SKU002,72,13.174959119507008,False,4.893203883495146,High
2023-12-23,Store001,SKU003,21,30.2301155645371,False,1.53125,Critical
2023-12-23,Store002,SKU001,44,101.03677921262056,False,2.351145038167939,Critical
2023-12-23,Store002,SKU002,50,41.3953079106394,False,3.181818181818182,High
2023-12-23,Store002,SKU003,59,-25.210176733856102,True,7.50909090909091,Medium
2023-12-23,Store003,SKU001,91,63.63785736966793,False,4.5177304964539005,High
2023-12-23,Store003,SKU002,29,77.91259780301463,False,1.5037037037037038,Critical
2023-12-23,Store003,SKU003,53,0.34080244696927053,False,3.6372549019607843,High
2023-12-24,Store001,SKU001,63,108.78266391216064,False,2.7735849056603774,Critical
2023-12-24,Store001,SKU002,73,5.032101976649869,False,5.494623655913978,High
2023-12-24,Store001,SKU003,26,24.801544135965685,False,1.9157894736842105,Critical
2023-12-24,Store002,SKU001,39,111.03677921262056,False,2.0073529411764706,Critical
2023-12-24,Store002,SKU002,30,66.39530791063942,False,1.7948717948717947,Critical
2023-12-24,Store002,SKU003,48,-14.210176733856102,True,6.109090909090909,High
2023-12-24,Store003,SKU001,19,141.63785736966793,False,0.9047619047619048,Critical
2023-12-24,Store003,SKU002,47,68.48402637444322,False,2.238095238095238,Critical
2023-12-24,Store003,SKU003,13,36.055088161254986,False,0.9891304347826088,Critical
2023-12-25,Store001,SKU001,11,154.78266391216064,False,0.5032679738562091,Critical
2023-12-25,Store001,SKU002,54,21.174959119507008,False,4.247191011235955,High
2023-12-25,Store001,SKU003,37,10.801544135965685,False,2.9431818181818183,Critical
2023-12-25,Store002,SKU001,45,97.03677921262056,False,2.4609375,Critical
2023-12-25,Store002,SKU002,63,31.25245076778225,False,3.868421052631579,High
2023-12-25,Store002,SKU003,59,-23.067319590998963,True,6.883333333333334,High
2023-12-25,Store003,SKU001,37,108.63785736966793,False,1.9621212121212122,Critical
2023-12-25,Store003,SKU002,63,44.62688351730036,False,3.24264705882353,High
2023-12-25,Store003,SKU003,15,32.769373875540694,False,1.1797752808988764,Critical
2023-12-26,Store001,SKU001,67,90.78266391216064,False,3.2344827586206897,High
2023-12-26,Store001,SKU002,82,6.032101976649869,False,5.364485981308411,High
2023-12-26,Store001,SKU003,58,-10.627027292605746,True,4.666666666666667,High
2023-12-26,Store002,SKU001,84,56.03677921262056,False,4.666666666666667,High
2023-12-26,Store002,SKU002,64,28.109593624925125,False,4.036036036036036,High
2023-12-26,Store002,SKU003,39,-3.92446244814181,True,4.706896551724138,High
2023-12-26,Store003,SKU001,59,89.63785736966793,False,3.0592592592592593,High
2023-12-26,Store003,SKU002,59,36.48402637444322,False,3.4705882352941178,High
2023-12-26,Store003,SKU003,34,14.626516732683555,False,2.6153846153846154,Critical
2023-12-27,Store001,SKU001,55,104.78266391216064,False,2.619047619047619,Critical
2023-12-27,Store001,SKU002,42,43.17495911950701,False,2.854368932038835,Critical
2023-12-27,Store001,SKU003,99,-51.198455864034315,True,7.875,Medium
2023-12-27,Store002,SKU001,57,88.03677921262056,False,3.045801526717557,High
2023-12-27,Store002,SKU002,12,77.25245076778226,False,0.7850467289719626,Critical
2023-12-27,Store002,SKU003,27,11.932680409001037,False,2.8208955223880596,Critical
2023-12-27,Store003,SKU001,93,39.63785736966793,False,5.470588235294118,High
2023-12-27,Store003,SKU002,34,51.48402637444322,False,2.2666666666666666,Critical
2023-12-27,Store003,SKU003,51,-0.6591975530307295,True,3.7578947368421054,High
2023-12-28,Store001,SKU001,50,91.78266391216064,False,2.713178294573644,Critical
2023-12-28,Store001,SKU002,51,52.74638769093558,False,2.7674418604651163,Critical
2023-12-28,Store001,SKU003,88,-36.34131300689147,True,6.350515463917525,High
2023-12-28,Store002,SKU001,21,131.03677921262056,False,1.0652173913043477,Critical
2023-12-28,Store002,SKU002,32,65.10959362492513,False,1.8983050847457628,Critical
2023-12-28,Store002,SKU003,37,7.504108980429606,False,3.2375,High
2023-12-28,Store003,SKU001,78,43.63785736966793,False,5.055555555555555,High
2023-12-28,Store003,SKU002,92,-4.373116482699643,True,5.962962962962963,High
2023-12-28,Store003,SKU003,39,10.483659589826416,False,2.9354838709677415,Critical
2023-12-29,Store001,SKU001,34,105.78266391216064,False,1.874015748031496,Critical
2023-12-29,Store001,SKU002,92,9.603530548078439,False,5.111111111111111,High
2023-12-29,Store001,SKU003,58,-7.627027292605746,True,4.319148936170213,High
2023-12-29,Store002,SKU001,18,127.03677921262056,False,0.9618320610687022,Critical
2023-12-29,Store002,SKU002,67,32.25245076778225,False,3.87603305785124,High
2023-12-29,Store002,SKU003,83,-38.495891019570394,True,7.2625,Medium
2023-12-29,Store003,SKU001,78,47.63785736966793,False,4.875,High
2023-12-29,Store003,SKU002,61,18.76974066015751,False,4.4020618556701026,High
2023-12-29,Store003,SKU003,74,-25.802054695887875,True,5.7555555555555555,High
2023-12-30,Store001,SKU001,20,114.78266391216061,False,1.1475409836065575,Critical
2023-12-30,Store001,SKU002,18,85.74638769093558,False,0.9767441860465117,Critical
2023-12-30,Store001,SKU003,61,-8.912741578320038,True,4.357142857142857,High
2023-12-30,Store002,SKU001,60,107.03677921262056,False,2.7450980392156863,Critical
2023-12-30,Store002,SKU002,72,16.53816505349654,False,4.754716981132075,High
2023-12-30,Store002,SKU003,41,5.218394694715329,False,3.4166666666666665,High
2023-12-30,Store003,SKU001,37,85.63785736966793,False,2.376146788990826,Critical
2023-12-30,Store003,SKU002,75,14.055454945871787,False,4.772727272727273,High
2023-12-30,Store003,SKU003,68,-22.802054695887875,True,5.734939759036144,High
2023-12-31,Store001,SKU001,17,131.78266391216064,False,0.8750000000000001,Critical
2023-12-31,Store001,SKU002,88,19.317816262364147,False,4.597014925373134,High
2023-12-31,Store001,SKU003,24,30.2301155645371,False,1.6310679611650487,Critical
2023-12-31,Store002,SKU001,72,88.03677921262056,False,3.452054794520548,High
2023-12-31,Store002,SKU002,15,78.53816505349654,False,0.9292035398230089,Critical
2023-12-31,Store002,SKU003,67,-16.92446244814181,True,5.043010752688172,High
2023-12-31,Store003,SKU001,15,111.63785736966793,False,0.9292035398230089,Critical
2023-12-31,Store003,SKU002,44,50.0554549458718,False,2.6324786324786325,Critical
2023-12-31,Store003,SKU003,16,28.769373875540694,False,1.3658536585365855,Critical
