Store,SalesQuantity,InventoryLevel,InventoryTurnover
Store001,11075,49.61095890410959,223.23696708637067
Store002,11572,50.114155251141554,230.91280182232344
Store003,11464,48.20639269406393,237.81078316220209
