Date,Store,SKU,InventoryLevel,ReorderPoint,OrderQuantity,UrgencyScore,UrgencyLevel
2023-01-01,Store001,SKU001,49,229.78266391216064,180.78266391216064,5.83169883587615,Medium
2023-01-01,Store001,SKU002,42,51.603530548078446,9.603530548078446,1.2004413185098057,High
2023-01-01,Store002,SKU001,27,105.03677921262056,78.03677921262056,6.002829170201581,Medium
2023-01-01,Store002,SKU002,51,117.82387933921083,66.82387933921083,3.182089492343373,Medium
2023-01-01,Store003,SKU001,89,174.63785736966793,85.63785736966793,3.7233851030290404,Medium
2023-01-01,Store003,SKU002,79,85.48402637444322,6.484026374443218,0.4322684249628812,High
2023-01-01,Store003,SKU003,10,42.626516732683555,32.626516732683555,2.966046975698505,High
2023-01-02,Store001,SKU001,30,170.28266391216064,140.28266391216064,6.234785062762695,Medium
2023-01-02,Store001,SKU002,61,64.10353054807844,3.1035305480784388,0.29557433791223225,High
2023-01-02,Store002,SKU001,29,143.53677921262056,114.53677921262056,6.191177254736246,Medium
2023-01-02,Store002,SKU002,35,90.32387933921083,55.32387933921083,3.569282538013602,Medium
2023-01-02,Store003,SKU001,64,174.63785736966793,110.63785736966793,4.810341624768171,Medium
2023-01-02,Store003,SKU003,47,57.626516732683555,10.626516732683555,0.6641572957927222,High
2023-01-03,Store001,SKU001,61,180.78266391216064,119.78266391216064,4.99094432967336,Medium
2023-01-03,Store001,SKU002,60,66.60353054807844,6.603530548078439,0.6003209589162217,High
2023-01-03,Store001,SKU003,46,49.08725842167996,3.0872584216799623,0.2374814170523048,High
2023-01-03,Store002,SKU001,71,163.37011254595387,92.37011254595387,4.329849025591588,Medium
2023-01-03,Store002,SKU002,40,94.49054600587749,54.49054600587749,3.336155877910867,Medium
2023-01-03,Store002,SKU003,22,52.21839469471533,30.21839469471533,2.1584567639082377,High
2023-01-03,Store003,SKU001,81,148.97119070300124,67.97119070300124,3.515751243258685,Medium
2023-01-03,Store003,SKU003,46,55.626516732683555,9.626516732683555,0.6278163086532753,High
2023-01-04,Store001,SKU002,46,77.85353054807844,31.85353054807844,2.4040400413644103,High
2023-01-04,Store002,SKU001,21,155.78677921262056,134.78677921262056,6.656137245067682,Medium
2023-01-04,Store002,SKU002,53,81.57387933921083,28.573879339210833,2.0781003155789697,High
2023-01-04,Store003,SKU001,16,127.38785736966793,111.38785736966793,6.854637376594949,Medium
2023-01-04,Store003,SKU002,33,74.23402637444322,41.23402637444322,3.2340412842700563,Medium
2023-01-05,Store001,SKU001,46,162.58266391216063,116.58266391216063,5.447788033278535,Medium
2023-01-05,Store002,SKU001,46,166.63677921262055,120.63677921262055,5.533797211588099,Medium
2023-01-05,Store002,SKU002,78,85.82387933921083,7.8238793392108335,0.53588214652129,High
2023-01-05,Store003,SKU001,81,132.63785736966793,51.63785736966793,3.0375210217451722,Medium
2023-01-05,Store003,SKU002,36,69.48402637444322,33.48402637444322,2.837629353766374,High
2023-01-05,Store003,SKU003,30,58.22651673268355,28.22651673268355,1.7423775760915772,High
2023-01-06,Store001,SKU001,87,144.61599724549396,57.61599724549396,3.0592564909111837,Medium
2023-01-06,Store001,SKU002,32,82.43686388141177,50.43686388141177,3.560249215158478,Medium
2023-01-06,Store002,SKU001,48,180.87011254595387,132.87011254595387,5.57496975717289,Medium
2023-01-06,Store002,SKU002,60,85.32387933921083,25.323879339210833,1.746474437186954,High
2023-01-06,Store003,SKU001,79,126.8045240363346,47.8045240363346,2.956980868226882,High
2023-01-07,Store001,SKU001,35,133.78266391216064,98.78266391216064,5.714699565166319,Medium
2023-01-07,Store001,SKU002,11,85.17495911950701,74.17495911950701,5.041016639189797,Medium
2023-01-07,Store002,SKU001,92,173.03677921262056,81.03677921262056,3.567656946467572,Medium
2023-01-07,Store002,SKU002,50,97.82387933921083,47.82387933921083,2.813169372894755,High
2023-01-07,Store003,SKU001,62,145.63785736966793,83.63785736966793,4.435340921118754,Medium
2023-01-07,Store003,SKU002,58,71.19831208872893,13.198312088728926,1.086919819071794,High
2023-01-08,Store001,SKU001,52,114.78266391216064,62.78266391216064,4.30861419005024,Medium
2023-01-08,Store001,SKU002,47,85.17495911950701,38.17495911950701,2.594414697442224,High
2023-01-08,Store001,SKU003,28,49.51582985025139,21.515829850251393,1.6370740103452148,High
2023-01-08,Store002,SKU001,93,178.03677921262056,85.03677921262056,3.6296186249289266,Medium
2023-01-08,Store002,SKU002,29,113.53816505349654,84.53816505349654,4.196930179960821,Medium
2023-01-08,Store003,SKU001,20,145.63785736966793,125.63785736966793,6.66261364839148,Medium
2023-01-08,Store003,SKU002,60,74.05545494587179,14.055454945871787,1.105485220461826,High
2023-01-09,Store001,SKU001,58,117.78266391216064,59.78266391216064,3.9855109274773763,Medium
2023-01-09,Store001,SKU002,42,90.17495911950701,48.17495911950701,3.0656792166959006,Medium
2023-01-09,Store001,SKU003,36,45.2301155645371,9.230115564537101,0.787936694533655,High
2023-01-09,Store002,SKU001,89,169.03677921262056,80.03677921262056,3.614564222505445,Medium
2023-01-09,Store002,SKU002,67,118.53816505349654,51.53816505349654,2.437615914692404,High
2023-01-09,Store003,SKU001,21,100.63785736966793,79.63785736966793,4.38948820147776,Medium
2023-01-10,Store001,SKU001,96,104.78266391216064,8.782663912160643,0.6682461672296142,High
2023-01-10,Store001,SKU002,69,90.17495911950701,21.174959119507008,1.3474973985140823,High
2023-01-10,Store002,SKU001,79,146.03677921262056,67.03677921262056,3.554980715820787,Medium
2023-01-10,Store002,SKU002,64,120.6810221963537,56.681022196353695,2.6275970554601047,High
2023-01-10,Store003,SKU001,59,154.63785736966793,95.63785736966793,4.747978734664366,Medium
2023-01-10,Store003,SKU002,31,76.19831208872893,45.198312088728926,3.4390020067511142,Medium
2023-01-10,Store003,SKU003,21,40.055088161254986,19.055088161254986,1.878670663785703,High
2023-01-11,Store001,SKU001,48,109.78266391216064,61.78266391216064,4.458542756547675,Medium
2023-01-11,Store001,SKU002,15,86.60353054807844,71.60353054807844,4.773568703205229,Medium
2023-01-11,Store001,SKU003,13,46.51582985025139,33.51582985025139,2.7601271641383502,High
2023-01-11,Store002,SKU001,61,136.03677921262056,75.03677921262056,4.305388971215934,Medium
2023-01-11,Store002,SKU002,21,138.53816505349656,117.53816505349656,4.674813382809522,Medium
2023-01-11,Store002,SKU003,50,50.93268040900104,0.932680409001037,0.06872381961060273,High
2023-01-11,Store003,SKU001,93,158.63785736966793,65.63785736966793,3.1687241488805205,Medium
2023-01-11,Store003,SKU002,74,80.48402637444322,6.484026374443218,0.4631447410316584,High
2023-01-12,Store001,SKU001,54,103.78266391216064,49.78266391216064,3.829435685550819,Medium
2023-01-12,Store001,SKU002,51,92.31781626236415,41.31781626236415,2.559510741916363,High
2023-01-12,Store001,SKU003,32,47.372972707394254,15.372972707394254,1.2369058500202272,High
2023-01-12,Store002,SKU001,51,114.03677921262056,63.03677921262056,4.412574544883439,Medium
2023-01-12,Store002,SKU002,40,138.53816505349656,98.53816505349656,3.919131564627704,Medium
2023-01-12,Store002,SKU003,27,49.64696612328676,22.64696612328676,1.7231387267718188,High
2023-01-12,Store003,SKU001,13,158.63785736966793,145.63785736966793,7.030793114397762,Low
2023-01-12,Store003,SKU002,16,85.48402637444322,69.48402637444322,4.632268424962882,Medium
2023-01-13,Store001,SKU001,87,103.78266391216064,16.782663912160643,1.2909741470892802,High
2023-01-13,Store001,SKU002,45,77.31781626236415,32.31781626236415,2.458964280832055,High
2023-01-13,Store002,SKU001,54,108.03677921262056,54.03677921262056,4.024015473280254,Medium
2023-01-13,Store002,SKU002,37,144.25245076778225,107.25245076778225,4.080256279209108,Medium
2023-01-13,Store003,SKU001,12,163.63785736966793,151.63785736966793,7.076433343917837,Low
2023-01-13,Store003,SKU002,74,89.76974066015751,15.76974066015751,0.9944881497396627,High
2023-01-14,Store001,SKU001,66,117.78266391216064,51.78266391216064,3.4521775941440427,Medium
2023-01-14,Store001,SKU002,61,81.60353054807844,20.60353054807844,1.4716807534341743,High
2023-01-14,Store001,SKU003,29,46.94440127882282,17.944401278822824,1.4605908017646483,High
2023-01-14,Store002,SKU001,49,115.03677921262056,66.03677921262056,4.576806480082613,Medium
2023-01-14,Store002,SKU002,90,134.96673648206797,44.96673648206797,1.8407435986811451,High
2023-01-14,Store003,SKU001,43,147.63785736966793,104.63785736966793,5.4661567282662356,Medium
2023-01-14,Store003,SKU002,53,89.76974066015751,36.76974066015751,2.318812474063987,High
2023-01-14,Store003,SKU003,30,36.197945304112125,6.197945304112125,0.6997680182062076,High
2023-01-15,Store001,SKU001,85,122.78266391216064,37.78266391216064,2.4043513398647685,High
2023-01-15,Store001,SKU002,79,98.03210197664986,19.032101976649855,1.1010306928640412,High
2023-01-15,Store002,SKU001,52,109.03677921262056,57.03677921262056,4.202710047245725,Medium
2023-01-15,Store002,SKU002,24,112.10959362492513,88.10959362492513,4.437173779672488,Medium
2023-01-15,Store002,SKU003,44,44.07553755185819,0.07553755185819,0.0066932007975611385,High
2023-01-15,Store003,SKU001,98,151.63785736966793,53.63785736966793,2.7207608810701123,High
2023-01-15,Store003,SKU002,42,84.05545494587179,42.05545494587179,2.858137714767986,High
2023-01-15,Store003,SKU003,12,38.769373875540694,26.769373875540694,2.755670840129189,High
2023-01-16,Store001,SKU001,92,122.78266391216064,30.782663912160643,1.958896794410223,High
2023-01-16,Store001,SKU002,93,93.03210197664986,0.032101976649855146,0.001971174004815667,High
2023-01-16,Store002,SKU001,50,111.03677921262056,61.03677921262056,4.4047160256530296,Medium
2023-01-16,Store002,SKU002,72,109.25245076778225,37.25245076778225,1.93160855832945,High
2023-01-16,Store003,SKU001,75,153.63785736966793,78.63785736966793,3.9318928684833963,Medium
2023-01-16,Store003,SKU002,77,79.76974066015751,2.7697406601575096,0.19987819197012954,High
2023-01-17,Store001,SKU001,21,125.78266391216064,104.78266391216064,6.4909614812842875,Medium
2023-01-17,Store002,SKU001,56,114.03677921262056,58.03677921262056,4.0625745448834385,Medium
2023-01-17,Store002,SKU002,65,103.53816505349654,38.53816505349654,2.124150829720282,High
2023-01-17,Store002,SKU003,28,45.36125183757247,17.361251837572468,1.4820580836952106,High
2023-01-17,Store003,SKU001,21,144.63785736966793,123.63785736966793,6.606603065554775,Medium
2023-01-17,Store003,SKU002,35,86.19831208872893,51.198312088728926,3.381020609633042,Medium
2023-01-17,Store003,SKU003,45,46.483659589826416,1.4836595898264164,0.12076298986959202,High
2023-01-18,Store001,SKU001,49,121.78266391216064,72.78266391216064,4.6741160310561884,Medium
2023-01-18,Store002,SKU001,49,125.03677921262056,76.03677921262056,4.795112202597693,Medium
2023-01-18,Store002,SKU002,13,94.25245076778225,81.25245076778225,4.989185573460314,Medium
2023-01-18,Store003,SKU001,98,158.63785736966793,60.63785736966793,2.927344838535693,High
2023-01-18,Store003,SKU002,79,79.76974066015751,0.7697406601575096,0.05554829506291306,High
2023-01-18,Store003,SKU003,24,48.197945304112125,24.197945304112125,1.882062412542054,High
2023-01-19,Store001,SKU001,95,124.78266391216064,29.782663912160643,1.8614164945100402,High
2023-01-19,Store001,SKU002,57,91.60353054807844,34.60353054807844,2.1627206592549024,High
2023-01-19,Store002,SKU001,66,136.03677921262056,70.03677921262056,4.018503725314295,Medium
2023-01-19,Store002,SKU002,91,97.82387933921083,6.8238793392108335,0.40140466701240196,High
2023-01-19,Store002,SKU003,38,46.64696612328676,8.64696612328676,0.7121030925059685,High
2023-01-19,Store003,SKU001,53,158.63785736966793,105.63785736966793,5.0997586316391414,Medium
2023-01-19,Store003,SKU002,57,71.91259780301465,14.912597803014648,1.2138161002453782,High
2023-01-20,Store001,SKU001,97,139.78266391216064,42.78266391216064,2.358099585709642,High
2023-01-20,Store001,SKU002,55,100.88924483379273,45.88924483379273,2.569797710692393,High
2023-01-20,Store002,SKU001,35,144.03677921262056,109.03677921262056,5.871211188371876,Medium
2023-01-20,Store002,SKU002,17,97.82387933921083,80.82387933921083,4.75434584348299,Medium
2023-01-20,Store003,SKU001,94,157.63785736966793,63.63785736966793,3.0935069554699686,Medium
2023-01-20,Store003,SKU002,21,66.19831208872893,45.198312088728926,4.056258777193622,Medium
2023-01-21,Store001,SKU001,71,136.78266391216064,65.78266391216064,3.7135374789122944,Medium
2023-01-21,Store001,SKU002,31,87.31781626236415,56.31781626236415,3.719101073929708,Medium
2023-01-21,Store002,SKU001,16,140.03677921262056,124.03677921262056,6.89093217847892,Medium
2023-01-21,Store002,SKU002,39,107.82387933921083,68.82387933921083,3.6223094389058335,Medium
2023-01-21,Store003,SKU001,39,172.63785736966793,133.63785736966793,5.883427682941355,Medium
2023-01-21,Store003,SKU002,37,61.198312088728926,24.198312088728926,2.3857490791704574,High
2023-01-22,Store001,SKU001,27,139.78266391216064,112.78266391216064,6.216367302245075,Medium
2023-01-22,Store002,SKU001,10,142.03677921262056,132.03677921262056,7.220761363190187,Low
2023-01-22,Store002,SKU002,36,118.53816505349654,82.53816505349654,3.9038321309086204,Medium
2023-01-22,Store003,SKU001,82,172.63785736966793,90.63785736966793,3.9903459219350657,Medium
2023-01-22,Store003,SKU002,47,59.76974066015751,12.76974066015751,1.2954809365377182,High
2023-01-23,Store001,SKU001,15,138.78266391216064,123.78266391216064,6.876814661786702,Medium
2023-01-23,Store001,SKU002,41,73.74638769093559,32.74638769093559,2.6347668257074615,High
2023-01-23,Store001,SKU003,38,45.2301155645371,7.230115564537101,0.6172049872165818,High
2023-01-23,Store002,SKU001,69,139.03677921262056,70.03677921262056,3.922059635906751,Medium
2023-01-23,Store002,SKU002,16,123.53816505349654,107.53816505349654,4.856562292738554,Medium
2023-01-23,Store002,SKU003,23,54.7898232661439,31.789823266143898,2.1396996429135315,High
2023-01-23,Store003,SKU001,15,161.63785736966793,146.63785736966793,6.935574335051862,Medium
2023-01-23,Store003,SKU002,39,61.198312088728926,22.198312088728926,2.1885659805789084,High
2023-01-23,Store003,SKU003,47,52.91223101839784,5.91223101839784,0.4097585854335137,High
2023-01-24,Store001,SKU001,26,110.78266391216064,84.78266391216064,4.530371354084919,Medium
2023-01-24,Store001,SKU002,31,74.4606734052213,43.4606734052213,3.4570990208698764,Medium
2023-01-24,Store002,SKU001,86,158.03677921262056,72.03677921262056,3.501787878391277,Medium
2023-01-24,Store002,SKU002,35,129.25245076778225,94.25245076778225,4.047651259966109,Medium
2023-01-24,Store002,SKU003,22,52.64696612328676,30.64696612328676,2.1669572006364377,High
2023-01-24,Store003,SKU001,48,172.63785736966793,124.63785736966793,5.4872012678470155,Medium
2023-01-24,Store003,SKU002,31,58.34116923158608,27.34116923158608,2.85654006897168,High
2023-01-25,Store001,SKU001,16,145.78266391216064,129.78266391216064,6.830666521692666,Medium
2023-01-25,Store002,SKU001,18,170.03677921262056,152.03677921262056,6.822163169797077,Medium
2023-01-25,Store002,SKU002,14,126.39530791063942,112.39530791063942,4.948221102984125,Medium
2023-01-25,Store002,SKU003,23,54.36125183757247,31.361251837572468,2.131347212262207,High
2023-01-25,Store003,SKU001,82,163.63785736966793,81.63785736966793,3.80976667725117,Medium
2023-01-25,Store003,SKU002,21,56.91259780301465,35.91259780301465,3.8675105326323465,Medium
2023-01-25,Store003,SKU003,40,52.91223101839784,12.91223101839784,0.8949071002849988,High
2023-01-26,Store001,SKU001,68,154.78266391216064,86.78266391216064,4.278018643557215,Medium
2023-01-26,Store002,SKU001,60,181.03677921262056,121.03677921262056,5.073397931067928,Medium
2023-01-26,Store002,SKU002,58,119.96673648206797,61.96673648206797,2.891781035829839,High
2023-01-26,Store003,SKU001,95,138.63785736966793,43.63785736966793,2.0501006817964798,High
2023-01-26,Store003,SKU003,48,52.91223101839784,4.91223101839784,0.34045165474044436,High
2023-01-27,Store001,SKU001,60,147.78266391216064,87.78266391216064,4.551693684334256,Medium
2023-01-27,Store001,SKU002,81,87.31781626236415,6.317816262364147,0.41721428147687767,High
2023-01-27,Store002,SKU001,51,181.03677921262056,130.03677921262056,5.450643440049963,Medium
2023-01-27,Store002,SKU002,80,120.6810221963537,40.681022196353695,1.8858752011554691,High
2023-01-27,Store003,SKU001,47,180.63785736966793,133.63785736966793,5.601586835854344,Medium
2023-01-27,Store003,SKU002,27,79.76974066015751,52.76974066015751,3.808125614650542,Medium
2023-01-27,Store003,SKU003,18,53.769373875540694,35.769373875540694,2.430928321638688,High
2023-01-28,Store001,SKU001,67,149.78266391216064,82.78266391216064,4.229771148796529,Medium
2023-01-28,Store001,SKU002,90,96.60353054807844,6.603530548078439,0.38844297341637873,High
2023-01-28,Store002,SKU001,76,186.03677921262056,110.03677921262056,4.478241014467115,Medium
2023-01-28,Store002,SKU002,47,109.96673648206797,62.96673648206797,3.240934965988793,Medium
2023-01-28,Store003,SKU001,61,198.63785736966793,137.63785736966793,5.207918927500949,Medium
2023-01-28,Store003,SKU002,28,81.91259780301465,53.91259780301465,3.773881846211025,Medium
2023-01-28,Store003,SKU003,38,59.34080244696928,21.340802446969278,1.287807044213663,High
2023-01-29,Store001,SKU001,34,151.78266391216064,117.78266391216064,5.931501060324637,Medium
2023-01-29,Store001,SKU002,22,108.74638769093558,86.74638769093558,4.464887601739331,Medium
2023-01-29,Store002,SKU001,26,191.03677921262056,165.03677921262056,6.526878273945446,Medium
2023-01-29,Store002,SKU002,76,112.10959362492513,36.109593624925125,1.8184687437012652,High
2023-01-29,Store002,SKU003,14,47.07553755185819,33.07553755185819,2.692194917011713,High
2023-01-29,Store003,SKU001,12,201.63785736966793,189.63785736966793,7.0609840509982735,Low
2023-01-29,Store003,SKU002,89,89.05545494587179,0.05545494587178723,0.003528951100931915,High
2023-01-30,Store001,SKU001,32,152.78266391216064,120.78266391216064,6.0391331956080325,Medium
2023-01-30,Store001,SKU002,30,106.60353054807844,76.60353054807844,4.031764765688339,Medium
2023-01-30,Store002,SKU001,84,188.03677921262056,104.03677921262056,4.185387669473241,Medium
2023-01-30,Store002,SKU002,61,108.53816505349654,47.53816505349654,2.483336980406536,High
2023-01-30,Store002,SKU003,22,46.21839469471533,24.21839469471533,2.018199557892944,High
2023-01-30,Store003,SKU001,80,206.63785736966793,126.63785736966793,4.593082909780701,Medium
2023-01-30,Store003,SKU002,92,95.48402637444322,3.484026374443218,0.20494272790842458,High
2023-01-31,Store001,SKU001,58,145.78266391216064,87.78266391216064,4.6201402059031915,Medium
2023-01-31,Store001,SKU002,87,115.88924483379273,28.88924483379273,1.385100779702391,High
2023-01-31,Store002,SKU001,31,180.03677921262056,149.03677921262056,6.284683460773156,Medium
2023-01-31,Store002,SKU002,16,103.53816505349654,87.53816505349654,4.824938231295085,Medium
2023-01-31,Store003,SKU001,28,198.63785736966793,170.63785736966793,6.456567576149598,Medium
2023-01-31,Store003,SKU002,81,102.62688351730036,21.626883517300357,1.1735518187682366,High
2023-02-01,Store001,SKU001,32,134.78266391216061,102.78266391216061,5.897365962173151,Medium
2023-02-01,Store001,SKU002,13,103.03210197664986,90.03210197664986,4.923630576848039,Medium
2023-02-01,Store002,SKU001,81,157.03677921262056,76.03677921262056,3.7220801013170908,Medium
2023-02-01,Store002,SKU002,43,97.10959362492513,54.109593624925125,3.2098911472413207,Medium
2023-02-01,Store002,SKU003,12,42.36125183757247,30.361251837572468,2.8337168381734306,High
2023-02-01,Store003,SKU001,26,193.63785736966793,167.63785736966793,6.5192500088204195,Medium
2023-02-01,Store003,SKU002,49,103.34116923158608,54.34116923158608,2.9260629586238656,High
2023-02-02,Store001,SKU001,58,120.78266391216064,62.78266391216064,4.069246735047449,Medium
2023-02-02,Store001,SKU002,80,98.03210197664986,18.032101976649855,1.0431794531946197,High
2023-02-02,Store002,SKU001,12,147.03677921262056,135.03677921262056,7.1071989059273974,Low
2023-02-02,Store002,SKU002,69,98.53816505349654,29.53816505349654,1.7230596281206316,High
2023-02-02,Store002,SKU003,16,41.93268040900104,25.932680409001037,2.4530913900406386,High
2023-02-02,Store003,SKU001,93,184.63785736966793,91.63785736966793,3.751257319226173,Medium
2023-02-02,Store003,SKU002,15,96.91259780301463,81.91259780301463,4.738745327447128,Medium
2023-02-03,Store001,SKU001,95,115.78266391216064,20.782663912160643,1.4124140522827622,High
2023-02-03,Store001,SKU002,46,93.74638769093558,47.74638769093558,2.906301859448253,High
2023-02-03,Store002,SKU001,80,119.03677921262056,39.03677921262056,2.602451947508037,High
2023-02-03,Store002,SKU003,30,44.93268040900104,14.932680409001037,1.2904785538642871,High
2023-02-03,Store003,SKU001,96,162.63785736966793,66.63785736966793,3.130637594548158,Medium
2023-02-03,Store003,SKU002,44,82.62688351730036,38.62688351730036,2.677110738822797,High
2023-02-04,Store001,SKU001,77,117.78266391216064,40.78266391216064,2.7188442608107097,High
2023-02-04,Store001,SKU002,43,86.60353054807844,43.60353054807844,2.9069020365385625,High
2023-02-04,Store002,SKU001,71,101.03677921262056,30.03677921262056,2.4167523504407344,High
2023-02-04,Store002,SKU003,14,41.07553755185819,27.07553755185819,2.6323439286528796,High
2023-02-04,Store003,SKU001,77,123.63785736966793,46.63785736966793,2.96786365079705,High
2023-02-04,Store003,SKU002,29,81.19831208872893,52.198312088728926,3.6907897436475,Medium
2023-02-04,Store003,SKU003,10,40.91223101839784,30.91223101839784,2.9641865360107515,High
2023-02-05,Store001,SKU001,89,113.78266391216064,24.782663912160643,1.7176103701497476,High
2023-02-05,Store001,SKU002,30,71.60353054807844,41.60353054807844,3.4669608790065367,Medium
2023-02-05,Store001,SKU003,19,33.23011556453711,14.230115564537108,1.8446446102177732,High
2023-02-05,Store002,SKU001,72,95.03677921262056,23.03677921262056,1.9908327714610359,High
2023-02-05,Store002,SKU002,10,65.6810221963537,55.681022196353695,5.267123721276701,Medium
2023-02-05,Store003,SKU001,39,105.63785736966793,66.63785736966793,5.070271756387777,Medium
2023-02-05,Store003,SKU003,21,42.197945304112125,21.197945304112125,1.952442330641906,High
2023-02-06,Store001,SKU001,33,107.78266391216064,74.78266391216064,5.510301551422363,Medium
2023-02-06,Store001,SKU002,34,73.74638769093559,39.74638769093559,3.197985216512059,Medium
2023-02-06,Store002,SKU001,74,99.03677921262056,25.03677921262056,2.0618524057452228,High
2023-02-06,Store002,SKU002,48,69.96673648206799,21.966736482067986,1.9220894421809487,High
2023-02-06,Store003,SKU001,50,112.63785736966793,62.63785736966793,4.42893940997652,Medium
2023-02-06,Store003,SKU002,44,64.76974066015751,20.76974066015751,1.9130024292250336,High
2023-02-07,Store001,SKU001,50,98.78266391216064,48.78266391216064,3.9706819463386567,Medium
2023-02-07,Store001,SKU002,14,65.88924483379273,51.88924483379273,4.7792725504809095,Medium
2023-02-07,Store002,SKU001,49,90.03677921262056,41.03677921262056,3.7797033485308407,Medium
2023-02-07,Store002,SKU002,51,63.53816505349654,12.538165053496542,1.2361571179503634,High
2023-02-07,Store003,SKU001,10,106.63785736966793,96.63785736966793,7.2738172213728545,Low
2023-02-07,Store003,SKU002,17,55.48402637444322,38.48402637444322,4.276002930493691,Medium
2023-02-08,Store001,SKU001,30,106.78266391216064,76.78266391216064,5.71785795090558,Medium
2023-02-08,Store001,SKU002,44,67.31781626236415,23.317816262364147,2.092624536366013,High
2023-02-08,Store002,SKU001,78,94.03677921262056,16.03677921262056,1.4032181811042987,High
2023-02-08,Store003,SKU001,40,104.63785736966793,64.63785736966793,4.97214287458984,Medium
2023-02-09,Store001,SKU001,35,102.78266391216064,67.78266391216064,5.2719849709458275,Medium
2023-02-09,Store001,SKU002,40,63.03210197664988,23.032101976649876,2.239232136618738,High
2023-02-09,Store003,SKU001,85,110.63785736966793,25.637857369667927,1.8501546555430461,High
2023-02-10,Store001,SKU001,68,101.78266391216064,33.78266391216064,2.657063453765444,High
2023-02-10,Store001,SKU002,30,60.174959119507015,30.174959119507015,3.106245791713958,Medium
2023-02-10,Store002,SKU002,51,63.53816505349654,12.538165053496542,1.2361571179503634,High
2023-02-10,Store003,SKU001,34,106.63785736966793,72.63785736966793,5.4673656084696285,Medium
2023-02-10,Store003,SKU002,26,57.62688351730037,31.62688351730037,3.3543664336530696,Medium
2023-02-11,Store001,SKU001,94,94.78266391216064,0.7826639121606433,0.06681277298932321,High
2023-02-11,Store001,SKU002,36,63.74638769093559,27.74638769093559,2.6606125183088922,High
2023-02-11,Store002,SKU001,48,110.03677921262056,62.03677921262056,4.523515150920249,Medium
2023-02-11,Store002,SKU002,49,58.53816505349654,9.538165053496542,1.0432368027261842,High
2023-02-11,Store003,SKU001,69,102.63785736966793,33.63785736966793,2.6456741751424215,High
2023-02-11,Store003,SKU003,15,31.91223101839784,16.91223101839784,2.276646483245863,High
2023-02-12,Store001,SKU001,37,93.78266391216064,56.78266391216064,4.90714379487808,Medium
2023-02-12,Store001,SKU002,27,63.03210197664988,36.03210197664988,3.503121025507627,Medium
2023-02-12,Store002,SKU001,54,104.03677921262056,50.03677921262056,3.891749494314932,Medium
2023-02-12,Store002,SKU002,39,62.82387933921083,23.823879339210833,2.382387933921083,High
2023-02-12,Store003,SKU001,14,97.63785736966793,83.63785736966793,6.969821447472327,Medium
2023-02-12,Store003,SKU002,55,57.62688351730037,2.626883517300371,0.2786088578954939,High
2023-02-13,Store001,SKU001,56,89.78266391216064,33.78266391216064,3.071151264741877,Medium
2023-02-13,Store001,SKU002,37,60.88924483379274,23.889244833792738,2.423546577341292,High
2023-02-13,Store002,SKU001,44,92.03677921262056,48.03677921262056,4.310993006260819,Medium
2023-02-13,Store002,SKU002,26,56.3953079106394,30.395307910639403,3.4879861536799317,Medium
2023-02-13,Store002,SKU003,28,32.93268040900104,4.932680409001037,0.651486091754854,High
2023-02-13,Store003,SKU001,68,86.63785736966793,18.637857369667927,1.787191802570897,High
2023-02-13,Store003,SKU002,23,59.05545494587179,36.05545494587179,3.7115909503103315,Medium
2023-02-14,Store001,SKU001,67,100.78266391216064,33.78266391216064,2.687257356649142,High
2023-02-14,Store001,SKU003,18,44.801544135965685,26.801544135965685,2.3161828265649356,High
2023-02-14,Store002,SKU001,85,91.03677921262056,6.036779212620559,0.5487981102382326,High
2023-02-14,Store002,SKU002,20,59.96673648206799,39.96673648206799,4.238896293552665,Medium
2023-02-14,Store003,SKU001,35,81.63785736966793,46.63785736966793,4.800955905701111,Medium
2023-02-15,Store001,SKU001,79,100.78266391216064,21.782663912160643,1.7327119021036876,High
2023-02-15,Store002,SKU002,42,58.53816505349654,16.53816505349654,1.8088618027261842,High
2023-02-15,Store003,SKU002,42,58.34116923158608,16.34116923158608,1.7072863376283964,High
2023-02-15,Store003,SKU003,29,31.91223101839784,2.91223101839784,0.3920310986304784,High
2023-02-16,Store001,SKU001,66,106.78266391216064,40.78266391216064,3.0370068870757927,Medium
2023-02-16,Store001,SKU002,65,65.17495911950701,0.17495911950700815,0.016329517820654095,High
2023-02-16,Store001,SKU003,23,34.94440127882282,11.944401278822824,1.4415656715820648,High
2023-02-16,Store002,SKU001,19,90.03677921262056,71.03677921262056,6.542861243267683,Medium
2023-02-16,Store002,SKU002,31,58.53816505349654,27.53816505349654,3.0119868027261845,Medium
2023-02-16,Store002,SKU003,21,37.64696612328675,16.646966123286752,1.8207619197344886,High
2023-02-16,Store003,SKU001,30,73.63785736966793,43.63785736966793,5.091083359794592,Medium
2023-02-17,Store001,SKU001,90,103.78266391216064,13.782663912160643,1.0602049163200495,High
2023-02-17,Store002,SKU001,52,94.03677921262056,42.03677921262056,3.678218181104299,Medium
2023-02-17,Store002,SKU002,45,61.3953079106394,16.395307910639403,1.6877522849187623,High
2023-02-17,Store002,SKU003,22,36.36125183757247,14.361251837572468,1.648012505950939,High
2023-02-17,Store003,SKU001,10,75.63785736966793,65.63785736966793,7.410725832059281,Low
2023-02-18,Store001,SKU001,91,106.78266391216064,15.782663912160643,1.175304759416218,High
2023-02-18,Store001,SKU003,26,36.2301155645371,10.230115564537101,1.1739476877337658,High
2023-02-18,Store002,SKU001,74,78.03677921262056,4.036779212620559,0.4415227263803736,High
2023-02-18,Store003,SKU001,26,78.63785736966793,52.63785736966793,5.668692332118084,Medium
2023-02-19,Store001,SKU001,48,93.78266391216064,45.78266391216064,3.956526510927463,Medium
2023-02-19,Store001,SKU002,13,65.88924483379273,52.88924483379273,4.871377813638804,Medium
2023-02-19,Store002,SKU001,50,87.03677921262056,37.03677921262056,3.551471979292382,Medium
2023-02-19,Store002,SKU002,13,57.82387933921083,44.82387933921083,4.980431037690092,Medium
2023-02-19,Store003,SKU001,79,84.63785736966793,5.637857369667927,0.5558450927841618,High
2023-02-19,Store003,SKU002,46,64.76974066015751,18.76974066015751,1.7287919029092442,High
2023-02-20,Store001,SKU001,97,101.78266391216064,4.782663912160643,0.3761645773609495,High
2023-02-20,Store001,SKU002,54,64.4606734052213,10.4606734052213,0.9895231599533663,High
2023-02-20,Store002,SKU001,37,98.03677921262056,61.03677921262056,5.08639826771838,Medium
2023-02-20,Store002,SKU002,49,53.53816505349654,4.538165053496542,0.5573185153416806,High
2023-02-20,Store003,SKU001,46,91.63785736966793,45.63785736966793,4.095705148559943,Medium
2023-02-21,Store001,SKU001,59,105.78266391216064,46.78266391216064,3.521275778334672,Medium
2023-02-21,Store001,SKU002,46,55.88924483379274,9.889244833792738,1.1165276425249864,High
2023-02-21,Store002,SKU001,38,102.03677921262056,64.03677921262056,5.093834710094817,Medium
2023-02-21,Store002,SKU002,17,52.109593624925125,35.109593624925125,4.46849373408138,Medium
2023-02-21,Store002,SKU003,41,41.504108980429606,0.5041089804296064,0.0483392173014691,High
2023-02-21,Store003,SKU001,50,91.63785736966793,41.63785736966793,3.7367307895855832,Medium
2023-02-22,Store001,SKU001,28,102.78266391216064,74.78266391216064,5.816429415390272,Medium
2023-02-22,Store001,SKU002,22,49.4606734052213,27.4606734052213,3.626881393142436,Medium
2023-02-22,Store002,SKU001,74,91.03677921262056,17.03677921262056,1.5487981102382327,High
2023-02-22,Store002,SKU002,48,50.681022196353695,2.6810221963536947,0.35409727121652573,High
2023-02-22,Store003,SKU001,75,92.63785736966793,17.637857369667927,1.5628481213629808,High
2023-02-23,Store002,SKU001,10,100.03677921262056,90.03677921262056,7.328575052190045,Low
2023-02-23,Store002,SKU002,32,51.3953079106394,19.395307910639403,2.5142065810088114,High
2023-02-23,Store002,SKU003,28,38.93268040900104,10.932680409001037,1.1422203412389142,High
2023-02-23,Store003,SKU001,76,91.63785736966793,15.637857369667927,1.40339745625225,High
2023-02-24,Store001,SKU001,44,98.78266391216064,54.78266391216064,4.459054039361913,Medium
2023-02-24,Store001,SKU003,23,35.372972707394254,12.372972707394254,1.4679798127416912,High
2023-02-24,Store002,SKU001,36,92.03677921262056,56.03677921262056,5.028941724209537,Medium
2023-02-24,Store002,SKU002,32,56.3953079106394,24.395307910639403,2.7994615635159974,High
2023-02-24,Store003,SKU001,87,92.63785736966793,5.637857369667927,0.4995569821224745,High
2023-02-24,Store003,SKU003,28,35.769373875540694,7.769373875540694,0.891567493914506,High
2023-02-25,Store001,SKU001,51,95.78266391216064,44.78266391216064,3.776851173314753,Medium
2023-02-25,Store001,SKU002,40,56.603530548078446,16.603530548078446,1.8448367275642719,High
2023-02-25,Store002,SKU001,90,98.03677921262056,8.036779212620559,0.6697316010517133,High
2023-02-25,Store003,SKU001,43,92.63785736966793,49.63785736966793,4.398291159337664,Medium
2023-02-25,Store003,SKU002,36,68.34116923158608,32.34116923158608,2.7949158595197847,High
2023-02-25,Store003,SKU003,16,32.769373875540694,16.769373875540694,2.173807724607127,High
2023-02-26,Store001,SKU001,73,105.78266391216064,32.78266391216064,2.467512337474457,High
2023-02-26,Store002,SKU001,54,92.03677921262056,38.03677921262056,3.413557108824922,Medium
2023-02-26,Store002,SKU002,40,64.25245076778226,24.252450767782264,2.357877157978831,High
2023-02-26,Store003,SKU001,23,89.63785736966793,66.63785736966793,6.137697389311519,Medium
2023-02-27,Store001,SKU001,69,100.78266391216064,31.782663912160643,2.528166447558233,High
2023-02-27,Store002,SKU001,79,97.03677921262056,18.03677921262056,1.5211741504619747,High
2023-02-27,Store003,SKU001,32,85.63785736966793,53.63785736966793,5.214791688717715,Medium
2023-02-28,Store001,SKU001,39,99.78266391216064,60.78266391216064,4.890559165346258,Medium
2023-02-28,Store002,SKU001,10,92.03677921262056,82.03677921262056,7.362275057542871,Low
2023-02-28,Store002,SKU003,25,34.21839469471533,9.218394694715329,1.152299336839416,High
2023-02-28,Store003,SKU001,60,96.63785736966793,36.63785736966793,3.089939778164765,Medium
2023-03-01,Store001,SKU001,73,104.78266391216064,31.782663912160643,2.418246167229614,High
2023-03-01,Store001,SKU002,20,55.174959119507015,35.174959119507015,4.036470718631953,Medium
2023-03-01,Store002,SKU001,30,109.03677921262056,79.03677921262056,5.823762678824673,Medium
2023-03-01,Store002,SKU002,41,63.53816505349654,22.53816505349654,2.2220726109081097,High
2023-03-01,Store002,SKU003,14,31.218394694715325,17.218394694715325,2.4597706706736178,High
2023-03-01,Store003,SKU001,52,96.63785736966793,44.63785736966793,3.7646385733454877,Medium
2023-03-01,Store003,SKU003,23,28.91223101839784,5.91223101839784,0.919680380639664,High
2023-03-02,Store001,SKU001,41,112.78266391216064,71.78266391216064,5.024786473851245,Medium
2023-03-02,Store001,SKU003,34,34.51582985025139,0.5158298502513929,0.06334752546946931,High
2023-03-02,Store002,SKU001,57,98.03677921262056,41.03677921262056,3.4197316010517134,Medium
2023-03-02,Store002,SKU002,40,69.25245076778226,29.252450767782264,2.5919893085376686,High
2023-03-02,Store003,SKU001,66,100.63785736966793,34.63785736966793,2.7869540412376494,High
2023-03-02,Store003,SKU002,15,64.05545494587179,49.05545494587179,4.578509128281367,Medium
2023-03-03,Store001,SKU001,58,118.78266391216064,60.78266391216064,4.01394950363325,Medium
2023-03-03,Store001,SKU002,49,55.174959119507015,6.174959119507015,0.7086018661729362,High
2023-03-03,Store002,SKU001,66,108.03677921262056,42.03677921262056,3.1303984520036585,Medium
2023-03-03,Store003,SKU001,43,98.63785736966793,55.63785736966793,4.581941195149124,Medium
2023-03-03,Store003,SKU002,59,64.05545494587179,5.055454945871787,0.47184246161470017,High
2023-03-04,Store001,SKU001,44,126.78266391216064,82.78266391216064,5.083146029694075,Medium
2023-03-04,Store001,SKU002,33,58.74638769093559,25.74638769093559,2.7306774823719566,High
2023-03-04,Store002,SKU001,91,111.03677921262056,20.03677921262056,1.4459531390550917,High
2023-03-04,Store002,SKU003,25,32.07553755185818,7.075537551858183,0.9711522130001428,High
2023-03-04,Store003,SKU001,89,106.63785736966793,17.637857369667927,1.3275806622330697,High
2023-03-05,Store001,SKU001,37,119.78266391216064,82.78266391216064,5.4156882933189205,Medium
2023-03-05,Store002,SKU001,70,119.03677921262056,49.03677921262056,3.2691186141747037,Medium
2023-03-05,Store002,SKU003,13,30.789823266143895,17.789823266143895,2.5943492263126515,High
2023-03-05,Store003,SKU001,59,110.63785736966793,51.63785736966793,3.7264433153368604,Medium
2023-03-06,Store001,SKU001,18,119.78266391216064,101.78266391216064,6.658678947524527,Medium
2023-03-06,Store001,SKU002,54,62.317816262364154,8.317816262364154,0.8200663920640716,High
2023-03-06,Store002,SKU001,12,125.03677921262056,113.03677921262056,7.128445535931026,Low
2023-03-06,Store002,SKU002,29,54.96673648206799,25.966736482067986,2.0892776479824815,High
2023-03-06,Store003,SKU001,42,110.63785736966793,68.63785736966793,4.953247439048201,Medium
2023-03-07,Store001,SKU001,60,117.78266391216064,57.78266391216064,3.852177594144043,Medium
2023-03-07,Store001,SKU002,16,59.4606734052213,43.4606734052213,4.540667370694763,Medium
2023-03-07,Store002,SKU001,84,125.03677921262056,41.03677921262056,2.5879049953904856,High
2023-03-07,Store002,SKU002,50,76.3953079106394,26.395307910639403,2.0760354536457957,High
2023-03-07,Store003,SKU001,26,106.63785736966793,80.63785736966793,6.0695161461040374,Medium
2023-03-07,Store003,SKU002,19,55.48402637444322,36.48402637444322,4.053780708271469,Medium
2023-03-07,Store003,SKU003,30,34.055088161254986,4.055088161254986,0.49799328296113865,High
2023-03-08,Store001,SKU001,86,113.78266391216064,27.782663912160643,1.9255311622289555,High
2023-03-08,Store001,SKU002,27,60.88924483379274,33.88924483379274,3.4380393309644806,Medium
2023-03-08,Store002,SKU001,56,120.03677921262056,64.03677921262056,4.228843910267395,Medium
2023-03-08,Store002,SKU002,11,82.10959362492513,71.10959362492513,5.131620158499751,Medium
2023-03-08,Store003,SKU001,69,120.63785736966793,51.63785736966793,3.3781775849315463,Medium
2023-03-09,Store001,SKU001,45,112.78266391216064,67.78266391216064,4.744786473851245,Medium
2023-03-09,Store001,SKU002,25,67.31781626236415,42.31781626236415,3.7977527414942185,Medium
2023-03-09,Store001,SKU003,14,29.80154413596568,15.801544135965681,2.4045828032991254,High
2023-03-09,Store002,SKU001,13,128.03677921262056,115.03677921262056,7.063661881476701,Low
2023-03-09,Store002,SKU002,53,77.10959362492513,24.109593624925125,1.8751906152719542,High
2023-03-09,Store003,SKU002,29,64.05545494587179,35.05545494587179,3.2718424616147,Medium
2023-03-10,Store001,SKU001,13,112.78266391216064,99.78266391216064,6.984786473851245,Medium
2023-03-10,Store001,SKU002,44,77.31781626236415,33.31781626236415,2.5350512373537937,High
2023-03-10,Store002,SKU001,45,115.03677921262056,70.03677921262056,4.85403420285489,Medium
2023-03-10,Store002,SKU002,67,74.25245076778226,7.252450767782264,0.5903157601683238,High
2023-03-10,Store003,SKU001,30,128.6378573696679,98.6378573696679,6.004043492066742,Medium
2023-03-10,Store003,SKU002,51,64.76974066015751,13.76974066015751,1.2682655871197706,High
2023-03-10,Store003,SKU003,24,33.197945304112125,9.197945304112125,1.170647584159725,High
2023-03-11,Store001,SKU001,64,99.78266391216064,35.78266391216064,2.8790649124726952,High
2023-03-11,Store001,SKU002,68,74.4606734052213,6.4606734052213,0.513917202688058,High
2023-03-11,Store002,SKU001,66,109.03677921262056,43.03677921262056,3.1711310998773046,Medium
2023-03-11,Store002,SKU002,14,69.25245076778226,55.252450767782264,4.895786776892099,Medium
2023-03-11,Store003,SKU001,84,121.63785736966793,37.63785736966793,2.43949075544144,High
2023-03-11,Store003,SKU002,44,59.05545494587179,15.055454945871787,1.5498262444279782,High
2023-03-11,Store003,SKU003,28,35.34080244696927,7.3408024469692705,0.856426952146415,High
2023-03-12,Store001,SKU001,43,98.78266391216064,55.78266391216064,4.5404493881991215,Medium
2023-03-12,Store001,SKU002,88,88.74638769093558,0.7463876909355776,0.04837697996804669,High
2023-03-12,Store001,SKU003,29,30.658686993108535,1.6586869931085353,0.2418918531616614,High
2023-03-12,Store002,SKU001,94,107.03677921262056,13.036779212620559,0.9812629514875689,High
2023-03-12,Store002,SKU002,58,60.681022196353695,2.6810221963536947,0.2801067966339681,High
2023-03-12,Store003,SKU001,19,116.63785736966793,97.63785736966793,6.63558253968617,Medium
2023-03-12,Store003,SKU002,55,64.05545494587179,9.055454945871787,0.8451757949480335,High
2023-03-13,Store001,SKU001,24,102.78266391216064,78.78266391216064,6.127540526501383,Medium
2023-03-13,Store001,SKU002,60,81.60353054807844,21.60353054807844,1.5431093248627457,High
2023-03-13,Store002,SKU001,87,100.03677921262056,13.036779212620559,1.0611331917249291,High
2023-03-13,Store002,SKU002,14,57.109593624925125,43.109593624925125,4.867212183459288,Medium
2023-03-13,Store003,SKU001,14,115.63785736966793,101.63785736966793,6.975147074388976,Medium
2023-03-13,Store003,SKU003,20,31.91223101839784,11.91223101839784,1.60356956016894,High
2023-03-14,Store001,SKU001,63,101.78266391216064,38.78266391216064,3.0503218807317363,Medium
2023-03-14,Store001,SKU002,21,84.4606734052213,63.4606734052213,4.355144253299501,Medium
2023-03-14,Store001,SKU003,21,29.80154413596568,8.801544135965681,1.3393654119947775,High
2023-03-14,Store002,SKU001,37,114.03677921262056,77.03677921262056,5.392574544883439,Medium
2023-03-14,Store003,SKU001,23,107.63785736966793,84.63785736966793,6.302819165826335,Medium
2023-03-14,Store003,SKU003,12,34.055088161254986,22.055088161254986,2.7085195987506125,High
2023-03-15,Store001,SKU001,19,98.78266391216064,79.78266391216064,6.493937760292145,Medium
2023-03-15,Store001,SKU002,21,78.74638769093558,57.74638769093558,4.300262913154777,Medium
2023-03-15,Store002,SKU001,76,103.03677921262056,27.03677921262056,2.1264882526780218,High
2023-03-15,Store003,SKU001,29,92.63785736966793,63.63785736966793,5.638797488451588,Medium
2023-03-16,Store001,SKU001,82,98.78266391216064,16.782663912160643,1.3660307835479593,High
2023-03-16,Store001,SKU002,21,74.4606734052213,53.4606734052213,4.252553566324422,Medium
2023-03-16,Store002,SKU001,12,96.03677921262056,84.03677921262056,7.173871396199316,Low
2023-03-16,Store002,SKU002,23,62.82387933921083,39.82387933921083,3.9823879339210833,Medium
2023-03-16,Store003,SKU001,37,89.63785736966793,52.63785736966793,4.848223705100993,Medium
2023-03-16,Store003,SKU002,33,59.76974066015751,26.76974066015751,2.715770791610182,High
2023-03-16,Store003,SKU003,20,37.91223101839784,17.91223101839784,1.8997820777088616,High
2023-03-17,Store001,SKU001,89,98.78266391216064,9.782663912160643,0.7962633416874941,High
2023-03-17,Store002,SKU001,38,103.03677921262056,65.03677921262056,5.115252297621842,Medium
2023-03-17,Store002,SKU002,37,68.53816505349654,31.53816505349654,2.830348145826613,High
2023-03-17,Store003,SKU001,19,90.63785736966793,71.63785736966793,6.5125324881516296,Medium
2023-03-17,Store003,SKU002,39,61.91259780301465,22.91259780301465,2.2276136752930906,High
2023-03-18,Store001,SKU001,68,101.78266391216064,33.78266391216064,2.657063453765444,High
2023-03-18,Store002,SKU001,58,103.03677921262056,45.03677921262056,3.5422185897566734,Medium
2023-03-18,Store002,SKU002,23,74.25245076778226,51.252450767782264,4.171711109005533,Medium
2023-03-18,Store002,SKU003,24,32.07553755185818,8.075537551858183,1.1084071149609271,High
2023-03-18,Store003,SKU001,81,93.63785736966793,12.637857369667927,1.1058125198459436,High
2023-03-18,Store003,SKU002,65,70.48402637444322,5.484026374443218,0.45700219787026813,High
2023-03-18,Store003,SKU003,23,36.626516732683555,13.626516732683555,1.5140574147426173,High
2023-03-19,Store001,SKU001,92,115.78266391216064,23.782663912160643,1.6162975474283934,High
2023-03-19,Store001,SKU003,13,36.65868699310854,23.65868699310854,2.671142079867093,High
2023-03-19,Store002,SKU001,61,102.03677921262056,41.03677921262056,3.264289255549363,Medium
2023-03-19,Store002,SKU002,63,72.82387933921083,9.823879339210833,0.8186566116009028,High
2023-03-19,Store003,SKU001,76,103.63785736966793,27.637857369667927,2.1496111287519497,High
2023-03-20,Store001,SKU001,48,111.78266391216064,63.78266391216064,4.50988532712247,Medium
2023-03-20,Store001,SKU002,48,63.03210197664988,15.032101976649876,1.46145435884096,High
2023-03-20,Store002,SKU001,11,102.03677921262056,91.03677921262056,7.24156198282209,Low
2023-03-20,Store003,SKU001,98,103.63785736966793,5.637857369667927,0.43850001764083874,High
2023-03-20,Store003,SKU002,10,73.34116923158608,63.34116923158608,5.038502097967075,Medium
2023-03-21,Store001,SKU001,83,110.78266391216064,27.782663912160643,1.9844759937257603,High
2023-03-21,Store001,SKU003,16,36.2301155645371,20.2301155645371,2.3214886713403233,High
2023-03-21,Store002,SKU001,49,97.03677921262056,48.03677921262056,4.051294632389686,Medium
2023-03-21,Store002,SKU002,20,79.25245076778226,59.252450767782264,4.459861885747052,Medium
2023-03-21,Store003,SKU001,17,106.63785736966793,89.63785736966793,6.7469355009427465,Medium
2023-03-21,Store003,SKU002,29,68.34116923158608,39.34116923158608,3.399854131124723,Medium
2023-03-22,Store001,SKU001,57,108.78266391216064,51.78266391216064,3.775819243595047,Medium
2023-03-22,Store001,SKU003,13,36.2301155645371,23.2301155645371,2.6657509664222907,High
2023-03-22,Store002,SKU001,47,108.03677921262056,61.03677921262056,4.545292069024935,Medium
2023-03-22,Store002,SKU002,64,67.82387933921083,3.8238793392108335,0.34762539447371216,High
2023-03-22,Store002,SKU003,32,37.64696612328675,5.646966123286752,0.6176369197344885,High
2023-03-22,Store003,SKU001,50,113.63785736966793,63.63785736966793,4.454650015876755,Medium
2023-03-22,Store003,SKU002,28,61.198312088728926,33.198312088728926,3.2730730228324294,Medium
2023-03-23,Store001,SKU001,91,104.78266391216064,13.782663912160643,1.0486809498383098,High
2023-03-23,Store001,SKU002,38,62.317816262364154,24.317816262364154,2.397531180796466,High
2023-03-23,Store002,SKU001,32,111.03677921262056,79.03677921262056,5.703685097817978,Medium
2023-03-23,Store003,SKU001,27,119.63785736966793,92.63785736966793,6.117594354600713,Medium
2023-03-24,Store001,SKU001,64,95.78266391216064,31.782663912160643,2.6804656311460784,High
2023-03-24,Store002,SKU001,61,110.03677921262056,49.03677921262056,3.5755984842535824,Medium
2023-03-24,Store003,SKU001,95,116.63785736966793,21.637857369667927,1.4705339959968495,High
2023-03-24,Store003,SKU002,44,54.76974066015751,10.76974066015751,1.2159384616306865,High
2023-03-25,Store001,SKU001,42,84.78266391216064,42.78266391216064,4.159425658126729,Medium
2023-03-25,Store002,SKU001,95,115.03677921262056,20.03677921262056,1.3886876682014249,High
2023-03-25,Store003,SKU001,51,113.63785736966793,62.63785736966793,4.384650015876755,Medium
2023-03-25,Store003,SKU002,21,51.91259780301465,30.91259780301465,3.7308307693293536,Medium
2023-03-26,Store001,SKU001,36,85.78266391216064,49.78266391216064,4.7736801011660885,Medium
2023-03-26,Store001,SKU002,18,58.03210197664988,40.03210197664988,4.311149443639217,Medium
2023-03-26,Store002,SKU001,54,110.03677921262056,56.03677921262056,4.086015150920249,Medium
2023-03-26,Store002,SKU002,69,69.96673648206799,0.9667364820679865,0.08458944218094881,High
2023-03-26,Store002,SKU003,23,35.93268040900104,12.932680409001037,1.5088127143834544,High
2023-03-26,Store003,SKU001,57,106.63785736966793,49.63785736966793,3.736182812770704,Medium
2023-03-26,Store003,SKU002,25,51.198312088728926,26.198312088728926,3.2173365723000438,Medium
2023-03-27,Store001,SKU001,16,94.78266391216064,78.78266391216064,6.725349358355177,Medium
2023-03-27,Store002,SKU001,31,107.03677921262056,76.03677921262056,5.723198435358537,Medium
2023-03-27,Store002,SKU002,74,79.25245076778226,5.252450767782264,0.39534575671479405,High
2023-03-27,Store003,SKU001,91,94.63785736966793,3.637857369667927,0.31438273565031466,High
2023-03-28,Store001,SKU001,62,86.78266391216064,24.782663912160643,2.3443060457449256,High
2023-03-28,Store002,SKU001,80,101.03677921262056,21.03677921262056,1.6926144194062518,High
2023-03-28,Store002,SKU002,47,73.53816505349654,26.53816505349654,2.185495945582068,High
2023-03-28,Store002,SKU003,13,38.93268040900104,25.932680409001037,2.709384520343392,High
2023-03-28,Store003,SKU001,64,93.63785736966793,29.637857369667927,2.5933125198459437,High
2023-03-28,Store003,SKU002,25,51.91259780301465,26.91259780301465,3.248072148639699,Medium
2023-03-29,Store001,SKU001,19,91.78266391216064,72.78266391216064,6.449096802343348,Medium
2023-03-29,Store001,SKU002,43,50.88924483379273,7.889244833792731,1.0040857061190749,High
2023-03-29,Store002,SKU001,56,100.03677921262056,44.03677921262056,3.584389005678417,Medium
2023-03-29,Store002,SKU002,74,79.25245076778226,5.252450767782264,0.39534575671479405,High
2023-03-29,Store003,SKU001,80,90.63785736966793,10.637857369667927,0.9670779426970842,High
2023-03-29,Store003,SKU002,11,56.198312088728926,45.198312088728926,4.943565384704726,Medium
2023-03-30,Store001,SKU001,96,97.78266391216064,1.7826639121606433,0.1468076162955824,High
2023-03-30,Store001,SKU003,19,31.087258421679966,12.087258421679966,1.726751203097138,High
2023-03-30,Store002,SKU001,18,102.03677921262056,84.03677921262056,6.684743801003909,Medium
2023-03-30,Store002,SKU002,40,77.10959362492513,37.109593624925125,2.8863017263830653,High
2023-03-30,Store002,SKU003,33,37.64696612328675,4.646966123286752,0.5082619197344885,High
2023-03-30,Store003,SKU001,63,95.63785736966793,32.63785736966793,2.7861585559472624,High
2023-03-31,Store001,SKU001,37,100.78266391216064,63.78266391216064,5.073620993012779,Medium
2023-03-31,Store001,SKU002,45,57.317816262364154,12.317816262364154,1.3472611536960795,High
2023-03-31,Store001,SKU003,18,31.515829850251396,13.515829850251396,1.8922161790351955,High
2023-03-31,Store002,SKU001,89,99.03677921262056,10.036779212620559,0.8265582880981637,High
2023-03-31,Store002,SKU003,38,38.07553755185819,0.07553755185819,0.008134813277035845,High
2023-03-31,Store003,SKU001,41,85.63785736966793,44.63785736966793,4.339791688717715,Medium
2023-03-31,Store003,SKU002,33,56.198312088728926,23.198312088728926,2.5373153847047263,High
2023-03-31,Store003,SKU003,23,33.197945304112125,10.197945304112125,1.2979203114324522,High
2023-04-01,Store001,SKU001,16,112.78266391216064,96.78266391216064,6.774786473851245,Medium
2023-04-01,Store001,SKU002,32,55.88924483379274,23.889244833792738,2.697172803815309,High
2023-04-01,Store002,SKU001,56,94.03677921262056,38.03677921262056,3.328218181104299,Medium
2023-04-01,Store002,SKU002,60,70.6810221963537,10.681022196353695,0.9230513009194551,High
2023-04-01,Store002,SKU003,29,35.07553755185819,6.07553755185819,0.7332545321208159,High
2023-04-01,Store003,SKU001,30,89.63785736966793,59.63785736966793,5.492960547206256,Medium
2023-04-02,Store001,SKU001,91,103.78266391216064,12.782663912160643,0.9832818393969726,High
2023-04-02,Store001,SKU002,34,58.74638769093559,24.74638769093559,2.6246168763113507,High
2023-04-02,Store002,SKU001,10,96.03677921262056,86.03677921262056,7.3446031035163895,Low
2023-04-02,Store002,SKU002,21,72.10959362492513,51.109593624925125,4.310447655114167,Medium
2023-04-02,Store003,SKU001,56,92.63785736966793,36.63785736966793,3.246392425160449,Medium
2023-04-02,Store003,SKU002,49,52.62688351730037,3.626883517300371,0.43030821391699314,High
2023-04-03,Store001,SKU001,56,89.78266391216064,33.78266391216064,3.071151264741877,Medium
2023-04-03,Store001,SKU002,16,58.03210197664988,42.03210197664988,4.526534059023833,Medium
2023-04-03,Store001,SKU003,19,40.94440127882282,21.944401278822824,2.13348345766333,High
2023-04-03,Store002,SKU001,19,87.03677921262056,68.03677921262056,6.52407471901841,Medium
2023-04-03,Store003,SKU001,88,104.63785736966793,16.637857369667927,1.2798351822821483,High
2023-04-03,Store003,SKU002,40,54.05545494587179,14.055454945871787,1.6129210593623364,High
2023-04-04,Store001,SKU001,45,97.78266391216064,52.78266391216064,4.346807616295583,Medium
2023-04-04,Store001,SKU002,23,55.88924483379274,32.88924483379274,3.7133018360733736,Medium
2023-04-04,Store002,SKU001,81,83.03677921262056,2.0367792126205586,0.20662977519339,High
2023-04-04,Store003,SKU001,59,92.63785736966793,33.63785736966793,2.37843435947147,High
2023-04-05,Store001,SKU001,38,99.78266391216064,61.78266391216064,4.971018935461201,Medium
2023-04-05,Store001,SKU002,28,54.4606734052213,26.4606734052213,3.087078563942485,Medium
2023-04-05,Store002,SKU001,16,83.03677921262056,67.03677921262056,6.8008326737441145,Medium
2023-04-05,Store002,SKU002,59,71.3953079106394,12.395307910639403,1.0581360411521443,High
2023-04-05,Store003,SKU001,98,111.63785736966793,13.637857369667927,0.9741326692619948,High
2023-04-06,Store001,SKU001,20,89.78266391216064,69.78266391216064,6.343878537469149,Medium
2023-04-06,Store001,SKU003,27,38.372972707394254,11.372972707394254,1.2062243780569664,High
2023-04-06,Store002,SKU002,68,74.25245076778226,6.252450767782264,0.5089204113311144,High
2023-04-06,Store003,SKU001,71,100.63785736966793,29.637857369667927,2.3846551906629365,High
2023-04-07,Store001,SKU001,11,97.78266391216064,86.78266391216064,7.1468076162955825,Low
2023-04-07,Store001,SKU002,48,55.88924483379274,7.889244833792738,0.8907211909120832,High
2023-04-07,Store002,SKU002,28,79.25245076778226,51.252450767782264,3.8577113481126433,Medium
2023-04-07,Store003,SKU001,36,109.63785736966793,73.63785736966793,5.36942709987162,Medium
2023-04-07,Store003,SKU002,28,63.34116923158608,35.34116923158608,3.3430835759608453,Medium
2023-04-08,Store001,SKU001,46,99.78266391216064,53.78266391216064,4.3273407745416606,Medium
2023-04-08,Store001,SKU002,46,58.74638769093559,12.746387690935592,1.351889603584078,High
2023-04-08,Store002,SKU001,69,96.03677921262056,27.03677921262056,2.308017737662731,High
2023-04-08,Store002,SKU002,77,87.82387933921083,10.823879339210833,0.7215919559473889,High
2023-04-08,Store002,SKU003,31,32.504108980429606,1.5041089804296064,0.20247620890398546,High
2023-04-08,Store003,SKU001,71,101.63785736966793,30.637857369667927,2.43710229076904,High
2023-04-08,Store003,SKU002,60,60.48402637444322,0.48402637444321783,0.048402637444321786,High
2023-04-09,Store001,SKU001,64,105.78266391216064,41.78266391216064,3.1449316923131665,Medium
2023-04-09,Store001,SKU002,16,55.174959119507015,39.174959119507015,4.495487112074576,Medium
2023-04-09,Store002,SKU001,17,94.03677921262056,77.03677921262056,6.740718181104299,Medium
2023-04-09,Store003,SKU001,23,100.63785736966793,77.63785736966793,6.246724156180178,Medium
2023-04-10,Store001,SKU001,63,111.78266391216064,48.78266391216064,3.449279266516409,Medium
2023-04-10,Store001,SKU002,21,55.88924483379274,34.88924483379274,3.9391082876862766,Medium
2023-04-10,Store001,SKU003,22,34.94440127882282,12.944401278822824,1.5622553267544785,High
2023-04-10,Store002,SKU001,14,99.03677921262056,85.03677921262056,7.003028876333458,Low
2023-04-10,Store002,SKU002,15,69.96673648206799,54.96673648206799,4.809589442180949,Medium
2023-04-10,Store003,SKU001,43,104.63785736966793,61.63785736966793,4.7413736438206096,Medium
2023-04-10,Store003,SKU002,26,63.34116923158608,37.34116923158608,3.5322727651500347,Medium
2023-04-11,Store001,SKU001,50,103.78266391216064,53.78266391216064,4.137127993243126,Medium
2023-04-11,Store001,SKU002,31,58.03210197664988,27.032101976649876,2.9111494436392173,High
2023-04-11,Store002,SKU001,51,104.03677921262056,53.03677921262056,4.125082827648265,Medium
2023-04-11,Store002,SKU002,13,71.3953079106394,58.3953079106394,4.984965309444827,Medium
2023-04-11,Store002,SKU003,38,39.36125183757247,1.3612518375724676,0.1401288656324599,High
2023-04-11,Store003,SKU001,79,100.63785736966793,21.637857369667927,1.7409770297433964,High
2023-04-11,Store003,SKU002,14,56.91259780301465,42.91259780301465,4.6213566864785,Medium
2023-04-12,Store001,SKU001,12,98.78266391216064,86.78266391216064,7.06370520215261,Low
2023-04-12,Store002,SKU001,49,97.03677921262056,48.03677921262056,4.051294632389686,Medium
2023-04-12,Store002,SKU003,20,39.36125183757247,19.361251837572468,1.9930700421030483,High
2023-04-12,Store003,SKU001,56,113.63785736966793,57.63785736966793,4.034650015876755,Medium
2023-04-12,Store003,SKU003,12,41.769373875540694,29.769373875540694,2.778474895050465,High
2023-04-13,Store001,SKU001,78,107.78266391216064,29.782663912160643,2.194512077738153,High
2023-04-13,Store002,SKU001,36,99.03677921262056,63.03677921262056,5.191264170451105,Medium
2023-04-13,Store002,SKU002,31,73.53816505349654,42.53816505349654,3.503143004405598,Medium
2023-04-13,Store003,SKU001,35,114.63785736966793,79.63785736966793,5.519455461264114,Medium
2023-04-13,Store003,SKU002,45,58.34116923158608,13.341169231586079,1.393853501807501,High
2023-04-13,Store003,SKU003,16,39.197945304112125,23.197945304112125,2.353414740996882,High
2023-04-14,Store001,SKU001,20,102.78266391216064,82.78266391216064,6.4386516376124945,Medium
2023-04-14,Store001,SKU003,14,37.51582985025139,23.515829850251393,2.5720438898712463,High
2023-04-14,Store002,SKU001,62,103.03677921262056,41.03677921262056,3.2276118481836398,Medium
2023-04-14,Store003,SKU001,54,118.63785736966793,64.63785736966793,4.309190491311195,Medium
2023-04-15,Store001,SKU001,23,96.78266391216064,73.78266391216064,6.148555326013387,Medium
2023-04-15,Store001,SKU002,31,52.317816262364154,21.317816262364154,2.6179774357289314,High
2023-04-15,Store001,SKU003,14,38.801544135965685,24.801544135965685,2.591206103757609,High
2023-04-15,Store002,SKU001,11,91.03677921262056,80.03677921262056,7.27607083751096,Low
2023-04-15,Store002,SKU002,37,64.25245076778226,27.252450767782264,2.6495438246454976,High
2023-04-15,Store002,SKU003,12,41.93268040900104,29.932680409001037,2.831469768419017,High
2023-04-15,Store003,SKU001,50,121.63785736966793,71.63785736966793,4.6431944591451435,Medium
2023-04-15,Store003,SKU002,49,59.05545494587179,10.055454945871787,1.035120362075037,High
2023-04-16,Store002,SKU001,84,92.03677921262056,8.036779212620559,0.7212494165172296,High
2023-04-16,Store002,SKU003,10,39.7898232661439,29.789823266143898,3.0221559835218446,Medium
2023-04-16,Store003,SKU001,17,132.63785736966793,115.63785736966793,6.802226904098113,Medium
2023-04-16,Store003,SKU002,55,71.19831208872893,16.198312088728926,1.3339786426012057,High
2023-04-16,Store003,SKU003,10,33.197945304112125,23.197945304112125,2.952465765977907,High
2023-04-17,Store002,SKU001,57,96.03677921262056,39.03677921262056,3.33240798156517,Medium
2023-04-17,Store002,SKU002,24,69.25245076778226,45.252450767782264,4.00971082752501,Medium
2023-04-17,Store002,SKU003,24,40.21839469471533,16.21839469471533,1.6218394694715328,High
2023-04-17,Store003,SKU001,42,123.63785736966793,81.63785736966793,5.195136378069777,Medium
2023-04-17,Store003,SKU002,69,69.76974066015751,0.7697406601575096,0.06491788700123576,High
2023-04-17,Store003,SKU003,11,29.34080244696927,18.34080244696927,2.790991676712715,High
2023-04-18,Store001,SKU001,46,101.78266391216064,55.78266391216064,4.3874005324171295,Medium
2023-04-18,Store003,SKU001,76,110.63785736966793,34.63785736966793,2.4996391916255205,High
2023-04-18,Store003,SKU002,26,71.91259780301465,45.91259780301465,3.7370719141988666,Medium
2023-04-19,Store001,SKU001,68,102.78266391216064,34.78266391216064,2.705318304279161,High
2023-04-19,Store001,SKU002,15,61.603530548078446,46.603530548078446,4.660353054807844,Medium
2023-04-19,Store001,SKU003,30,36.65868699310854,6.658686993108539,0.7517872411574157,High
2023-04-19,Store002,SKU001,52,104.03677921262056,52.03677921262056,4.047305049870488,Medium
2023-04-19,Store002,SKU002,24,68.53816505349654,44.53816505349654,3.9970148124932794,Medium
2023-04-19,Store003,SKU001,48,86.63785736966793,38.63785736966793,3.705000021748979,Medium
2023-04-19,Store003,SKU002,22,72.62688351730037,50.62688351730037,4.0734274094379606,Medium
2023-04-20,Store001,SKU001,62,104.78266391216064,42.78266391216064,3.255202688968745,Medium
2023-04-20,Store001,SKU002,53,66.60353054807844,13.603530548078439,1.236684595279858,High
2023-04-20,Store001,SKU003,34,34.08725842167996,0.08725842167996234,0.010907302709995292,High
2023-04-20,Store002,SKU001,70,93.03677921262056,23.03677921262056,2.041233601118277,High
2023-04-20,Store002,SKU002,54,62.82387933921083,8.823879339210833,0.8823879339210834,High
2023-04-21,Store001,SKU001,74,99.78266391216064,25.782663912160643,2.0744672113232703,High
2023-04-21,Store001,SKU002,32,70.88924483379273,38.88924483379273,3.2798158293560133,Medium
2023-04-21,Store002,SKU001,97,103.03677921262056,6.036779212620559,0.47480285941959455,High
2023-04-21,Store002,SKU002,60,69.96673648206799,9.966736482067986,0.8720894421809487,High
2023-04-21,Store002,SKU003,24,32.07553755185818,8.075537551858183,1.1084071149609271,High
2023-04-21,Store003,SKU002,28,67.62688351730037,39.62688351730037,3.4673523077637824,Medium
2023-04-21,Store003,SKU003,16,34.483659589826416,18.483659589826416,2.2307865022204294,High
2023-04-22,Store001,SKU001,60,103.78266391216064,43.78266391216064,3.3678972240123572,Medium
2023-04-22,Store002,SKU001,74,101.03677921262056,27.03677921262056,2.175373040095907,High
2023-04-22,Store002,SKU002,12,69.25245076778226,57.252450767782264,5.073001966765517,Medium
2023-04-22,Store003,SKU001,18,93.63785736966793,75.63785736966793,6.618312519845944,Medium
2023-04-22,Store003,SKU002,49,68.34116923158608,19.34116923158608,1.6714590693963278,High
2023-04-23,Store001,SKU001,22,118.78266391216064,96.78266391216064,6.391307994199288,Medium
2023-04-23,Store002,SKU001,47,103.03677921262056,56.03677921262056,4.407387129082516,Medium
2023-04-23,Store002,SKU002,26,70.6810221963537,44.681022196353695,3.861322905857727,Medium
2023-04-23,Store003,SKU001,49,80.63785736966793,31.637857369667927,3.305447784890679,Medium
2023-04-23,Store003,SKU002,50,65.48402637444322,15.484026374443218,1.40763876131302,High
2023-04-23,Store003,SKU003,21,35.34080244696927,14.34080244696927,1.6730936188130816,High
2023-04-24,Store001,SKU001,53,108.78266391216064,55.78266391216064,4.067485910261714,Medium
2023-04-24,Store002,SKU001,51,98.03677921262056,47.03677921262056,3.9197316010517134,Medium
2023-04-24,Store002,SKU002,45,72.10959362492513,27.109593624925125,2.2863512695719983,High
2023-04-24,Store002,SKU003,11,28.218394694715325,17.218394694715325,2.869732449119221,High
2023-04-24,Store003,SKU001,47,79.63785736966793,32.63785736966793,3.4615909331465984,Medium
2023-04-25,Store001,SKU001,30,103.78266391216064,73.78266391216064,5.675589531704665,Medium
2023-04-25,Store001,SKU002,31,77.31781626236415,46.31781626236415,3.5241816721364025,Medium
2023-04-25,Store001,SKU003,26,40.94440127882282,14.944401278822824,1.4529279021077743,High
2023-04-25,Store002,SKU001,55,101.03677921262056,46.03677921262056,3.704108672279815,Medium
2023-04-25,Store002,SKU002,52,69.25245076778226,17.252450767782264,1.5286981692971626,High
2023-04-25,Store003,SKU001,13,82.63785736966793,69.63785736966793,7.064710167937325,Low
2023-04-26,Store001,SKU001,42,105.78266391216064,63.78266391216064,4.8008456708077905,Medium
2023-04-26,Store001,SKU002,44,78.03210197664987,34.03210197664987,2.561556062758592,High
2023-04-26,Store001,SKU003,19,41.801544135965685,22.801544135965685,2.1569028236724295,High
2023-04-26,Store002,SKU001,51,94.03677921262056,43.03677921262056,3.765718181104299,Medium
2023-04-26,Store002,SKU002,26,67.10959362492513,41.109593624925125,3.7864099391378403,Medium
2023-04-26,Store002,SKU003,30,35.93268040900104,5.932680409001037,0.6921460477167877,High
2023-04-26,Store003,SKU001,41,87.63785736966793,46.63785736966793,4.411689210644264,Medium
2023-04-27,Store001,SKU001,92,100.78266391216064,8.782663912160643,0.6986209930127785,High
2023-04-27,Store001,SKU002,24,76.60353054807844,52.60353054807844,4.046425426775264,Medium
2023-04-27,Store002,SKU001,82,108.03677921262056,26.03677921262056,1.938909090301531,High
2023-04-27,Store002,SKU002,59,68.53816505349654,9.538165053496542,0.8559891714676384,High
2023-04-27,Store002,SKU003,30,36.36125183757247,6.361251837572468,0.729979719065693,High
2023-04-27,Store003,SKU001,85,91.63785736966793,6.637857369667927,0.5957051485599422,High
2023-04-27,Store003,SKU002,29,73.34116923158608,44.34116923158608,3.527138461603438,Medium
2023-04-27,Store003,SKU003,17,27.197945304112125,10.197945304112125,1.741112612897192,High
2023-04-28,Store001,SKU001,59,107.78266391216064,48.78266391216064,3.5945120777381527,Medium
2023-04-28,Store001,SKU002,30,77.31781626236415,47.31781626236415,3.600268628658142,Medium
2023-04-28,Store001,SKU003,20,37.51582985025139,17.515829850251393,1.915793889871246,High
2023-04-28,Store002,SKU001,10,109.03677921262056,99.03677921262056,7.297446889350988,Low
2023-04-28,Store003,SKU003,10,24.626516732683555,14.626516732683555,2.925303346536711,High
2023-04-29,Store001,SKU001,86,118.78266391216064,32.78266391216064,2.164892899859665,High
2023-04-29,Store001,SKU002,40,68.74638769093559,28.74638769093559,2.5153089229568644,High
2023-04-29,Store002,SKU001,55,123.03677921262056,68.03677921262056,4.369334444847192,Medium
2023-04-29,Store002,SKU002,52,64.25245076778226,12.252450767782264,1.1912104913121644,High
2023-04-29,Store002,SKU003,20,42.36125183757247,22.361251837572468,2.087050171506764,High
2023-04-29,Store003,SKU002,48,66.91259780301465,18.91259780301465,1.6757998053304117,High
2023-04-30,Store001,SKU001,74,104.78266391216064,30.782663912160643,2.3421592107078752,High
2023-04-30,Store001,SKU002,32,63.74638769093559,31.74638769093559,3.044174162144509,Medium
2023-04-30,Store001,SKU003,25,38.372972707394254,13.372972707394254,1.4183455901781785,High
2023-04-30,Store002,SKU001,63,124.03677921262056,61.03677921262056,3.884158677166763,Medium
2023-04-30,Store002,SKU002,34,74.96673648206799,40.96673648206799,3.2961741997066194,Medium
2023-04-30,Store003,SKU001,72,74.63785736966791,2.6378573696679126,0.3027049440602523,High
2023-04-30,Store003,SKU003,22,25.483659589826413,3.483659589826413,0.6590707332104024,High
2023-05-01,Store001,SKU001,63,106.78266391216064,43.78266391216064,3.2604111423949416,Medium
2023-05-01,Store001,SKU002,32,62.317816262364154,30.317816262364154,2.989080476571114,High
2023-05-01,Store002,SKU002,33,72.82387933921083,39.82387933921083,3.3186566116009026,Medium
2023-05-01,Store003,SKU001,41,78.63785736966793,37.63785736966793,4.053307716733468,Medium
2023-05-01,Store003,SKU003,17,28.91223101839784,11.91223101839784,1.8530137139729972,High
2023-05-02,Store001,SKU001,10,106.78266391216064,96.78266391216064,7.207219653033239,Low
2023-05-02,Store001,SKU002,68,70.17495911950701,2.174959119507008,0.18566724190913486,High
2023-05-02,Store002,SKU001,34,122.03677921262056,88.03677921262056,5.70608754155874,Medium
2023-05-02,Store003,SKU001,91,91.63785736966793,0.6378573696679268,0.057243610098403695,High
2023-05-03,Store001,SKU001,38,105.78266391216064,67.78266391216064,5.1019209396249945,Medium
2023-05-03,Store002,SKU001,25,119.03677921262056,94.03677921262056,6.269118614174704,Medium
2023-05-03,Store002,SKU002,32,69.25245076778226,37.252450767782264,3.3008500680313397,Medium
2023-05-03,Store003,SKU001,75,93.63785736966793,18.637857369667927,1.6308125198459436,High
2023-05-04,Store001,SKU001,37,102.78266391216064,65.78266391216064,5.116429415390272,Medium
2023-05-04,Store001,SKU002,58,58.74638769093559,0.7463876909355918,0.07916233085680519,High
2023-05-04,Store002,SKU001,29,102.03677921262056,73.03677921262056,5.809743801003908,Medium
2023-05-04,Store002,SKU003,10,36.7898232661439,26.789823266143898,3.0246574655323752,Medium
2023-05-04,Store003,SKU001,67,87.63785736966793,20.637857369667927,1.952229751184804,High
2023-05-04,Store003,SKU002,31,66.19831208872893,35.198312088728926,3.1588228797577242,Medium
2023-05-05,Store001,SKU001,50,99.78266391216064,49.78266391216064,4.00550169408189,Medium
2023-05-05,Store002,SKU001,72,88.03677921262056,16.03677921262056,1.5169926282208637,High
2023-05-05,Store003,SKU001,30,98.63785736966793,68.63785736966793,5.652529430443241,Medium
2023-05-06,Store001,SKU001,25,83.78266391216064,58.78266391216064,5.79547390683274,Medium
2023-05-06,Store001,SKU002,45,68.74638769093559,23.74638769093559,2.0778089229568644,High
2023-05-06,Store002,SKU001,25,84.03677921262056,59.03677921262056,5.903677921262056,Medium
2023-05-06,Store002,SKU002,35,68.53816505349654,33.53816505349654,3.009835325313792,Medium
2023-05-06,Store003,SKU001,86,110.63785736966793,24.637857369667927,1.777989707089438,High
2023-05-06,Store003,SKU002,21,62.62688351730037,41.62688351730037,3.9916189674123643,Medium
2023-05-07,Store001,SKU001,34,91.78266391216064,57.78266391216064,5.119982878292715,Medium
2023-05-07,Store001,SKU002,34,68.74638769093559,34.74638769093559,3.0403089229568643,Medium
2023-05-07,Store002,SKU001,26,92.03677921262056,66.03677921262056,5.926377621645435,Medium
2023-05-07,Store002,SKU002,53,59.252450767782264,6.252450767782264,0.673340851915013,High
2023-05-07,Store003,SKU001,54,114.63785736966793,60.63785736966793,4.202623778095797,Medium
2023-05-08,Store001,SKU001,87,88.78266391216064,1.7826639121606433,0.1641927287516382,High
2023-05-08,Store001,SKU002,43,68.03210197664987,25.03210197664987,2.218034352361381,High
2023-05-08,Store002,SKU001,67,101.03677921262056,34.03677921262056,2.7385914309005046,High
2023-05-08,Store002,SKU002,32,58.53816505349654,26.53816505349654,2.9026118027261845,High
2023-05-08,Store002,SKU003,24,28.218394694715325,4.218394694715325,0.7030657824525542,High
2023-05-08,Store003,SKU001,34,114.63785736966793,80.63785736966793,5.588762391957183,Medium
2023-05-08,Store003,SKU002,13,66.19831208872893,53.198312088728926,4.77420749514234,Medium
2023-05-09,Store001,SKU001,67,87.78266391216064,20.782663912160643,1.9397152984683268,High
2023-05-09,Store001,SKU002,40,62.317816262364154,22.317816262364154,2.2003480822049166,High
2023-05-09,Store002,SKU001,14,101.03677921262056,87.03677921262056,7.002959246992458,Low
2023-05-09,Store003,SKU001,22,107.63785736966793,85.63785736966793,6.377287250932718,Medium
2023-05-09,Store003,SKU002,40,68.34116923158608,28.34116923158608,2.4492368471741055,High
2023-05-09,Store003,SKU003,24,41.769373875540694,17.769373875540694,1.6584748950504649,High
2023-05-10,Store001,SKU001,65,88.78266391216064,23.782663912160643,2.190508518225322,High
2023-05-10,Store001,SKU002,30,60.174959119507015,30.174959119507015,3.106245791713958,Medium
2023-05-10,Store002,SKU001,74,110.03677921262056,36.03677921262056,2.627681817586916,High
2023-05-10,Store002,SKU002,51,72.82387933921083,21.823879339210833,1.8186566116009029,High
2023-05-10,Store003,SKU001,19,108.63785736966793,89.63785736966793,6.604894753554479,Medium
2023-05-10,Store003,SKU003,24,46.055088161254986,22.055088161254986,1.816301377985705,High
2023-05-11,Store001,SKU001,72,91.78266391216064,19.782663912160643,1.7528942706977784,High
2023-05-11,Store002,SKU001,61,114.03677921262056,53.03677921262056,3.712574544883439,Medium
2023-05-11,Store002,SKU002,18,72.82387933921083,54.82387933921083,4.568656611600903,Medium
2023-05-11,Store002,SKU003,28,33.36125183757247,5.361251837572468,0.6949770900556902,High
2023-05-11,Store003,SKU001,49,111.63785736966793,62.63785736966793,4.474132669261995,Medium
2023-05-11,Store003,SKU003,29,46.483659589826416,17.483659589826416,1.4230885712649408,High
2023-05-12,Store001,SKU001,58,90.78266391216064,32.78266391216064,2.94203394083493,High
2023-05-12,Store002,SKU001,85,116.03677921262056,31.03677921262056,2.1299750440033716,High
2023-05-12,Store002,SKU002,21,66.3953079106394,45.3953079106394,4.236895404993011,Medium
2023-05-12,Store003,SKU001,21,103.63785736966793,82.63785736966793,6.427388906529727,Medium
2023-05-12,Store003,SKU002,58,69.05545494587179,11.055454945871787,0.9437583490378355,High
2023-05-12,Store003,SKU003,18,47.34080244696927,29.34080244696927,2.333927467372556,High
2023-05-13,Store002,SKU001,10,95.03677921262056,85.03677921262056,6.074055658044325,Medium
2023-05-13,Store002,SKU002,32,67.10959362492513,35.109593624925125,3.2337783601904717,Medium
2023-05-13,Store003,SKU001,58,95.63785736966793,37.63785736966793,3.2129878242399452,Medium
2023-05-13,Store003,SKU002,38,71.19831208872893,33.198312088728926,2.7339786426012056,High
2023-05-14,Store001,SKU001,11,46.78266391216064,35.78266391216064,3.339715298468327,Medium
2023-05-14,Store001,SKU002,49,53.74638769093559,4.746387690935592,0.5631307429923583,High
2023-05-14,Store002,SKU001,51,98.03677921262056,47.03677921262056,3.9197316010517134,Medium
2023-05-14,Store002,SKU002,17,69.25245076778226,52.252450767782264,4.629963992081972,Medium
2023-05-14,Store003,SKU001,66,91.63785736966793,25.637857369667927,2.3008333536881476,High
2023-05-14,Store003,SKU002,60,64.76974066015751,4.76974066015751,0.43931821869871795,High
2023-05-15,Store001,SKU001,82,92.78266391216064,10.782663912160643,0.9434830923140562,High
2023-05-15,Store002,SKU001,34,89.03677921262056,55.03677921262056,5.136766059844586,Medium
2023-05-15,Store003,SKU001,49,87.63785736966793,38.63785736966793,3.6549324538875068,Medium
2023-05-15,Store003,SKU002,38,61.198312088728926,23.198312088728926,2.287157529874683,High
2023-05-15,Store003,SKU003,23,40.483659589826416,17.483659589826416,1.6998002378997903,High
2023-05-16,Store001,SKU001,56,92.78266391216064,36.78266391216064,3.2184830923140564,Medium
2023-05-16,Store002,SKU001,21,85.03677921262056,64.03677921262056,6.3134852744837175,Medium
2023-05-16,Store002,SKU002,21,69.25245076778226,48.252450767782264,4.275533612335137,Medium
2023-05-16,Store003,SKU002,25,62.62688351730037,37.62688351730037,3.6080573235767477,Medium
2023-05-17,Store001,SKU001,91,95.78266391216064,4.782663912160643,0.40335719741113857,High
2023-05-17,Store001,SKU002,58,65.88924483379273,7.889244833792731,0.7266409715335409,High
2023-05-17,Store002,SKU002,45,72.82387933921083,27.823879339210833,2.3186566116009026,High
2023-05-17,Store003,SKU001,14,98.63785736966793,84.63785736966793,6.970176489266771,Medium
2023-05-17,Store003,SKU002,28,60.48402637444322,32.48402637444322,3.248402637444322,Medium
2023-05-18,Store001,SKU001,23,83.78266391216064,60.78266391216064,5.992657005424289,Medium
2023-05-18,Store001,SKU002,14,62.317816262364154,48.317816262364154,4.763728363895058,Medium
2023-05-18,Store002,SKU001,32,92.03677921262056,60.03677921262056,5.387916083183897,Medium
2023-05-18,Store003,SKU001,69,106.63785736966793,37.63785736966793,2.832957006319091,High
2023-05-18,Store003,SKU002,58,59.05545494587179,1.0554549458717872,0.10864977383974281,High
2023-05-19,Store001,SKU001,24,76.78266391216064,52.78266391216064,5.773103865392571,Medium
2023-05-19,Store001,SKU002,69,71.60353054807844,2.6035305480784388,0.21696087900653657,High
2023-05-19,Store001,SKU003,26,34.51582985025139,8.515829850251393,1.0458036658203467,High
2023-05-19,Store002,SKU001,53,95.03677921262056,42.03677921262056,3.632808080103011,Medium
2023-05-19,Store002,SKU002,75,77.82387933921083,2.8238793392108335,0.21722148763160257,High
2023-05-19,Store003,SKU001,79,102.63785736966793,23.637857369667927,1.8591573212098371,High
2023-05-19,Store003,SKU002,20,56.91259780301465,36.91259780301465,3.975202840324654,Medium
2023-05-20,Store001,SKU001,15,75.78266391216064,60.78266391216064,6.753629323573405,Medium
2023-05-20,Store001,SKU002,55,65.88924483379273,10.88924483379273,1.0029567610072252,High
2023-05-20,Store001,SKU003,10,32.372972707394254,22.372972707394254,3.01174632599538,Medium
2023-05-20,Store002,SKU001,50,89.03677921262056,39.03677921262056,3.6434327265112523,Medium
2023-05-20,Store002,SKU002,33,74.96673648206799,41.96673648206799,3.376633969821562,Medium
2023-05-20,Store003,SKU001,57,101.63785736966793,44.63785736966793,3.550738654405403,Medium
2023-05-21,Store001,SKU001,57,84.78266391216064,27.782663912160643,2.701092324793396,High
2023-05-21,Store001,SKU002,53,72.31781626236415,19.317816262364147,1.5908789863123416,High
2023-05-21,Store002,SKU001,58,99.03677921262056,41.03677921262056,3.379499464568752,Medium
2023-05-21,Store002,SKU002,27,71.3953079106394,44.3953079106394,3.789843358225315,Medium
2023-05-21,Store003,SKU001,14,28.637857369667927,14.637857369667927,1.1385000176408386,High
2023-05-22,Store001,SKU001,81,90.78266391216064,9.782663912160643,0.8779313767323654,High
2023-05-22,Store001,SKU002,13,81.60353054807844,68.60353054807844,4.900252182005603,Medium
2023-05-22,Store002,SKU001,69,99.03677921262056,30.03677921262056,2.4736171116275756,High
2023-05-22,Store002,SKU002,45,62.82387933921083,17.823879339210833,1.7823879339210833,High
2023-05-22,Store003,SKU001,76,109.63785736966793,33.63785736966793,2.4527604332049533,High
2023-05-22,Store003,SKU002,30,51.198312088728926,21.198312088728926,2.6033014845807454,High
2023-05-23,Store001,SKU002,69,80.88924483379273,11.88924483379273,0.8579867405829805,High
2023-05-23,Store002,SKU001,87,101.03677921262056,14.036779212620559,1.1293960286016542,High
2023-05-23,Store003,SKU001,29,104.63785736966793,75.63785736966793,5.818296720743687,Medium
2023-05-24,Store001,SKU001,11,69.78266391216064,58.78266391216064,5.018032285184446,Medium
2023-05-24,Store002,SKU001,37,94.03677921262056,57.03677921262056,4.990718181104299,Medium
2023-05-24,Store003,SKU001,23,93.63785736966793,70.63785736966793,6.180812519845944,Medium
2023-05-24,Store003,SKU003,23,30.626516732683555,7.626516732683555,1.089502390383365,High
2023-05-25,Store001,SKU001,17,112.78266391216064,95.78266391216064,6.704786473851245,Medium
2023-05-25,Store001,SKU002,82,86.60353054807844,4.603530548078439,0.3069020365385626,High
2023-05-25,Store002,SKU001,75,91.03677921262056,16.03677921262056,1.4578890193291416,High
2023-05-25,Store002,SKU002,39,51.3953079106394,12.395307910639403,1.606799173601404,High
2023-05-25,Store003,SKU001,67,84.63785736966793,17.637857369667927,1.7389436843334576,High
2023-05-25,Store003,SKU002,14,50.48402637444322,36.48402637444322,4.560503296805402,Medium
2023-05-26,Store001,SKU001,41,118.78266391216064,77.78266391216064,5.136591013067212,Medium
2023-05-26,Store001,SKU002,20,75.17495911950701,55.17495911950701,4.33960352625336,Medium
2023-05-26,Store002,SKU001,20,97.03677921262056,77.03677921262056,6.497077764919806,Medium
2023-05-26,Store003,SKU001,75,92.63785736966793,17.637857369667927,1.5628481213629808,High
2023-05-27,Store001,SKU001,66,119.78266391216064,53.78266391216064,3.5184920316366775,Medium
2023-05-27,Store001,SKU002,20,80.17495911950701,60.17495911950701,4.387757435797386,Medium
2023-05-27,Store002,SKU002,35,47.109593624925125,12.109593624925125,1.765982403634914,High
2023-05-27,Store003,SKU001,33,93.63785736966793,60.63785736966793,5.305812519845944,Medium
2023-05-27,Store003,SKU002,16,59.05545494587179,43.05545494587179,4.432179185604449,Medium
2023-05-28,Store001,SKU001,73,118.78266391216064,45.78266391216064,3.023383465897401,Medium
2023-05-28,Store001,SKU002,24,70.88924483379273,46.88924483379273,3.954514624536736,Medium
2023-05-28,Store001,SKU003,32,36.2301155645371,4.230115564537101,0.4854230975698313,High
2023-05-28,Store002,SKU001,56,87.03677921262056,31.03677921262056,2.9761295135389574,High
2023-05-28,Store003,SKU001,45,96.63785736966793,51.63785736966793,4.35500001912862,Medium
2023-05-28,Store003,SKU003,14,31.91223101839784,17.91223101839784,2.4112618678612474,High
2023-05-29,Store001,SKU001,15,115.78266391216064,100.78266391216064,6.849307256166258,Medium
2023-05-29,Store001,SKU002,14,66.60353054807844,52.60353054807844,4.782139140734404,Medium
2023-05-29,Store002,SKU001,14,93.03677921262056,79.03677921262056,7.003258917573973,Low
2023-05-29,Store003,SKU001,53,97.63785736966793,44.63785736966793,3.7198214474723272,Medium
2023-05-29,Store003,SKU002,51,59.05545494587179,8.055454945871787,0.8292380091338605,High
2023-05-30,Store001,SKU001,29,106.78266391216064,77.78266391216064,5.792326036011962,Medium
2023-05-30,Store002,SKU001,39,86.03677921262056,47.03677921262056,4.573020201226998,Medium
2023-05-30,Store002,SKU003,15,28.646966123286756,13.646966123286756,2.2215991363490066,High
2023-05-30,Store003,SKU001,27,92.63785736966793,65.63785736966793,5.816012678325006,Medium
2023-05-30,Store003,SKU002,28,59.76974066015751,31.76974066015751,3.223017168421776,Medium
2023-05-31,Store001,SKU001,55,105.78266391216064,50.78266391216064,3.822351047151876,Medium
2023-05-31,Store001,SKU002,45,64.4606734052213,19.4606734052213,1.8408745113047176,High
2023-05-31,Store002,SKU001,40,84.03677921262056,44.03677921262056,4.403677921262056,Medium
2023-05-31,Store002,SKU003,22,28.646966123286756,6.646966123286756,1.0820642526280764,High
2023-05-31,Store003,SKU001,62,106.63785736966793,44.63785736966793,3.3598387267491985,Medium
2023-05-31,Store003,SKU002,15,61.198312088728926,46.198312088728926,4.5547631636775,Medium
2023-06-01,Store001,SKU001,19,92.78266391216064,73.78266391216064,6.455983092314056,Medium
2023-06-01,Store002,SKU001,71,85.03677921262056,14.036779212620559,1.3839078096949846,High
2023-06-01,Store003,SKU001,63,110.63785736966793,47.63785736966793,3.4377835215224275,Medium
2023-06-02,Store001,SKU001,67,93.78266391216064,26.782663912160643,2.3145512022854877,High
2023-06-02,Store002,SKU001,28,80.03677921262056,52.03677921262056,5.519052340732483,Medium
2023-06-02,Store002,SKU002,19,59.96673648206799,40.96673648206799,4.344956899613271,Medium
2023-06-02,Store003,SKU001,51,108.63785736966793,57.63785736966793,4.247000016712374,Medium
2023-06-03,Store001,SKU001,45,90.78266391216064,45.78266391216064,4.108700607501596,Medium
2023-06-03,Store002,SKU001,36,96.03677921262056,60.03677921262056,5.125090908394438,Medium
2023-06-03,Store002,SKU002,52,59.96673648206799,7.9667364820679865,0.8449568996132713,High
2023-06-03,Store003,SKU001,84,115.63785736966793,31.637857369667927,2.1712255057615244,High
2023-06-03,Store003,SKU002,24,59.76974066015751,35.76974066015751,3.6288142698710515,Medium
2023-06-04,Store001,SKU001,70,89.78266391216064,19.782663912160643,1.798423992014604,High
2023-06-04,Store001,SKU002,49,80.17495911950701,31.174959119507008,2.273174102464053,High
2023-06-04,Store001,SKU003,30,32.801544135965685,2.8015441359656847,0.37001526324075085,High
2023-06-04,Store002,SKU001,75,102.03677921262056,27.03677921262056,2.150652891912999,High
2023-06-04,Store002,SKU002,52,65.6810221963537,13.681022196353695,1.294150748303728,High
2023-06-04,Store003,SKU001,33,110.63785736966793,77.63785736966793,5.602731975130675,Medium
2023-06-04,Store003,SKU002,27,61.91259780301465,34.91259780301465,3.394280341959757,Medium
2023-06-05,Store001,SKU001,38,84.78266391216064,46.78266391216064,4.548314547015618,Medium
2023-06-05,Store001,SKU002,25,81.60353054807844,56.60353054807844,4.043109324862746,Medium
2023-06-05,Store001,SKU003,12,33.23011556453711,21.23011556453711,2.752052017625181,High
2023-06-05,Store003,SKU001,13,127.63785736966793,114.63785736966793,7.039166680593645,Low
2023-06-05,Store003,SKU002,36,65.48402637444322,29.484026374443218,2.6803660340402926,High
2023-06-05,Store003,SKU003,30,34.055088161254986,4.055088161254986,0.49799328296113865,High
2023-06-06,Store001,SKU001,64,98.78266391216064,34.78266391216064,2.8311470626177266,High
2023-06-06,Store001,SKU002,50,85.88924483379273,35.88924483379273,2.415622248428357,High
2023-06-06,Store002,SKU001,69,110.03677921262056,41.03677921262056,2.9922651509202494,High
2023-06-06,Store002,SKU002,58,67.82387933921083,9.823879339210833,0.8930799399282576,High
2023-06-06,Store002,SKU003,31,44.504108980429606,13.504108980429606,1.1816095357875904,High
2023-06-06,Store003,SKU001,42,146.63785736966793,104.63785736966793,5.5072556510351545,Medium
2023-06-06,Store003,SKU002,48,62.62688351730037,14.62688351730037,1.4025778715219532,High
2023-06-06,Store003,SKU003,12,34.483659589826416,22.483659589826416,2.7135451229100847,High
2023-06-07,Store001,SKU002,72,90.88924483379273,18.88924483379273,1.191213638167109,High
2023-06-07,Store002,SKU001,31,106.03677921262056,75.03677921262056,5.709320157481999,Medium
2023-06-07,Store002,SKU002,34,64.25245076778226,30.252450767782264,2.941210491312164,High
2023-06-07,Store003,SKU001,22,140.63785736966793,118.63785736966793,6.539094500690358,Medium
2023-06-08,Store001,SKU001,64,92.78266391216064,28.782663912160643,2.518483092314056,High
2023-06-08,Store001,SKU002,50,93.03210197664986,43.032101976649855,2.6423220511977985,High
2023-06-08,Store001,SKU003,27,36.65868699310854,9.658686993108539,1.0904969185767706,High
2023-06-08,Store002,SKU001,29,115.03677921262056,86.03677921262056,5.962945093943999,Medium
2023-06-08,Store002,SKU003,48,54.7898232661439,6.789823266143898,0.4570073352212239,High
2023-06-08,Store003,SKU001,49,139.63785736966793,90.63785736966793,5.035436520537107,Medium
2023-06-08,Store003,SKU002,26,71.19831208872893,45.198312088728926,3.7222139367188527,Medium
2023-06-08,Store003,SKU003,20,38.34080244696927,18.34080244696927,1.9162032407281329,High
2023-06-09,Store001,SKU001,55,93.78266391216064,38.78266391216064,3.351588239322525,Medium
2023-06-09,Store001,SKU002,63,82.31781626236415,19.317816262364147,1.3659062003691822,High
2023-06-09,Store001,SKU003,12,34.08725842167996,22.087258421679962,2.7609073027099953,High
2023-06-09,Store002,SKU001,27,108.03677921262056,81.03677921262056,6.034653771152595,Medium
2023-06-09,Store002,SKU002,53,68.53816505349654,15.538165053496542,1.394450709929177,High
2023-06-09,Store002,SKU003,51,58.21839469471533,7.218394694715329,0.45114966841970805,High
2023-06-09,Store003,SKU001,76,114.63785736966793,38.63785736966793,2.181169367642544,High
2023-06-09,Store003,SKU002,15,66.19831208872893,51.198312088728926,4.59472031565516,Medium
2023-06-10,Store001,SKU001,80,96.78266391216064,16.782663912160643,1.398555326013387,High
2023-06-10,Store001,SKU002,24,81.60353054807844,57.60353054807844,4.114537896291317,Medium
2023-06-10,Store002,SKU001,28,103.03677921262056,75.03677921262056,5.901769151554427,Medium
2023-06-10,Store002,SKU002,62,73.53816505349654,11.538165053496542,0.9502018279350094,High
2023-06-10,Store003,SKU001,23,143.63785736966793,120.63785736966793,6.495884627597503,Medium
2023-06-10,Store003,SKU002,17,65.48402637444322,48.48402637444322,4.40763876131302,Medium
2023-06-11,Store001,SKU001,61,97.78266391216064,36.78266391216064,3.029160557472053,Medium
2023-06-11,Store001,SKU002,58,83.03210197664987,25.03210197664987,1.7522471383654907,High
2023-06-11,Store002,SKU001,86,122.03677921262056,36.03677921262056,2.3357171711883695,High
2023-06-11,Store002,SKU002,61,61.3953079106394,0.39530791063940285,0.040693461389350295,High
2023-06-11,Store002,SKU003,11,52.64696612328676,41.64696612328676,2.9447349784142154,High
2023-06-11,Store003,SKU001,51,143.63785736966793,92.63785736966793,4.988192319905195,Medium
2023-06-11,Store003,SKU003,31,43.91223101839784,12.91223101839784,1.129820214109811,High
2023-06-12,Store001,SKU002,21,84.4606734052213,63.4606734052213,4.355144253299501,Medium
2023-06-12,Store001,SKU003,12,39.65868699310854,27.65868699310854,2.8059537529240544,High
2023-06-12,Store002,SKU001,85,124.03677921262056,39.03677921262056,2.484158677166763,High
2023-06-12,Store002,SKU003,47,52.21839469471533,5.218394694715329,0.37274247819395206,High
2023-06-12,Store003,SKU001,20,125.63785736966793,105.63785736966793,6.602366085604245,Medium
2023-06-12,Store003,SKU002,17,69.05545494587179,52.05545494587179,4.443758349037836,Medium
2023-06-12,Store003,SKU003,42,47.769373875540694,5.769373875540694,0.4537709789751108,High
2023-06-13,Store001,SKU001,72,84.78266391216064,12.782663912160643,1.2427589914600625,High
2023-06-13,Store001,SKU002,51,85.88924483379273,34.88924483379273,2.3483145561206644,High
2023-06-13,Store002,SKU001,70,131.03677921262056,61.03677921262056,3.6517731152849904,Medium
2023-06-13,Store002,SKU003,24,48.7898232661439,24.789823266143898,1.9280973651445252,High
2023-06-13,Store003,SKU001,20,118.63785736966793,98.63785736966793,6.575857157977862,Medium
2023-06-13,Store003,SKU002,61,67.62688351730037,6.626883517300371,0.5798523077637824,High
2023-06-13,Store003,SKU003,44,48.626516732683555,4.626516732683555,0.3558859025141196,High
2023-06-14,Store001,SKU001,35,105.78266391216064,70.78266391216064,5.3277273912378975,Medium
2023-06-14,Store001,SKU002,55,80.88924483379273,25.88924483379273,1.868296018933496,High
2023-06-14,Store002,SKU001,25,134.03677921262056,109.03677921262056,6.360478787402866,Medium
2023-06-14,Store002,SKU002,44,60.681022196353695,16.681022196353695,1.7427933637981472,High
2023-06-14,Store003,SKU001,38,115.63785736966793,77.63785736966793,5.3280882508595635,Medium
2023-06-14,Store003,SKU003,33,51.197945304112125,18.197945304112125,1.3132537848328336,High
2023-06-15,Store001,SKU001,87,101.78266391216064,14.782663912160643,1.1626814312935339,High
2023-06-15,Store001,SKU002,19,75.88924483379273,56.88924483379273,4.424719042628324,Medium
2023-06-15,Store002,SKU001,27,120.03677921262056,93.03677921262056,6.143938249890037,Medium
2023-06-15,Store002,SKU002,48,59.252450767782264,11.252450767782264,1.2118023903765514,High
2023-06-15,Store002,SKU003,32,41.93268040900104,9.932680409001037,0.9395778765271251,High
2023-06-15,Store003,SKU001,97,117.63785736966793,20.637857369667927,1.3890865537276489,High
2023-06-15,Store003,SKU002,53,63.34116923158608,10.341169231586079,0.9782187110959805,High
2023-06-16,Store001,SKU001,79,103.78266391216064,24.782663912160643,1.9063587624738956,High
2023-06-16,Store001,SKU002,64,78.74638769093558,14.746387690935578,1.098135253580309,High
2023-06-16,Store001,SKU003,20,45.65868699310853,25.65868699310853,2.1639856500212016,High
2023-06-16,Store002,SKU001,79,125.03677921262056,46.03677921262056,2.9032203107058008,High
2023-06-16,Store002,SKU002,53,59.96673648206799,6.9667364820679865,0.7388962935526652,High
2023-06-16,Store003,SKU001,82,118.63785736966793,36.63785736966793,2.4425238246445287,High
2023-06-16,Store003,SKU002,49,71.19831208872893,22.198312088728926,1.8280962896600292,High
2023-06-16,Store003,SKU003,43,50.34080244696927,7.3408024469692705,0.5409012329345778,High
2023-06-17,Store001,SKU001,82,102.78266391216064,20.782663912160643,1.6164294153902723,High
2023-06-17,Store002,SKU001,17,117.03677921262056,100.03677921262056,6.798616062993631,Medium
2023-06-17,Store002,SKU003,18,35.93268040900104,17.932680409001037,2.092146047716788,High
2023-06-17,Store003,SKU001,39,112.63785736966793,73.63785736966793,5.206717187754298,Medium
2023-06-18,Store001,SKU001,27,97.78266391216064,70.78266391216064,5.829160557472053,Medium
2023-06-18,Store001,SKU002,14,70.17495911950701,56.17495911950701,4.795423339470111,Medium
2023-06-18,Store002,SKU003,15,39.36125183757247,24.361251837572468,2.5077759244559896,High
2023-06-18,Store003,SKU001,47,117.63785736966793,70.63785736966793,4.754471169112264,Medium
2023-06-19,Store001,SKU001,20,108.78266391216064,88.78266391216064,6.473735910261714,Medium
2023-06-19,Store001,SKU002,41,63.74638769093559,22.74638769093559,2.1811604635143715,High
2023-06-19,Store002,SKU001,44,93.03677921262056,49.03677921262056,4.345031069472707,Medium
2023-06-19,Store002,SKU002,48,65.6810221963537,17.681022196353695,1.6725291266821063,High
2023-06-19,Store003,SKU001,39,119.63785736966793,80.63785736966793,5.325141524412033,Medium
2023-06-19,Store003,SKU002,15,65.48402637444322,50.48402637444322,4.589456943131202,Medium
2023-06-19,Store003,SKU003,25,50.34080244696927,25.34080244696927,1.867217022408262,High
2023-06-20,Store001,SKU001,92,112.78266391216064,20.782663912160643,1.454786473851245,High
2023-06-20,Store002,SKU001,39,92.03677921262056,53.03677921262056,4.759710954978768,Medium
2023-06-20,Store003,SKU001,45,120.63785736966793,75.63785736966793,4.948271042875471,Medium
2023-06-20,Store003,SKU002,49,71.19831208872893,22.198312088728926,1.8280962896600292,High
2023-06-20,Store003,SKU003,29,49.483659589826416,20.483659589826416,1.5417808293417732,High
2023-06-21,Store001,SKU001,39,101.78266391216064,62.78266391216064,4.937962330169938,Medium
2023-06-21,Store001,SKU002,60,66.60353054807844,6.603530548078439,0.6003209589162217,High
2023-06-21,Store002,SKU001,29,106.03677921262056,77.03677921262056,5.861494070525477,Medium
2023-06-21,Store002,SKU002,26,67.82387933921083,41.82387933921083,3.802170849019167,Medium
2023-06-21,Store002,SKU003,21,40.64696612328675,19.646966123286752,1.9370248290564405,High
2023-06-21,Store003,SKU001,27,115.63785736966793,88.63785736966793,5.348836220583409,Medium
2023-06-21,Store003,SKU002,30,76.19831208872893,46.198312088728926,3.515088963272853,Medium
2023-06-21,Store003,SKU003,44,48.197945304112125,4.197945304112125,0.32650685698649856,High
2023-06-22,Store001,SKU001,85,107.78266391216064,22.782663912160643,1.6787226040539422,High
2023-06-22,Store001,SKU002,57,66.60353054807844,9.603530548078439,0.8730482316434944,High
2023-06-22,Store002,SKU001,64,120.03677921262056,56.03677921262056,3.700542023474943,Medium
2023-06-22,Store003,SKU001,39,126.63785736966793,87.63785736966793,5.42889381935996,Medium
2023-06-22,Store003,SKU002,48,72.62688351730037,24.62688351730037,1.9814733864494551,High
2023-06-22,Store003,SKU003,34,42.197945304112125,8.197945304112125,0.7550739095892746,High
2023-06-23,Store001,SKU001,92,113.78266391216064,21.782663912160643,1.5096895780705397,High
2023-06-23,Store001,SKU002,52,60.88924483379274,8.889244833792738,0.9018074469065096,High
2023-06-23,Store001,SKU003,25,28.515829850251396,3.5158298502513965,0.5723443942269715,High
2023-06-23,Store002,SKU001,27,123.03677921262056,96.03677921262056,6.167499582461871,Medium
2023-06-23,Store003,SKU001,87,122.63785736966793,35.63785736966793,2.2886697393364726,High
2023-06-24,Store001,SKU001,30,111.78266391216064,81.78266391216064,5.782612599849743,Medium
2023-06-24,Store001,SKU003,32,33.65868699310853,1.6586869931085317,0.21110561730472224,High
2023-06-24,Store002,SKU001,56,124.03677921262056,68.03677921262056,4.329613222621308,Medium
2023-06-24,Store003,SKU001,14,114.63785736966793,100.63785736966793,6.974901005818569,Medium
2023-06-24,Store003,SKU002,24,68.34116923158608,44.34116923158608,3.831952896556822,Medium
2023-06-25,Store001,SKU001,83,109.78266391216064,26.782663912160643,1.9327695606713866,High
2023-06-25,Store001,SKU002,35,58.03210197664988,23.032101976649876,2.4803802128699863,High
2023-06-25,Store002,SKU001,45,122.03677921262056,77.03677921262056,4.9931245785957765,Medium
2023-06-25,Store002,SKU002,33,63.53816505349654,30.53816505349654,3.010805005274307,Medium
2023-06-25,Store003,SKU001,58,109.63785736966793,51.63785736966793,3.7652604332049533,Medium
2023-06-25,Store003,SKU002,55,61.198312088728926,6.198312088728926,0.6111011918465139,High
2023-06-26,Store001,SKU001,72,98.78266391216064,26.782663912160643,2.1799842719200524,High
2023-06-26,Store001,SKU002,43,68.74638769093559,25.74638769093559,2.252808922956864,High
2023-06-26,Store002,SKU001,81,107.03677921262056,26.03677921262056,1.9597575751434828,High
2023-06-26,Store002,SKU003,16,41.07553755185819,25.07553755185819,2.437899484208435,High
2023-06-26,Store003,SKU001,26,106.63785736966793,80.63785736966793,6.0695161461040374,Medium
2023-06-27,Store001,SKU001,27,95.78266391216064,68.78266391216064,5.8009475588569215,Medium
2023-06-27,Store001,SKU003,27,43.94440127882282,16.944401278822824,1.5014026449589843,High
2023-06-27,Store002,SKU001,48,105.03677921262056,57.03677921262056,4.387444554816966,Medium
2023-06-27,Store002,SKU002,34,57.109593624925125,23.109593624925125,2.609147667330256,High
2023-06-27,Store002,SKU003,16,39.7898232661439,23.789823266143898,2.4134603313479315,High
2023-06-27,Store003,SKU001,27,95.63785736966793,68.63785736966793,5.85932928765458,Medium
2023-06-27,Store003,SKU002,48,72.62688351730037,24.62688351730037,1.9814733864494551,High
2023-06-28,Store001,SKU001,78,103.78266391216064,25.782663912160643,1.9832818393969727,High
2023-06-28,Store001,SKU002,50,62.317816262364154,12.317816262364154,1.2144325892471701,High
2023-06-28,Store001,SKU003,16,43.51582985025139,27.515829850251393,2.4693693455353816,High
2023-06-28,Store002,SKU001,31,94.03677921262056,63.03677921262056,5.515718181104298,Medium
2023-06-28,Store003,SKU001,65,105.63785736966793,40.63785736966793,3.09201088682256,Medium
2023-06-28,Store003,SKU002,61,76.19831208872893,15.198312088728926,1.1563933110989402,High
2023-06-29,Store001,SKU001,95,100.78266391216064,5.782663912160643,0.4599846293764148,High
2023-06-29,Store002,SKU002,40,55.681022196353695,15.681022196353695,1.8294525895745977,High
2023-06-29,Store003,SKU001,74,113.63785736966793,39.63785736966793,2.774650015876755,High
2023-06-29,Store003,SKU002,62,74.05545494587179,12.055454945871787,0.9481818496753092,High
2023-06-30,Store001,SKU001,12,103.78266391216064,91.78266391216064,7.06020491632005,Low
2023-06-30,Store001,SKU003,13,40.08725842167996,27.087258421679962,2.708725842167996,High
2023-06-30,Store002,SKU001,57,87.03677921262056,30.03677921262056,2.8802391025800533,High
2023-06-30,Store002,SKU003,28,36.36125183757247,8.361251837572468,0.9594879157870045,High
2023-06-30,Store003,SKU001,75,124.63785736966793,49.63785736966793,3.130315329618698,Medium
2023-06-30,Store003,SKU002,63,77.62688351730036,14.626883517300357,1.0892360066074733,High
2023-07-01,Store001,SKU001,95,106.78266391216064,11.782663912160643,0.8774324189906861,High
2023-07-01,Store001,SKU002,53,68.03210197664987,15.03210197664987,1.3319584029942921,High
2023-07-01,Store001,SKU003,24,41.801544135965685,17.801544135965685,1.6839298506994567,High
2023-07-01,Store002,SKU001,79,96.03677921262056,17.03677921262056,1.454359201077365,High
2023-07-01,Store003,SKU001,35,124.63785736966793,89.63785736966793,5.652837852141221,Medium
2023-07-01,Store003,SKU002,73,79.05545494587179,6.055454945871787,0.44154358980315117,High
2023-07-02,Store001,SKU001,95,118.78266391216064,23.782663912160643,1.5705532772181559,High
2023-07-02,Store001,SKU003,41,46.94440127882282,5.9444012788228235,0.48384661571813675,High
2023-07-02,Store002,SKU001,33,107.03677921262056,74.03677921262056,5.572660800949934,Medium
2023-07-02,Store003,SKU001,64,119.63785736966793,55.63785736966793,3.6741981281856178,Medium
2023-07-02,Store003,SKU002,68,81.19831208872893,13.198312088728926,0.9332139860717423,High
2023-07-03,Store001,SKU001,65,129.78266391216064,64.78266391216064,3.875885875086534,Medium
2023-07-03,Store001,SKU003,18,43.51582985025139,25.515829850251393,2.289882166048202,High
2023-07-03,Store002,SKU001,86,119.03677921262056,33.03677921262056,2.2024519475080373,High
2023-07-03,Store002,SKU002,57,62.109593624925125,5.109593624925125,0.5183645706445779,High
2023-07-03,Store003,SKU001,19,134.63785736966793,115.63785736966793,6.689793401551038,Medium
2023-07-03,Store003,SKU002,19,77.62688351730036,58.62688351730036,4.365831751288324,Medium
2023-07-04,Store001,SKU001,25,132.78266391216064,107.78266391216064,6.287322061542705,Medium
2023-07-04,Store001,SKU002,10,57.317816262364154,47.317816262364154,5.1753861536960795,Medium
2023-07-04,Store002,SKU001,29,123.03677921262056,94.03677921262056,6.039059215489393,Medium
2023-07-04,Store002,SKU002,66,74.25245076778226,8.252450767782264,0.6717111090055331,High
2023-07-04,Store003,SKU001,18,138.63785736966793,120.63785736966793,6.755720012701404,Medium
2023-07-05,Store001,SKU001,93,131.78266391216064,38.78266391216064,2.2813331713035674,High
2023-07-05,Store001,SKU003,42,43.94440127882282,1.9444012788228235,0.17228872090835143,High
2023-07-05,Store002,SKU001,81,127.03677921262056,46.03677921262056,2.851835880427822,High
2023-07-05,Store002,SKU002,54,69.25245076778226,15.252450767782264,1.3514829794237448,High
2023-07-05,Store003,SKU001,44,122.63785736966793,78.63785736966793,5.0501376292447295,Medium
2023-07-05,Store003,SKU002,22,68.34116923158608,46.34116923158608,4.004792402729661,Medium
2023-07-06,Store001,SKU001,17,137.78266391216064,120.78266391216064,6.763829179080996,Medium
2023-07-06,Store001,SKU002,38,57.317816262364154,19.317816262364154,2.1128861536960795,High
2023-07-06,Store001,SKU003,34,44.372972707394254,10.372972707394254,0.9076351118969972,High
2023-07-06,Store002,SKU001,83,119.03677921262056,36.03677921262056,2.402451947508037,High
2023-07-06,Store002,SKU002,59,76.3953079106394,17.395307910639403,1.3681702851064699,High
2023-07-06,Store002,SKU003,33,35.504108980429606,2.5041089804296064,0.2970976756441906,High
2023-07-06,Store003,SKU001,20,108.63785736966793,88.63785736966793,6.5312105430281635,Medium
2023-07-06,Store003,SKU002,51,66.19831208872893,15.198312088728926,1.3639510848859293,High
2023-07-07,Store001,SKU001,80,124.78266391216064,44.78266391216064,2.79891649451004,High
2023-07-07,Store001,SKU002,42,52.317816262364154,10.317816262364154,1.267100242746475,High
2023-07-07,Store002,SKU001,57,84.03677921262056,27.03677921262056,1.9511077782303494,High
2023-07-07,Store003,SKU001,44,90.63785736966793,46.63785736966793,4.239805215424357,Medium
2023-07-07,Store003,SKU002,24,64.76974066015751,40.76974066015751,3.7551076923829285,Medium
2023-07-07,Store003,SKU003,24,37.91223101839784,13.91223101839784,1.4755396534664376,High
2023-07-08,Store001,SKU001,24,121.78266391216064,97.78266391216064,6.279620618212151,Medium
2023-07-08,Store002,SKU001,82,104.03677921262056,22.03677921262056,1.7139717165371544,High
2023-07-08,Store002,SKU002,23,70.6810221963537,47.681022196353695,4.120582165116986,Medium
2023-07-08,Store003,SKU001,57,106.63785736966793,49.63785736966793,3.736182812770704,Medium
2023-07-09,Store001,SKU001,21,107.78266391216064,86.78266391216064,6.3945120777381526,Medium
2023-07-09,Store001,SKU003,16,42.2301155645371,26.2301155645371,2.448144119356796,High
2023-07-09,Store002,SKU001,60,87.03677921262056,27.03677921262056,2.592567869703341,High
2023-07-09,Store002,SKU002,49,64.96673648206799,15.966736482067986,1.531056922938026,High
2023-07-09,Store003,SKU001,20,112.63785736966793,92.63785736966793,6.550151531188641,Medium
2023-07-09,Store003,SKU002,39,60.48402637444322,21.484026374443218,2.1484026374443217,High
2023-07-10,Store001,SKU001,36,99.78266391216064,63.78266391216064,5.131938475691086,Medium
2023-07-10,Store001,SKU002,29,52.317816262364154,23.317816262364154,2.8635914708166506,High
2023-07-10,Store002,SKU001,40,103.03677921262056,63.03677921262056,4.957948926835325,Medium
2023-07-10,Store002,SKU002,10,76.3953079106394,66.3953079106394,5.222102869376133,Medium
2023-07-10,Store003,SKU001,65,96.63785736966793,31.637857369667927,2.668253031176813,High
2023-07-10,Store003,SKU003,34,39.626516732683555,5.626516732683555,0.5626516732683555,High
2023-07-11,Store001,SKU001,37,100.78266391216064,63.78266391216064,5.073620993012779,Medium
2023-07-11,Store001,SKU002,34,53.03210197664988,19.032101976649876,2.2969778247680885,High
2023-07-11,Store002,SKU001,90,100.03677921262056,10.036779212620559,0.8169471452133013,High
2023-07-11,Store003,SKU001,52,93.63785736966793,41.63785736966793,3.6433125198459435,Medium
2023-07-11,Store003,SKU002,54,60.48402637444322,6.484026374443218,0.6484026374443218,High
2023-07-12,Store001,SKU001,58,93.78266391216064,35.78266391216064,3.0923289800632654,Medium
2023-07-12,Store001,SKU002,33,53.74638769093559,20.74638769093559,2.461435827738121,High
2023-07-12,Store002,SKU001,72,93.03677921262056,21.03677921262056,1.8640184112448595,High
2023-07-12,Store002,SKU002,16,76.3953079106394,60.3953079106394,4.750192757016583,Medium
2023-07-12,Store002,SKU003,21,35.93268040900104,14.932680409001037,1.7421460477167876,High
2023-07-12,Store003,SKU001,17,97.63785736966793,80.63785736966793,6.719821447472327,Medium
2023-07-12,Store003,SKU002,43,66.19831208872893,23.198312088728926,2.081899802834647,High
2023-07-12,Store003,SKU003,21,37.483659589826416,16.483659589826416,1.7751633404428446,High
2023-07-13,Store001,SKU001,13,78.78266391216064,65.78266391216064,6.976949202804916,Medium
2023-07-13,Store002,SKU001,85,100.03677921262056,15.036779212620559,1.2239238893993478,High
2023-07-13,Store002,SKU002,11,67.82387933921083,56.82387933921083,5.1658072126555306,Medium
2023-07-13,Store003,SKU001,30,100.63785736966793,70.63785736966793,5.68350576537558,Medium
2023-07-13,Store003,SKU002,49,74.76974066015751,25.76974066015751,2.004313162456695,High
2023-07-14,Store001,SKU001,85,87.78266391216064,2.7826639121606433,0.25971529846832675,High
2023-07-14,Store001,SKU002,35,56.603530548078446,21.603530548078446,2.400392283119827,High
2023-07-14,Store002,SKU003,15,38.93268040900104,23.932680409001037,2.5004292964627948,High
2023-07-14,Store003,SKU001,92,105.63785736966793,13.637857369667927,1.0376630607356032,High
2023-07-14,Store003,SKU002,71,76.19831208872893,5.198312088728926,0.39552374588154876,High
2023-07-15,Store001,SKU001,65,100.78266391216064,35.78266391216064,2.846348265740051,High
2023-07-15,Store001,SKU003,12,34.08725842167996,22.087258421679962,2.7609073027099953,High
2023-07-15,Store002,SKU001,43,105.03677921262056,62.03677921262056,4.772059939432351,Medium
2023-07-15,Store002,SKU002,30,67.10959362492513,37.109593624925125,3.4179888865062615,Medium
2023-07-15,Store003,SKU001,86,92.63785736966793,6.637857369667927,0.5881645770591833,High
2023-07-16,Store001,SKU001,24,106.78266391216064,82.78266391216064,6.164666461543877,Medium
2023-07-16,Store001,SKU002,12,56.603530548078446,44.603530548078446,4.955947838675383,Medium
2023-07-16,Store002,SKU001,28,116.03677921262056,88.03677921262056,6.041739749885725,Medium
2023-07-16,Store002,SKU002,20,73.53816505349654,53.53816505349654,4.409025357346774,Medium
2023-07-16,Store002,SKU003,33,53.93268040900104,20.932680409001037,1.436556498656934,High
2023-07-16,Store003,SKU001,35,92.63785736966793,57.63785736966793,5.107151918831335,Medium
2023-07-16,Store003,SKU002,54,80.48402637444322,26.484026374443218,1.891716169603087,High
2023-07-17,Store001,SKU001,23,120.78266391216064,97.78266391216064,6.337765253565967,Medium
2023-07-17,Store001,SKU002,34,59.4606734052213,25.4606734052213,2.6600703557693897,High
2023-07-17,Store002,SKU001,53,116.03677921262056,63.03677921262056,4.326053475375921,Medium
2023-07-17,Store002,SKU002,16,71.3953079106394,55.3953079106394,4.728867748469217,Medium
2023-07-17,Store002,SKU003,31,51.7898232661439,20.789823266143898,1.5002965243608999,High
2023-07-17,Store003,SKU001,70,101.63785736966793,31.637857369667927,2.5166477453144944,High
2023-07-17,Store003,SKU002,22,79.76974066015751,57.76974066015751,4.168950356918583,Medium
2023-07-18,Store001,SKU001,71,122.78266391216064,51.78266391216064,3.295260430773859,Medium
2023-07-18,Store002,SKU001,81,117.03677921262056,36.03677921262056,2.4491014998868343,High
2023-07-18,Store003,SKU001,60,101.63785736966793,41.63785736966793,3.31210229076904,Medium
2023-07-18,Store003,SKU002,65,83.34116923158608,18.34116923158608,1.2587076923637506,High
2023-07-19,Store001,SKU001,22,127.78266391216063,105.78266391216063,6.4389447598706475,Medium
2023-07-19,Store001,SKU003,11,28.515829850251396,17.515829850251396,2.8514141616688318,High
2023-07-19,Store002,SKU001,86,118.03677921262056,32.03677921262056,2.1563216777725374,High
2023-07-19,Store002,SKU002,55,74.96673648206799,19.966736482067986,1.6065190272928265,High
2023-07-19,Store002,SKU003,49,51.7898232661439,2.789823266143898,0.2013274521959514,High
2023-07-19,Store003,SKU001,34,98.63785736966793,64.63785736966793,5.323117665737359,Medium
2023-07-20,Store001,SKU001,44,138.78266391216064,94.78266391216064,5.265703550675592,Medium
2023-07-20,Store002,SKU001,90,112.03677921262056,22.03677921262056,1.5740556580443257,High
2023-07-20,Store002,SKU003,27,53.504108980429606,26.504108980429606,1.8369184441881905,High
2023-07-20,Store003,SKU001,53,95.63785736966793,42.63785736966793,3.639817092532628,Medium
2023-07-20,Store003,SKU002,10,72.62688351730037,62.62688351730037,5.038944650817271,Medium
2023-07-21,Store001,SKU001,89,135.78266391216064,46.78266391216064,2.662428027521337,High
2023-07-21,Store001,SKU002,13,56.603530548078446,43.603530548078446,4.844836727564272,Medium
2023-07-21,Store002,SKU001,68,114.03677921262056,46.03677921262056,3.222574544883439,Medium
2023-07-21,Store002,SKU002,65,79.96673648206797,14.966736482067972,1.1145442061114448,High
2023-07-21,Store003,SKU001,74,97.63785736966793,23.637857369667927,1.9698214474723272,High
2023-07-21,Store003,SKU002,24,69.05545494587179,45.05545494587179,3.8461973734280797,Medium
2023-07-22,Store001,SKU001,31,130.78266391216064,99.78266391216064,5.919310571060377,Medium
2023-07-22,Store001,SKU002,15,58.03210197664988,43.03210197664988,4.63422636671614,Medium
2023-07-22,Store001,SKU003,19,31.087258421679966,12.087258421679966,1.726751203097138,High
2023-07-22,Store002,SKU001,69,113.03677921262056,44.03677921262056,3.1137116614984235,Medium
2023-07-22,Store002,SKU002,28,79.25245076778226,51.252450767782264,3.8577113481126433,Medium
2023-07-22,Store002,SKU003,43,52.64696612328676,9.64696612328676,0.6821087157879527,High
2023-07-22,Store003,SKU001,11,95.63785736966793,84.63785736966793,7.225182946191165,Low
2023-07-22,Store003,SKU003,37,44.34080244696927,7.3408024469692705,0.6343903349232703,High
2023-07-23,Store001,SKU001,77,132.78266391216064,55.78266391216064,3.253988728209371,Medium
2023-07-23,Store001,SKU002,38,55.88924483379274,17.889244833792738,2.019753448976599,High
2023-07-23,Store001,SKU003,23,34.51582985025139,11.515829850251393,1.4142247184519254,High
2023-07-23,Store002,SKU001,55,112.03677921262056,57.03677921262056,4.074055658044325,Medium
2023-07-23,Store002,SKU002,61,74.96673648206799,13.966736482067986,1.1237604066031712,High
2023-07-23,Store003,SKU001,22,97.63785736966793,75.63785736966793,6.30315478080566,Medium
2023-07-24,Store001,SKU001,59,128.78266391216064,69.78266391216064,4.211022822285556,Medium
2023-07-24,Store001,SKU002,19,50.88924483379273,31.88924483379273,4.05863116066453,Medium
2023-07-24,Store002,SKU001,80,99.03677921262056,19.03677921262056,1.567734758686399,High
2023-07-24,Store002,SKU003,18,48.7898232661439,30.789823266143898,2.394764031811192,High
2023-07-24,Store003,SKU001,43,87.63785736966793,44.63785736966793,4.222500021455074,Medium
2023-07-24,Store003,SKU003,13,46.91223101839784,33.91223101839784,2.7285703118251137,High
2023-07-25,Store001,SKU001,99,135.78266391216064,36.78266391216064,2.0933223364644267,High
2023-07-25,Store001,SKU002,34,55.88924483379274,21.889244833792738,2.4713663522024056,High
2023-07-25,Store002,SKU001,60,94.03677921262056,34.03677921262056,2.9782181811042987,High
2023-07-25,Store002,SKU002,50,63.53816505349654,13.538165053496542,1.334748667246138,High
2023-07-25,Store003,SKU001,13,98.63785736966793,85.63785736966793,7.052529430443242,Low
2023-07-25,Store003,SKU002,62,64.05545494587179,2.0554549458717872,0.19184246161470014,High
2023-07-25,Store003,SKU003,52,55.483659589826416,3.4836595898264164,0.22790296382041975,High
2023-07-26,Store001,SKU001,56,127.78266391216063,71.78266391216063,4.369379542479343,Medium
2023-07-26,Store001,SKU003,19,39.2301155645371,20.2301155645371,2.082511896349408,High
2023-07-26,Store002,SKU001,64,92.03677921262056,28.03677921262056,2.5161212113890246,High
2023-07-26,Store003,SKU001,51,101.63785736966793,50.63785736966793,4.02801138167813,Medium
2023-07-26,Store003,SKU002,32,69.05545494587179,37.05545494587179,3.163270544159787,Medium
2023-07-27,Store001,SKU001,27,125.78266391216064,98.78266391216064,6.119280065355085,Medium
2023-07-27,Store001,SKU002,12,52.317816262364154,40.317816262364154,4.951310769062265,Medium
2023-07-27,Store001,SKU003,40,40.08725842167996,0.08725842167996234,0.008725842167996234,High
2023-07-27,Store002,SKU001,19,99.03677921262056,80.03677921262056,6.5912641704511055,Medium
2023-07-27,Store002,SKU002,16,62.109593624925125,46.109593624925125,4.67778486049965,Medium
2023-07-27,Store002,SKU003,34,43.64696612328676,9.64696612328676,0.8657533700385553,High
2023-07-27,Store003,SKU001,70,114.63785736966793,44.63785736966793,3.093712887006688,Medium
2023-07-27,Store003,SKU002,40,70.48402637444322,30.484026374443218,2.5403355312036013,High
2023-07-27,Store003,SKU003,45,51.626516732683555,6.626516732683555,0.47332262376311107,High
2023-07-28,Store001,SKU001,82,128.78266391216064,46.78266391216064,2.823091787802797,High
2023-07-28,Store002,SKU001,12,106.03677921262056,94.03677921262056,7.154972331395043,Low
2023-07-28,Store002,SKU002,38,38.109593624925125,0.10959362492512525,0.010094149664156274,High
2023-07-28,Store002,SKU003,42,42.36125183757247,0.3612518375724676,0.03371683817343031,High
2023-07-28,Store003,SKU001,70,110.63785736966793,40.63785736966793,2.93262888234717,High
2023-07-28,Store003,SKU002,55,74.76974066015751,19.76974066015751,1.5376464957900284,High
2023-07-28,Store003,SKU003,51,54.197945304112125,3.1979453041121246,0.21524631854600837,High
2023-07-29,Store001,SKU001,73,129.78266391216064,56.78266391216064,3.3972533964540554,Medium
2023-07-29,Store002,SKU001,58,101.03677921262056,43.03677921262056,3.4627293619349873,Medium
2023-07-29,Store002,SKU002,59,64.25245076778226,5.252450767782264,0.5106549357566089,High
2023-07-29,Store003,SKU001,63,112.63785736966793,49.63785736966793,3.509747490784601,Medium
2023-07-29,Store003,SKU002,35,77.62688351730036,42.62688351730036,3.174342389586197,Medium
2023-07-30,Store001,SKU001,73,134.78266391216061,61.782663912160615,3.5449069457797076,Medium
2023-07-30,Store002,SKU001,17,102.03677921262056,85.03677921262056,6.764289255549363,Medium
2023-07-30,Store002,SKU002,67,73.53816505349654,6.538165053496542,0.5384371220526564,High
2023-07-30,Store003,SKU001,44,126.63785736966793,82.63785736966793,5.119159306085624,Medium
2023-07-30,Store003,SKU003,28,51.197945304112125,23.197945304112125,1.674078527100875,High
2023-07-31,Store001,SKU001,33,127.78266391216063,94.78266391216063,5.769379542479343,Medium
2023-07-31,Store001,SKU002,36,67.31781626236415,31.317816262364147,2.8105732543147313,High
2023-07-31,Store001,SKU003,15,47.372972707394254,32.372972707394254,2.60472194197425,High
2023-07-31,Store002,SKU001,25,110.03677921262056,85.03677921262056,6.200598484253582,Medium
2023-07-31,Store002,SKU002,20,80.6810221963537,60.681022196353695,4.4712332144681675,Medium
2023-07-31,Store003,SKU001,11,140.63785736966793,129.63785736966793,7.145393713288784,Low
2023-07-31,Store003,SKU002,23,76.19831208872893,53.198312088728926,4.047697658925027,Medium
2023-07-31,Store003,SKU003,23,48.197945304112125,25.197945304112125,1.959840190319832,High
2023-08-01,Store001,SKU001,75,127.78266391216063,52.78266391216063,3.2128578033489084,Medium
2023-08-01,Store001,SKU002,49,68.74638769093559,19.74638769093559,1.7278089229568643,High
2023-08-01,Store002,SKU001,86,123.03677921262056,37.03677921262056,2.3785087567737975,High
2023-08-01,Store002,SKU002,53,80.6810221963537,27.681022196353695,2.039654267099746,High
2023-08-01,Store003,SKU001,10,127.63785736966793,117.63785736966793,7.223377206909435,Low
2023-08-01,Store003,SKU002,13,77.62688351730036,64.62688351730036,4.812640261926623,Medium
2023-08-02,Store001,SKU001,99,131.78266391216064,32.78266391216064,1.928391994832979,High
2023-08-02,Store001,SKU002,62,69.4606734052213,7.4606734052213,0.6447495535376432,High
2023-08-02,Store002,SKU001,23,124.03677921262056,101.03677921262056,6.429613222621309,Medium
2023-08-02,Store002,SKU003,14,43.21839469471533,29.21839469471533,2.6562176995195754,High
2023-08-02,Store003,SKU001,69,133.63785736966793,64.63785736966793,3.770541679897296,Medium
2023-08-02,Store003,SKU002,76,77.62688351730036,1.6268835173003566,0.12115090022449464,High
2023-08-03,Store001,SKU001,22,130.78266391216064,108.78266391216064,6.453208876145123,Medium
2023-08-03,Store001,SKU002,37,73.74638769093559,36.74638769093559,2.9566059061672316,High
2023-08-03,Store002,SKU001,93,128.03677921262056,35.03677921262056,2.151381179722315,High
2023-08-03,Store002,SKU002,13,80.6810221963537,67.6810221963537,4.987022688152377,Medium
2023-08-03,Store003,SKU001,59,128.6378573696679,69.6378573696679,4.238826100762394,Medium
2023-08-03,Store003,SKU002,76,77.62688351730036,1.6268835173003566,0.12115090022449464,High
2023-08-04,Store001,SKU001,12,129.78266391216064,117.78266391216064,7.0468260460267045,Low
2023-08-04,Store001,SKU002,63,75.88924483379273,12.88924483379273,1.0024968204061013,High
2023-08-04,Store001,SKU003,12,49.94440127882282,37.94440127882282,2.856030203782363,High
2023-08-04,Store002,SKU001,39,126.03677921262056,87.03677921262056,5.439798700788785,Medium
2023-08-04,Store002,SKU002,44,83.53816505349654,39.53816505349654,2.795627832065412,High
2023-08-04,Store003,SKU001,90,125.63785736966793,35.63785736966793,2.2273660856042454,High
2023-08-04,Store003,SKU002,39,79.76974066015751,40.76974066015751,2.942146233207243,High
2023-08-04,Store003,SKU003,32,36.197945304112125,4.197945304112125,0.47396156659330435,High
2023-08-05,Store001,SKU001,64,129.78266391216064,65.78266391216064,3.9357149349155938,Medium
2023-08-05,Store001,SKU002,14,87.31781626236415,73.31781626236415,4.84174258336367,Medium
2023-08-05,Store002,SKU001,69,139.03677921262056,70.03677921262056,3.922059635906751,Medium
2023-08-05,Store002,SKU002,73,86.3953079106394,13.395307910639403,0.9103607317910274,High
2023-08-05,Store003,SKU001,78,134.63785736966793,56.63785736966793,3.2765702610551695,Medium
2023-08-05,Store003,SKU002,71,76.91259780301465,5.912597803014648,0.44503424323766166,High
2023-08-06,Store001,SKU001,37,130.78266391216064,93.78266391216064,5.563378367670547,Medium
2023-08-06,Store001,SKU002,15,78.74638769093558,63.74638769093558,4.7470714237930745,Medium
2023-08-06,Store001,SKU003,39,43.94440127882282,4.9444012788228235,0.438111505718478,High
2023-08-06,Store002,SKU001,10,141.03677921262056,131.03677921262056,7.222499641640503,Low
2023-08-06,Store002,SKU002,35,83.53816505349654,48.53816505349654,3.4319914684290485,Medium
2023-08-06,Store002,SKU003,19,39.36125183757247,20.361251837572468,2.0960112185736364,High
2023-08-06,Store003,SKU001,80,120.63785736966793,40.63785736966793,2.6585514167072475,High
2023-08-07,Store001,SKU001,61,134.78266391216061,73.78266391216061,4.233431535943642,Medium
2023-08-07,Store001,SKU003,22,45.2301155645371,23.2301155645371,1.9830586457531674,High
2023-08-07,Store002,SKU001,49,131.03677921262056,82.03677921262056,4.908183371695247,Medium
2023-08-07,Store002,SKU002,13,77.10959362492513,64.10959362492513,4.986301726383065,Medium
2023-08-07,Store003,SKU001,45,103.63785736966793,58.63785736966793,4.560722239863061,Medium
2023-08-07,Store003,SKU002,31,66.91259780301465,35.91259780301465,3.1821289192544624,Medium
2023-08-08,Store001,SKU001,87,122.78266391216064,35.78266391216064,2.277078612592041,High
2023-08-08,Store002,SKU001,41,123.03677921262056,82.03677921262056,5.268417013654531,Medium
2023-08-08,Store002,SKU002,45,78.53816505349654,33.53816505349654,2.5518169062443024,High
2023-08-08,Store003,SKU001,27,109.63785736966793,82.63785736966793,6.02567709987162,Medium
2023-08-08,Store003,SKU002,51,59.05545494587179,8.055454945871787,0.8292380091338605,High
2023-08-09,Store001,SKU001,72,112.78266391216064,40.78266391216064,2.8547864738512447,High
2023-08-09,Store002,SKU001,61,128.03677921262056,67.03677921262056,4.116293460424069,Medium
2023-08-09,Store002,SKU003,14,44.07553755185819,30.07553755185819,2.664921048898827,High
2023-08-09,Store003,SKU001,66,102.63785736966793,36.63785736966793,2.8816292313221967,High
2023-08-09,Store003,SKU002,53,57.62688351730037,4.626883517300371,0.490730070016706,High
2023-08-10,Store001,SKU001,73,113.78266391216064,40.78266391216064,2.8265212612388564,High
2023-08-10,Store001,SKU002,68,89.4606734052213,21.4606734052213,1.3782083838215513,High
2023-08-10,Store002,SKU001,14,129.03677921262056,115.03677921262056,7.002238734681252,Low
2023-08-10,Store002,SKU002,70,76.3953079106394,6.395307910639403,0.5030017457806272,High
2023-08-10,Store002,SKU003,32,41.504108980429606,9.504108980429606,0.9113529159316061,High
2023-08-10,Store003,SKU001,79,97.63785736966793,18.637857369667927,1.5531547808056605,High
2023-08-10,Store003,SKU002,31,52.62688351730037,21.62688351730037,2.5659014342559763,High
2023-08-11,Store001,SKU001,43,100.78266391216064,57.78266391216064,4.596348265740051,Medium
2023-08-11,Store001,SKU002,14,82.31781626236415,68.31781626236415,4.830552665015647,Medium
2023-08-11,Store001,SKU003,36,42.65868699310853,6.658686993108532,0.6133001177863121,High
2023-08-11,Store002,SKU001,92,134.03677921262056,42.03677921262056,2.4521454540695324,High
2023-08-11,Store003,SKU001,39,99.63785736966793,60.63785736966793,4.935639553345063,Medium
2023-08-11,Store003,SKU002,29,50.48402637444322,21.484026374443218,2.6855032968054022,High
2023-08-12,Store001,SKU001,27,105.78266391216064,78.78266391216064,5.9298779288723065,Medium
2023-08-12,Store001,SKU002,19,75.17495911950701,56.17495911950701,4.418255211646619,Medium
2023-08-12,Store002,SKU001,63,123.03677921262056,60.03677921262056,3.8555729769572835,Medium
2023-08-12,Store002,SKU002,21,69.96673648206799,48.96673648206799,4.284589442180948,Medium
2023-08-12,Store003,SKU001,78,100.63785736966793,22.637857369667927,1.821436799858339,High
2023-08-12,Store003,SKU003,14,34.91223101839784,20.91223101839784,2.4811121547251673,High
2023-08-13,Store001,SKU001,13,92.78266391216064,79.78266391216064,6.980983092314056,Medium
2023-08-13,Store001,SKU002,53,70.88924483379273,17.88924483379273,1.5087314920066157,High
2023-08-13,Store001,SKU003,28,46.08725842167996,18.087258421679962,1.5072715351399968,High
2023-08-13,Store002,SKU001,25,129.03677921262056,104.03677921262056,6.3326735172899475,Medium
2023-08-13,Store002,SKU002,22,63.53816505349654,41.53816505349654,4.095312047527829,Medium
2023-08-13,Store002,SKU003,26,51.7898232661439,25.789823266143898,1.861121266628941,High
2023-08-13,Store003,SKU001,21,96.63785736966793,75.63785736966793,6.379096404670789,Medium
2023-08-13,Store003,SKU002,33,56.91259780301465,23.91259780301465,2.5752028403246543,High
2023-08-13,Store003,SKU003,22,39.197945304112125,17.197945304112125,1.744719088822969,High
2023-08-14,Store001,SKU001,72,89.78266391216064,17.782663912160643,1.616605810196422,High
2023-08-14,Store001,SKU002,66,69.4606734052213,3.4606734052213,0.2990705411919642,High
2023-08-14,Store002,SKU001,99,131.03677921262056,32.03677921262056,1.9167303802422555,High
2023-08-14,Store002,SKU002,21,63.53816505349654,42.53816505349654,4.193903596823603,Medium
2023-08-14,Store002,SKU003,47,54.7898232661439,7.789823266143898,0.5243150275289162,High
2023-08-14,Store003,SKU001,19,96.63785736966793,77.63785736966793,6.547771103465969,Medium
2023-08-14,Store003,SKU002,41,69.05545494587179,28.055454945871787,2.3949778612329577,High
2023-08-15,Store001,SKU001,91,91.78266391216064,0.7826639121606433,0.06934996690031016,High
2023-08-15,Store001,SKU002,62,63.03210197664988,1.0321019766498765,0.1003432477298491,High
2023-08-15,Store002,SKU001,19,124.03677921262056,105.03677921262056,6.684158677166763,Medium
2023-08-15,Store003,SKU001,67,92.63785736966793,25.637857369667927,2.2717088808566515,High
2023-08-15,Store003,SKU002,71,73.34116923158608,2.341169231586079,0.1862293706943472,High
2023-08-16,Store001,SKU001,23,97.78266391216064,74.78266391216064,6.158572322177935,Medium
2023-08-16,Store002,SKU001,89,121.03677921262056,32.03677921262056,2.095864060638728,High
2023-08-16,Store003,SKU001,84,85.63785736966793,1.6378573696679268,0.15923613316215954,High
2023-08-16,Store003,SKU002,64,75.48402637444322,11.484026374443218,0.8833866441879399,High
2023-08-17,Store001,SKU001,55,97.78266391216064,42.78266391216064,3.5232782045308766,Medium
2023-08-17,Store002,SKU001,99,113.03677921262056,14.036779212620559,0.9924995402863022,High
2023-08-17,Store002,SKU003,52,61.64696612328676,9.64696612328676,0.562739690525061,High
2023-08-17,Store003,SKU002,59,73.34116923158608,14.341169231586079,1.1407748252398018,High
2023-08-18,Store001,SKU001,52,122.78266391216064,70.78266391216064,4.504351339864768,Medium
2023-08-18,Store001,SKU003,41,44.801544135965685,3.8015441359656847,0.3285285055772814,High
2023-08-18,Store002,SKU001,96,100.03677921262056,4.036779212620559,0.32857505219004546,High
2023-08-18,Store003,SKU001,80,90.63785736966793,10.637857369667927,0.9670779426970842,High
2023-08-19,Store001,SKU001,64,129.78266391216064,65.78266391216064,3.9357149349155938,Medium
2023-08-19,Store001,SKU003,19,40.94440127882282,21.944401278822824,2.13348345766333,High
2023-08-19,Store002,SKU001,64,110.03677921262056,46.03677921262056,3.3568484842535824,Medium
2023-08-19,Store002,SKU002,48,77.10959362492513,29.109593624925125,2.264079504160843,High
2023-08-19,Store003,SKU001,11,95.63785736966793,84.63785736966793,7.225182946191165,Low
2023-08-19,Store003,SKU002,40,70.48402637444322,30.484026374443218,2.5403355312036013,High
2023-08-20,Store001,SKU001,87,136.78266391216064,49.78266391216064,2.8103116724606814,High
2023-08-20,Store001,SKU002,42,72.31781626236415,30.317816262364147,2.496761339253518,High
2023-08-20,Store001,SKU003,11,37.94440127882282,26.944401278822824,2.901704753103996,High
2023-08-20,Store002,SKU001,80,98.03677921262056,18.03677921262056,1.5030649343850466,High
2023-08-20,Store002,SKU002,77,83.53816505349654,6.538165053496542,0.46229449873207873,High
2023-08-20,Store003,SKU001,82,97.63785736966793,15.637857369667927,1.3031547808056605,High
2023-08-20,Store003,SKU002,13,71.19831208872893,58.198312088728926,4.792802172012971,Medium
2023-08-21,Store001,SKU001,10,133.78266391216064,123.78266391216064,7.160980556901856,Low
2023-08-21,Store001,SKU002,22,69.4606734052213,47.4606734052213,4.101539676994434,Medium
2023-08-21,Store001,SKU003,11,34.94440127882282,23.944401278822824,2.88984153365103,High
2023-08-21,Store002,SKU001,85,88.03677921262056,3.0367792126205586,0.28726289849113396,High
2023-08-21,Store002,SKU002,82,82.10959362492513,0.10959362492512525,0.00790881829356574,High
2023-08-21,Store003,SKU001,34,111.63785736966793,77.63785736966793,5.545561240690566,Medium
2023-08-21,Store003,SKU002,26,67.62688351730037,41.62688351730037,3.6423523077637823,Medium
2023-08-22,Store001,SKU001,58,126.78266391216064,68.78266391216064,4.223496906887057,Medium
2023-08-22,Store001,SKU002,37,70.17495911950701,33.17495911950701,2.8320087053237692,High
2023-08-22,Store001,SKU003,29,35.372972707394254,6.372972707394254,0.7561154059620301,High
2023-08-22,Store002,SKU001,55,96.03677921262056,41.03677921262056,3.5031396888822433,Medium
2023-08-22,Store002,SKU002,90,91.3953079106394,1.3953079106394028,0.08879232158614382,High
2023-08-22,Store003,SKU001,32,106.63785736966793,74.63785736966793,5.6179032428782305,Medium
2023-08-22,Store003,SKU002,57,68.34116923158608,11.341169231586079,0.9801010447049698,High
2023-08-23,Store001,SKU001,91,132.78266391216064,41.78266391216064,2.4373220615427043,High
2023-08-23,Store001,SKU002,64,69.4606734052213,5.4606734052213,0.4719100473648037,High
2023-08-23,Store002,SKU001,14,105.03677921262056,91.03677921262056,7.002829170201581,Low
2023-08-23,Store002,SKU002,59,87.10959362492513,28.109593624925125,1.8919918786007295,High
2023-08-23,Store003,SKU001,17,109.63785736966793,92.63785736966793,6.754843766538286,Medium
2023-08-23,Store003,SKU002,32,67.62688351730037,35.62688351730037,3.1173523077637824,Medium
2023-08-24,Store001,SKU001,22,133.78266391216064,111.78266391216064,6.466765680868798,Medium
2023-08-24,Store001,SKU002,39,66.60353054807844,27.60353054807844,2.5094118680071307,High
2023-08-24,Store002,SKU001,43,107.03677921262056,64.03677921262056,4.819972628906924,Medium
2023-08-24,Store002,SKU002,40,79.96673648206797,39.96673648206797,2.976246333771019,High
2023-08-24,Store002,SKU003,22,44.07553755185819,22.07553755185819,1.956060289405156,High
2023-08-24,Store003,SKU001,67,123.63785736966793,56.63785736966793,3.6042272871606866,Medium
2023-08-24,Store003,SKU002,60,77.62688351730036,17.626883517300357,1.3126402619266222,High
2023-08-25,Store001,SKU001,18,127.78266391216063,109.78266391216063,6.682423020740213,Medium
2023-08-25,Store001,SKU002,22,62.317816262364154,40.317816262364154,3.9749959695288606,Medium
2023-08-25,Store002,SKU001,83,116.03677921262056,33.03677921262056,2.267229945964156,High
2023-08-25,Store002,SKU002,21,80.6810221963537,59.681022196353695,4.397549003941851,Medium
2023-08-25,Store003,SKU001,62,82.63785736966793,20.637857369667927,1.2898660856042454,High
2023-08-25,Store003,SKU002,41,73.34116923158608,32.34116923158608,2.5725930070579834,High
2023-08-26,Store001,SKU001,85,102.78266391216064,17.782663912160643,1.383096082056939,High
2023-08-26,Store001,SKU002,13,68.03210197664987,55.03210197664987,4.876262200462646,Medium
2023-08-26,Store001,SKU003,11,43.08725842167996,32.08725842167996,2.9170234928799967,High
2023-08-26,Store002,SKU001,47,101.03677921262056,54.03677921262056,4.347786833199355,Medium
2023-08-26,Store002,SKU002,60,74.25245076778226,14.252450767782264,1.1600832020287888,High
2023-08-26,Store003,SKU001,98,116.63785736966793,18.637857369667927,1.2666505008512183,High
2023-08-26,Store003,SKU002,53,77.62688351730036,24.626883517300357,1.8339168576713032,High
2023-08-27,Store001,SKU001,66,109.78266391216064,43.78266391216064,3.159573684382727,Medium
2023-08-27,Store001,SKU003,29,42.65868699310853,13.658686993108532,1.2580369598915753,High
2023-08-27,Store002,SKU001,40,97.03677921262056,57.03677921262056,4.810330776967999,Medium
2023-08-27,Store002,SKU002,62,83.53816505349654,21.53816505349654,1.5229005593381393,High
2023-08-27,Store003,SKU001,75,140.63785736966793,65.63785736966793,3.6178346581706733,Medium
2023-08-27,Store003,SKU002,22,75.48402637444322,53.48402637444322,4.114155874957171,Medium
2023-08-28,Store001,SKU001,98,107.78266391216064,9.782663912160643,0.7208278672118369,High
2023-08-28,Store001,SKU002,57,68.03210197664987,11.03210197664987,0.9775280232474567,High
2023-08-28,Store002,SKU003,26,37.64696612328675,11.646966123286752,1.2738869197344886,High
2023-08-28,Store003,SKU001,87,132.63785736966793,45.63785736966793,2.684579845274584,High
2023-08-29,Store001,SKU001,48,109.78266391216064,61.78266391216064,4.458542756547675,Medium
2023-08-29,Store002,SKU002,10,76.3953079106394,66.3953079106394,5.222102869376133,Medium
2023-08-29,Store003,SKU001,60,137.63785736966793,77.63785736966793,4.382782270868351,Medium
2023-08-30,Store001,SKU001,62,102.78266391216064,40.78266391216064,3.171984970945828,Medium
2023-08-30,Store001,SKU003,17,37.08725842167996,20.087258421679962,2.2319176024088847,High
2023-08-30,Store002,SKU001,20,82.03677921262056,62.03677921262056,6.386139036593294,Medium
2023-08-30,Store002,SKU002,17,80.6810221963537,63.681022196353695,4.692285846047114,Medium
2023-08-30,Store003,SKU001,86,140.63785736966793,54.63785736966793,3.011535445572248,Medium
2023-08-30,Store003,SKU003,18,46.91223101839784,28.91223101839784,2.3262714612504007,High
2023-08-31,Store001,SKU001,69,89.78266391216064,20.782663912160643,1.889333082923695,High
2023-08-31,Store001,SKU002,34,70.88924483379273,36.88924483379273,3.1111411305608327,Medium
2023-08-31,Store002,SKU001,36,83.03677921262056,47.03677921262056,4.7718471664977375,Medium
2023-08-31,Store002,SKU002,28,81.3953079106394,53.3953079106394,3.893407868484123,Medium
2023-08-31,Store003,SKU001,80,125.63785736966793,45.63785736966793,2.8523660856042454,High
2023-09-01,Store001,SKU001,40,88.78266391216064,48.78266391216064,4.493140097172691,Medium
2023-09-01,Store001,SKU002,47,70.17495911950701,23.174959119507008,1.9783501687384033,High
2023-09-01,Store002,SKU002,61,85.6810221963537,24.681022196353695,1.693795640926234,High
2023-09-01,Store002,SKU003,13,40.21839469471533,27.21839469471533,2.721839469471533,High
2023-09-01,Store003,SKU001,55,122.63785736966793,67.63785736966793,4.343715610896106,Medium
2023-09-02,Store001,SKU001,89,93.78266391216064,4.782663912160643,0.41331663438425315,High
2023-09-02,Store002,SKU001,95,96.03677921262056,1.0367792126205586,0.0885055425407794,High
2023-09-02,Store002,SKU002,51,79.25245076778226,28.252450767782264,2.1265285524137187,High
2023-09-02,Store003,SKU001,54,122.63785736966793,68.63785736966793,4.407935794382344,Medium
2023-09-02,Store003,SKU002,13,34.91259780301465,21.91259780301465,2.1303914530708683,High
2023-09-03,Store001,SKU001,61,102.78266391216064,41.78266391216064,3.2497627487236054,Medium
2023-09-03,Store001,SKU002,19,68.74638769093559,49.74638769093559,4.352808922956864,Medium
2023-09-03,Store002,SKU001,47,113.03677921262056,66.03677921262056,4.669267217053979,Medium
2023-09-03,Store002,SKU002,27,70.6810221963537,43.681022196353695,3.774903152771307,Medium
2023-09-03,Store003,SKU001,13,104.63785736966793,91.63785736966793,7.049065951512917,Low
2023-09-03,Store003,SKU003,24,37.055088161254986,13.055088161254986,1.427900267637264,High
2023-09-04,Store001,SKU001,47,105.78266391216064,58.78266391216064,4.4245015847862845,Medium
2023-09-04,Store001,SKU002,58,71.60353054807844,13.603530548078439,1.1336275456732032,High
2023-09-04,Store001,SKU003,15,31.515829850251396,16.515829850251396,2.3122161790351954,High
2023-09-04,Store002,SKU001,28,124.03677921262056,96.03677921262056,6.11143140443949,Medium
2023-09-04,Store002,SKU002,38,70.6810221963537,32.681022196353695,2.8242858688206898,High
2023-09-04,Store003,SKU001,48,105.63785736966793,57.63785736966793,4.385489147692125,Medium
2023-09-04,Store003,SKU003,30,35.769373875540694,5.769373875540694,0.6620592971931945,High
2023-09-05,Store001,SKU001,10,109.78266391216064,99.78266391216064,7.200810797784788,Low
2023-09-05,Store001,SKU003,29,31.944401278822824,2.9444012788228235,0.4041335088580346,High
2023-09-05,Store002,SKU001,99,122.03677921262056,23.03677921262056,1.493124578595777,High
2023-09-05,Store002,SKU002,59,64.96673648206799,5.9667364820679865,0.5721528133489849,High
2023-09-05,Store003,SKU001,87,114.63785736966793,27.637857369667927,1.9154950652245097,High
2023-09-05,Store003,SKU002,18,59.05545494587179,41.05545494587179,4.226296832663272,Medium
2023-09-06,Store001,SKU001,90,113.78266391216064,23.782663912160643,1.6483034394566782,High
2023-09-06,Store001,SKU002,24,69.4606734052213,45.4606734052213,3.928700170821594,Medium
2023-09-06,Store002,SKU001,90,124.03677921262056,34.03677921262056,2.1659768589849446,High
2023-09-06,Store003,SKU001,81,121.63785736966793,40.63785736966793,2.633935199885884,High
2023-09-06,Store003,SKU003,20,31.055088161254986,11.055088161254986,1.547712342575698,High
2023-09-07,Store001,SKU001,37,122.78266391216064,85.78266391216064,5.458896794410223,Medium
2023-09-07,Store001,SKU002,35,73.74638769093559,38.74638769093559,3.1175254463971167,Medium
2023-09-07,Store002,SKU001,20,121.03677921262056,101.03677921262056,6.609882752227513,Medium
2023-09-07,Store002,SKU003,31,37.64696612328675,6.646966123286752,0.7270119197344885,High
2023-09-07,Store003,SKU001,88,131.63785736966793,43.63785736966793,2.588686454132843,High
2023-09-07,Store003,SKU002,12,65.48402637444322,53.48402637444322,4.862184215858474,Medium
2023-09-08,Store001,SKU001,32,124.78266391216064,92.78266391216064,5.79891649451004,Medium
2023-09-08,Store001,SKU002,63,75.17495911950701,12.174959119507008,0.9575810543432479,High
2023-09-08,Store002,SKU001,85,96.03677921262056,11.036779212620559,0.702340495348581,High
2023-09-08,Store002,SKU003,21,38.93268040900104,17.932680409001037,1.873563624821004,High
2023-09-08,Store003,SKU001,87,136.63785736966793,49.63785736966793,2.8249187120949224,High
2023-09-08,Store003,SKU002,53,58.34116923158608,5.341169231586079,0.5580326062851128,High
2023-09-09,Store001,SKU001,77,128.78266391216064,51.78266391216064,3.1248159257338317,Medium
2023-09-09,Store001,SKU002,65,73.74638769093559,8.746387690935592,0.7037323429488407,High
2023-09-09,Store002,SKU001,49,108.03677921262056,59.03677921262056,4.396355898812169,Medium
2023-09-09,Store002,SKU002,32,69.96673648206799,37.96673648206799,3.322089442180949,Medium
2023-09-09,Store002,SKU003,13,37.64696612328675,24.646966123286752,2.6957619197344886,High
2023-09-09,Store003,SKU001,18,127.63785736966793,109.63785736966793,6.732149136733996,Medium
2023-09-09,Store003,SKU002,45,62.62688351730037,17.62688351730037,1.6902491043986656,High
2023-09-10,Store001,SKU001,75,118.78266391216064,43.78266391216064,2.891307994199288,High
2023-09-10,Store001,SKU003,30,33.23011556453711,3.2301155645371082,0.41871868429184733,High
2023-09-10,Store002,SKU001,46,86.03677921262056,40.03677921262056,3.892464645671443,Medium
2023-09-10,Store002,SKU002,68,69.25245076778226,1.252450767782264,0.11097665030982086,High
2023-09-11,Store001,SKU001,59,117.78266391216064,58.78266391216064,3.9188442608107095,Medium
2023-09-11,Store001,SKU002,36,67.31781626236415,31.317816262364147,2.8105732543147313,High
2023-09-11,Store002,SKU001,78,85.03677921262056,7.036779212620559,0.6937669646245621,High
2023-09-11,Store002,SKU002,29,72.10959362492513,43.109593624925125,3.635748859933444,Medium
2023-09-12,Store001,SKU001,52,117.78266391216064,65.78266391216064,4.385510927477376,Medium
2023-09-12,Store001,SKU002,61,65.17495911950701,4.174959119507008,0.38966285115398747,High
2023-09-12,Store002,SKU001,35,91.03677921262056,56.03677921262056,5.094252655692778,Medium
2023-09-12,Store002,SKU002,68,76.3953079106394,8.395307910639403,0.6603051165671441,High
2023-09-12,Store002,SKU003,14,35.07553755185819,21.07553755185819,2.5435993597070228,High
2023-09-12,Store003,SKU001,46,99.63785736966793,53.63785736966793,4.365872111484599,Medium
2023-09-13,Store001,SKU001,69,109.78266391216064,40.78266391216064,2.943078839021902,High
2023-09-13,Store002,SKU002,57,70.6810221963537,13.681022196353695,1.1823105601787143,High
2023-09-13,Store002,SKU003,15,32.504108980429606,17.504108980429606,2.3563223627501393,High
2023-09-13,Store003,SKU001,65,88.63785736966793,23.637857369667927,2.2062000211690065,High
2023-09-14,Store001,SKU001,71,105.78266391216064,34.78266391216064,2.618049971883059,High
2023-09-14,Store001,SKU002,38,58.74638769093559,20.74638769093559,2.2003744520689263,High
2023-09-14,Store002,SKU001,24,100.03677921262056,76.03677921262056,6.1890401684691145,Medium
2023-09-14,Store002,SKU002,62,74.96673648206799,12.966736482067986,1.0433006364882287,High
2023-09-14,Store003,SKU002,66,71.91259780301465,5.912597803014648,0.4812579607104946,High
2023-09-15,Store001,SKU001,33,95.78266391216064,62.78266391216064,5.294923462471379,Medium
2023-09-15,Store001,SKU002,21,58.03210197664988,37.03210197664988,3.988072520562294,Medium
2023-09-15,Store002,SKU001,94,102.03677921262056,8.036779212620559,0.6392892555493627,High
2023-09-15,Store002,SKU002,50,71.3953079106394,21.395307910639403,1.8264287240789736,High
2023-09-15,Store003,SKU001,15,78.63785736966793,63.63785736966793,6.853307716733468,Medium
2023-09-16,Store001,SKU001,11,89.78266391216064,78.78266391216064,7.162060355650968,Low
2023-09-16,Store001,SKU002,45,58.74638769093559,13.746387690935592,1.457950209644684,High
2023-09-16,Store002,SKU002,21,73.53816505349654,52.53816505349654,4.326672416170304,Medium
2023-09-16,Store002,SKU003,11,27.361251837572468,16.361251837572468,2.8632190715751817,High
2023-09-16,Store003,SKU001,18,79.63785736966793,61.63785736966793,6.537348508904174,Medium
2023-09-17,Store001,SKU001,19,73.78266391216063,54.78266391216063,6.286535203034827,Medium
2023-09-17,Store001,SKU002,46,60.88924483379274,14.889244833792738,1.5105030990804227,High
2023-09-17,Store001,SKU003,33,39.2301155645371,6.230115564537101,0.6413354257611722,High
2023-09-17,Store002,SKU001,78,132.03677921262056,54.03677921262056,3.205571648206304,Medium
2023-09-17,Store002,SKU002,10,74.96673648206799,64.96673648206799,5.22720868246524,Medium
2023-09-17,Store002,SKU003,15,23.932680409001037,8.932680409001037,1.9540238394689768,High
2023-09-17,Store003,SKU001,29,83.63785736966793,54.63785736966793,5.463785736966793,Medium
2023-09-18,Store001,SKU001,22,72.78266391216064,50.78266391216064,5.924644123085408,Medium
2023-09-18,Store002,SKU001,76,128.03677921262056,52.03677921262056,3.1952408288451224,Medium
2023-09-18,Store003,SKU001,88,102.63785736966793,14.637857369667927,1.151292152670511,High
2023-09-18,Store003,SKU002,25,72.62688351730037,47.62688351730037,3.832048099093133,Medium
2023-09-18,Store003,SKU003,19,34.055088161254986,15.055088161254986,1.8488704759435948,High
2023-09-19,Store001,SKU001,22,40.78266391216064,18.782663912160643,1.7299822024358487,High
2023-09-19,Store001,SKU002,27,62.317816262364154,35.317816262364154,3.482038223049987,Medium
2023-09-19,Store001,SKU003,33,35.801544135965685,2.8015441359656847,0.32684681586266323,High
2023-09-19,Store002,SKU001,93,126.03677921262056,33.03677921262056,2.064798700788785,High
2023-09-19,Store002,SKU002,68,77.82387933921083,9.823879339210833,0.7556830260931411,High
2023-09-19,Store003,SKU001,37,115.63785736966793,78.63785736966793,5.396715701839955,Medium
2023-09-20,Store001,SKU001,79,87.78266391216064,8.782663912160643,0.8197152984683268,High
2023-09-20,Store001,SKU002,55,63.74638769093559,8.746387690935592,0.8386947100897143,High
2023-09-20,Store002,SKU001,43,127.03677921262056,84.03677921262056,5.205818181312778,Medium
2023-09-20,Store002,SKU002,20,83.53816505349654,63.53816505349654,4.492597529035109,Medium
2023-09-20,Store003,SKU001,84,119.63785736966793,35.63785736966793,2.353443411204486,High
2023-09-20,Store003,SKU002,12,68.34116923158608,56.34116923158608,4.868989933593859,Medium
2023-09-21,Store001,SKU001,28,92.78266391216064,64.78266391216064,5.668483092314056,Medium
2023-09-21,Store001,SKU002,48,61.603530548078446,13.603530548078446,1.3603530548078446,High
2023-09-21,Store002,SKU001,35,52.03677921262056,17.03677921262056,1.282338220304773,High
2023-09-21,Store002,SKU002,14,82.10959362492513,68.10959362492513,4.915125313138926,Medium
2023-09-21,Store003,SKU001,50,94.63785736966793,44.63785736966793,2.947783033845995,High
2023-09-21,Store003,SKU002,57,65.48402637444322,8.484026374443218,0.7712751249493834,High
2023-09-22,Store001,SKU001,24,86.78266391216064,62.78266391216064,5.93890064033952,Medium
2023-09-22,Store001,SKU002,35,59.4606734052213,24.4606734052213,2.555592743829091,High
2023-09-22,Store002,SKU001,52,95.03677921262056,43.03677921262056,3.7192278331894313,Medium
2023-09-22,Store002,SKU002,77,84.96673648206797,7.966736482067972,0.5521500532126318,High
2023-09-22,Store002,SKU003,12,28.646966123286756,16.646966123286756,2.7099712293722624,High
2023-09-22,Store003,SKU001,51,115.63785736966793,64.63785736966793,4.435931388114466,Medium
2023-09-22,Store003,SKU002,56,61.91259780301465,5.912597803014648,0.574835897515313,High
2023-09-22,Store003,SKU003,10,37.055088161254986,27.055088161254986,2.959150267637264,High
2023-09-23,Store002,SKU001,44,95.03677921262056,51.03677921262056,4.410585857880789,Medium
2023-09-23,Store003,SKU001,18,125.63785736966793,107.63785736966793,6.727366085604245,Medium
2023-09-23,Store003,SKU002,31,69.05545494587179,38.05545494587179,3.2486363978183235,Medium
2023-09-24,Store002,SKU002,58,73.53816505349654,15.538165053496542,1.2796135926408918,High
2023-09-24,Store003,SKU001,55,117.63785736966793,62.63785736966793,4.216009630650726,Medium
2023-09-24,Store003,SKU002,42,71.91259780301465,29.91259780301465,2.4347463328035177,High
2023-09-24,Store003,SKU003,12,41.34080244696927,29.34080244696927,2.7754813125511473,High
2023-09-25,Store001,SKU001,52,98.78266391216064,46.78266391216064,3.8078912486642382,Medium
2023-09-25,Store001,SKU002,60,60.88924483379274,0.8892448337927377,0.0902132440079589,High
2023-09-25,Store002,SKU001,67,76.03677921262056,9.036779212620559,1.020281524005547,High
2023-09-25,Store002,SKU002,27,71.3953079106394,44.3953079106394,3.789843358225315,Medium
2023-09-25,Store002,SKU003,18,30.361251837572468,12.361251837572468,1.841037507723559,High
2023-09-25,Store003,SKU001,21,105.63785736966793,84.63785736966793,6.439836973779082,Medium
2023-09-25,Store003,SKU002,12,74.05545494587179,62.05545494587179,4.88076611933823,Medium
2023-09-25,Store003,SKU003,22,42.197945304112125,20.197945304112125,1.8603370674840114,High
2023-09-26,Store001,SKU001,22,86.78266391216064,64.78266391216064,6.12808982952871,Medium
2023-09-26,Store001,SKU002,20,59.4606734052213,39.4606734052213,4.1227569229335685,Medium
2023-09-26,Store002,SKU001,33,80.03677921262056,47.03677921262056,4.988749310429453,Medium
2023-09-26,Store002,SKU002,58,67.82387933921083,9.823879339210833,0.8930799399282576,High
2023-09-26,Store002,SKU003,15,25.218394694715325,10.218394694715325,2.043678938943065,High
2023-09-26,Store003,SKU001,29,92.63785736966793,63.63785736966793,5.638797488451588,Medium
2023-09-26,Store003,SKU002,64,74.05545494587179,10.055454945871787,0.7908784788887923,High
2023-09-27,Store001,SKU001,45,85.78266391216064,40.78266391216064,3.910666402535952,Medium
2023-09-27,Store002,SKU001,26,85.03677921262056,59.03677921262056,5.8205275280048445,Medium
2023-09-27,Store003,SKU001,87,88.63785736966793,1.6378573696679268,0.15286668783567317,High
2023-09-28,Store001,SKU001,59,78.78266391216064,19.782663912160643,2.098161324017038,High
2023-09-28,Store001,SKU002,41,68.03210197664987,27.03210197664987,2.3952495422347986,High
2023-09-28,Store001,SKU003,39,40.51582985025139,1.515829850251393,0.14944801340506692,High
2023-09-28,Store002,SKU001,38,87.03677921262056,49.03677921262056,4.702156910799231,Medium
2023-09-28,Store003,SKU002,62,66.91259780301465,4.912597803014648,0.4352934762164878,High
2023-09-29,Store001,SKU002,65,74.4606734052213,9.4606734052213,0.7525535663244216,High
2023-09-29,Store002,SKU001,77,93.03677921262056,16.03677921262056,1.4209804365613152,High
2023-09-29,Store002,SKU002,46,65.6810221963537,19.681022196353695,1.8617183158712955,High
2023-09-29,Store002,SKU003,21,34.64696612328675,13.646966123286752,1.6759432081229346,High
2023-09-29,Store003,SKU001,35,86.63785736966793,51.63785736966793,4.951575364214732,Medium
2023-09-29,Store003,SKU002,15,67.62688351730037,52.62688351730037,4.604852307763783,Medium
2023-09-29,Store003,SKU003,14,40.483659589826416,26.483659589826416,2.5748002378997903,High
2023-09-30,Store001,SKU002,49,75.17495911950701,26.174959119507008,2.058704649848866,High
2023-09-30,Store002,SKU001,38,95.03677921262056,57.03677921262056,4.929104376399308,Medium
2023-09-30,Store002,SKU002,25,64.25245076778226,39.252450767782264,3.816210491312164,Medium
2023-09-30,Store002,SKU003,27,38.504108980429606,11.504108980429606,1.220132770651625,High
2023-09-30,Store003,SKU002,33,58.34116923158608,25.34116923158608,2.647584845091083,High
2023-10-01,Store001,SKU001,23,69.78266391216064,46.78266391216064,5.745239427809202,Medium
2023-10-01,Store002,SKU001,55,95.03677921262056,40.03677921262056,3.4599685739301718,Medium
2023-10-01,Store002,SKU002,10,61.3953079106394,51.3953079106394,5.290693461389351,Medium
2023-10-01,Store003,SKU002,28,59.05545494587179,31.055454945871787,3.19688506795739,Medium
2023-10-01,Store003,SKU003,34,35.34080244696927,1.3408024469692705,0.1564269521464149,High
2023-10-02,Store001,SKU001,55,69.78266391216064,14.782663912160643,1.815414866405693,High
2023-10-02,Store001,SKU002,65,78.03210197664987,13.03210197664987,0.9809109014682696,High
2023-10-02,Store002,SKU001,37,97.03677921262056,60.03677921262056,5.0633428251607695,Medium
2023-10-02,Store003,SKU001,27,76.63785736966793,49.63785736966793,5.515317485518659,Medium
2023-10-02,Store003,SKU002,35,59.05545494587179,24.055454945871787,2.4762968326632726,High
2023-10-03,Store001,SKU001,11,67.78266391216064,56.78266391216064,7.226884497911355,Low
2023-10-03,Store001,SKU002,68,75.88924483379273,7.889244833792731,0.6136079315172124,High
2023-10-03,Store002,SKU001,75,89.03677921262056,14.036779212620559,1.3100993931779188,High
2023-10-03,Store002,SKU002,47,60.681022196353695,13.681022196353695,1.4293605279772517,High
2023-10-03,Store002,SKU003,13,47.504108980429606,34.504108980429606,2.77619267658629,High
2023-10-03,Store003,SKU001,45,77.63785736966793,32.63785736966793,3.5697656498074295,Medium
2023-10-04,Store001,SKU001,45,75.78266391216064,30.782663912160643,3.4202959902400716,Medium
2023-10-04,Store001,SKU002,55,72.31781626236415,17.317816262364147,1.4261731039594003,High
2023-10-04,Store002,SKU001,29,87.03677921262056,58.03677921262056,5.5651706094293685,Medium
2023-10-04,Store003,SKU001,41,75.63785736966793,34.63785736966793,3.9107258320592817,Medium
2023-10-05,Store001,SKU001,10,82.78266391216064,72.78266391216064,7.278266391216064,Low
2023-10-05,Store001,SKU003,22,36.2301155645371,14.230115564537101,1.6329640811763888,High
2023-10-05,Store002,SKU001,35,89.03677921262056,54.03677921262056,5.043432726511252,Medium
2023-10-05,Store002,SKU003,39,43.21839469471533,4.218394694715329,0.3834904267923026,High
2023-10-05,Store003,SKU001,74,83.63785736966793,9.637857369667927,0.9637857369667927,High
2023-10-05,Store003,SKU002,27,61.198312088728926,34.198312088728926,3.3716645721282044,Medium
2023-10-06,Store001,SKU001,56,78.78266391216064,22.782663912160643,2.416343142198856,High
2023-10-06,Store001,SKU002,35,66.60353054807844,31.60353054807844,2.8730482316434944,High
2023-10-06,Store002,SKU001,19,84.03677921262056,65.03677921262056,6.503677921262056,Medium
2023-10-06,Store002,SKU002,29,49.96673648206799,20.966736482067986,2.822445295662998,High
2023-10-06,Store003,SKU001,73,85.63785736966793,12.637857369667927,1.2286805776066039,High
2023-10-06,Store003,SKU002,54,61.91259780301465,7.912597803014648,0.7692803419597575,High
2023-10-07,Store001,SKU001,67,101.78266391216064,34.78266391216064,2.7357151391587022,High
2023-10-07,Store001,SKU002,12,68.74638769093559,56.74638769093559,4.965308922956864,Medium
2023-10-07,Store001,SKU003,35,37.08725842167996,2.0872584216799623,0.2319176024088847,High
2023-10-07,Store002,SKU001,34,79.03677921262056,45.03677921262056,4.850114684436059,Medium
2023-10-07,Store002,SKU003,18,36.36125183757247,18.361251837572468,2.107028899393562,High
2023-10-07,Store003,SKU001,12,82.63785736966793,70.63785736966793,7.1661594432996445,Low
2023-10-08,Store001,SKU001,84,103.78266391216064,19.782663912160643,1.521743377858511,High
2023-10-08,Store002,SKU001,57,75.03677921262056,18.03677921262056,2.0697943358744904,High
2023-10-08,Store003,SKU001,50,86.63785736966793,36.63785736966793,3.513219199831171,Medium
2023-10-08,Store003,SKU002,48,58.34116923158608,10.341169231586079,1.0804206659866054,High
2023-10-08,Store003,SKU003,20,33.626516732683555,13.626516732683555,1.7033145915854444,High
2023-10-09,Store001,SKU001,71,106.78266391216064,35.78266391216064,2.6646664615438778,High
2023-10-09,Store002,SKU002,35,65.6810221963537,30.681022196353695,2.902258856411836,High
2023-10-09,Store003,SKU003,11,32.769373875540694,21.769373875540694,2.821955872755275,High
2023-10-10,Store001,SKU001,31,105.78266391216064,74.78266391216064,5.6288026600551015,Medium
2023-10-10,Store001,SKU002,52,63.74638769093559,11.746387690935592,1.1263659429664266,High
2023-10-10,Store002,SKU001,52,82.03677921262056,30.03677921262056,3.0920213895344695,Medium
2023-10-10,Store002,SKU002,20,64.25245076778226,44.252450767782264,4.302321602423276,Medium
2023-10-10,Store003,SKU002,26,54.76974066015751,28.76974066015751,3.2481965261468155,Medium
2023-10-11,Store001,SKU001,20,98.78266391216064,78.78266391216064,6.412542411454936,Medium
2023-10-11,Store001,SKU002,47,69.4606734052213,22.4606734052213,1.9410458498339396,High
2023-10-11,Store002,SKU001,28,40.03677921262056,12.036779212620559,1.1867247111034354,High
2023-10-11,Store002,SKU002,46,66.3953079106394,20.395307910639403,1.9035620716596777,High
2023-10-11,Store003,SKU001,69,93.63785736966793,24.637857369667927,2.1558125198459437,High
2023-10-11,Store003,SKU002,23,59.05545494587179,36.05545494587179,3.7115909503103315,Medium
2023-10-12,Store001,SKU001,31,96.78266391216064,65.78266391216064,5.48188865934672,Medium
2023-10-12,Store001,SKU002,59,63.03210197664988,4.0321019766498765,0.3920099143965157,High
2023-10-12,Store002,SKU002,16,70.6810221963537,54.681022196353695,4.725520436721924,Medium
2023-10-12,Store003,SKU001,15,94.63785736966793,79.63785736966793,6.882283970218216,Medium
2023-10-12,Store003,SKU002,10,64.05545494587179,54.05545494587179,5.045175794948034,Medium
2023-10-13,Store001,SKU001,53,97.78266391216064,44.78266391216064,3.6879840868838176,Medium
2023-10-13,Store002,SKU001,42,75.03677921262056,33.03677921262056,3.7911058112843268,Medium
2023-10-13,Store002,SKU002,27,71.3953079106394,44.3953079106394,3.789843358225315,Medium
2023-10-13,Store003,SKU001,40,91.63785736966793,51.63785736966793,4.634166687021481,Medium
2023-10-13,Store003,SKU002,39,61.198312088728926,22.198312088728926,2.1885659805789084,High
2023-10-14,Store001,SKU001,63,81.78266391216064,18.782663912160643,1.905487643262674,High
2023-10-14,Store002,SKU001,56,82.03677921262056,26.03677921262056,2.6802566836521167,High
2023-10-14,Store002,SKU002,36,70.6810221963537,34.681022196353695,2.997125374993529,High
2023-10-15,Store001,SKU001,55,84.78266391216064,29.782663912160643,2.89553676923784,High
2023-10-15,Store001,SKU003,27,37.08725842167996,10.087258421679962,1.1208064912977735,High
2023-10-15,Store002,SKU001,82,88.03677921262056,6.036779212620559,0.5710466822749177,High
2023-10-15,Store002,SKU003,12,32.93268040900104,20.932680409001037,2.7646936389246655,High
2023-10-15,Store003,SKU001,83,88.63785736966793,5.637857369667927,0.5262000211690065,High
2023-10-15,Store003,SKU002,35,61.198312088728926,26.198312088728926,2.582932177762007,High
2023-10-16,Store001,SKU001,30,79.78266391216064,49.78266391216064,5.201173841569022,Medium
2023-10-16,Store001,SKU002,25,64.4606734052213,39.4606734052213,3.7327664031966097,Medium
2023-10-16,Store002,SKU001,79,84.03677921262056,5.036779212620559,0.5036779212620559,High
2023-10-16,Store002,SKU002,19,62.109593624925125,43.109593624925125,4.373437034412694,Medium
2023-10-16,Store002,SKU003,11,33.36125183757247,22.361251837572468,2.898680793759394,High
2023-10-16,Store003,SKU001,16,83.63785736966793,67.63785736966793,6.763785736966793,Medium
2023-10-16,Store003,SKU002,52,62.62688351730037,10.62688351730037,1.0190162276863368,High
2023-10-17,Store001,SKU001,22,80.78266391216064,58.78266391216064,6.051156579193008,Medium
2023-10-17,Store001,SKU002,45,62.317816262364154,17.317816262364154,1.7073903357260434,High
2023-10-17,Store001,SKU003,12,35.372972707394254,23.372972707394254,2.773064558504403,High
2023-10-17,Store002,SKU001,47,92.03677921262056,45.03677921262056,4.04176223703005,Medium
2023-10-17,Store002,SKU002,33,40.96673648206799,7.9667364820679865,0.7639336352667933,High
2023-10-17,Store003,SKU001,39,87.63785736966793,48.63785736966793,4.600878399833452,Medium
2023-10-17,Store003,SKU002,40,61.91259780301465,21.91259780301465,2.1303914530708683,High
2023-10-18,Store001,SKU002,13,56.603530548078446,43.603530548078446,4.844836727564272,Medium
2023-10-18,Store002,SKU001,87,92.03677921262056,5.036779212620559,0.4520186472864604,High
2023-10-18,Store002,SKU002,31,62.109593624925125,31.109593624925125,3.1560457300648674,Medium
2023-10-18,Store002,SKU003,18,34.21839469471533,16.21839469471533,2.027299336839416,High
2023-10-18,Store003,SKU001,25,86.63785736966793,61.63785736966793,5.910479473803774,Medium
2023-10-18,Store003,SKU002,40,58.34116923158608,18.34116923158608,1.9162415615089934,High
2023-10-19,Store001,SKU001,41,86.78266391216064,45.78266391216064,4.3307925322314125,Medium
2023-10-19,Store001,SKU002,40,63.74638769093559,23.74638769093559,2.277050874473276,High
2023-10-19,Store001,SKU003,27,32.801544135965685,5.801544135965685,0.7662416783350905,High
2023-10-19,Store002,SKU001,97,99.03677921262056,2.0367792126205586,0.16773475868639895,High
2023-10-19,Store002,SKU002,11,62.82387933921083,51.82387933921083,5.182387933921083,Medium
2023-10-19,Store003,SKU001,68,93.63785736966793,25.637857369667927,2.2433125198459436,High
2023-10-20,Store001,SKU001,19,109.78266391216064,90.78266391216064,6.5513262617023145,Medium
2023-10-20,Store001,SKU003,31,36.65868699310854,5.658686993108539,0.6388840153509641,High
2023-10-20,Store002,SKU001,22,122.03677921262056,100.03677921262056,6.483865319336518,Medium
2023-10-20,Store002,SKU002,54,61.3953079106394,7.395307910639403,0.761281696683468,High
2023-10-20,Store003,SKU001,17,87.63785736966793,70.63785736966793,6.681959480914534,Medium
2023-10-21,Store001,SKU001,10,112.78266391216064,102.78266391216064,7.194786473851245,Low
2023-10-21,Store001,SKU003,22,41.801544135965685,19.801544135965685,1.873119039888646,High
2023-10-21,Store002,SKU001,17,117.03677921262056,100.03677921262056,6.798616062993631,Medium
2023-10-21,Store003,SKU001,63,89.63785736966793,26.637857369667927,2.45348686299573,High
2023-10-21,Store003,SKU002,12,65.48402637444322,53.48402637444322,4.862184215858474,Medium
2023-10-22,Store001,SKU001,87,109.78266391216064,22.782663912160643,1.6441097668569535,High
2023-10-22,Store001,SKU002,20,66.60353054807844,46.60353054807844,4.236684595279858,Medium
2023-10-22,Store002,SKU001,74,117.03677921262056,43.03677921262056,2.92482965522664,High
2023-10-22,Store002,SKU003,24,40.21839469471533,16.21839469471533,1.6218394694715328,High
2023-10-22,Store003,SKU001,22,89.63785736966793,67.63785736966793,6.229802652469414,Medium
2023-10-22,Store003,SKU002,59,61.198312088728926,2.198312088728926,0.21673499466341525,High
2023-10-23,Store001,SKU001,72,112.78266391216064,40.78266391216064,2.8547864738512447,High
2023-10-23,Store002,SKU001,28,139.03677921262056,111.03677921262056,6.2180596359067515,Medium
2023-10-23,Store003,SKU001,72,93.63785736966793,21.637857369667927,1.8933125198459435,High
2023-10-23,Store003,SKU002,18,59.05545494587179,41.05545494587179,4.226296832663272,Medium
2023-10-24,Store001,SKU001,62,117.78266391216064,55.78266391216064,3.7188442608107097,Medium
2023-10-24,Store001,SKU002,42,74.4606734052213,32.4606734052213,2.582099020869876,High
2023-10-24,Store002,SKU001,87,124.03677921262056,37.03677921262056,2.3568859498940355,High
2023-10-24,Store002,SKU002,42,60.681022196353695,18.681022196353695,1.9517485876787444,High
2023-10-24,Store003,SKU001,45,93.63785736966793,48.63785736966793,4.255812519845944,Medium
2023-10-24,Store003,SKU002,42,64.76974066015751,22.76974066015751,2.097212955540823,High
2023-10-25,Store001,SKU001,43,122.78266391216064,79.78266391216064,5.077078612592041,Medium
2023-10-25,Store001,SKU002,31,77.31781626236415,46.31781626236415,3.5241816721364025,Medium
2023-10-25,Store002,SKU001,34,117.03677921262056,83.03677921262056,5.643276257168388,Medium
2023-10-25,Store003,SKU001,34,97.63785736966793,63.63785736966793,5.30315478080566,Medium
2023-10-25,Store003,SKU002,39,66.19831208872893,27.198312088728926,2.440874161809006,High
2023-10-26,Store001,SKU001,39,129.78266391216064,90.78266391216064,5.4314414306420895,Medium
2023-10-26,Store002,SKU001,65,124.03677921262056,59.03677921262056,3.756885949894036,Medium
2023-10-26,Store002,SKU002,26,55.681022196353695,29.681022196353695,3.462785922907931,Medium
2023-10-26,Store003,SKU001,56,91.63785736966793,35.63785736966793,3.198269251124045,Medium
2023-10-27,Store001,SKU001,43,112.78266391216064,69.78266391216064,4.8847864738512445,Medium
2023-10-27,Store001,SKU002,67,68.03210197664987,1.0321019766498694,0.09145207388036816,High
2023-10-27,Store001,SKU003,25,44.372972707394254,19.372972707394254,1.6951351118969973,High
2023-10-27,Store002,SKU001,43,105.03677921262056,62.03677921262056,4.772059939432351,Medium
2023-10-27,Store003,SKU001,69,95.63785736966793,26.637857369667927,2.273963433996043,High
2023-10-27,Store003,SKU002,57,59.05545494587179,2.0554549458717872,0.21159095031033107,High
2023-10-28,Store001,SKU002,69,74.4606734052213,5.4606734052213,0.43437174814260343,High
2023-10-28,Store001,SKU003,21,37.51582985025139,16.515829850251393,1.806418889871246,High
2023-10-28,Store002,SKU001,87,109.03677921262056,22.03677921262056,1.6237626788246728,High
2023-10-28,Store002,SKU002,56,59.96673648206799,3.9667364820679865,0.42071447537084705,High
2023-10-28,Store003,SKU001,51,111.63785736966793,60.63785736966793,4.331275526404852,Medium
2023-10-28,Store003,SKU002,61,66.19831208872893,5.198312088728926,0.46651518745003184,High
2023-10-29,Store001,SKU001,82,103.78266391216064,21.782663912160643,1.675589531704665,High
2023-10-29,Store001,SKU002,50,78.74638769093558,28.746387690935578,2.140688445069671,High
2023-10-29,Store002,SKU001,74,104.03677921262056,30.03677921262056,2.3361939387593766,High
2023-10-29,Store002,SKU002,35,54.96673648206799,19.966736482067986,2.368934836855524,High
2023-10-29,Store002,SKU003,17,35.93268040900104,18.932680409001037,2.208812714383454,High
2023-10-29,Store003,SKU001,41,108.63785736966793,67.63785736966793,4.983842121975531,Medium
2023-10-29,Store003,SKU002,27,66.19831208872893,39.198312088728926,3.5177972387320833,Medium
2023-10-30,Store001,SKU001,32,113.78266391216064,81.78266391216064,5.668105419654698,Medium
2023-10-30,Store002,SKU001,25,91.03677921262056,66.03677921262056,6.0033435647836875,Medium
2023-10-30,Store003,SKU001,51,116.63785736966793,65.63785736966793,4.460825258132772,Medium
2023-10-30,Store003,SKU002,16,65.48402637444322,49.48402637444322,4.498547852222111,Medium
2023-10-31,Store001,SKU001,27,104.78266391216064,77.78266391216064,5.918246167229614,Medium
2023-10-31,Store001,SKU003,35,36.2301155645371,1.2301155645371011,0.14116080248786408,High
2023-10-31,Store002,SKU001,61,93.03677921262056,32.03677921262056,2.838701955548657,High
2023-10-31,Store002,SKU002,47,63.53816505349654,16.53816505349654,1.630523315133462,High
2023-10-31,Store003,SKU001,54,115.63785736966793,61.63785736966793,4.230049035173289,Medium
2023-10-31,Store003,SKU002,11,65.48402637444322,54.48402637444322,4.953093306767565,Medium
2023-11-01,Store001,SKU001,76,113.78266391216064,37.78266391216064,2.6186004691596487,High
2023-11-01,Store001,SKU002,43,62.317816262364154,19.317816262364154,1.9045734343175929,High
2023-11-01,Store002,SKU001,45,112.03677921262056,67.03677921262056,4.78834137233004,Medium
2023-11-01,Store003,SKU001,70,116.63785736966793,46.63785736966793,3.169563122210442,Medium
2023-11-01,Store003,SKU002,23,71.91259780301465,48.91259780301465,3.9812579607104945,Medium
2023-11-02,Store001,SKU001,26,106.78266391216064,80.78266391216064,6.015730291331112,Medium
2023-11-02,Store001,SKU002,16,71.60353054807844,55.60353054807844,4.633627545673203,Medium
2023-11-02,Store002,SKU001,14,102.03677921262056,88.03677921262056,7.002925619185726,Low
2023-11-02,Store002,SKU002,20,78.53816505349654,58.53816505349654,4.453990819287781,Medium
2023-11-02,Store003,SKU001,89,118.63785736966793,29.637857369667927,1.9758571579778619,High
2023-11-02,Store003,SKU003,26,28.055088161254986,2.055088161254986,0.3345492355531372,High
2023-11-03,Store001,SKU001,90,113.78266391216064,23.782663912160643,1.6483034394566782,High
2023-11-03,Store001,SKU002,49,78.74638769093558,29.746387690935578,2.2151565301760536,High
2023-11-03,Store001,SKU003,31,35.801544135965685,4.801544135965685,0.5601801491959966,High
2023-11-03,Store002,SKU001,58,116.03677921262056,58.03677921262056,3.98291622047396,Medium
2023-11-03,Store002,SKU002,34,83.53816505349654,49.53816505349654,3.5026985391361194,Medium
2023-11-03,Store002,SKU003,22,39.7898232661439,17.789823266143898,1.8047646791740186,High
2023-11-03,Store003,SKU001,19,129.63785736966793,110.63785736966793,6.67642242747996,Medium
2023-11-04,Store001,SKU001,93,133.78266391216064,40.78266391216064,2.359327664339872,High
2023-11-04,Store002,SKU001,37,132.03677921262056,95.03677921262056,5.637775038036812,Medium
2023-11-04,Store002,SKU002,81,93.53816505349654,12.538165053496542,0.7767004900396088,High
2023-11-04,Store003,SKU001,10,117.63785736966793,107.63785736966793,7.244855784496879,Low
2023-11-04,Store003,SKU002,22,70.48402637444322,48.48402637444322,4.040335531203602,Medium
2023-11-05,Store001,SKU001,53,144.78266391216064,91.78266391216064,4.867262480190337,Medium
2023-11-05,Store001,SKU002,48,69.4606734052213,21.4606734052213,1.8546260967475199,High
2023-11-05,Store002,SKU001,76,149.03677921262056,73.03677921262056,3.787092255469214,Medium
2023-11-05,Store002,SKU002,99,107.82387933921083,8.823879339210833,0.4644147020637281,High
2023-11-05,Store002,SKU003,19,48.7898232661439,29.789823266143898,2.3169862540334143,High
2023-11-05,Store003,SKU001,34,120.63785736966793,86.63785736966793,5.6678972110997705,Medium
2023-11-05,Store003,SKU002,26,83.34116923158608,57.34116923158608,3.9351782805990445,Medium
2023-11-06,Store001,SKU001,47,156.78266391216064,109.78266391216064,5.336657273507809,Medium
2023-11-06,Store001,SKU002,68,71.60353054807844,3.6035305480784388,0.3002942123398699,High
2023-11-06,Store002,SKU001,26,150.03677921262056,124.03677921262056,6.384245988884882,Medium
2023-11-06,Store002,SKU002,37,108.53816505349654,71.53816505349654,3.737068323690118,Medium
2023-11-06,Store002,SKU003,27,52.64696612328676,25.64696612328676,1.8134218471010841,High
2023-11-06,Store003,SKU001,84,127.63785736966793,43.63785736966793,2.6795175577866273,High
2023-11-06,Store003,SKU002,61,90.48402637444322,29.484026374443218,1.8427516484027011,High
2023-11-06,Store003,SKU003,16,40.055088161254986,24.055088161254986,2.3716284102645764,High
2023-11-07,Store001,SKU001,46,168.78266391216064,122.78266391216064,5.5094785088790035,Medium
2023-11-07,Store001,SKU002,28,75.88924483379273,47.88924483379273,3.7247190426283234,Medium
2023-11-07,Store002,SKU001,57,153.03677921262056,96.03677921262056,4.836384564664344,Medium
2023-11-07,Store002,SKU002,89,120.6810221963537,31.681022196353695,1.4686566581091116,High
2023-11-07,Store003,SKU001,43,128.6378573696679,85.6378573696679,5.212739144240655,Medium
2023-11-07,Store003,SKU002,88,95.48402637444322,7.484026374443218,0.4402368455554834,High
2023-11-08,Store001,SKU001,19,151.78266391216064,132.78266391216064,6.686896743777874,Medium
2023-11-08,Store001,SKU002,59,77.74638769093558,18.746387690935578,1.2150436466347134,High
2023-11-08,Store002,SKU001,83,155.03677921262056,72.03677921262056,3.576294003463432,Medium
2023-11-08,Store002,SKU002,70,110.6810221963537,40.681022196353695,2.078592374996174,High
2023-11-08,Store002,SKU003,42,59.93268040900105,17.93268040900105,1.0821445074397185,High
2023-11-08,Store003,SKU001,49,138.63785736966793,89.63785736966793,5.019720012701404,Medium
2023-11-08,Store003,SKU002,71,90.48402637444322,19.484026374443218,1.2177516484027011,High
2023-11-09,Store001,SKU001,95,150.78266391216064,55.78266391216064,2.8295554158342355,High
2023-11-09,Store001,SKU002,49,90.17495911950701,41.17495911950701,2.6202246712413553,High
2023-11-09,Store002,SKU001,55,174.03677921262056,119.03677921262056,5.207859090552149,Medium
2023-11-09,Store002,SKU002,44,109.96673648206797,65.96673648206797,3.3953467306946754,Medium
2023-11-09,Store003,SKU001,87,147.63785736966793,60.63785736966793,3.167649265579668,Medium
2023-11-09,Store003,SKU002,86,91.91259780301463,5.912597803014634,0.3630542510623021,High
2023-11-09,Store003,SKU003,46,48.197945304112125,2.1979453041121246,0.17095130143094303,High
2023-11-10,Store001,SKU001,94,146.78266391216064,52.78266391216064,2.757303338694959,High
2023-11-10,Store001,SKU002,15,85.88924483379273,70.88924483379273,4.771391479197588,Medium
2023-11-10,Store002,SKU001,46,171.03677921262056,125.03677921262056,5.574888245148688,Medium
2023-11-10,Store002,SKU002,23,108.53816505349654,85.53816505349654,4.468411607272207,Medium
2023-11-10,Store002,SKU003,48,56.93268040900104,8.932680409001037,0.5736583748899748,High
2023-11-10,Store003,SKU001,25,144.63785736966793,119.63785736966793,6.392862607539508,Medium
2023-11-10,Store003,SKU002,57,93.34116923158608,36.34116923158608,2.1930015915612286,High
2023-11-10,Store003,SKU003,16,48.626516732683555,32.626516732683555,2.5097320563602734,High
2023-11-11,Store001,SKU001,27,146.78266391216064,119.78266391216064,6.2573033386949595,Medium
2023-11-11,Store001,SKU002,15,94.4606734052213,79.4606734052213,4.795040636521975,Medium
2023-11-11,Store002,SKU001,51,152.03677921262056,101.03677921262056,4.653009569002262,Medium
2023-11-11,Store002,SKU002,78,98.53816505349654,20.53816505349654,1.1980596281206317,High
2023-11-11,Store002,SKU003,52,53.504108980429606,1.5041089804296064,0.10424517686145787,High
2023-11-11,Store003,SKU001,37,145.63785736966793,108.63785736966793,5.761098496876329,Medium
2023-11-11,Store003,SKU002,17,91.19831208872893,74.19831208872893,4.596355616115951,Medium
2023-11-12,Store001,SKU001,77,133.78266391216064,56.78266391216064,3.284947499050616,Medium
2023-11-12,Store001,SKU002,34,95.17495911950702,61.17495911950702,3.6600402892012744,Medium
2023-11-12,Store002,SKU001,40,166.03677921262056,126.03677921262056,5.804325358475946,Medium
2023-11-12,Store002,SKU003,39,52.64696612328676,13.64696612328676,0.9649369986162355,High
2023-11-12,Store003,SKU001,44,169.63785736966793,125.63785736966793,5.637596164023561,Medium
2023-11-12,Store003,SKU002,33,79.05545494587179,46.05545494587179,3.358210256469818,Medium
2023-11-12,Store003,SKU003,27,42.626516732683555,15.626516732683555,1.4205924302439596,High
2023-11-13,Store001,SKU001,86,114.78266391216064,28.782663912160643,1.975280856716907,High
2023-11-13,Store001,SKU002,24,93.74638769093558,69.74638769093558,4.245432294230862,Medium
2023-11-13,Store002,SKU001,99,170.03677921262056,71.03677921262056,3.187547785181692,Medium
2023-11-13,Store002,SKU002,50,79.25245076778226,29.252450767782264,2.2017973696180198,High
2023-11-13,Store003,SKU001,62,161.63785736966793,99.63785736966793,4.712601362078889,Medium
2023-11-13,Store003,SKU003,24,47.769373875540694,23.769373875540694,1.8695013160537626,High
2023-11-14,Store001,SKU001,89,106.78266391216064,17.782663912160643,1.324240929628984,High
2023-11-14,Store001,SKU002,87,94.4606734052213,7.4606734052213,0.4502130503150784,High
2023-11-14,Store001,SKU003,42,51.65868699310853,9.658686993108532,0.6970186489872136,High
2023-11-14,Store002,SKU001,47,179.03677921262056,132.03677921262056,5.601560330232387,Medium
2023-11-14,Store002,SKU002,50,65.6810221963537,15.681022196353695,1.483339937492917,High
2023-11-14,Store003,SKU001,94,167.63785736966793,73.63785736966793,3.3471753349849056,Medium
2023-11-15,Store001,SKU001,20,122.78266391216064,102.78266391216064,6.540714976228405,Medium
2023-11-15,Store002,SKU001,94,166.03677921262056,72.03677921262056,3.3174832532127887,Medium
2023-11-15,Store002,SKU002,17,72.10959362492513,55.109593624925125,4.6477970527045285,Medium
2023-11-15,Store003,SKU001,92,156.63785736966793,64.63785736966793,3.164090920193535,Medium
2023-11-15,Store003,SKU002,16,69.05545494587179,53.05545494587179,4.529124202696372,Medium
2023-11-16,Store001,SKU001,32,118.78266391216064,86.78266391216064,5.730930635708722,Medium
2023-11-16,Store001,SKU002,22,83.74638769093558,61.74638769093558,4.27945261224306,Medium
2023-11-16,Store002,SKU001,14,157.03677921262056,143.03677921262056,7.001800381037371,Low
2023-11-16,Store002,SKU003,33,36.7898232661439,3.789823266143898,0.42788327198398846,High
2023-11-16,Store003,SKU001,85,95.63785736966793,10.637857369667927,0.6005242063522216,High
2023-11-16,Store003,SKU002,26,66.91259780301465,40.91259780301465,3.6251668939380064,Medium
2023-11-16,Store003,SKU003,35,47.769373875540694,12.769373875540694,1.0043327767279198,High
2023-11-17,Store001,SKU001,89,111.78266391216064,22.782663912160643,1.6108954281325707,High
2023-11-17,Store001,SKU002,41,95.17495911950702,54.17495911950702,3.241236870397856,Medium
2023-11-17,Store001,SKU003,16,55.94440127882282,39.94440127882282,2.613185130390278,High
2023-11-17,Store002,SKU001,64,154.03677921262056,90.03677921262056,4.501838960631028,Medium
2023-11-17,Store002,SKU002,50,80.6810221963537,30.681022196353695,2.260706898678693,High
2023-11-17,Store003,SKU001,50,153.63785736966793,103.63785736966793,5.181892868483397,Medium
2023-11-17,Store003,SKU002,49,70.48402637444322,21.484026374443218,1.7903355312036016,High
2023-11-18,Store001,SKU001,87,115.78266391216064,28.782663912160643,1.956103372671112,High
2023-11-18,Store001,SKU002,48,97.31781626236415,49.31781626236415,2.8768726153045754,High
2023-11-18,Store002,SKU001,51,139.03677921262056,88.03677921262056,4.930059635906751,Medium
2023-11-18,Store002,SKU002,18,93.53816505349654,75.53816505349654,4.679355357296246,Medium
2023-11-18,Store003,SKU001,69,158.63785736966793,89.63785736966793,4.3273448385356925,Medium
2023-11-18,Store003,SKU002,17,69.76974066015751,52.76974066015751,4.450460055675935,Medium
2023-11-19,Store001,SKU001,83,128.78266391216064,45.78266391216064,2.76274696021659,High
2023-11-19,Store001,SKU002,36,93.03210197664986,57.032101976649855,3.501971174004816,Medium
2023-11-19,Store002,SKU001,64,147.03677921262056,83.03677921262056,4.37035680066424,Medium
2023-11-19,Store002,SKU002,73,101.39530791063942,28.395307910639417,1.6029609304393218,High
2023-11-19,Store002,SKU003,42,44.07553755185819,2.07553755185819,0.18390839067097886,High
2023-11-19,Store003,SKU001,74,142.63785736966793,68.63785736966793,3.7245348960284925,Medium
2023-11-19,Store003,SKU002,64,77.62688351730036,13.626883517300357,1.0147679215010903,High
2023-11-20,Store001,SKU001,62,141.78266391216064,79.78266391216064,4.329291840194764,Medium
2023-11-20,Store001,SKU002,89,98.74638769093558,9.746387690935578,0.5592189658733528,High
2023-11-20,Store001,SKU003,38,51.2301155645371,13.230115564537101,0.9646959265808304,High
2023-11-20,Store002,SKU001,59,146.03677921262056,87.03677921262056,4.615586776426848,Medium
2023-11-20,Store002,SKU002,48,102.10959362492513,54.109593624925125,3.030137242995807,Medium
2023-11-20,Store002,SKU003,38,42.7898232661439,4.789823266143898,0.4411679324079906,High
2023-11-20,Store003,SKU001,68,141.63785736966793,73.63785736966793,4.027070324903715,Medium
2023-11-21,Store001,SKU001,50,162.78266391216064,112.78266391216064,5.263190982567497,Medium
2023-11-21,Store001,SKU002,61,96.60353054807844,35.60353054807844,2.094325326357555,High
2023-11-21,Store001,SKU003,37,52.08725842167996,15.087258421679962,1.077661315834283,High
2023-11-21,Store002,SKU001,51,141.03677921262056,90.03677921262056,4.962657121955464,Medium
2023-11-21,Store002,SKU002,71,112.82387933921083,41.82387933921083,2.0911939669605415,High
2023-11-21,Store002,SKU003,39,45.36125183757247,6.361251837572468,0.5430336934513083,High
2023-11-21,Store003,SKU001,47,127.63785736966793,80.63785736966793,4.9514473823480305,Medium
2023-11-21,Store003,SKU002,55,89.05545494587179,34.05545494587179,2.1671653147372956,High
2023-11-22,Store001,SKU001,32,150.78266391216064,118.78266391216064,6.0252075897472785,Medium
2023-11-22,Store001,SKU002,83,105.88924483379273,22.88924483379273,1.2138235896708265,High
2023-11-22,Store001,SKU003,28,56.801544135965685,28.801544135965685,1.8496404490987137,High
2023-11-22,Store002,SKU001,99,130.03677921262056,31.03677921262056,1.8729090904167576,High
2023-11-22,Store002,SKU002,90,122.10959362492513,32.109593624925125,1.4690663749965742,High
2023-11-22,Store003,SKU001,83,132.63785736966793,49.63785736966793,2.919873962921643,High
2023-11-22,Store003,SKU002,38,84.76974066015751,46.76974066015751,3.1479633136644476,Medium
2023-11-22,Store003,SKU003,24,41.769373875540694,17.769373875540694,1.6584748950504649,High
2023-11-23,Store001,SKU001,60,75.78266391216064,15.782663912160643,0.6862027787895932,High
2023-11-23,Store001,SKU002,77,108.03210197664986,31.032101976649855,1.6090719543448073,High
2023-11-23,Store002,SKU001,80,129.03677921262056,49.03677921262056,2.9848474303334256,High
2023-11-23,Store002,SKU002,40,119.25245076778225,79.25245076778225,3.7232694991575555,Medium
2023-11-23,Store002,SKU003,17,50.504108980429606,33.504108980429606,2.494986838968162,High
2023-11-23,Store003,SKU001,95,136.63785736966793,41.63785736966793,2.369634159249394,High
2023-11-24,Store001,SKU001,46,197.78266391216064,151.78266391216064,5.743127823703376,Medium
2023-11-24,Store001,SKU002,67,98.03210197664986,31.032101976649855,1.7952455688970992,High
2023-11-24,Store001,SKU003,50,57.2301155645371,7.230115564537101,0.46009826319781555,High
2023-11-24,Store002,SKU001,11,144.03677921262056,133.03677921262056,7.163518880679568,Low
2023-11-24,Store002,SKU002,78,112.82387933921083,34.82387933921083,1.7411939669605416,High
2023-11-24,Store002,SKU003,24,47.07553755185819,23.07553755185819,1.87824142863962,High
2023-11-24,Store003,SKU001,80,110.63785736966793,30.637857369667927,2.210979397811087,High
2023-11-24,Store003,SKU002,22,86.19831208872893,64.19831208872893,4.239511175670779,Medium
2023-11-25,Store001,SKU001,15,193.78266391216064,178.78266391216064,6.914246670636047,Medium
2023-11-25,Store001,SKU002,24,96.60353054807844,72.60353054807844,4.270795914592849,Medium
2023-11-25,Store002,SKU001,93,162.03677921262056,69.03677921262056,3.2652530708671885,Medium
2023-11-25,Store002,SKU002,71,104.25245076778225,33.25245076778225,1.8184934013630918,High
2023-11-25,Store003,SKU001,16,106.63785736966793,90.63785736966793,6.8222043181470475,Medium
2023-11-25,Store003,SKU002,65,94.76974066015751,29.76974066015751,1.7660015645856149,High
2023-11-26,Store001,SKU001,92,175.78266391216064,83.78266391216064,3.598028511565181,Medium
2023-11-26,Store001,SKU002,73,99.4606734052213,26.4606734052213,1.5058919824109682,High
2023-11-26,Store001,SKU003,31,58.08725842167996,27.087258421679962,1.6929536513549976,High
2023-11-26,Store002,SKU001,61,162.03677921262056,101.03677921262056,4.778766584380702,Medium
2023-11-26,Store002,SKU002,19,106.39530791063942,87.39530791063942,4.669978285301343,Medium
2023-11-26,Store003,SKU001,43,109.63785736966793,66.63785736966793,4.859010433204953,Medium
2023-11-26,Store003,SKU002,50,94.0554549458718,44.0554549458718,2.6357964497530135,High
2023-11-27,Store001,SKU001,72,173.78266391216064,101.78266391216064,4.425333213572202,Medium
2023-11-27,Store001,SKU002,86,93.74638769093558,7.7463876909355776,0.4715192507526004,High
2023-11-27,Store001,SKU003,16,60.65868699310853,44.65868699310853,2.6492441436589806,High
2023-11-27,Store002,SKU001,54,170.03677921262056,116.03677921262056,5.206778554412462,Medium
2023-11-27,Store002,SKU002,54,108.53816505349654,54.53816505349654,2.8490086221975806,High
2023-11-27,Store003,SKU001,42,114.63785736966793,72.63785736966793,5.034306946412628,Medium
2023-11-27,Store003,SKU002,41,91.19831208872893,50.198312088728926,3.1096299523991373,Medium
2023-11-28,Store001,SKU001,68,155.78266391216064,87.78266391216064,4.297053478217654,Medium
2023-11-28,Store001,SKU002,25,89.4606734052213,64.4606734052213,4.139676273729808,Medium
2023-11-28,Store002,SKU001,72,184.03677921262056,112.03677921262056,4.613279144049082,Medium
2023-11-28,Store002,SKU002,43,92.10959362492513,49.109593624925125,3.0970013997700527,Medium
2023-11-28,Store002,SKU003,44,55.64696612328676,11.64696612328676,0.7691392722925219,High
2023-11-28,Store003,SKU001,61,130.63785736966793,69.63785736966793,4.166367534937397,Medium
2023-11-28,Store003,SKU002,17,31.055454945871787,14.055454945871787,0.9552250934087623,High
2023-11-29,Store001,SKU001,16,168.78266391216064,152.78266391216064,6.855632355032849,Medium
2023-11-29,Store001,SKU002,76,91.60353054807844,15.603530548078439,0.9752206592549024,High
2023-11-29,Store002,SKU001,60,207.03677921262056,147.03677921262056,5.332940178696082,Medium
2023-11-29,Store002,SKU002,55,76.3953079106394,21.395307910639403,1.6827770266795037,High
2023-11-29,Store003,SKU001,22,127.63785736966793,105.63785736966793,6.486535101646276,Medium
2023-11-29,Store003,SKU002,38,77.62688351730036,39.62688351730036,2.950938134267048,High
2023-11-29,Store003,SKU003,40,49.91223101839784,9.91223101839784,0.7381448630721795,High
2023-11-30,Store001,SKU001,82,155.78266391216064,73.78266391216064,3.611738792902969,Medium
2023-11-30,Store001,SKU002,33,77.31781626236415,44.31781626236415,3.3720077590929245,Medium
2023-11-30,Store001,SKU003,53,57.65868699310853,4.658686993108532,0.293791071637475,High
2023-11-30,Store002,SKU001,12,203.03677921262056,191.03677921262056,7.075436267134095,Low
2023-11-30,Store002,SKU002,57,74.25245076778226,17.252450767782264,1.4042692485404167,High
2023-11-30,Store002,SKU003,42,50.07553755185819,8.07553755185819,0.6078361598172831,High
2023-11-30,Store003,SKU001,83,131.63785736966793,48.63785736966793,2.8852966236243685,High
2023-11-30,Store003,SKU002,54,81.19831208872893,27.198312088728926,1.9231129759707322,High
2023-11-30,Store003,SKU003,41,49.483659589826416,8.483659589826416,0.6385550228901603,High
2023-12-01,Store001,SKU001,62,150.78266391216064,88.78266391216064,4.503468459312496,Medium
2023-12-01,Store001,SKU002,35,84.4606734052213,49.4606734052213,3.3943599395740107,Medium
2023-12-01,Store001,SKU003,11,58.94440127882282,47.94440127882282,2.943954464489121,High
2023-12-01,Store002,SKU001,92,182.03677921262056,90.03677921262056,3.7515324671925234,Medium
2023-12-01,Store002,SKU002,34,67.10959362492513,33.109593624925125,3.0495678338746823,Medium
2023-12-01,Store003,SKU001,60,147.63785736966793,87.63785736966793,4.578097026773698,Medium
2023-12-01,Store003,SKU002,53,76.91259780301465,23.91259780301465,1.799872952915081,High
2023-12-02,Store001,SKU001,44,157.78266391216064,113.78266391216064,5.4929561888629275,Medium
2023-12-02,Store001,SKU003,55,58.08725842167996,3.0872584216799623,0.19295365135499765,High
2023-12-02,Store002,SKU001,16,186.03677921262056,170.03677921262056,6.920101479583394,Medium
2023-12-02,Store003,SKU001,38,146.63785736966793,108.63785736966793,5.717781966824628,Medium
2023-12-02,Store003,SKU002,56,65.48402637444322,9.484026374443218,0.8621842158584744,High
2023-12-02,Store003,SKU003,29,46.483659589826416,17.483659589826416,1.4230885712649408,High
2023-12-03,Store001,SKU001,83,96.78266391216064,13.782663912160643,0.5708795703261805,High
2023-12-03,Store002,SKU001,11,175.03677921262056,164.03677921262056,7.132033878809589,Low
2023-12-03,Store002,SKU002,22,63.53816505349654,41.53816505349654,4.095312047527829,Medium
2023-12-03,Store003,SKU001,84,149.63785736966793,65.63785736966793,3.3784191293211436,Medium
2023-12-04,Store001,SKU001,75,172.78266391216064,97.78266391216064,4.277991546157028,Medium
2023-12-04,Store001,SKU003,48,57.2301155645371,9.230115564537101,0.5873709904705429,High
2023-12-04,Store002,SKU001,88,177.03677921262056,89.03677921262056,3.823665364959165,Medium
2023-12-04,Store003,SKU001,95,151.63785736966793,56.63785736966793,2.8729347941135903,High
2023-12-04,Store003,SKU002,18,69.05545494587179,51.05545494587179,4.3583924953793,Medium
2023-12-04,Store003,SKU003,35,41.34080244696927,6.3408024469692705,0.5998056368754715,High
2023-12-05,Store001,SKU001,41,173.78266391216064,132.78266391216064,5.773159300528723,Medium
2023-12-05,Store001,SKU002,83,83.74638769093558,0.7463876909355776,0.05172983996583211,High
2023-12-05,Store002,SKU001,86,167.03677921262056,81.03677921262056,3.7075650620153198,Medium
2023-12-05,Store002,SKU002,57,67.10959362492513,10.109593624925125,0.9311467812431036,High
2023-12-05,Store002,SKU003,34,44.07553755185819,10.07553755185819,0.8927691501646496,High
2023-12-05,Store003,SKU001,46,146.63785736966793,100.63785736966793,5.29672933524568,Medium
2023-12-06,Store001,SKU001,29,169.78266391216064,140.78266391216064,6.276934059777863,Medium
2023-12-06,Store001,SKU002,66,75.17495911950701,9.174959119507008,0.7216259981634726,High
2023-12-06,Store002,SKU001,46,147.03677921262056,101.03677921262056,5.317725221716872,Medium
2023-12-06,Store002,SKU003,34,45.36125183757247,11.361251837572468,0.9698629617439912,High
2023-12-06,Store003,SKU001,71,140.63785736966793,69.63785736966793,3.8383070991155552,Medium
2023-12-06,Store003,SKU002,34,86.19831208872893,52.198312088728926,3.447058345482099,Medium
2023-12-07,Store001,SKU001,94,166.78266391216064,72.78266391216064,3.308302905098211,Medium
2023-12-07,Store001,SKU002,66,85.17495911950701,19.174959119507008,1.3031525615198938,High
2023-12-07,Store001,SKU003,23,52.08725842167996,29.087258421679962,2.077661315834283,High
2023-12-07,Store002,SKU001,90,148.03677921262056,58.03677921262056,3.031772048420477,Medium
2023-12-07,Store002,SKU002,49,88.53816505349654,39.53816505349654,2.6110108997592056,High
2023-12-07,Store002,SKU003,10,50.93268040900104,40.93268040900104,3.0160922406632342,Medium
2023-12-07,Store003,SKU001,26,136.63785736966793,110.63785736966793,6.2964634275420766,Medium
2023-12-07,Store003,SKU002,23,83.34116923158608,60.34116923158608,4.141060633540222,Medium
2023-12-07,Store003,SKU003,32,35.34080244696927,3.3408024469692705,0.3897602854797482,High
2023-12-08,Store001,SKU001,96,151.78266391216064,55.78266391216064,2.8091989020512553,High
2023-12-08,Store001,SKU003,49,49.08725842167996,0.08725842167996234,0.006712186283074026,High
2023-12-08,Store002,SKU001,45,158.03677921262056,113.03677921262056,5.494843433946833,Medium
2023-12-08,Store002,SKU002,16,94.25245076778225,78.25245076778225,4.8049750471445245,Medium
2023-12-08,Store003,SKU001,96,141.63785736966793,45.63785736966793,2.4958203249037147,High
2023-12-08,Store003,SKU002,74,87.62688351730036,13.626883517300357,0.883223931676875,High
2023-12-08,Store003,SKU003,12,33.626516732683555,21.626516732683555,2.7033145915854444,High
2023-12-09,Store001,SKU001,62,142.78266391216064,80.78266391216064,4.349835749116342,Medium
2023-12-09,Store001,SKU002,17,85.17495911950701,68.17495911950701,4.633249648898535,Medium
2023-12-09,Store001,SKU003,46,53.801544135965685,7.801544135965685,0.5354000877623509,High
2023-12-09,Store002,SKU001,42,152.03677921262056,110.03677921262056,5.581575757161912,Medium
2023-12-09,Store002,SKU002,13,97.82387933921083,84.82387933921083,4.989639961130049,Medium
2023-12-09,Store002,SKU003,30,46.64696612328676,16.64696612328676,1.3709266219177332,High
2023-12-09,Store003,SKU001,88,158.63785736966793,70.63785736966793,3.410103459225348,Medium
2023-12-09,Store003,SKU002,37,91.91259780301463,54.912597803014634,3.3718261808868637,Medium
2023-12-10,Store001,SKU001,14,129.78266391216064,115.78266391216064,6.927167926368585,Medium
2023-12-10,Store001,SKU002,32,87.31781626236415,55.31781626236415,3.6530633380806514,Medium
2023-12-10,Store001,SKU003,21,49.51582985025139,28.515829850251393,2.169682705997389,High
2023-12-10,Store002,SKU001,14,162.03677921262056,148.03677921262056,7.001739557353675,Low
2023-12-10,Store002,SKU002,11,97.10959362492513,86.10959362492513,5.108196231987083,Medium
2023-12-10,Store002,SKU003,39,54.36125183757247,15.361251837572468,1.0439685714855076,High
2023-12-10,Store003,SKU001,34,167.63785736966793,133.63785736966793,6.074448062257633,Medium
2023-12-10,Store003,SKU002,62,99.0554549458718,37.0554549458718,2.091840198557279,High
2023-12-10,Store003,SKU003,37,42.197945304112125,5.197945304112125,0.4787581201155904,High
2023-12-11,Store001,SKU001,11,132.78266391216064,121.78266391216064,7.103988728209371,Low
2023-12-11,Store001,SKU003,27,50.801544135965685,23.801544135965685,1.7537979889658926,High
2023-12-11,Store002,SKU001,89,159.03677921262056,70.03677921262056,3.3810858930230614,Medium
2023-12-11,Store002,SKU002,83,94.25245076778225,11.25245076778225,0.6909399594252259,High
2023-12-11,Store002,SKU003,34,52.64696612328676,18.64696612328676,1.318472352151589,High
2023-12-11,Store003,SKU001,68,165.63785736966793,97.63785736966793,4.496480273603128,Medium
2023-12-11,Store003,SKU002,23,90.48402637444322,67.48402637444322,4.217751648402701,Medium
2023-12-12,Store001,SKU001,59,141.78266391216064,82.78266391216064,4.492082537869183,Medium
2023-12-12,Store001,SKU002,89,95.17495911950702,6.174959119507022,0.3694419986029842,High
2023-12-12,Store002,SKU001,69,159.03677921262056,90.03677921262056,4.346603134402372,Medium
2023-12-12,Store002,SKU002,12,119.25245076778225,107.25245076778225,5.038705740768294,Medium
2023-12-12,Store002,SKU003,23,54.36125183757247,31.361251837572468,2.131347212262207,High
2023-12-12,Store003,SKU001,84,167.63785736966793,83.63785736966793,3.80172078953036,Medium
2023-12-12,Store003,SKU002,64,95.48402637444322,31.484026374443218,1.8520015514378363,High
2023-12-12,Store003,SKU003,34,46.483659589826416,12.483659589826416,1.0161118270788942,High
2023-12-13,Store001,SKU001,40,141.78266391216064,101.78266391216064,5.523090289807167,Medium
2023-12-13,Store001,SKU002,65,114.4606734052213,49.4606734052213,2.404338290531591,High
2023-12-13,Store001,SKU003,40,50.801544135965685,10.801544135965685,0.7959032521237873,High
2023-12-13,Store002,SKU001,98,183.03677921262056,85.03677921262056,3.522233458510911,Medium
2023-12-13,Store002,SKU002,92,128.53816505349656,36.538165053496556,1.5788096010770116,High
2023-12-13,Store003,SKU001,29,183.63785736966793,154.63785736966793,6.367441185809856,Medium
2023-12-13,Store003,SKU003,31,49.055088161254986,18.055088161254986,1.3737567079215751,High
2023-12-14,Store001,SKU001,77,142.78266391216064,65.78266391216064,3.5421434414240345,Medium
2023-12-14,Store001,SKU002,90,108.74638769093558,18.746387690935578,0.9648876017393313,High
2023-12-14,Store002,SKU001,19,189.03677921262056,170.03677921262056,6.801471168504822,Medium
2023-12-14,Store002,SKU002,55,127.82387933921083,72.82387933921083,3.1662556234439494,Medium
2023-12-14,Store003,SKU001,74,186.63785736966793,112.63785736966793,4.557601165246679,Medium
2023-12-14,Store003,SKU002,42,97.62688351730036,55.62688351730036,3.1917064313205126,Medium
2023-12-14,Store003,SKU003,40,53.34080244696927,13.34080244696927,0.9155452659684794,High
2023-12-15,Store001,SKU001,84,144.78266391216064,60.78266391216064,3.223323086250943,Medium
2023-12-15,Store001,SKU002,51,118.03210197664986,67.03210197664986,3.1491591532654297,Medium
2023-12-15,Store001,SKU003,48,57.2301155645371,9.230115564537101,0.5873709904705429,High
2023-12-15,Store002,SKU001,51,190.03677921262056,139.03677921262056,5.529871900501954,Medium
2023-12-15,Store002,SKU002,28,134.25245076778225,106.25245076778225,4.375100913967505,Medium
2023-12-15,Store003,SKU001,34,166.63785736966793,132.63785736966793,6.068398703187421,Medium
2023-12-15,Store003,SKU002,94,99.76974066015751,5.76974066015751,0.3231054769688205,High
2023-12-16,Store001,SKU001,74,149.78266391216064,75.78266391216064,3.8721069152198866,Medium
2023-12-16,Store001,SKU002,19,100.17495911950702,81.17495911950702,4.58245736964959,Medium
2023-12-16,Store001,SKU003,49,58.94440127882282,9.944401278822824,0.6106211311557874,High
2023-12-16,Store002,SKU001,11,178.03677921262056,167.03677921262056,7.129618624928927,Low
2023-12-16,Store002,SKU002,32,137.10959362492514,105.10959362492514,4.228546869968253,Medium
2023-12-16,Store003,SKU001,81,102.63785736966793,21.637857369667927,1.044586217846038,High
2023-12-16,Store003,SKU002,95,105.48402637444322,10.484026374443218,0.5517908618128009,High
2023-12-17,Store001,SKU001,95,153.78266391216064,58.78266391216064,2.918288279327124,High
2023-12-17,Store001,SKU002,23,103.74638769093558,80.74638769093558,4.381586928965497,Medium
2023-12-17,Store001,SKU003,14,61.94440127882282,47.94440127882282,2.7736430491880975,High
2023-12-17,Store002,SKU001,16,160.03677921262056,144.03677921262056,6.9058729759475606,Medium
2023-12-17,Store002,SKU002,52,129.96673648206797,77.96673648206797,3.32784850838095,Medium
2023-12-17,Store003,SKU001,48,142.63785736966793,94.63785736966793,5.135387609206787,Medium
2023-12-17,Store003,SKU002,15,96.91259780301463,81.91259780301463,4.738745327447128,Medium
2023-12-17,Store003,SKU003,21,61.055088161254986,40.055088161254986,2.3365468094065407,High
2023-12-18,Store001,SKU001,67,154.78266391216064,87.78266391216064,4.327314418205102,Medium
2023-12-18,Store001,SKU002,12,98.74638769093558,86.74638769093558,4.977251752758599,Medium
2023-12-18,Store001,SKU003,49,61.94440127882282,12.944401278822824,0.7488496607583452,High
2023-12-18,Store002,SKU001,72,162.03677921262056,90.03677921262056,4.258496314110432,Medium
2023-12-18,Store002,SKU002,68,125.6810221963537,57.681022196353695,2.5554883251549105,High
2023-12-18,Store003,SKU001,20,144.63785736966793,124.63785736966793,6.660038180058591,Medium
2023-12-18,Store003,SKU002,86,109.76974066015751,23.76974066015751,1.1970372994323926,High
2023-12-18,Store003,SKU003,16,58.91223101839783,42.91223101839783,2.6120488445981294,High
2023-12-19,Store001,SKU001,84,150.78266391216064,66.78266391216064,3.387526430326989,Medium
2023-12-19,Store001,SKU002,85,93.03210197664986,8.032101976649855,0.4931992441802543,High
2023-12-19,Store002,SKU001,14,158.03677921262056,144.03677921262056,7.001787878391276,Low
2023-12-19,Store002,SKU002,30,117.82387933921083,87.82387933921083,4.182089492343373,Medium
2023-12-19,Store003,SKU001,58,139.63785736966793,81.63785736966793,4.535436520537107,Medium
2023-12-19,Store003,SKU002,65,111.91259780301463,46.912597803014634,2.3125928494443837,High
2023-12-20,Store001,SKU001,17,156.78266391216064,139.78266391216064,6.794990606841142,Medium
2023-12-20,Store001,SKU002,52,85.17495911950701,33.17495911950701,2.2546088721995057,High
2023-12-20,Store002,SKU001,10,151.03677921262056,141.03677921262056,7.2062587918857215,Low
2023-12-20,Store002,SKU002,59,100.6810221963537,41.681022196353695,2.3720906941014297,High
2023-12-20,Store003,SKU001,81,144.63785736966793,63.63785736966793,3.400496195325767,Medium
2023-12-20,Store003,SKU002,13,116.91259780301463,103.91259780301463,4.881799896785923,Medium
2023-12-21,Store001,SKU001,20,166.78266391216064,146.78266391216064,6.671939268734575,Medium
2023-12-21,Store001,SKU002,82,83.03210197664987,1.0321019766498694,0.07224713836549085,High
2023-12-21,Store001,SKU003,37,58.94440127882282,21.944401278822824,1.3474632364189454,High
2023-12-21,Store002,SKU001,96,141.03677921262056,45.03677921262056,2.4823421613255428,High
2023-12-21,Store002,SKU002,52,89.96673648206797,37.96673648206797,2.4608069942081094,High
2023-12-21,Store003,SKU001,48,150.63785736966793,102.63785736966793,5.244270084581572,Medium
2023-12-21,Store003,SKU002,21,109.76974066015751,88.76974066015751,4.470418594396421,Medium
2023-12-21,Store003,SKU003,10,55.483659589826416,45.483659589826416,2.975566515222289,High
2023-12-22,Store001,SKU001,12,178.78266391216064,166.78266391216064,7.033003899910388,Low
2023-12-22,Store001,SKU003,37,58.94440127882282,21.944401278822824,1.3474632364189454,High
2023-12-22,Store002,SKU001,19,139.03677921262056,120.03677921262056,6.722059635906751,Medium
2023-12-22,Store002,SKU002,16,90.6810221963537,74.6810221963537,4.7960289483896865,Medium
2023-12-22,Store003,SKU001,70,154.63785736966793,84.63785736966793,4.2018794438842235,Medium
2023-12-22,Store003,SKU002,43,112.62688351730036,69.62688351730036,3.4083089833643534,Medium
2023-12-23,Store001,SKU001,99,171.78266391216064,72.78266391216064,3.204268222547953,Medium
2023-12-23,Store001,SKU002,72,85.17495911950701,13.174959119507008,0.8953855712286317,High
2023-12-23,Store001,SKU003,21,51.2301155645371,30.2301155645371,2.2042792599141636,High
2023-12-23,Store002,SKU001,44,145.03677921262056,101.03677921262056,5.398911866323235,Medium
2023-12-23,Store002,SKU002,50,91.3953079106394,41.3953079106394,2.6342468670406896,High
2023-12-23,Store003,SKU001,91,154.63785736966793,63.63785736966793,3.1593262523948615,Medium
2023-12-23,Store003,SKU002,29,106.91259780301463,77.91259780301463,4.039912478674833,Medium
2023-12-23,Store003,SKU003,53,53.34080244696927,0.34080244696927053,0.023388403223381312,High
2023-12-24,Store001,SKU001,63,171.78266391216064,108.78266391216064,4.789173882925311,Medium
2023-12-24,Store001,SKU002,73,78.03210197664987,5.032101976649869,0.37876036383386114,High
2023-12-24,Store001,SKU003,26,50.801544135965685,24.801544135965685,1.8274821994922084,High
2023-12-24,Store002,SKU001,39,150.03677921262056,111.03677921262056,5.715128341826059,Medium
2023-12-24,Store002,SKU002,30,96.39530791063942,66.39530791063942,3.9723688493544946,Medium
2023-12-24,Store003,SKU001,19,160.63785736966793,141.63785736966793,6.744659874746092,Medium
2023-12-24,Store003,SKU002,47,115.48402637444322,68.48402637444322,3.261144113068725,Medium
2023-12-24,Store003,SKU003,13,49.055088161254986,36.055088161254986,2.7433219253128796,High
2023-12-25,Store001,SKU001,11,165.78266391216064,154.78266391216064,7.081559786830879,Low
2023-12-25,Store001,SKU002,54,64.17495911950701,10.174959119507008,0.800277683556731,High
2023-12-25,Store001,SKU003,37,47.801544135965685,10.801544135965685,0.8592137380881795,High
2023-12-25,Store002,SKU001,45,142.03677921262056,97.03677921262056,5.306698863190187,Medium
2023-12-25,Store002,SKU002,63,94.25245076778225,31.25245076778225,1.9190101348638224,High
2023-12-25,Store003,SKU001,37,145.63785736966793,108.63785736966793,5.761098496876329,Medium
2023-12-25,Store003,SKU002,63,107.62688351730036,44.62688351730036,2.296971945743401,High
2023-12-25,Store003,SKU003,15,47.769373875540694,32.769373875540694,2.5773664845930884,High
2023-12-26,Store001,SKU001,67,157.78266391216064,90.78266391216064,4.38261136127672,Medium
2023-12-26,Store001,SKU002,82,88.03210197664987,6.032101976649869,0.39462349379952416,High
2023-12-26,Store002,SKU001,84,140.03677921262056,56.03677921262056,3.1131544007011422,Medium
2023-12-26,Store002,SKU002,64,92.10959362492513,28.109593624925125,1.7726770754457286,High
2023-12-26,Store003,SKU001,59,148.63785736966793,89.63785736966793,4.647888900649448,Medium
2023-12-26,Store003,SKU002,59,95.48402637444322,36.48402637444322,2.1461191984966597,High
2023-12-26,Store003,SKU003,34,48.626516732683555,14.626516732683555,1.1251166717448888,High
2023-12-27,Store001,SKU001,55,159.78266391216064,104.78266391216064,4.98965066248384,Medium
2023-12-27,Store001,SKU002,42,85.17495911950701,43.17495911950701,2.9342205226849423,High
2023-12-27,Store002,SKU001,57,145.03677921262056,88.03677921262056,4.704255377773618,Medium
2023-12-27,Store002,SKU002,12,89.25245076778226,77.25245076778226,5.053898648359587,Medium
2023-12-27,Store002,SKU003,27,38.93268040900104,11.932680409001037,1.2466979531792128,High
2023-12-27,Store003,SKU001,93,132.63785736966793,39.63785736966793,2.3316386688039956,High
2023-12-27,Store003,SKU002,34,85.48402637444322,51.48402637444322,3.432268424962881,Medium
2023-12-28,Store001,SKU001,50,141.78266391216064,91.78266391216064,4.980454630892439,Medium
2023-12-28,Store001,SKU002,51,103.74638769093558,52.74638769093558,2.862207084004256,High
2023-12-28,Store002,SKU001,21,152.03677921262056,131.03677921262056,6.6467931484662595,Medium
2023-12-28,Store002,SKU002,32,97.10959362492513,65.10959362492513,3.8624335201226767,Medium
2023-12-28,Store002,SKU003,37,44.504108980429606,7.504108980429606,0.6566095357875905,High
2023-12-28,Store003,SKU001,78,121.63785736966793,43.63785736966793,2.8283796443303286,High
2023-12-28,Store003,SKU003,39,49.483659589826416,10.483659589826416,0.7890926572987624,High
2023-12-29,Store001,SKU001,34,139.78266391216064,105.78266391216064,5.830540530591532,Medium
2023-12-29,Store001,SKU002,92,101.60353054807844,9.603530548078439,0.5335294748932466,High
2023-12-29,Store002,SKU001,18,145.03677921262056,127.03677921262056,6.788224843422472,Medium
2023-12-29,Store002,SKU002,67,99.25245076778225,32.25245076778225,1.865844259293188,High
2023-12-29,Store003,SKU001,78,125.63785736966793,47.63785736966793,2.9773660856042454,High
2023-12-29,Store003,SKU002,61,79.76974066015751,18.76974066015751,1.3545173672278614,High
2023-12-30,Store001,SKU001,20,134.78266391216061,114.78266391216061,6.585890552337085,Medium
2023-12-30,Store001,SKU002,18,103.74638769093558,85.74638769093558,4.652904758422861,Medium
2023-12-30,Store002,SKU001,60,167.03677921262056,107.03677921262056,4.897107545675451,Medium
2023-12-30,Store002,SKU002,72,88.53816505349654,16.53816505349654,1.0921429752309038,High
2023-12-30,Store002,SKU003,41,46.21839469471533,5.218394694715329,0.4348662245596107,High
2023-12-30,Store003,SKU001,37,122.63785736966793,85.63785736966793,5.499678913648399,Medium
2023-12-30,Store003,SKU002,75,89.05545494587179,14.055454945871787,0.8944380420100229,High
2023-12-31,Store001,SKU001,17,148.78266391216064,131.78266391216064,6.7829312307729746,Medium
2023-12-31,Store001,SKU002,88,107.31781626236415,19.317816262364147,1.0091396554966345,High
2023-12-31,Store001,SKU003,24,54.2301155645371,30.2301155645371,2.0544738733180554,High
2023-12-31,Store002,SKU001,72,160.03677921262056,88.03677921262056,4.220941469098246,Medium
2023-12-31,Store002,SKU002,15,93.53816505349654,78.53816505349654,4.8651960652608475,Medium
2023-12-31,Store003,SKU001,15,126.63785736966793,111.63785736966793,6.9156194830767745,Medium
2023-12-31,Store003,SKU002,44,94.0554549458718,50.0554549458718,2.9947708087273726,High
2023-12-31,Store003,SKU003,16,44.769373875540694,28.769373875540694,2.4559221601071326,High
